{
  "head": "head",
  "portraitScale": 1.4,
  "portraitTranslation": [ -0.8, 1.8, 0 ],
  "profileScale": 0.8,
  "profileTranslation": [ -0.1, 1, 0 ],
  "faint": "bedrock(latias, faint)",
  "poses": {
  "standing": {
      "poseName": "standing",
      "transformTicks": 10,
      "poseTypes": [
      "STAND",
      "NONE",
      "PORTRAIT",
      "PROFILE"
      ],
      "animations": [
      "look",
      "bedrock(latias, ground_idle)"
      ]
  },
  "walking": {
      "poseName": "walking",
      "transformTicks": 10,
      "poseTypes": [ "WALK" ],
      "animations": [ "bedrock(latias, ground_walk)" ]
  },
  "hovering": {
      "poseName": "hovering",
      "transformTicks": 10,
      "poseTypes": [ "HOVER" ],
      "animations": [ "bedrock(latias, air_idle)" ]
  },
  "flying": {
      "poseName": "flying",
      "transformTicks": 10,
      "poseTypes": [ "FLY" ],
      "animations": [ "bedrock(latias, air_fly)" ]
      }
  }
}
