{
    "species": "cobblemon:shellos",
    "order": 1,
    "variations": [
        {
            "aspects": [ "east" ],
            "model": "cobblemon:shellos_east.geo",
            "texture": "cobblemon:textures/pokemon/shellos/shellos_east.png",
            "layers": []
        },
        {
            "aspects": [
                "east",
                "shiny"
            ],
            "texture": "cobblemon:textures/pokemon/shellos/shellos_east_shiny.png"
        }
    ]
}