{
    "species": "cobblemon:unown",
    "order": 0,
    "variations": [
        {
            "aspects": [],
            "poser": "cobblemon:unown",
            "texture": "cobblemon:textures/pokemon/0201_unown/unown.png",
            "layers": [        {
          "name": "emissive",
          "texture": "cobblemon:textures/pokemon/0201_unown/unown_emissive.png",
          "emissive": true
        }]
        },
        {
            "aspects": [
                "shiny"
            ],
            "poser": "cobblemon:unown",
            "texture": "cobblemon:textures/pokemon/0201_unown/unown_shiny.png",
            "layers": [        {
          "name": "emissive",
          "texture": "cobblemon:textures/pokemon/0201_unown/unown_shiny_emissive.png",
          "emissive": true
        }]
        }
    ]
}