{
    "enabled": "true",
    "neededInstalledMods": [],
    "neededUninstalledMods": [],
    "spawns": [
        {
            "id": "salandit-1",
            "pokemon": "salandit",
            "presets": [
                "natural"
            ],
            "type": "pokemon",
            "context": "grounded",
            "bucket": "common",
            "level": "1-33",
            "weight": 10.0,
            "condition": {
                "biomes": [
                    "#cobblemon:is_nether_basalt",
                    "incendium:ash_barrens",
                    "incendium:volcanic_deltas",
                    "incendium:toxic_heap"
                ]
            }
        },
         {
            "id": "salandit-2",
            "pokemon": "salandit",
            "presets": [
                "natural"
            ],
            "type": "pokemon",
            "context": "grounded",
            "bucket": "common",
            "level": "1-33",
            "weight": 5.0,
            "condition": {
                "biomes": [
                    "#minecraft:is_nether"
                ]
                 },
            "anticondition": {
                "biomes": [
                    "#cobblemon:is_nether_basalt",
                    "incendium:ash_barrens",
                    "incendium:volcanic_deltas",
                    "incendium:toxic_heap"
                ]
            }
      },
        {
            "id": "salandit-3",
            "pokemon": "salandit",
            "presets": [
                "natural"
            ],
            "type": "pokemon",
            "context": "grounded",
            "bucket": "common",
            "level": "1-33",
            "weight": 7,
            "condition": {
                "biomes": [
                    "#cobblemon:is_volcanic",
                    "terralith:yellowstone",
                    "terralith:volcanic_crater",
                    "terralith:volcanic_peaks",
                    "terralith:cave/mantle_caves"

                ]
            }
           },
        {
            "id": "salandit-4",
            "pokemon": "salandit",
            "presets": [
                "natural"
            ],
            "type": "pokemon",
            "context": "grounded",
            "bucket": "uncommon",
            "level": "1-33",
            "weight": 5.0,
            "condition": {
                "canSeeSky": false,
                "biomes": [
                    "#minecraft:is_overworld"
                ],
                "neededNearbyBlocks": [
                    "minecraft:lava"
                ]
                },
            "anticondition": {
                "biomes": [
                    "#cobblemon:is_deep_dark"
                ]
            }
        }
       
    ]
}