{
  "head": "head",
  "portraitScale": 1.4,
  "portraitTranslation": [ -0.8, 1, 0 ],
  "profileScale": 0.8,
  "profileTranslation": [ -0.2, 1, 0 ],
  "faint": "bedrock(latios, faint)",
  "poses": {
  "standing": {
      "poseName": "standing",
      "transformTicks": 10,
      "poseTypes": [
      "STAND",
      "NONE",
      "PORTRAIT",
      "PROFILE"
      ],
      "animations": [
      "look",
      "bedrock(latios, ground_idle)"
      ]
  },
  "walking": {
      "poseName": "walking",
      "transformTicks": 10,
      "poseTypes": [ "WALK" ],
      "animations": [ "bedrock(latios, ground_walk)" ]
  },
  "hovering": {
      "poseName": "hovering",
      "transformTicks": 10,
      "poseTypes": [ "HOVER" ],
      "animations": [ "bedrock(latios, air_idle)" ]
  },
  "flying": {
      "poseName": "flying",
      "transformTicks": 10,
      "poseTypes": [ "FLY" ],
      "animations": [ "bedrock(latios, air_fly)" ]
      }
  }
}
