{
    "head": "head",
    "portraitScale": 2.8,
    "portraitTranslation": [ -0.1, -1.5, 0 ],
    "profileScale": 0.9,
    "profileTranslation": [ 0, 0.4, 0 ],
    "faint": "bedrock(espurr, faint)",
    "poses": {
      "standing": {
        "poseName": "standing",
        "transformTicks": 10,
        "poseTypes": [
          "STAND",
          "NONE",
          "PORTRAIT",
          "PROFILE"
        ],
        "animations": [
          "look",
          "bedrock(espurr, ground_idle)"
        ]
      },
      "walking": {
        "poseName": "walking",
        "transformTicks": 10,
        "poseTypes": [ "WALK" ],
        "animations": [ "bedrock(espurr, ground_walk)" ]
      },
    
      "sleeping": {
        "poseName": "sleeping",
        "transformTicks": 10,
        "poseTypes": [
          "SLEEP"
        ],
        "animations": [
          "bedrock(espurr, sleep)"
        ]
      }
    }
  }
  