{
	"format_version": "1.12.0",
	"minecraft:geometry": [
		{
			"description": {
				"identifier": "geometry.unknown",
				"texture_width": 64,
				"texture_height": 64,
				"visible_bounds_width": 2,
				"visible_bounds_height": 2.5,
				"visible_bounds_offset": [0, 0.75, 0]
			},
			"bones": [
				{
					"name": "bone",
					"pivot": [0.25, 0, 0]
				},
				{
					"name": "base",
					"parent": "bone",
					"pivot": [1, 2.25, 0],
					"cubes": [
						{"origin": [-3, 6.25, -3], "size": [6, 4, 6], "uv": [18, 6]},
						{"origin": [-3, 2.25, -2], "size": [6, 6, 6], "uv": [0, 12]}
					]
				},
				{
					"name": "head",
					"parent": "base",
					"pivot": [0, 10.25, 1.5],
					"cubes": [
						{"origin": [-2, 10.25, -2], "size": [4, 2, 3.5], "uv": [36, 18]},
						{"origin": [-3, 12.25, -4], "size": [6, 6, 6], "uv": [0, 0]},
						{"origin": [-3, 18.25, -4], "size": [2, 2, 6], "uv": [26, 37]},
						{"origin": [-1, 18.25, -4], "size": [2, 2.5, 6], "uv": [36, 0]},
						{"origin": [1, 18.25, -4], "size": [2, 2, 6], "uv": [0, 36]},
						{"origin": [-3, 16.25, -6], "size": [2, 2, 2], "uv": [30, 45]},
						{"origin": [-1, 16.25, -6], "size": [2, 2.5, 2], "uv": [22, 45]},
						{"origin": [1, 16.25, -6], "size": [2, 2, 2], "uv": [44, 37]},
						{"origin": [1, 16.25, 2], "size": [2, 2, 1], "uv": [0, 3]},
						{"origin": [-3, 16.25, 2], "size": [2, 2, 1], "uv": [0, 0]},
						{"origin": [-1, 18.25, 2], "size": [2, 2, 2], "uv": [0, 44]},
						{"origin": [-3, 12.25, -8], "size": [6, 4, 4], "uv": [20, 20]},
						{"origin": [1.5, 16.75, -4.5], "size": [2, 2, 2], "pivot": [3.5, 17.25, -2], "rotation": [52.5, 0, 0], "uv": [40, 43]},
						{"origin": [3.6, 17.5, -4.75], "size": [0, 1, 1], "pivot": [3.5, 17.5, -2.25], "rotation": [52.5, 0, 0], "uv": [3, 14]},
						{"origin": [-3.5, 16.75, -4.5], "size": [2, 2, 2], "pivot": [-1.5, 17.25, -2], "rotation": [52.5, 0, 0], "uv": [24, 16]},
						{"origin": [-3.6, 17.5, -4.75], "size": [0, 1, 1], "pivot": [-3.75, 17.5, -2.25], "rotation": [52.5, 0, 0], "uv": [4, 13]},
						{"origin": [-3.5, 14.25, -1], "size": [2, 2, 2], "pivot": [-1.5, 14.75, 1], "rotation": [52.5, 0, 0], "uv": [43, 31]},
						{"origin": [1.5, 14.25, -1], "size": [2, 2, 2], "pivot": [3.5, 14.75, 1], "rotation": [52.5, 0, 0], "uv": [32, 0]},
						{"origin": [3.6, 14.75, -0.5], "size": [0, 1, 1], "pivot": [3.5, 14.75, 1], "rotation": [52.5, 0, 0], "uv": [4, 12]},
						{"origin": [-3.6, 14.75, -0.5], "size": [0, 1, 1], "pivot": [3.5, 14.75, 1], "rotation": [52.5, 0, 0], "uv": [3, 11]}
					]
				},
				{
					"name": "tail",
					"parent": "head",
					"pivot": [0, 18.25, 2.5],
					"cubes": [
						{"origin": [-1, 13.25, 3.5], "size": [2, 6, 2], "pivot": [1, 13.25, 5.5], "rotation": [17.5, 0, 0], "uv": [43, 23]}
					]
				},
				{
					"name": "browR",
					"parent": "head",
					"pivot": [-1, 16.75, -2],
					"cubes": [
						{"origin": [-5, 16.75, -4.75], "size": [2, 2, 7], "pivot": [-1, 16.75, -2], "rotation": [10, 0, 0], "uv": [35, 9]}
					]
				},
				{
					"name": "browL",
					"parent": "head",
					"pivot": [7, 16.75, -2],
					"cubes": [
						{"origin": [3, 16.75, -4.75], "size": [2, 2, 7], "pivot": [7, 16.75, -2], "rotation": [10, 0, 0], "uv": [32, 28]}
					]
				},
				{
					"name": "Jaw",
					"parent": "head",
					"pivot": [0, 12.25, -2],
					"cubes": [
						{"origin": [2.5, 12.25, -3], "size": [1, 2, 1], "pivot": [-2, 12.25, -2], "rotation": [10, 0, 0], "uv": [0, 12]},
						{"origin": [-3.5, 12.25, -3], "size": [1, 2, 1], "pivot": [-2, 12.25, -2], "rotation": [10, 0, 0], "uv": [0, 15]},
						{"origin": [-2.5, 11.25, -6], "size": [5, 1, 4], "pivot": [0, 12.25, -2], "rotation": [10, 0, 0], "uv": [18, 0]}
					]
				},
				{
					"name": "armL",
					"parent": "base",
					"pivot": [3, 7.75, -3.25],
					"cubes": [
						{"origin": [1, 6.25, -7], "size": [2, 2, 4], "pivot": [3, 8.25, -3], "rotation": [47.5, 0, 0], "uv": [10, 24]}
					]
				},
				{
					"name": "armR",
					"parent": "base",
					"pivot": [-3, 8.25, -3],
					"cubes": [
						{"origin": [-3, 6.25, -7], "size": [2, 2, 4], "pivot": [-3, 8.25, -3], "rotation": [47.5, 0, 0], "uv": [26, 28]}
					]
				},
				{
					"name": "legL",
					"parent": "bone",
					"pivot": [3, 5.25, 0.5],
					"cubes": [
						{"origin": [3, 2.11731, -2.69845], "size": [2, 6, 6], "pivot": [3, 5.25, 0.5], "rotation": [47.5, 0, 0], "uv": [16, 28]}
					]
				},
				{
					"name": "footL",
					"parent": "legL",
					"pivot": [3, 2.25, 1.5],
					"cubes": [
						{"origin": [3, 0.52816, -2.74394], "size": [2, 2, 4], "pivot": [3, 2.25, 1.5], "rotation": [7.5, 0, 0], "uv": [12, 40]}
					]
				},
				{
					"name": "legr",
					"parent": "bone",
					"pivot": [3, 5.25, 0.5],
					"cubes": [
						{"origin": [-5, 2.11731, -2.69845], "size": [2, 6, 6], "pivot": [-5, 5.25, 0.5], "rotation": [47.5, 0, 0], "uv": [0, 24]}
					]
				},
				{
					"name": "footR",
					"parent": "legr",
					"pivot": [-5, 2.25, 1.5],
					"cubes": [
						{"origin": [-5, 0.52816, -2.74394], "size": [2, 2, 4], "pivot": [-5, 2.25, 1.5], "rotation": [7.5, 0, 0], "uv": [36, 37]}
					]
				}
			]
		}
	]
}