{
  "implemented": true,
  "name": "Ampharos",
  "nationalPokedexNumber": 181,
  "primaryType": "electric",
  "abilities": [
    "static",
    "h:plus"
  ],
  "drops": {
    "amount": 5,
    "entries": [
      {
        "item": "minecraft:mutton",
        "quantityRange": "2-4"
      },
      {
        "item": "cobblemon:cheri_berry",
        "percentage": 10.0
      }
    ]
  },
  "baseStats": {
    "hp": 90,
    "attack": 75,
    "defence": 85,
    "special_attack": 115,
    "special_defence": 90,
    "speed": 55
  },
  "catchRate": 45,
  "maleRatio": 0.5,
  "shoulderMountable": false,
  "forms": [
    {
      "name": "Mega",
      "primaryType": "electric",
      "secondaryType": "dragon",
      "abilities": [
        "moldbreaker"
      ],
      "baseStats": {
        "hp": 90,
        "attack": 95,
        "defence": 105,
        "special_attack": 165,
        "special_defence": 110,
        "speed": 45
      },
      "catchRate": 45,
      "maleRatio": 0.5,
      "baseExperienceYield": 230,
      "baseFriendship": 70,
      "evYield": {
        "hp": 0,
        "attack": 0,
        "defence": 0,
        "special_attack": 3,
        "special_defence": 0,
        "speed": 0
      },
      "experienceGroup": "medium_slow",
      "eggCycles": 20,
      "eggGroups": [
        "monster",
        "field"
      ],
      "labels": [
        "gen6",
        "mega"
      ],
      "aspects": [
        "mega"
      ],
      "height": 14,
      "weight": 615,
      "evolutions": [],
      "cannotDynamax": false,
      "battleOnly": true
    }
  ],
  "baseExperienceYield": 230,
  "experienceGroup": "medium_slow",
  "eggCycles": 20,
  "eggGroups": [
    "monster",
    "field"
  ],
  "behaviour": {
    "moving": {
      "walk": {
        "walkSpeed": 0.2
      }
    },
    "resting": {
      "canSleep": true,
      "depth": "normal",
      "light": "0-4"
    }
  },
  "moves": [
    "1:dragonpulse",
    "1:firepunch",
    "1:growl",
    "1:iondeluge",
    "1:magneticflux",
    "1:tackle",
    "1:thunderpunch",
    "1:thundershock",
    "1:thunderwave",
    "1:zapcannon",
    "11:cottonspore",
    "16:charge",
    "20:takedown",
    "25:electroball",
    "29:confuseray",
    "35:powergem",
    "40:discharge",
    "46:cottonguard",
    "51:dazzlinggleam",
    "51:signalbeam",
    "57:lightscreen",
    "62:thunder",
    "100:agility",
    "100:attract",
    "100:bodyslam",
    "100:brickbreak",
    "100:brutalswing",
    "100:bulldoze",
    "100:captivate",
    "100:chargebeam",
    "100:confide",
    "100:confuseray",
    "100:dazzlinggleam",
    "100:dig",
    "100:doubleteam",
    "100:dragonpulse",
    "100:dragontail",
    "100:echoedvoice",
    "100:eerieimpulse",
    "100:electricterrain",
    "100:electroball",
    "100:endure",
    "100:facade",
    "100:firepunch",
    "100:flash",
    "100:fling",
    "100:focusblast",
    "100:focuspunch",
    "100:frustration",
    "100:gigaimpact",
    "100:helpinghand",
    "100:hiddenpower",
    "100:hyperbeam",
    "100:icepunch",
    "100:irontail",
    "100:lightscreen",
    "100:lowkick",
    "100:naturalgift",
    "100:outrage",
    "100:powergem",
    "100:poweruppunch",
    "100:protect",
    "100:raindance",
    "100:reflect",
    "100:rest",
    "100:return",
    "100:rockclimb",
    "100:rocksmash",
    "100:round",
    "100:safeguard",
    "100:secretpower",
    "100:shockwave",
    "100:sleeptalk",
    "100:stompingtantrum",
    "100:strength",
    "100:substitute",
    "100:sunnyday",
    "100:swagger",
    "100:swift",
    "100:takedown",
    "100:terablast",
    "100:thunder",
    "100:thunderbolt",
    "100:thunderpunch",
    "100:thunderwave",
    "100:toxic",
    "100:trailblaze",
    "100:voltswitch",
    "100:wildcharge",
    "100:afteryou",
    "100:attract",
    "100:bodyslam",
    "100:cottonspore",
    "100:counter",
    "100:curse",
    "100:defensecurl",
    "100:doubleedge",
    "100:doubleteam",
    "100:dragonpulse",
    "100:dynamicpunch",
    "100:electroweb",
    "100:endure",
    "100:firepunch",
    "100:flash",
    "100:focuspunch",
    "100:frustration",
    "100:growl",
    "100:headbutt",
    "100:healbell",
    "100:hiddenpower",
    "100:hyperbeam",
    "100:irontail",
    "100:laserfocus",
    "100:lightscreen",
    "100:magnetrise",
    "100:megakick",
    "100:megapunch",
    "100:mimic",
    "100:outrage",
    "100:protect",
    "100:raindance",
    "100:rest",
    "100:return",
    "100:rocksmash",
    "100:seismictoss",
    "100:shockwave",
    "100:signalbeam",
    "100:sleeptalk",
    "100:snore",
    "100:strength",
    "100:substitute",
    "100:swagger",
    "100:swift",
    "100:tackle",
    "100:thunder",
    "100:thunderpunch",
    "100:thundershock",
    "100:thunderwave",
    "100:toxic",
    "100:zapcannon"
  ],
  "labels": [
    "gen2"
  ],
  "pokedex": [
    "cobblemon.species.ampharos.desc"
  ],
  "preEvolution": "flaaffy",
  "evolutions": [],
  "baseScale": 0.8,
  "hitbox": {
    "width": 1,
    "height": 2.5,
    "fixed": false
  },
  "baseFriendship": 70,
  "evYield": {
    "hp": 0,
    "attack": 0,
    "defence": 0,
    "special_attack": 3,
    "special_defence": 0,
    "speed": 0
  },
  "height": 14,
  "weight": 615,
  "aspects": [],
  "cannotDynamax": false
}