{
  "implemented": true,
  "name": "Cleffa",
  "nationalPokedexNumber": 173,
  "primaryType": "fairy",
  "abilities": [
    "cutecharm",
    "magicguard",
    "h:friendguard"
  ],
  "baseStats": {
    "hp": 50,
    "attack": 25,
    "defence": 28,
    "special_attack": 45,
    "special_defence": 55,
    "speed": 15
  },
  "catchRate": 150,
  "maleRatio": 0.25,
  "shoulderMountable": true,
  "baseExperienceYield": 44,
  "experienceGroup": "fast",
  "eggCycles": 10,
  "eggGroups": [
    "undiscovered"
  ],
  "drops": {
    "amount": 2,
    "entries": [
      {
        "item": "cobblemon:moon_stone",
        "percentage": 2.5
      },
      {
        "item": "cobblemon:babiri_berry",
        "percentage": 2.5
      }
    ]
  },
  "moves": [
    "1:copycat",
    "1:pound",
    "1:splash",
    "4:sing",
    "8:sweetkiss",
    "12:disarmingvoice",
    "16:encore",
    "16:magicalleaf",
    "20:charm",
    "100:amnesia",
    "100:aromatherapy",
    "100:bellydrum",
    "100:covet",
    "100:faketears",
    "100:healpulse",
    "100:metronome",
    "100:mimic",
    "100:mistyterrain",
    "100:present",
    "100:splash",
    "100:storedpower",
    "100:substitute",
    "100:tickle",
    "100:wish",
    "100:amnesia",
    "100:attract",
    "100:bodyslam",
    "100:captivate",
    "100:charm",
    "100:confide",
    "100:dig",
    "100:doubleteam",
    "100:drainingkiss",
    "100:dreameater",
    "100:echoedvoice",
    "100:encore",
    "100:endure",
    "100:facade",
    "100:faketears",
    "100:fireblast",
    "100:flamethrower",
    "100:flash",
    "100:fling",
    "100:frustration",
    "100:grassknot",
    "100:helpinghand",
    "100:hiddenpower",
    "100:hypervoice",
    "100:icywind",
    "100:incinerate",
    "100:irontail",
    "100:lightscreen",
    "100:magicalleaf",
    "100:megakick",
    "100:megapunch",
    "100:metronome",
    "100:mistyterrain",
    "100:naturalgift",
    "100:playrough",
    "100:protect",
    "100:psychic",
    "100:psychup",
    "100:psyshock",
    "100:raindance",
    "100:recycle",
    "100:reflect",
    "100:rest",
    "100:return",
    "100:round",
    "100:safeguard",
    "100:secretpower",
    "100:shadowball",
    "100:shockwave",
    "100:sleeptalk",
    "100:snore",
    "100:solarbeam",
    "100:storedpower",
    "100:substitute",
    "100:sunnyday",
    "100:swagger",
    "100:telekinesis",
    "100:thunderwave",
    "100:toxic",
    "100:trick",
    "100:uproar",
    "100:waterpulse",
    "100:wonderroom",
    "100:workup",
    "100:zenheadbutt",
    "100:afteryou",
    "100:amnesia",
    "100:aromatherapy",
    "100:attract",
    "100:bellydrum",
    "100:bodyslam",
    "100:charm",
    "100:counter",
    "100:covet",
    "100:curse",
    "100:defensecurl",
    "100:detect",
    "100:doubleedge",
    "100:doubleteam",
    "100:dreameater",
    "100:encore",
    "100:endeavor",
    "100:endure",
    "100:fireblast",
    "100:flash",
    "100:frustration",
    "100:gravity",
    "100:headbutt",
    "100:helpinghand",
    "100:hiddenpower",
    "100:hypervoice",
    "100:icywind",
    "100:irontail",
    "100:lastresort",
    "100:magiccoat",
    "100:megakick",
    "100:megapunch",
    "100:metronome",
    "100:mimic",
    "100:mudslap",
    "100:nightmare",
    "100:pound",
    "100:present",
    "100:protect",
    "100:psychic",
    "100:psychup",
    "100:raindance",
    "100:recycle",
    "100:rest",
    "100:return",
    "100:roleplay",
    "100:rollout",
    "100:seismictoss",
    "100:shadowball",
    "100:shockwave",
    "100:signalbeam",
    "100:sing",
    "100:sleeptalk",
    "100:snore",
    "100:softboiled",
    "100:solarbeam",
    "100:splash",
    "100:substitute",
    "100:sunnyday",
    "100:swagger",
    "100:sweetkiss",
    "100:telekinesis",
    "100:thunderwave",
    "100:toxic",
    "100:trick",
    "100:uproar",
    "100:waterpulse",
    "100:wonderroom",
    "100:zapcannon",
    "100:zenheadbutt"
  ],
  "labels": [
    "gen2",
    "baby"
  ],
  "pokedex": [
    "cobblemon.species.cleffa.desc"
  ],
  "evolutions": [
    {
      "id": "cleffa_clefairy",
      "variant": "level_up",
      "result": "clefairy",
      "consumeHeldItem": false,
      "learnableMoves": [],
      "requirements": [
        {
          "variant": "friendship",
          "amount": 160
        }
      ]
    }
  ],
  "baseScale": 0.7,
  "hitbox": {
    "width": 0.6,
    "height": 0.6,
    "fixed": false
  },
  "baseFriendship": 140,
  "evYield": {
    "hp": 0,
    "attack": 0,
    "defence": 0,
    "special_attack": 0,
    "special_defence": 1,
    "speed": 0
  },
  "height": 3,
  "weight": 30,
  "aspects": [],
  "cannotDynamax": false
}