{
  "name": "Entei",
  "nationalPokedexNumber": 244,
  "primaryType": "fire",
  "abilities": [
    "pressure",
    "h:innerfocus"
  ],
  "baseStats": {
    "hp": 115,
    "attack": 115,
    "defence": 85,
    "special_attack": 90,
    "special_defence": 75,
    "speed": 100
  },
  "catchRate": 3,
  "maleRatio": -1,
  "shoulderMountable": false,
  "baseExperienceYield": 290,
  "experienceGroup": "slow",
  "eggCycles": 80,
  "eggGroups": [
    "undiscovered"
  ],
  "moves": [
    "1:ember",
    "1:extremespeed",
    "1:leer",
    "1:sacredfire",
    "1:smokescreen",
    "1:stomp",
    "6:flamewheel",
    "12:bite",
    "18:calmmind",
    "22:firespin",
    "24:roar",
    "30:firefang",
    "36:flamethrower",
    "36:scaryface",
    "42:crunch",
    "48:extrasensory",
    "54:lavaplume",
    "60:swagger",
    "66:sunnyday",
    "72:fireblast",
    "78:eruption",
    "100:agility",
    "100:bodyslam",
    "100:bulldoze",
    "100:calmmind",
    "100:confide",
    "100:crunch",
    "100:cut",
    "100:dig",
    "100:doubleteam",
    "100:endure",
    "100:facade",
    "100:fireblast",
    "100:firefang",
    "100:firespin",
    "100:flamecharge",
    "100:flamethrower",
    "100:flareblitz",
    "100:flash",
    "100:frustration",
    "100:gigaimpact",
    "100:heatwave",
    "100:helpinghand",
    "100:hiddenpower",
    "100:hyperbeam",
    "100:incinerate",
    "100:ironhead",
    "100:irontail",
    "100:naturalgift",
    "100:overheat",
    "100:protect",
    "100:psychup",
    "100:quash",
    "100:raindance",
    "100:reflect",
    "100:rest",
    "100:return",
    "100:reversal",
    "100:roar",
    "100:rockclimb",
    "100:rocksmash",
    "100:round",
    "100:sandstorm",
    "100:scaryface",
    "100:secretpower",
    "100:shadowball",
    "100:sleeptalk",
    "100:snarl",
    "100:snore",
    "100:solarbeam",
    "100:stompingtantrum",
    "100:stoneedge",
    "100:strength",
    "100:substitute",
    "100:sunnyday",
    "100:swagger",
    "100:swift",
    "100:toxic",
    "100:weatherball",
    "100:willowisp",
    "100:bite",
    "100:bodyslam",
    "100:crunch",
    "100:crushclaw",
    "100:curse",
    "100:cut",
    "100:detect",
    "100:dig",
    "100:doubleedge",
    "100:doubleteam",
    "100:ember",
    "100:endure",
    "100:extremespeed",
    "100:fireblast",
    "100:firefang",
    "100:firespin",
    "100:flamecharge",
    "100:flamethrower",
    "100:flareblitz",
    "100:flash",
    "100:frustration",
    "100:headbutt",
    "100:heatwave",
    "100:hiddenpower",
    "100:howl",
    "100:hyperbeam",
    "100:ironhead",
    "100:irontail",
    "100:laserfocus",
    "100:lavaplume",
    "100:leer",
    "100:mimic",
    "100:mudslap",
    "100:protect",
    "100:psychup",
    "100:raindance",
    "100:rest",
    "100:return",
    "100:roar",
    "100:rocksmash",
    "100:sacredfire",
    "100:sandstorm",
    "100:scaryface",
    "100:scorchingsands",
    "100:sleeptalk",
    "100:snore",
    "100:solarbeam",
    "100:stomp",
    "100:stompingtantrum",
    "100:stoneedge",
    "100:strength",
    "100:substitute",
    "100:sunnyday",
    "100:swagger",
    "100:swift",
    "100:toxic"
  ],
  "labels": [
    "gen2",
    "legendary"
  ],
  "pokedex": [
    "cobblemon.species.entei.desc"
  ],
  "evolutions": [],
  "baseScale": 1,
  "hitbox": {
    "width": 1,
    "height": 1,
    "fixed": false
  },
  "baseFriendship": 35,
  "evYield": {
    "hp": 1,
    "attack": 2,
    "defence": 0,
    "special_attack": 0,
    "special_defence": 0,
    "speed": 0
  },
  "height": 21,
  "weight": 1980,
  "aspects": [],
  "cannotDynamax": false,
  "drops": {
    "amount": 2,
    "entries": [
      {
        "item": "cobblemon:charcoal_stick"
      },
      {
        "item": "cobblemon:sacred_ash"
      }
    ]
  }
}