{
  "implemented": true,
  "name": "Espeon",
  "nationalPokedexNumber": 196,
  "primaryType": "psychic",
  "abilities": [
    "synchronize",
    "h:magicbounce"
  ],
  "baseStats": {
    "hp": 65,
    "attack": 65,
    "defence": 60,
    "special_attack": 130,
    "special_defence": 95,
    "speed": 110
  },
  "drops": {
    "amount": 2,
    "entries": [
      {
        "item": "cobblemon:sun_stone",
        "percentage": 25.0
      },
      {
        "item": "cobblemon:twisted_spoon",
        "percentage": 10.0
      }
    ]
  },
  "catchRate": 45,
  "maleRatio": 0.875,
  "shoulderMountable": false,
  "baseExperienceYield": 184,
  "experienceGroup": "medium_fast",
  "eggCycles": 35,
  "eggGroups": [
    "field"
  ],
  "moves": [
    "1:batonpass",
    "1:bite",
    "1:charm",
    "1:confusion",
    "1:copycat",
    "1:covet",
    "1:doubleedge",
    "1:growl",
    "1:helpinghand",
    "1:tackle",
    "1:tailwhip",
    "1:takedown",
    "5:sandattack",
    "10:quickattack",
    "15:babydolleyes",
    "20:swift",
    "25:psybeam",
    "30:morningsun",
    "35:powerswap",
    "40:psychic",
    "45:psychup",
    "50:futuresight",
    "55:lastresort",
    "100:allyswitch",
    "100:attract",
    "100:batonpass",
    "100:bodyslam",
    "100:calmmind",
    "100:captivate",
    "100:charm",
    "100:confide",
    "100:confuseray",
    "100:cut",
    "100:dazzlinggleam",
    "100:dig",
    "100:doubleteam",
    "100:drainingkiss",
    "100:dreameater",
    "100:echoedvoice",
    "100:endure",
    "100:facade",
    "100:faketears",
    "100:flash",
    "100:focusenergy",
    "100:frustration",
    "100:futuresight",
    "100:gigaimpact",
    "100:grassknot",
    "100:helpinghand",
    "100:hiddenpower",
    "100:hyperbeam",
    "100:hypervoice",
    "100:imprison",
    "100:irontail",
    "100:lightscreen",
    "100:magicalleaf",
    "100:magicroom",
    "100:mudslap",
    "100:naturalgift",
    "100:payday",
    "100:powergem",
    "100:powerswap",
    "100:protect",
    "100:psybeam",
    "100:psychic",
    "100:psychicfangs",
    "100:psychicterrain",
    "100:psychup",
    "100:psyshock",
    "100:raindance",
    "100:reflect",
    "100:rest",
    "100:retaliate",
    "100:return",
    "100:round",
    "100:secretpower",
    "100:shadowball",
    "100:skillswap",
    "100:sleeptalk",
    "100:snore",
    "100:storedpower",
    "100:substitute",
    "100:sunnyday",
    "100:swagger",
    "100:swift",
    "100:takedown",
    "100:telekinesis",
    "100:terablast",
    "100:thunderwave",
    "100:toxic",
    "100:trailblaze",
    "100:trick",
    "100:trickroom",
    "100:weatherball",
    "100:workup",
    "100:zenheadbutt",
    "100:allyswitch",
    "100:attract",
    "100:bodyslam",
    "100:celebrate",
    "100:confusion",
    "100:covet",
    "100:curse",
    "100:cut",
    "100:dazzlinggleam",
    "100:detect",
    "100:doubleedge",
    "100:doubleteam",
    "100:dreameater",
    "100:endure",
    "100:expandingforce",
    "100:flash",
    "100:frustration",
    "100:headbutt",
    "100:healbell",
    "100:helpinghand",
    "100:hiddenpower",
    "100:hyperbeam",
    "100:hypervoice",
    "100:irontail",
    "100:laserfocus",
    "100:lastresort",
    "100:magiccoat",
    "100:magicroom",
    "100:mimic",
    "100:morningsun",
    "100:mudslap",
    "100:nightmare",
    "100:protect",
    "100:psybeam",
    "100:psychic",
    "100:psychup",
    "100:quickattack",
    "100:raindance",
    "100:reflect",
    "100:rest",
    "100:return",
    "100:sandattack",
    "100:shadowball",
    "100:signalbeam",
    "100:skillswap",
    "100:sleeptalk",
    "100:snore",
    "100:substitute",
    "100:sunnyday",
    "100:swagger",
    "100:swift",
    "100:tackle",
    "100:tailwhip",
    "100:telekinesis",
    "100:toxic",
    "100:trick",
    "100:zapcannon",
    "100:zenheadbutt"
  ],
  "labels": [
    "gen2"
  ],
  "pokedex": [
    "cobblemon.species.espeon.desc"
  ],
  "preEvolution": "eevee",
  "evolutions": [],
  "baseScale": 0.8,
  "hitbox": {
    "width": 0.9,
    "height": 1.1,
    "fixed": false
  },
  "baseFriendship": 50,
  "evYield": {
    "hp": 0,
    "attack": 0,
    "defence": 0,
    "special_attack": 2,
    "special_defence": 0,
    "speed": 0
  },
  "height": 9,
  "weight": 265,
  "aspects": [],
  "cannotDynamax": false
}