{
  "implemented": true,
  "name": "Flaaffy",
  "nationalPokedexNumber": 180,
  "primaryType": "electric",
  "abilities": [
    "static",
    "h:plus"
  ],
  "drops": {
    "amount": 5,
    "entries": [
      {
        "item": "minecraft:mutton",
        "quantityRange": "1-3"
      },
      {
        "item": "minecraft:white_wool"
      },
      {
        "item": "cobblemon:cheri_berry",
        "percentage": 5.0
      }
    ]
  },
  "baseStats": {
    "hp": 70,
    "attack": 55,
    "defence": 55,
    "special_attack": 80,
    "special_defence": 60,
    "speed": 45
  },
  "catchRate": 120,
  "maleRatio": 0.5,
  "shoulderMountable": false,
  "baseExperienceYield": 128,
  "experienceGroup": "medium_slow",
  "eggCycles": 20,
  "eggGroups": [
    "monster",
    "field"
  ],
  "behaviour": {
    "moving": {
      "walk": {
        "walkSpeed": 0.2
      }
    },
    "resting": {
      "canSleep": true,
      "depth": "normal",
      "light": "0-4"
    }
  },
  "moves": [
    "1:growl",
    "1:tackle",
    "6:thundershock",
    "9:thunderwave",
    "11:cottonspore",
    "16:charge",
    "20:takedown",
    "25:electroball",
    "29:confuseray",
    "34:powergem",
    "38:discharge",
    "43:cottonguard",
    "47:dazzlinggleam",
    "47:signalbeam",
    "52:lightscreen",
    "56:thunder",
    "100:agility",
    "100:attract",
    "100:bodyslam",
    "100:brickbreak",
    "100:captivate",
    "100:chargebeam",
    "100:confide",
    "100:confuseray",
    "100:dazzlinggleam",
    "100:dig",
    "100:doubleteam",
    "100:echoedvoice",
    "100:eerieimpulse",
    "100:electricterrain",
    "100:electroball",
    "100:endure",
    "100:facade",
    "100:firepunch",
    "100:flash",
    "100:fling",
    "100:focuspunch",
    "100:frustration",
    "100:helpinghand",
    "100:hiddenpower",
    "100:icepunch",
    "100:irontail",
    "100:lightscreen",
    "100:lowkick",
    "100:naturalgift",
    "100:powergem",
    "100:poweruppunch",
    "100:protect",
    "100:raindance",
    "100:reflect",
    "100:rest",
    "100:return",
    "100:rocksmash",
    "100:round",
    "100:safeguard",
    "100:secretpower",
    "100:shockwave",
    "100:sleeptalk",
    "100:strength",
    "100:substitute",
    "100:sunnyday",
    "100:swagger",
    "100:swift",
    "100:takedown",
    "100:terablast",
    "100:thunder",
    "100:thunderbolt",
    "100:thunderpunch",
    "100:thunderwave",
    "100:toxic",
    "100:trailblaze",
    "100:voltswitch",
    "100:wildcharge",
    "100:afteryou",
    "100:attract",
    "100:bodyslam",
    "100:cottonspore",
    "100:counter",
    "100:curse",
    "100:defensecurl",
    "100:doubleedge",
    "100:doubleteam",
    "100:dynamicpunch",
    "100:electroweb",
    "100:endure",
    "100:firepunch",
    "100:flash",
    "100:focuspunch",
    "100:frustration",
    "100:growl",
    "100:headbutt",
    "100:healbell",
    "100:hiddenpower",
    "100:irontail",
    "100:lightscreen",
    "100:magnetrise",
    "100:megakick",
    "100:megapunch",
    "100:mimic",
    "100:protect",
    "100:raindance",
    "100:rest",
    "100:return",
    "100:rocksmash",
    "100:seismictoss",
    "100:shockwave",
    "100:signalbeam",
    "100:sleeptalk",
    "100:snore",
    "100:strength",
    "100:substitute",
    "100:swagger",
    "100:swift",
    "100:tackle",
    "100:thunder",
    "100:thunderpunch",
    "100:thundershock",
    "100:thunderwave",
    "100:toxic",
    "100:zapcannon"
  ],
  "labels": [
    "gen2"
  ],
  "pokedex": [
    "cobblemon.species.flaaffy.desc"
  ],
  "preEvolution": "mareep",
  "evolutions": [
    {
      "id": "flaaffy_ampharos",
      "variant": "level_up",
      "result": "ampharos",
      "consumeHeldItem": false,
      "learnableMoves": [
        "thunderpunch"
      ],
      "requirements": [
        {
          "variant": "level",
          "minLevel": 30
        }
      ]
    }
  ],
  "baseScale": 1.0,
  "hitbox": {
    "width": 0.7,
    "height": 1.3,
    "fixed": false
  },
  "baseFriendship": 70,
  "evYield": {
    "hp": 0,
    "attack": 0,
    "defence": 0,
    "special_attack": 2,
    "special_defence": 0,
    "speed": 0
  },
  "height": 8,
  "weight": 133,
  "aspects": [],
  "cannotDynamax": false
}