{
  "name": "Girafarig",
  "nationalPokedexNumber": 203,
  "primaryType": "normal",
  "secondaryType": "psychic",
  "abilities": [
    "innerfocus",
    "earlybird",
    "h:sapsipper"
  ],
  "baseStats": {
    "hp": 70,
    "attack": 80,
    "defence": 65,
    "special_attack": 90,
    "special_defence": 65,
    "speed": 85
  },
  "catchRate": 60,
  "maleRatio": 0.5,
  "shoulderMountable": false,
  "baseExperienceYield": 159,
  "experienceGroup": "medium_fast",
  "eggCycles": 20,
  "eggGroups": [
    "field"
  ],
  "moves": [
    "1:astonish",
    "1:growl",
    "1:guardswap",
    "1:powerswap",
    "1:tackle",
    "5:confusion",
    "5:odorsleuth",
    "10:assurance",
    "14:stomp",
    "19:psybeam",
    "23:agility",
    "28:doublehit",
    "32:twinbeam",
    "32:zenheadbutt",
    "37:crunch",
    "41:batonpass",
    "46:nastyplot",
    "50:psychic",
    "100:allyswitch",
    "100:amnesia",
    "100:beatup",
    "100:doublekick",
    "100:foresight",
    "100:futuresight",
    "100:magiccoat",
    "100:meanlook",
    "100:mirrorcoat",
    "100:psychicfangs",
    "100:psychicterrain",
    "100:psychup",
    "100:razorwind",
    "100:secretpower",
    "100:skillswap",
    "100:takedown",
    "100:uproar",
    "100:wish",
    "100:agility",
    "100:amnesia",
    "100:attract",
    "100:batonpass",
    "100:bodyslam",
    "100:bulldoze",
    "100:calmmind",
    "100:captivate",
    "100:chargebeam",
    "100:confide",
    "100:confuseray",
    "100:crunch",
    "100:dazzlinggleam",
    "100:doubleteam",
    "100:dreameater",
    "100:earthquake",
    "100:echoedvoice",
    "100:endure",
    "100:energyball",
    "100:facade",
    "100:flash",
    "100:foulplay",
    "100:frustration",
    "100:gigaimpact",
    "100:grassknot",
    "100:helpinghand",
    "100:hiddenpower",
    "100:hyperbeam",
    "100:hypervoice",
    "100:imprison",
    "100:irontail",
    "100:lightscreen",
    "100:lowkick",
    "100:nastyplot",
    "100:naturalgift",
    "100:protect",
    "100:psybeam",
    "100:psychic",
    "100:psychicfangs",
    "100:psychicterrain",
    "100:psychup",
    "100:psyshock",
    "100:raindance",
    "100:recycle",
    "100:reflect",
    "100:rest",
    "100:retaliate",
    "100:return",
    "100:rocksmash",
    "100:round",
    "100:secretpower",
    "100:shadowball",
    "100:shockwave",
    "100:skillswap",
    "100:sleeptalk",
    "100:stompingtantrum",
    "100:storedpower",
    "100:strength",
    "100:substitute",
    "100:sunnyday",
    "100:swagger",
    "100:swift",
    "100:takedown",
    "100:telekinesis",
    "100:terablast",
    "100:thief",
    "100:thunder",
    "100:thunderbolt",
    "100:thunderwave",
    "100:toxic",
    "100:trailblaze",
    "100:trick",
    "100:trickroom",
    "100:workup",
    "100:zenheadbutt",
    "100:agility",
    "100:allyswitch",
    "100:amnesia",
    "100:attract",
    "100:batonpass",
    "100:beatup",
    "100:bodyslam",
    "100:confusion",
    "100:crunch",
    "100:curse",
    "100:doubleedge",
    "100:doubleteam",
    "100:dreameater",
    "100:earthquake",
    "100:endure",
    "100:foresight",
    "100:foulplay",
    "100:frustration",
    "100:futuresight",
    "100:gravity",
    "100:growl",
    "100:headbutt",
    "100:hiddenpower",
    "100:hypervoice",
    "100:irontail",
    "100:magiccoat",
    "100:mimic",
    "100:mirrorcoat",
    "100:mudslap",
    "100:nightmare",
    "100:protect",
    "100:psybeam",
    "100:psychic",
    "100:psychup",
    "100:recycle",
    "100:rest",
    "100:return",
    "100:rocksmash",
    "100:shadowball",
    "100:shockwave",
    "100:signalbeam",
    "100:skillswap",
    "100:sleeptalk",
    "100:snore",
    "100:stomp",
    "100:stompingtantrum",
    "100:strength",
    "100:substitute",
    "100:suckerpunch",
    "100:sunnyday",
    "100:swagger",
    "100:swift",
    "100:tackle",
    "100:takedown",
    "100:telekinesis",
    "100:thief",
    "100:thunder",
    "100:thunderwave",
    "100:toxic",
    "100:trick",
    "100:uproar",
    "100:zapcannon",
    "100:zenheadbutt"
  ],
  "labels": [
    "gen2"
  ],
  "pokedex": [
    "cobblemon.species.girafarig.desc"
  ],
  "evolutions": [
    {
      "id": "girafarig_farigiraf",
      "variant": "level_up",
      "result": "farigiraf",
      "consumeHeldItem": false,
      "learnableMoves": [],
      "requirements": [
        {
          "variant": "has_move",
          "move": "twinbeam"
        }
      ]
    }
  ],
  "baseScale": 1,
  "hitbox": {
    "width": 1,
    "height": 1,
    "fixed": false
  },
  "baseFriendship": 70,
  "evYield": {
    "hp": 0,
    "attack": 0,
    "defence": 0,
    "special_attack": 2,
    "special_defence": 0,
    "speed": 0
  },
  "height": 15,
  "weight": 415,
  "aspects": [],
  "cannotDynamax": false,
  "drops": {
    "amount": 3,
    "entries": [
      {
        "item": "minecraft:leather",
        "quantityRange": "0-1"
      },
      {
        "item": "cobblemon:razor_fang",
        "percentage": 2.5
      },
      {
        "item": "cobblemon:persim_berry",
        "percentage": 2.5
      }
    ]
  }
}