{
  "name": "Heracross",
  "nationalPokedexNumber": 214,
  "primaryType": "bug",
  "secondaryType": "fighting",
  "abilities": [
    "swarm",
    "guts",
    "h:moxie"
  ],
  "baseStats": {
    "hp": 80,
    "attack": 125,
    "defence": 75,
    "special_attack": 40,
    "special_defence": 95,
    "speed": 85
  },
  "catchRate": 45,
  "maleRatio": 0.5,
  "shoulderMountable": false,
  "forms": [
    {
      "name": "Mega",
      "primaryType": "bug",
      "secondaryType": "fighting",
      "abilities": [
        "skilllink"
      ],
      "baseStats": {
        "hp": 80,
        "attack": 185,
        "defence": 115,
        "special_attack": 40,
        "special_defence": 105,
        "speed": 75
      },
      "catchRate": 45,
      "maleRatio": 0.5,
      "baseExperienceYield": 175,
      "baseFriendship": 50,
      "evYield": {
        "hp": 0,
        "attack": 2,
        "defence": 0,
        "special_attack": 0,
        "special_defence": 0,
        "speed": 0
      },
      "experienceGroup": "slow",
      "eggCycles": 25,
      "eggGroups": [
        "bug"
      ],
      "labels": [
        "gen6",
        "mega"
      ],
      "aspects": [
        "mega"
      ],
      "height": 17,
      "weight": 625,
      "evolutions": [],
      "cannotDynamax": false,
      "battleOnly": true
    }
  ],
  "baseExperienceYield": 175,
  "experienceGroup": "slow",
  "eggCycles": 25,
  "eggGroups": [
    "bug"
  ],
  "moves": [
    "1:armthrust",
    "1:bulletseed",
    "1:leer",
    "1:nightslash",
    "1:tackle",
    "5:furyattack",
    "7:feint",
    "10:endure",
    "15:aerialace",
    "16:chipaway",
    "20:hornattack",
    "25:counter",
    "30:brickbreak",
    "34:takedown",
    "35:pinmissile",
    "40:throatchop",
    "45:thrash",
    "46:reversal",
    "50:swordsdance",
    "55:megahorn",
    "60:closecombat",
    "100:bide",
    "100:doubleedge",
    "100:falseswipe",
    "100:feint",
    "100:flail",
    "100:focuspunch",
    "100:harden",
    "100:megahorn",
    "100:nightslash",
    "100:pursuit",
    "100:revenge",
    "100:rockblast",
    "100:seismictoss",
    "100:takedown",
    "100:aerialace",
    "100:assurance",
    "100:attract",
    "100:bodyslam",
    "100:brickbreak",
    "100:brutalswing",
    "100:bugbuzz",
    "100:bulkup",
    "100:bulldoze",
    "100:bulletseed",
    "100:captivate",
    "100:closecombat",
    "100:confide",
    "100:cut",
    "100:dig",
    "100:doubleteam",
    "100:earthquake",
    "100:endure",
    "100:facade",
    "100:falseswipe",
    "100:fling",
    "100:focusblast",
    "100:focuspunch",
    "100:frustration",
    "100:gigaimpact",
    "100:helpinghand",
    "100:hiddenpower",
    "100:highhorsepower",
    "100:hyperbeam",
    "100:irondefense",
    "100:lowkick",
    "100:megahorn",
    "100:naturalgift",
    "100:pinmissile",
    "100:pounce",
    "100:protect",
    "100:raindance",
    "100:rest",
    "100:retaliate",
    "100:return",
    "100:revenge",
    "100:reversal",
    "100:rockblast",
    "100:rockslide",
    "100:rocksmash",
    "100:rocktomb",
    "100:round",
    "100:secretpower",
    "100:shadowclaw",
    "100:sleeptalk",
    "100:smackdown",
    "100:smartstrike",
    "100:snore",
    "100:spikes",
    "100:stoneedge",
    "100:strength",
    "100:strugglebug",
    "100:substitute",
    "100:sunnyday",
    "100:swagger",
    "100:swordsdance",
    "100:takedown",
    "100:terablast",
    "100:thief",
    "100:throatchop",
    "100:toxic",
    "100:trailblaze",
    "100:venoshock",
    "100:workup",
    "100:attract",
    "100:bide",
    "100:bodyslam",
    "100:bugbite",
    "100:bulletseed",
    "100:closecombat",
    "100:coaching",
    "100:counter",
    "100:curse",
    "100:cut",
    "100:detect",
    "100:doubleedge",
    "100:doubleteam",
    "100:earthquake",
    "100:endure",
    "100:flail",
    "100:focuspunch",
    "100:frustration",
    "100:furyattack",
    "100:furycutter",
    "100:harden",
    "100:headbutt",
    "100:helpinghand",
    "100:hiddenpower",
    "100:hornattack",
    "100:irondefense",
    "100:knockoff",
    "100:leer",
    "100:lowkick",
    "100:megahorn",
    "100:mimic",
    "100:pinmissile",
    "100:protect",
    "100:rest",
    "100:return",
    "100:reversal",
    "100:rockblast",
    "100:rockslide",
    "100:rocksmash",
    "100:seismictoss",
    "100:sleeptalk",
    "100:snore",
    "100:strength",
    "100:substitute",
    "100:sunnyday",
    "100:swagger",
    "100:swordsdance",
    "100:tackle",
    "100:takedown",
    "100:thief",
    "100:throatchop",
    "100:toxic",
    "100:vacuumwave"
  ],
  "labels": [
    "gen2"
  ],
  "pokedex": [
    "cobblemon.species.heracross.desc"
  ],
  "evolutions": [],
  "baseScale": 1,
  "hitbox": {
    "width": 1,
    "height": 1,
    "fixed": false
  },
  "baseFriendship": 50,
  "evYield": {
    "hp": 0,
    "attack": 2,
    "defence": 0,
    "special_attack": 0,
    "special_defence": 0,
    "speed": 0
  },
  "height": 15,
  "weight": 540,
  "aspects": [],
  "cannotDynamax": false,
  "drops": {
    "amount": 1,
    "entries": [
      {
        "item": "cobblemon:coba_berry",
        "percentage": 5.0
      }
    ]
  }
}