{
  "implemented": true,
  "name": "Hitmontop",
  "nationalPokedexNumber": 237,
  "primaryType": "fighting",
  "abilities": [
    "intimidate",
    "technician",
    "h:steadfast"
  ],
  "baseStats": {
    "hp": 50,
    "attack": 95,
    "defence": 95,
    "special_attack": 35,
    "special_defence": 110,
    "speed": 70
  },
  "catchRate": 45,
  "maleRatio": 1,
  "shoulderMountable": false,
  "baseExperienceYield": 159,
  "experienceGroup": "medium_fast",
  "eggCycles": 25,
  "eggGroups": [
    "human_like"
  ],
  "drops": {
    "amount": 2,
    "entries": [
      {
        "item": "cobblemon:black_belt",
        "percentage": 5.0
      },
      {
        "item": "cobblemon:payapa_berry",
        "percentage": 5.0
      }
    ]
  },
  "moves": [
    "1:fakeout",
    "1:feint",
    "1:focusenergy",
    "1:helpinghand",
    "1:pursuit",
    "1:rapidspin",
    "1:rollingkick",
    "1:tackle",
    "4:quickattack",
    "8:gyroball",
    "12:detect",
    "16:revenge",
    "21:quickguard",
    "21:wideguard",
    "24:suckerpunch",
    "28:agility",
    "32:dig",
    "33:triplekick",
    "36:closecombat",
    "40:counter",
    "44:endeavor",
    "100:aerialace",
    "100:agility",
    "100:attract",
    "100:bodyslam",
    "100:brickbreak",
    "100:brutalswing",
    "100:bulkup",
    "100:bulldoze",
    "100:captivate",
    "100:closecombat",
    "100:confide",
    "100:dig",
    "100:doubleteam",
    "100:drillrun",
    "100:earthquake",
    "100:endure",
    "100:facade",
    "100:focusblast",
    "100:focusenergy",
    "100:frustration",
    "100:gyroball",
    "100:helpinghand",
    "100:hiddenpower",
    "100:lowkick",
    "100:lowsweep",
    "100:megakick",
    "100:megapunch",
    "100:naturalgift",
    "100:protect",
    "100:raindance",
    "100:rest",
    "100:retaliate",
    "100:return",
    "100:revenge",
    "100:rockslide",
    "100:rocksmash",
    "100:round",
    "100:sandstorm",
    "100:secretpower",
    "100:sleeptalk",
    "100:snore",
    "100:stoneedge",
    "100:strength",
    "100:substitute",
    "100:sunnyday",
    "100:swagger",
    "100:swift",
    "100:thief",
    "100:toxic",
    "100:uproar",
    "100:workup",
    "100:agility",
    "100:attract",
    "100:bodyslam",
    "100:closecombat",
    "100:coaching",
    "100:counter",
    "100:covet",
    "100:curse",
    "100:detect",
    "100:dig",
    "100:doubleedge",
    "100:doubleteam",
    "100:drillrun",
    "100:endeavor",
    "100:endure",
    "100:fakeout",
    "100:focusenergy",
    "100:frustration",
    "100:headbutt",
    "100:helpinghand",
    "100:hiddenpower",
    "100:laserfocus",
    "100:lowkick",
    "100:megakick",
    "100:mimic",
    "100:mudslap",
    "100:protect",
    "100:pursuit",
    "100:quickattack",
    "100:rapidspin",
    "100:rest",
    "100:return",
    "100:rockslide",
    "100:rocksmash",
    "100:roleplay",
    "100:rollingkick",
    "100:rollout",
    "100:seismictoss",
    "100:sleeptalk",
    "100:snore",
    "100:strength",
    "100:substitute",
    "100:suckerpunch",
    "100:sunnyday",
    "100:swagger",
    "100:swift",
    "100:thief",
    "100:toxic",
    "100:tripleaxel",
    "100:triplekick",
    "100:twister",
    "100:vacuumwave"
  ],
  "labels": [
    "gen2"
  ],
  "pokedex": [
    "cobblemon.species.hitmontop.desc"
  ],
  "preEvolution": "tyrogue",
  "evolutions": [],
  "baseScale": 1,
  "hitbox": {
    "width": 0.7,
    "height": 1.4,
    "fixed": false
  },
  "baseFriendship": 50,
  "evYield": {
    "hp": 0,
    "attack": 0,
    "defence": 0,
    "special_attack": 0,
    "special_defence": 2,
    "speed": 0
  },
  "height": 14,
  "weight": 480,
  "aspects": [],
  "cannotDynamax": false
}