{
  "name": "Ho-Oh",
  "nationalPokedexNumber": 250,
  "primaryType": "fire",
  "secondaryType": "flying",
  "abilities": [
    "pressure",
    "h:regenerator"
  ],
  "baseStats": {
    "hp": 106,
    "attack": 130,
    "defence": 90,
    "special_attack": 110,
    "special_defence": 154,
    "speed": 90
  },
  "catchRate": 3,
  "maleRatio": -1,
  "shoulderMountable": false,
  "baseExperienceYield": 340,
  "experienceGroup": "slow",
  "eggCycles": 120,
  "eggGroups": [
    "undiscovered"
  ],
  "moves": [
    "1:ancientpower",
    "1:gust",
    "1:weatherball",
    "1:whirlwind",
    "9:lifedew",
    "15:bravebird",
    "18:safeguard",
    "27:calmmind",
    "36:extrasensory",
    "43:swift",
    "45:recover",
    "50:punishment",
    "54:sacredfire",
    "63:sunnyday",
    "72:fireblast",
    "81:futuresight",
    "85:naturalgift",
    "90:skyattack",
    "99:burnup",
    "100:aerialace",
    "100:airslash",
    "100:bravebird",
    "100:bulldoze",
    "100:calmmind",
    "100:chargebeam",
    "100:confide",
    "100:defog",
    "100:doubleteam",
    "100:dreameater",
    "100:earthpower",
    "100:earthquake",
    "100:echoedvoice",
    "100:endure",
    "100:facade",
    "100:fireblast",
    "100:firespin",
    "100:flamecharge",
    "100:flamethrower",
    "100:flareblitz",
    "100:flash",
    "100:fly",
    "100:frustration",
    "100:futuresight",
    "100:gigadrain",
    "100:gigaimpact",
    "100:heatwave",
    "100:helpinghand",
    "100:hiddenpower",
    "100:hyperbeam",
    "100:hypervoice",
    "100:imprison",
    "100:incinerate",
    "100:ironhead",
    "100:lightscreen",
    "100:mysticalfire",
    "100:naturalgift",
    "100:overheat",
    "100:pluck",
    "100:protect",
    "100:psychic",
    "100:psychup",
    "100:raindance",
    "100:reflect",
    "100:rest",
    "100:return",
    "100:roar",
    "100:rocksmash",
    "100:roost",
    "100:round",
    "100:safeguard",
    "100:sandstorm",
    "100:secretpower",
    "100:shadowball",
    "100:shockwave",
    "100:skydrop",
    "100:sleeptalk",
    "100:snore",
    "100:solarbeam",
    "100:steelwing",
    "100:strength",
    "100:substitute",
    "100:sunnyday",
    "100:swagger",
    "100:swift",
    "100:thunder",
    "100:thunderbolt",
    "100:thunderwave",
    "100:toxic",
    "100:weatherball",
    "100:willowisp",
    "100:zenheadbutt",
    "100:aircutter",
    "100:ancientpower",
    "100:bravebird",
    "100:burnup",
    "100:celebrate",
    "100:curse",
    "100:defog",
    "100:detect",
    "100:doubleedge",
    "100:doubleteam",
    "100:dragonbreath",
    "100:dreameater",
    "100:dualwingbeat",
    "100:earthpower",
    "100:earthquake",
    "100:endure",
    "100:extrasensory",
    "100:fireblast",
    "100:flareblitz",
    "100:flash",
    "100:fly",
    "100:frustration",
    "100:futuresight",
    "100:gigadrain",
    "100:gust",
    "100:heatwave",
    "100:hiddenpower",
    "100:hyperbeam",
    "100:hypervoice",
    "100:ironhead",
    "100:laserfocus",
    "100:mimic",
    "100:mudslap",
    "100:nightmare",
    "100:ominouswind",
    "100:protect",
    "100:psychic",
    "100:psychup",
    "100:punishment",
    "100:raindance",
    "100:recover",
    "100:rest",
    "100:return",
    "100:roar",
    "100:rocksmash",
    "100:roost",
    "100:sacredfire",
    "100:safeguard",
    "100:sandstorm",
    "100:scorchingsands",
    "100:shadowball",
    "100:shockwave",
    "100:signalbeam",
    "100:skyattack",
    "100:sleeptalk",
    "100:snore",
    "100:solarbeam",
    "100:steelwing",
    "100:strength",
    "100:substitute",
    "100:sunnyday",
    "100:swagger",
    "100:swift",
    "100:tailwind",
    "100:thunder",
    "100:thunderwave",
    "100:toxic",
    "100:twister",
    "100:weatherball",
    "100:whirlwind",
    "100:zapcannon",
    "100:zenheadbutt"
  ],
  "labels": [
    "gen2",
    "legendary"
  ],
  "pokedex": [
    "cobblemon.species.hooh.desc"
  ],
  "evolutions": [],
  "baseScale": 1,
  "hitbox": {
    "width": 1,
    "height": 1,
    "fixed": false
  },
  "baseFriendship": 0,
  "evYield": {
    "hp": 0,
    "attack": 0,
    "defence": 0,
    "special_attack": 0,
    "special_defence": 3,
    "speed": 0
  },
  "height": 38,
  "weight": 1990,
  "aspects": [],
  "cannotDynamax": false
}