{
  "name": "Houndoom",
  "nationalPokedexNumber": 229,
  "primaryType": "dark",
  "secondaryType": "fire",
  "abilities": [
    "earlybird",
    "flashfire",
    "h:unnerve"
  ],
  "baseStats": {
    "hp": 75,
    "attack": 90,
    "defence": 50,
    "special_attack": 110,
    "special_defence": 80,
    "speed": 95
  },
  "catchRate": 45,
  "maleRatio": 0.5,
  "shoulderMountable": false,
  "forms": [
    {
      "name": "Mega",
      "primaryType": "dark",
      "secondaryType": "fire",
      "abilities": [
        "solarpower"
      ],
      "baseStats": {
        "hp": 75,
        "attack": 90,
        "defence": 90,
        "special_attack": 140,
        "special_defence": 90,
        "speed": 115
      },
      "catchRate": 45,
      "maleRatio": 0.5,
      "baseExperienceYield": 175,
      "baseFriendship": 35,
      "evYield": {
        "hp": 0,
        "attack": 0,
        "defence": 0,
        "special_attack": 2,
        "special_defence": 0,
        "speed": 0
      },
      "experienceGroup": "slow",
      "eggCycles": 20,
      "eggGroups": [
        "field"
      ],
      "labels": [
        "gen6",
        "mega"
      ],
      "aspects": [
        "mega"
      ],
      "height": 19,
      "weight": 495,
      "evolutions": [],
      "cannotDynamax": false,
      "battleOnly": true
    }
  ],
  "baseExperienceYield": 175,
  "experienceGroup": "slow",
  "eggCycles": 20,
  "eggGroups": [
    "field"
  ],
  "moves": [
    "1:ember",
    "1:howl",
    "1:leer",
    "1:nastyplot",
    "1:smog",
    "1:thunderfang",
    "13:roar",
    "16:bite",
    "20:incinerate",
    "20:odorsleuth",
    "26:beatup",
    "30:firefang",
    "35:feintattack",
    "35:torment",
    "41:comeuppance",
    "41:embargo",
    "45:foulplay",
    "50:flamethrower",
    "56:crunch",
    "62:inferno",
    "100:attract",
    "100:bodyslam",
    "100:captivate",
    "100:confide",
    "100:crunch",
    "100:darkpulse",
    "100:doubleteam",
    "100:dreameater",
    "100:embargo",
    "100:endure",
    "100:facade",
    "100:fireblast",
    "100:firefang",
    "100:firespin",
    "100:flamecharge",
    "100:flamethrower",
    "100:flareblitz",
    "100:foulplay",
    "100:frustration",
    "100:gigaimpact",
    "100:heatwave",
    "100:helpinghand",
    "100:hiddenpower",
    "100:hyperbeam",
    "100:hypervoice",
    "100:incinerate",
    "100:irontail",
    "100:mudshot",
    "100:mudslap",
    "100:nastyplot",
    "100:naturalgift",
    "100:overheat",
    "100:payback",
    "100:protect",
    "100:psychicfangs",
    "100:raindance",
    "100:rest",
    "100:retaliate",
    "100:return",
    "100:reversal",
    "100:roar",
    "100:rocksmash",
    "100:round",
    "100:scaryface",
    "100:secretpower",
    "100:shadowball",
    "100:sleeptalk",
    "100:sludgebomb",
    "100:snarl",
    "100:snatch",
    "100:solarbeam",
    "100:strength",
    "100:substitute",
    "100:sunnyday",
    "100:swagger",
    "100:takedown",
    "100:taunt",
    "100:terablast",
    "100:thief",
    "100:thunderfang",
    "100:torment",
    "100:toxic",
    "100:trailblaze",
    "100:willowisp",
    "100:attract",
    "100:bite",
    "100:bodyslam",
    "100:counter",
    "100:crunch",
    "100:curse",
    "100:darkpulse",
    "100:detect",
    "100:doubleedge",
    "100:doubleteam",
    "100:dreameater",
    "100:ember",
    "100:endure",
    "100:feintattack",
    "100:fireblast",
    "100:flamethrower",
    "100:foulplay",
    "100:frustration",
    "100:headbutt",
    "100:heatwave",
    "100:hiddenpower",
    "100:hyperbeam",
    "100:hypervoice",
    "100:irontail",
    "100:laserfocus",
    "100:leer",
    "100:mimic",
    "100:mudslap",
    "100:nightmare",
    "100:protect",
    "100:rest",
    "100:return",
    "100:roar",
    "100:rocksmash",
    "100:roleplay",
    "100:shadowball",
    "100:sleeptalk",
    "100:sludgebomb",
    "100:smog",
    "100:snatch",
    "100:snore",
    "100:solarbeam",
    "100:spite",
    "100:strength",
    "100:substitute",
    "100:suckerpunch",
    "100:sunnyday",
    "100:superfang",
    "100:swagger",
    "100:swift",
    "100:thief",
    "100:throatchop",
    "100:toxic",
    "100:uproar"
  ],
  "labels": [
    "gen2"
  ],
  "pokedex": [
    "cobblemon.species.houndoom.desc"
  ],
  "preEvolution": "houndour",
  "evolutions": [],
  "baseScale": 1,
  "hitbox": {
    "width": 1,
    "height": 1,
    "fixed": false
  },
  "baseFriendship": 35,
  "evYield": {
    "hp": 0,
    "attack": 0,
    "defence": 0,
    "special_attack": 2,
    "special_defence": 0,
    "speed": 0
  },
  "height": 14,
  "weight": 350,
  "aspects": [],
  "cannotDynamax": false,
  "drops": {
    "amount": 6,
    "entries": [
      {
        "item": "minecraft:bone",
        "quantityRange": "0-2"
      },
      {
        "item": "minecraft:rotten_flesh",
        "quantityRange": "0-2"
      },
      {
        "item": "minecraft:blaze_powder",
        "percentage": 5.0
      },
      {
        "item": "cobblemon:rawst_berry",
        "percentage": 5.0
      }
    ]
  }
}