{
  "implemented": true,
  "name": "Kingdra",
  "nationalPokedexNumber": 230,
  "primaryType": "water",
  "secondaryType": "dragon",
  "abilities": [
    "swiftswim",
    "sniper",
    "h:damp"
  ],
  "baseStats": {
    "hp": 75,
    "attack": 95,
    "defence": 95,
    "special_attack": 95,
    "special_defence": 95,
    "speed": 85
  },
  "catchRate": 45,
  "maleRatio": 0.5,
  "shoulderMountable": false,
  "baseExperienceYield": 270,
  "experienceGroup": "medium_fast",
  "eggCycles": 20,
  "eggGroups": [
    "water_1",
    "dragon"
  ],
  "drops": {
    "amount": 4,
    "entries": [
      {
        "item": "minecraft:prismarine_shard",
        "quantityRange": "0-3"
      },
      {
        "item": "cobblemon:dragon_scale",
        "percentage": 10.0
      }
    ]
  },
  "behaviour": {
    "moving": {
      "walk": {
        "avoidsLand": true
      },
      "swim": {
        "canSwimInWater": true,
        "canBreatheUnderwater": true
      }
    }
  },
  "moves": [
    "1:bubble",
    "1:leer",
    "1:smokescreen",
    "1:twister",
    "1:watergun",
    "1:whirlpool",
    "1:yawn",
    "15:focusenergy",
    "20:dragonbreath",
    "25:bubblebeam",
    "30:agility",
    "31:brine",
    "37:laserfocus",
    "44:dragonpulse",
    "51:hydropump",
    "58:dragondance",
    "65:raindance",
    "100:agility",
    "100:attract",
    "100:blizzard",
    "100:bodyslam",
    "100:bounce",
    "100:breakingswipe",
    "100:brine",
    "100:captivate",
    "100:confide",
    "100:dive",
    "100:doubleteam",
    "100:dragondance",
    "100:dragonpulse",
    "100:endure",
    "100:facade",
    "100:flashcannon",
    "100:focusenergy",
    "100:frustration",
    "100:gigaimpact",
    "100:hail",
    "100:hiddenpower",
    "100:hurricane",
    "100:hydropump",
    "100:hyperbeam",
    "100:icebeam",
    "100:icywind",
    "100:ironhead",
    "100:liquidation",
    "100:muddywater",
    "100:naturalgift",
    "100:outrage",
    "100:protect",
    "100:quash",
    "100:raindance",
    "100:rest",
    "100:return",
    "100:round",
    "100:scald",
    "100:secretpower",
    "100:sleeptalk",
    "100:snore",
    "100:substitute",
    "100:surf",
    "100:swagger",
    "100:swift",
    "100:toxic",
    "100:waterfall",
    "100:waterpulse",
    "100:whirlpool",
    "100:agility",
    "100:attract",
    "100:blizzard",
    "100:bodyslam",
    "100:bounce",
    "100:bubble",
    "100:curse",
    "100:dive",
    "100:doubleedge",
    "100:doubleteam",
    "100:dracometeor",
    "100:dragonbreath",
    "100:dragonpulse",
    "100:endure",
    "100:flipturn",
    "100:frustration",
    "100:headbutt",
    "100:hiddenpower",
    "100:hydropump",
    "100:hyperbeam",
    "100:icywind",
    "100:ironhead",
    "100:laserfocus",
    "100:leer",
    "100:mimic",
    "100:muddywater",
    "100:outrage",
    "100:protect",
    "100:raindance",
    "100:rest",
    "100:return",
    "100:scaleshot",
    "100:signalbeam",
    "100:sleeptalk",
    "100:smokescreen",
    "100:snore",
    "100:substitute",
    "100:surf",
    "100:swagger",
    "100:swift",
    "100:toxic",
    "100:twister",
    "100:waterfall",
    "100:watergun",
    "100:waterpulse",
    "100:whirlpool"
  ],
  "labels": [
    "gen2"
  ],
  "pokedex": [
    "cobblemon.species.kingdra.desc"
  ],
  "preEvolution": "seadra",
  "evolutions": [],
  "baseScale": 1.2,
  "hitbox": {
    "width": 0.9,
    "height": 2.3,
    "fixed": false
  },
  "baseFriendship": 50,
  "evYield": {
    "hp": 0,
    "attack": 1,
    "defence": 0,
    "special_attack": 1,
    "special_defence": 1,
    "speed": 0
  },
  "height": 18,
  "weight": 1520,
  "aspects": [],
  "cannotDynamax": false
}