{
  "name": "Ledyba",
  "nationalPokedexNumber": 165,
  "primaryType": "bug",
  "secondaryType": "flying",
  "abilities": [
    "swarm",
    "earlybird",
    "h:rattled"
  ],
  "baseStats": {
    "hp": 40,
    "attack": 20,
    "defence": 30,
    "special_attack": 40,
    "special_defence": 80,
    "speed": 55
  },
  "catchRate": 255,
  "maleRatio": 0.5,
  "shoulderMountable": false,
  "baseExperienceYield": 53,
  "experienceGroup": "fast",
  "eggCycles": 15,
  "eggGroups": [
    "bug"
  ],
  "moves": [
    "1:tackle",
    "5:supersonic",
    "8:swift",
    "12:lightscreen",
    "12:reflect",
    "12:safeguard",
    "15:machpunch",
    "19:silverwind",
    "22:cometpunch",
    "26:batonpass",
    "29:agility",
    "33:bugbuzz",
    "36:airslash",
    "40:doubleedge",
    "100:bide",
    "100:bugbite",
    "100:bugbuzz",
    "100:counter",
    "100:dizzypunch",
    "100:drainpunch",
    "100:encore",
    "100:endure",
    "100:focuspunch",
    "100:knockoff",
    "100:psybeam",
    "100:screech",
    "100:silverwind",
    "100:tailwind",
    "100:acrobatics",
    "100:aerialace",
    "100:attract",
    "100:brickbreak",
    "100:captivate",
    "100:confide",
    "100:dig",
    "100:doubleteam",
    "100:drainpunch",
    "100:endure",
    "100:facade",
    "100:flash",
    "100:fling",
    "100:focuspunch",
    "100:frustration",
    "100:gigadrain",
    "100:hiddenpower",
    "100:infestation",
    "100:lightscreen",
    "100:naturalgift",
    "100:poweruppunch",
    "100:protect",
    "100:reflect",
    "100:rest",
    "100:return",
    "100:roost",
    "100:round",
    "100:safeguard",
    "100:secretpower",
    "100:silverwind",
    "100:sleeptalk",
    "100:solarbeam",
    "100:strugglebug",
    "100:substitute",
    "100:sunnyday",
    "100:swagger",
    "100:swordsdance",
    "100:thief",
    "100:toxic",
    "100:uturn",
    "100:aerialace",
    "100:agility",
    "100:aircutter",
    "100:attract",
    "100:batonpass",
    "100:bide",
    "100:bugbite",
    "100:cometpunch",
    "100:curse",
    "100:dig",
    "100:doubleedge",
    "100:doubleteam",
    "100:drainpunch",
    "100:dynamicpunch",
    "100:endure",
    "100:flash",
    "100:focuspunch",
    "100:frustration",
    "100:gigadrain",
    "100:headbutt",
    "100:hiddenpower",
    "100:icepunch",
    "100:knockoff",
    "100:lightscreen",
    "100:megapunch",
    "100:mimic",
    "100:ominouswind",
    "100:protect",
    "100:psybeam",
    "100:reflect",
    "100:refresh",
    "100:rest",
    "100:return",
    "100:rollout",
    "100:roost",
    "100:safeguard",
    "100:sleeptalk",
    "100:snore",
    "100:solarbeam",
    "100:stringshot",
    "100:substitute",
    "100:sunnyday",
    "100:supersonic",
    "100:swagger",
    "100:sweetscent",
    "100:swift",
    "100:swordsdance",
    "100:tackle",
    "100:tailwind",
    "100:thief",
    "100:thunderpunch",
    "100:toxic",
    "100:uproar"
  ],
  "labels": [
    "gen2"
  ],
  "pokedex": [
    "cobblemon.species.ledyba.desc"
  ],
  "evolutions": [
    {
      "id": "ledyba_ledian",
      "variant": "level_up",
      "result": "ledian",
      "consumeHeldItem": false,
      "learnableMoves": [],
      "requirements": [
        {
          "variant": "level",
          "minLevel": 18
        }
      ]
    }
  ],
  "baseScale": 1,
  "hitbox": {
    "width": 1,
    "height": 1,
    "fixed": false
  },
  "baseFriendship": 70,
  "evYield": {
    "hp": 0,
    "attack": 0,
    "defence": 0,
    "special_attack": 0,
    "special_defence": 1,
    "speed": 0
  },
  "height": 10,
  "weight": 108,
  "aspects": [],
  "cannotDynamax": false,
  "drops": {
    "amount": 1,
    "entries": [
      {
        "item": "cobblemon:charti_berry",
        "percentage": 2.5
      }
    ]
  }
}