{
  "implemented": true,
  "name": "Magcargo",
  "nationalPokedexNumber": 219,
  "primaryType": "fire",
  "secondaryType": "rock",
  "abilities": [
    "magmaarmor",
    "flamebody",
    "h:weakarmor"
  ],
  "drops": {
    "amount": 4,
    "entries": [
      {
        "item": "minecraft:magma_cream",
        "quantityRange": "0-2"
      },
      {
        "item": "minecraft:basalt"
      },
      {
        "item": "cobblemon:passho_berry",
        "percentage": 5.0
      }
    ]
  },
  "baseStats": {
    "hp": 60,
    "attack": 50,
    "defence": 120,
    "special_attack": 90,
    "special_defence": 80,
    "speed": 30
  },
  "behaviour": {
    "resting": {
      "canSleep": true,
      "willSleepOnBed": false,
      "depth": "normal",
      "light": "0-4"
    },
    "moving": {
      "swim": {
        "canWalkOnLava": true,
        "canBreatheUnderlava": true,
        "avoidsWater": true,
        "canSwimInLava": true,
        "canSwimInWater": false
      },
      "walk": {
        "walkSpeed": 0.2
      }
    }
  },
  "catchRate": 75,
  "maleRatio": 0.5,
  "shoulderMountable": false,
  "baseExperienceYield": 151,
  "experienceGroup": "medium_fast",
  "eggCycles": 20,
  "eggGroups": [
    "amorphous"
  ],
  "moves": [
    "1:earthpower",
    "1:ember",
    "1:rockthrow",
    "1:shellsmash",
    "1:smog",
    "1:yawn",
    "13:harden",
    "15:incinerate",
    "20:clearsmog",
    "22:ancientpower",
    "27:flameburst",
    "29:rockslide",
    "34:lavaplume",
    "36:amnesia",
    "43:bodyslam",
    "47:recover",
    "54:flamethrower",
    "100:attract",
    "100:bulldoze",
    "100:captivate",
    "100:confide",
    "100:doubleteam",
    "100:earthquake",
    "100:endure",
    "100:explosion",
    "100:facade",
    "100:fireblast",
    "100:flamecharge",
    "100:flamethrower",
    "100:frustration",
    "100:gigaimpact",
    "100:gyroball",
    "100:hiddenpower",
    "100:hyperbeam",
    "100:incinerate",
    "100:infestation",
    "100:lightscreen",
    "100:naturalgift",
    "100:naturepower",
    "100:overheat",
    "100:protect",
    "100:reflect",
    "100:rest",
    "100:return",
    "100:rockpolish",
    "100:rockslide",
    "100:rocksmash",
    "100:rocktomb",
    "100:round",
    "100:sandstorm",
    "100:secretpower",
    "100:sleeptalk",
    "100:smackdown",
    "100:solarbeam",
    "100:stealthrock",
    "100:stoneedge",
    "100:strength",
    "100:substitute",
    "100:sunnyday",
    "100:swagger",
    "100:toxic",
    "100:willowisp",
    "100:afteryou",
    "100:amnesia",
    "100:ancientpower",
    "100:attract",
    "100:bodyslam",
    "100:curse",
    "100:defensecurl",
    "100:doubleedge",
    "100:doubleteam",
    "100:earthpower",
    "100:earthquake",
    "100:ember",
    "100:endure",
    "100:fireblast",
    "100:flamethrower",
    "100:frustration",
    "100:harden",
    "100:heatwave",
    "100:hiddenpower",
    "100:hyperbeam",
    "100:irondefense",
    "100:mimic",
    "100:mudslap",
    "100:painsplit",
    "100:protect",
    "100:refresh",
    "100:rest",
    "100:return",
    "100:rockslide",
    "100:rocksmash",
    "100:rockthrow",
    "100:rollout",
    "100:selfdestruct",
    "100:sleeptalk",
    "100:smog",
    "100:snore",
    "100:stealthrock",
    "100:stompingtantrum",
    "100:strength",
    "100:substitute",
    "100:sunnyday",
    "100:swagger",
    "100:toxic"
  ],
  "labels": [
    "gen2"
  ],
  "pokedex": [
    "cobblemon.species.magcargo.desc"
  ],
  "preEvolution": "slugma",
  "evolutions": [],
  "baseScale": 0.9,
  "hitbox": {
    "width": 1,
    "height": 1.3,
    "fixed": false
  },
  "baseFriendship": 70,
  "evYield": {
    "hp": 0,
    "attack": 0,
    "defence": 2,
    "special_attack": 0,
    "special_defence": 0,
    "speed": 0
  },
  "height": 8,
  "weight": 550,
  "aspects": [],
  "cannotDynamax": false
}