{
  "name": "Mantine",
  "nationalPokedexNumber": 226,
  "primaryType": "water",
  "secondaryType": "flying",
  "abilities": [
    "swiftswim",
    "waterabsorb",
    "h:waterveil"
  ],
  "baseStats": {
    "hp": 85,
    "attack": 40,
    "defence": 70,
    "special_attack": 80,
    "special_defence": 140,
    "speed": 70
  },
  "catchRate": 25,
  "maleRatio": 0.5,
  "shoulderMountable": false,
  "baseExperienceYield": 170,
  "experienceGroup": "slow",
  "eggCycles": 25,
  "eggGroups": [
    "water_1"
  ],
  "moves": [
    "1:bubble",
    "1:bulletseed",
    "1:psybeam",
    "1:roost",
    "1:signalbeam",
    "1:supersonic",
    "1:tackle",
    "1:watergun",
    "1:wingattack",
    "11:confuseray",
    "12:waterpulse",
    "16:wideguard",
    "20:agility",
    "24:bubblebeam",
    "28:headbutt",
    "32:airslash",
    "36:aquaring",
    "40:bounce",
    "44:takedown",
    "48:hydropump",
    "100:amnesia",
    "100:confuseray",
    "100:haze",
    "100:hydropump",
    "100:mirrorcoat",
    "100:mudsport",
    "100:rockslide",
    "100:slam",
    "100:splash",
    "100:tailwind",
    "100:twister",
    "100:watersport",
    "100:wideguard",
    "100:acrobatics",
    "100:aerialace",
    "100:agility",
    "100:airslash",
    "100:amnesia",
    "100:assurance",
    "100:attract",
    "100:blizzard",
    "100:bodypress",
    "100:bodyslam",
    "100:bounce",
    "100:brine",
    "100:bulldoze",
    "100:bulletseed",
    "100:captivate",
    "100:confide",
    "100:defog",
    "100:dive",
    "100:doubleteam",
    "100:earthquake",
    "100:endure",
    "100:facade",
    "100:frustration",
    "100:gigaimpact",
    "100:gunkshot",
    "100:hail",
    "100:helpinghand",
    "100:hiddenpower",
    "100:hurricane",
    "100:hydropump",
    "100:hyperbeam",
    "100:icebeam",
    "100:icywind",
    "100:ironhead",
    "100:liquidation",
    "100:naturalgift",
    "100:protect",
    "100:raindance",
    "100:rest",
    "100:return",
    "100:rockblast",
    "100:rockslide",
    "100:rocktomb",
    "100:roost",
    "100:round",
    "100:scald",
    "100:secretpower",
    "100:seedbomb",
    "100:sleeptalk",
    "100:snore",
    "100:substitute",
    "100:surf",
    "100:swagger",
    "100:swift",
    "100:toxic",
    "100:waterfall",
    "100:waterpulse",
    "100:whirlpool",
    "100:agility",
    "100:aircutter",
    "100:aquatail",
    "100:attract",
    "100:blizzard",
    "100:bodyslam",
    "100:bounce",
    "100:bubble",
    "100:bubblebeam",
    "100:confuseray",
    "100:curse",
    "100:defog",
    "100:dive",
    "100:doubleedge",
    "100:doubleteam",
    "100:dualwingbeat",
    "100:endure",
    "100:frustration",
    "100:gunkshot",
    "100:haze",
    "100:headbutt",
    "100:helpinghand",
    "100:hiddenpower",
    "100:hydropump",
    "100:icywind",
    "100:ironhead",
    "100:liquidation",
    "100:mimic",
    "100:mirrorcoat",
    "100:mudslap",
    "100:protect",
    "100:raindance",
    "100:rest",
    "100:return",
    "100:seedbomb",
    "100:signalbeam",
    "100:slam",
    "100:sleeptalk",
    "100:snore",
    "100:stringshot",
    "100:substitute",
    "100:supersonic",
    "100:surf",
    "100:swagger",
    "100:swift",
    "100:tackle",
    "100:tailwind",
    "100:takedown",
    "100:toxic",
    "100:twister",
    "100:waterfall",
    "100:waterpulse",
    "100:whirlpool",
    "100:wingattack"
  ],
  "labels": [
    "gen2"
  ],
  "pokedex": [
    "cobblemon.species.mantine.desc"
  ],
  "preEvolution": "mantyke",
  "evolutions": [],
  "baseScale": 1,
  "hitbox": {
    "width": 1,
    "height": 1,
    "fixed": false
  },
  "baseFriendship": 50,
  "evYield": {
    "hp": 0,
    "attack": 0,
    "defence": 0,
    "special_attack": 0,
    "special_defence": 2,
    "speed": 0
  },
  "height": 21,
  "weight": 2200,
  "aspects": [],
  "cannotDynamax": false,
  "drops": {
    "amount": 3,
    "entries": [
      {
        "item": "minecraft:cod",
        "quantityRange": "0-2"
      },
      {
        "item": "cobblemon:wacan_berry",
        "percentage": 5.0
      }
    ]
  }
}