{
  "implemented": true,
  "name": "Meganium",
  "nationalPokedexNumber": 154,
  "primaryType": "grass",
  "abilities": [
    "overgrow",
    "h:leafguard"
  ],
  "baseStats": {
    "hp": 80,
    "attack": 82,
    "defence": 100,
    "special_attack": 83,
    "special_defence": 100,
    "speed": 80
  },
  "catchRate": 45,
  "maleRatio": 0.875,
  "shoulderMountable": false,
  "baseExperienceYield": 236,
  "experienceGroup": "medium_slow",
  "eggCycles": 20,
  "eggGroups": [
    "monster",
    "grass"
  ],
  "behaviour": {
    "resting": {
      "canSleep": true,
      "willSleepOnBed": false,
      "depth": "normal",
      "light": "0-4"
    },
    "moving": {
      "walk": {
        "walkSpeed": 0.15
      }
    }
  },
  "drops": {
    "amount": 1,
    "entries": [
      {
        "item": "cobblemon:miracle_seed",
        "percentage": 25.0
      }
    ]
  },
  "moves": [
    "1:growl",
    "1:petalblizzard",
    "1:petaldance",
    "1:poisonpowder",
    "1:razorleaf",
    "1:tackle",
    "12:synthesis",
    "18:reflect",
    "22:magicalleaf",
    "26:naturalgift",
    "34:sweetscent",
    "40:lightscreen",
    "46:bodyslam",
    "54:safeguard",
    "60:aromatherapy",
    "66:solarbeam",
    "100:attract",
    "100:bulldoze",
    "100:bulletseed",
    "100:captivate",
    "100:confide",
    "100:cut",
    "100:doubleteam",
    "100:dragontail",
    "100:earthquake",
    "100:echoedvoice",
    "100:endure",
    "100:energyball",
    "100:facade",
    "100:flash",
    "100:frustration",
    "100:gigadrain",
    "100:gigaimpact",
    "100:grassknot",
    "100:hiddenpower",
    "100:hyperbeam",
    "100:irontail",
    "100:lightscreen",
    "100:naturalgift",
    "100:naturepower",
    "100:protect",
    "100:reflect",
    "100:rest",
    "100:return",
    "100:rockclimb",
    "100:rocksmash",
    "100:round",
    "100:safeguard",
    "100:secretpower",
    "100:sleeptalk",
    "100:solarbeam",
    "100:strength",
    "100:substitute",
    "100:sunnyday",
    "100:swagger",
    "100:swordsdance",
    "100:toxic",
    "100:workup",
    "100:ancientpower",
    "100:attract",
    "100:bodyslam",
    "100:counter",
    "100:curse",
    "100:cut",
    "100:detect",
    "100:doubleedge",
    "100:doubleteam",
    "100:earthquake",
    "100:endure",
    "100:flash",
    "100:frenzyplant",
    "100:frustration",
    "100:furycutter",
    "100:gigadrain",
    "100:grasspledge",
    "100:growl",
    "100:headbutt",
    "100:hiddenpower",
    "100:hyperbeam",
    "100:irontail",
    "100:laserfocus",
    "100:lightscreen",
    "100:magiccoat",
    "100:mimic",
    "100:mudslap",
    "100:outrage",
    "100:poisonpowder",
    "100:protect",
    "100:razorleaf",
    "100:reflect",
    "100:rest",
    "100:return",
    "100:rocksmash",
    "100:safeguard",
    "100:seedbomb",
    "100:sleeptalk",
    "100:snore",
    "100:solarbeam",
    "100:stompingtantrum",
    "100:strength",
    "100:substitute",
    "100:sunnyday",
    "100:swagger",
    "100:sweetscent",
    "100:swordsdance",
    "100:synthesis",
    "100:tackle",
    "100:toxic",
    "100:worryseed"
  ],
  "labels": [
    "gen2"
  ],
  "pokedex": [
    "cobblemon.species.meganium.desc"
  ],
  "preEvolution": "bayleef",
  "evolutions": [],
  "baseScale": 0.75,
  "hitbox": {
    "width": 1.6,
    "height": 3.4,
    "fixed": false
  },
  "baseFriendship": 70,
  "evYield": {
    "hp": 0,
    "attack": 0,
    "defence": 1,
    "special_attack": 0,
    "special_defence": 2,
    "speed": 0
  },
  "height": 18,
  "weight": 1005,
  "aspects": [],
  "cannotDynamax": false
}