{
  "implemented": true,
  "name": "Miltank",
  "nationalPokedexNumber": 241,
  "primaryType": "normal",
  "abilities": [
    "thickfat",
    "scrappy",
    "h:sapsipper"
  ],
  "baseStats": {
    "hp": 95,
    "attack": 80,
    "defence": 105,
    "special_attack": 40,
    "special_defence": 70,
    "speed": 100
  },
  "behaviour": {
    "resting": {
      "canSleep": true,
      "willSleepOnBed": false,
      "depth": "normal",
      "light": "0-4"
    }
  },
  "catchRate": 45,
  "maleRatio": 0,
  "shoulderMountable": false,
  "baseExperienceYield": 172,
  "experienceGroup": "slow",
  "eggCycles": 20,
  "features": [
    "milkable"
  ],
  "eggGroups": [
    "field"
  ],
  "drops": {
    "amount": 6,
    "entries": [
      {
        "item": "minecraft:leather",
        "quantityRange": "0-2"
      },
      {
        "item": "minecraft:beef",
        "quantityRange": "1-3"
      },
      {
        "item": "cobblemon:oran_berry",
        "percentage": 5.0
      }
    ]
  },
  "moves": [
    "1:growl",
    "1:tackle",
    "5:rollout",
    "10:defensecurl",
    "15:bide",
    "15:stomp",
    "20:healbell",
    "25:headbutt",
    "30:zenheadbutt",
    "35:captivate",
    "35:milkdrink",
    "40:bodyslam",
    "41:gyroball",
    "45:playrough",
    "50:charm",
    "50:wakeupslap",
    "55:highhorsepower",
    "100:belch",
    "100:curse",
    "100:dizzypunch",
    "100:doubleedge",
    "100:endure",
    "100:focuspunch",
    "100:hammerarm",
    "100:heartstamp",
    "100:helpinghand",
    "100:naturalgift",
    "100:present",
    "100:psychup",
    "100:punishment",
    "100:reversal",
    "100:seismictoss",
    "100:sleeptalk",
    "100:attract",
    "100:blizzard",
    "100:bodypress",
    "100:bodyslam",
    "100:brickbreak",
    "100:bulldoze",
    "100:captivate",
    "100:charm",
    "100:confide",
    "100:doubleteam",
    "100:earthquake",
    "100:echoedvoice",
    "100:endure",
    "100:facade",
    "100:firepunch",
    "100:fling",
    "100:focusblast",
    "100:focuspunch",
    "100:frustration",
    "100:gigaimpact",
    "100:gyroball",
    "100:heavyslam",
    "100:helpinghand",
    "100:hiddenpower",
    "100:highhorsepower",
    "100:hyperbeam",
    "100:icebeam",
    "100:icepunch",
    "100:icywind",
    "100:ironhead",
    "100:irontail",
    "100:megakick",
    "100:megapunch",
    "100:metronome",
    "100:naturalgift",
    "100:playrough",
    "100:poweruppunch",
    "100:protect",
    "100:psychup",
    "100:raindance",
    "100:rest",
    "100:retaliate",
    "100:return",
    "100:reversal",
    "100:rockslide",
    "100:rocksmash",
    "100:rocktomb",
    "100:round",
    "100:sandstorm",
    "100:secretpower",
    "100:shadowball",
    "100:shockwave",
    "100:sleeptalk",
    "100:snore",
    "100:solarbeam",
    "100:stealthrock",
    "100:stompingtantrum",
    "100:strength",
    "100:substitute",
    "100:sunnyday",
    "100:surf",
    "100:swagger",
    "100:thunder",
    "100:thunderbolt",
    "100:thunderpunch",
    "100:thunderwave",
    "100:toxic",
    "100:waterpulse",
    "100:whirlpool",
    "100:workup",
    "100:zenheadbutt",
    "100:afteryou",
    "100:attract",
    "100:bide",
    "100:blizzard",
    "100:block",
    "100:bodyslam",
    "100:counter",
    "100:curse",
    "100:defensecurl",
    "100:doubleedge",
    "100:doubleteam",
    "100:dynamicpunch",
    "100:earthquake",
    "100:endure",
    "100:firepunch",
    "100:focuspunch",
    "100:frustration",
    "100:growl",
    "100:headbutt",
    "100:healbell",
    "100:helpinghand",
    "100:hiddenpower",
    "100:hyperbeam",
    "100:icepunch",
    "100:icywind",
    "100:ironhead",
    "100:irontail",
    "100:megakick",
    "100:megapunch",
    "100:metronome",
    "100:milkdrink",
    "100:mimic",
    "100:mudslap",
    "100:present",
    "100:protect",
    "100:psychup",
    "100:raindance",
    "100:rest",
    "100:return",
    "100:reversal",
    "100:rockslide",
    "100:rocksmash",
    "100:rollout",
    "100:sandstorm",
    "100:seismictoss",
    "100:shadowball",
    "100:shockwave",
    "100:sleeptalk",
    "100:snore",
    "100:stealthrock",
    "100:steelroller",
    "100:stomp",
    "100:stompingtantrum",
    "100:strength",
    "100:substitute",
    "100:sunnyday",
    "100:surf",
    "100:swagger",
    "100:sweetscent",
    "100:tackle",
    "100:thunder",
    "100:thunderpunch",
    "100:thunderwave",
    "100:toxic",
    "100:waterpulse",
    "100:zapcannon",
    "100:zenheadbutt"
  ],
  "labels": [
    "gen2"
  ],
  "pokedex": [
    "cobblemon.species.miltank.desc"
  ],
  "evolutions": [],
  "baseScale": 0.75,
  "hitbox": {
    "width": 1.1,
    "height": 2,
    "fixed": false
  },
  "baseFriendship": 50,
  "evYield": {
    "hp": 0,
    "attack": 0,
    "defence": 2,
    "special_attack": 0,
    "special_defence": 0,
    "speed": 0
  },
  "height": 12,
  "weight": 755,
  "aspects": [],
  "cannotDynamax": false
}