{
  "name": "Octillery",
  "nationalPokedexNumber": 224,
  "primaryType": "water",
  "abilities": [
    "suctioncups",
    "sniper",
    "h:moody"
  ],
  "baseStats": {
    "hp": 75,
    "attack": 105,
    "defence": 75,
    "special_attack": 105,
    "special_defence": 75,
    "speed": 45
  },
  "catchRate": 75,
  "maleRatio": 0.5,
  "shoulderMountable": false,
  "baseExperienceYield": 168,
  "experienceGroup": "medium_fast",
  "eggCycles": 20,
  "eggGroups": [
    "water_1",
    "water_2"
  ],
  "moves": [
    "1:constrict",
    "1:focusenergy",
    "1:gunkshot",
    "1:helpinghand",
    "1:octazooka",
    "1:rockblast",
    "1:watergun",
    "1:waterpulse",
    "1:wrap",
    "12:psybeam",
    "16:aurorabeam",
    "20:bubblebeam",
    "24:lockon",
    "28:wringout",
    "30:bulletseed",
    "34:signalbeam",
    "36:icebeam",
    "42:hydropump",
    "48:soak",
    "54:hyperbeam",
    "100:assurance",
    "100:attract",
    "100:blizzard",
    "100:bounce",
    "100:brine",
    "100:bulletseed",
    "100:captivate",
    "100:chargebeam",
    "100:confide",
    "100:dive",
    "100:doubleteam",
    "100:endure",
    "100:energyball",
    "100:facade",
    "100:fireblast",
    "100:flamethrower",
    "100:flashcannon",
    "100:focusenergy",
    "100:frustration",
    "100:gigaimpact",
    "100:gunkshot",
    "100:helpinghand",
    "100:hiddenpower",
    "100:hydropump",
    "100:hyperbeam",
    "100:icebeam",
    "100:icywind",
    "100:incinerate",
    "100:liquidation",
    "100:mudshot",
    "100:naturalgift",
    "100:payback",
    "100:protect",
    "100:psychic",
    "100:raindance",
    "100:rest",
    "100:return",
    "100:rockblast",
    "100:round",
    "100:scald",
    "100:screech",
    "100:secretpower",
    "100:seedbomb",
    "100:sleeptalk",
    "100:sludgebomb",
    "100:sludgewave",
    "100:smackdown",
    "100:snore",
    "100:substitute",
    "100:sunnyday",
    "100:surf",
    "100:swagger",
    "100:swift",
    "100:thief",
    "100:thunderwave",
    "100:toxic",
    "100:waterfall",
    "100:waterpulse",
    "100:whirlpool",
    "100:attract",
    "100:aurorabeam",
    "100:bind",
    "100:bounce",
    "100:bubblebeam",
    "100:constrict",
    "100:curse",
    "100:defensecurl",
    "100:dive",
    "100:doubleedge",
    "100:doubleteam",
    "100:endure",
    "100:focusenergy",
    "100:frustration",
    "100:gunkshot",
    "100:hiddenpower",
    "100:hyperbeam",
    "100:icebeam",
    "100:icywind",
    "100:mimic",
    "100:mudslap",
    "100:octazooka",
    "100:protect",
    "100:psybeam",
    "100:raindance",
    "100:rest",
    "100:return",
    "100:seedbomb",
    "100:seismictoss",
    "100:signalbeam",
    "100:skittersmack",
    "100:sleeptalk",
    "100:snore",
    "100:stringshot",
    "100:substitute",
    "100:surf",
    "100:swagger",
    "100:swift",
    "100:thief",
    "100:thunderwave",
    "100:toxic",
    "100:watergun",
    "100:waterpulse",
    "100:whirlpool"
  ],
  "labels": [
    "gen2"
  ],
  "pokedex": [
    "cobblemon.species.octillery.desc"
  ],
  "preEvolution": "remoraid",
  "evolutions": [],
  "baseScale": 1,
  "hitbox": {
    "width": 1,
    "height": 1,
    "fixed": false
  },
  "baseFriendship": 50,
  "evYield": {
    "hp": 0,
    "attack": 1,
    "defence": 0,
    "special_attack": 1,
    "special_defence": 0,
    "speed": 0
  },
  "height": 9,
  "weight": 285,
  "aspects": [],
  "cannotDynamax": false,
  "drops": {
    "amount": 4,
    "entries": [
      {
        "item": "minecraft:ink_sac",
        "quantityRange": "1-3"
      },
      {
        "item": "cobblemon:aspear_berry",
        "percentage": 5.0
      }
    ]
  }
}