{
  "implemented": true,
  "name": "Pichu",
  "nationalPokedexNumber": 172,
  "primaryType": "electric",
  "abilities": [
    "static",
    "h:lightningrod"
  ],
  "drops": {
    "amount": 2,
    "entries": [
      {
        "item": "cobblemon:thunder_stone",
        "percentage": 2.5
      },
      {
        "item": "cobblemon:oran_berry",
        "percentage": 2.5
      }
    ]
  },
  "baseStats": {
    "hp": 20,
    "attack": 40,
    "defence": 15,
    "special_attack": 35,
    "special_defence": 35,
    "speed": 60
  },
  "catchRate": 190,
  "maleRatio": 0.5,
  "shoulderMountable": true,
  "forms": [
    {
      "name": "Spiky-eared",
      "primaryType": "electric",
      "abilities": [
        "static"
      ],
      "baseStats": {
        "hp": 20,
        "attack": 40,
        "defence": 15,
        "special_attack": 35,
        "special_defence": 35,
        "speed": 60
      },
      "catchRate": 190,
      "maleRatio": 0.5,
      "baseExperienceYield": 41,
      "baseFriendship": 50,
      "evYield": {
        "hp": 0,
        "attack": 0,
        "defence": 0,
        "special_attack": 0,
        "special_defence": 0,
        "speed": 1
      },
      "experienceGroup": "medium_fast",
      "eggCycles": 10,
      "eggGroups": [
        "undiscovered"
      ],
      "moves": [
        "1:charm",
        "1:thundershock",
        "5:tailwhip",
        "10:thunderwave",
        "13:sweetkiss",
        "18:nastyplot",
        "100:attract",
        "100:captivate",
        "100:chargebeam",
        "100:doubleteam",
        "100:endure",
        "100:facade",
        "100:flash",
        "100:fling",
        "100:frustration",
        "100:grassknot",
        "100:hiddenpower",
        "100:irontail",
        "100:lightscreen",
        "100:naturalgift",
        "100:protect",
        "100:raindance",
        "100:rest",
        "100:return",
        "100:secretpower",
        "100:shockwave",
        "100:sleeptalk",
        "100:substitute",
        "100:swagger",
        "100:thunder",
        "100:thunderbolt",
        "100:thunderwave",
        "100:toxic",
        "100:headbutt",
        "100:helpinghand",
        "100:magnetrise",
        "100:mudslap",
        "100:painsplit",
        "100:rollout",
        "100:signalbeam",
        "100:snore",
        "100:swagger",
        "100:swift",
        "100:uproar",
        "100:volttackle"
      ],
      "labels": [
        "gen4",
        "baby"
      ],
      "aspects": [
        "spiky-eared"
      ],
      "height": 3,
      "weight": 20,
      "evolutions": [],
      "cannotDynamax": false,
      "battleOnly": false
    }
  ],
  "baseExperienceYield": 41,
  "experienceGroup": "medium_fast",
  "eggCycles": 10,
  "eggGroups": [
    "undiscovered"
  ],
  "moves": [
    "1:tailwhip",
    "1:thundershock",
    "4:playnice",
    "8:sweetkiss",
    "12:nuzzle",
    "16:nastyplot",
    "18:thunderwave",
    "20:charm",
    "100:bestow",
    "100:bide",
    "100:charge",
    "100:disarmingvoice",
    "100:doubleslap",
    "100:electricterrain",
    "100:encore",
    "100:endure",
    "100:fakeout",
    "100:flail",
    "100:luckychant",
    "100:present",
    "100:reversal",
    "100:thunderpunch",
    "100:tickle",
    "100:volttackle",
    "100:wish",
    "form_change:volttackle",
    "100:attract",
    "100:bodyslam",
    "100:captivate",
    "100:chargebeam",
    "100:charm",
    "100:confide",
    "100:disarmingvoice",
    "100:doubleteam",
    "100:echoedvoice",
    "100:electricterrain",
    "100:electroball",
    "100:electroweb",
    "100:encore",
    "100:endure",
    "100:facade",
    "100:flash",
    "100:fling",
    "100:frustration",
    "100:grassknot",
    "100:helpinghand",
    "100:hiddenpower",
    "100:irontail",
    "100:lightscreen",
    "100:megakick",
    "100:megapunch",
    "100:nastyplot",
    "100:naturalgift",
    "100:playrough",
    "100:protect",
    "100:raindance",
    "100:reflect",
    "100:rest",
    "100:return",
    "100:reversal",
    "100:round",
    "100:secretpower",
    "100:shockwave",
    "100:sleeptalk",
    "100:snore",
    "100:substitute",
    "100:surf",
    "100:swagger",
    "100:swift",
    "100:takedown",
    "100:terablast",
    "100:thunder",
    "100:thunderbolt",
    "100:thunderpunch",
    "100:thunderwave",
    "100:toxic",
    "100:trailblaze",
    "100:uproar",
    "100:voltswitch",
    "100:wildcharge",
    "100:attract",
    "100:bide",
    "100:bodyslam",
    "100:charge",
    "100:charm",
    "100:counter",
    "100:covet",
    "100:curse",
    "100:defensecurl",
    "100:detect",
    "100:doubleedge",
    "100:doubleslap",
    "100:doubleteam",
    "100:electroweb",
    "100:encore",
    "100:endeavor",
    "100:endure",
    "100:flash",
    "100:followme",
    "100:frustration",
    "100:grassknot",
    "100:headbutt",
    "100:helpinghand",
    "100:hiddenpower",
    "100:irontail",
    "100:magnetrise",
    "100:megakick",
    "100:megapunch",
    "100:mimic",
    "100:mudslap",
    "100:present",
    "100:protect",
    "100:raindance",
    "100:rest",
    "100:return",
    "100:reversal",
    "100:rollout",
    "100:seismictoss",
    "100:shockwave",
    "100:signalbeam",
    "100:sleeptalk",
    "100:snore",
    "100:substitute",
    "100:surf",
    "100:swagger",
    "100:sweetkiss",
    "100:swift",
    "100:tailwhip",
    "100:teeterdance",
    "100:thunder",
    "100:thunderbolt",
    "100:thunderpunch",
    "100:thundershock",
    "100:thunderwave",
    "100:toxic",
    "100:uproar",
    "100:volttackle",
    "100:wish",
    "100:zapcannon"
  ],
  "labels": [
    "gen2",
    "baby"
  ],
  "pokedex": [
    "cobblemon.species.pichu.desc"
  ],
  "evolutions": [
    {
      "id": "pichu_pikachu",
      "variant": "level_up",
      "result": "pikachu",
      "consumeHeldItem": false,
      "learnableMoves": [],
      "requirements": [
        {
          "variant": "friendship",
          "amount": 160
        }
      ]
    }
  ],
  "baseScale": 0.4,
  "hitbox": {
    "width": 0.6,
    "height": 0.9,
    "fixed": false
  },
  "baseFriendship": 50,
  "evYield": {
    "hp": 0,
    "attack": 0,
    "defence": 0,
    "special_attack": 0,
    "special_defence": 0,
    "speed": 1
  },
  "height": 3,
  "weight": 20,
  "aspects": [],
  "cannotDynamax": false
}