{
  "implemented": true,
  "name": "Scizor",
  "nationalPokedexNumber": 212,
  "primaryType": "bug",
  "secondaryType": "steel",
  "abilities": [
    "swarm",
    "technician",
    "h:lightmetal"
  ],
  "baseStats": {
    "hp": 70,
    "attack": 130,
    "defence": 100,
    "special_attack": 55,
    "special_defence": 80,
    "speed": 65
  },
  "catchRate": 25,
  "maleRatio": 0.5,
  "shoulderMountable": false,
  "forms": [
    {
      "name": "Mega",
      "primaryType": "bug",
      "secondaryType": "steel",
      "abilities": [
        "technician"
      ],
      "baseStats": {
        "hp": 70,
        "attack": 150,
        "defence": 140,
        "special_attack": 65,
        "special_defence": 100,
        "speed": 75
      },
      "catchRate": 25,
      "maleRatio": 0.5,
      "baseExperienceYield": 175,
      "baseFriendship": 50,
      "evYield": {
        "hp": 0,
        "attack": 2,
        "defence": 0,
        "special_attack": 0,
        "special_defence": 0,
        "speed": 0
      },
      "experienceGroup": "medium_fast",
      "eggCycles": 25,
      "eggGroups": [
        "bug"
      ],
      "labels": [
        "gen6",
        "mega"
      ],
      "aspects": [
        "mega"
      ],
      "height": 20,
      "weight": 1250,
      "evolutions": [],
      "cannotDynamax": false,
      "battleOnly": true
    }
  ],
  "baseExperienceYield": 175,
  "experienceGroup": "medium_fast",
  "eggCycles": 25,
  "eggGroups": [
    "bug"
  ],
  "behaviour": {
    "moving": {
      "fly": {
        "canFly": true
      }
    }
  },
  "drops": {
    "amount": 1,
    "entries": [
      {
        "item": "cobblemon:wepear_berry",
        "percentage": 5.0
      }
    ]
  },
  "moves": [
    "1:agility",
    "1:airslash",
    "1:bulletpunch",
    "1:falseswipe",
    "1:feint",
    "1:furycutter",
    "1:leer",
    "1:quickattack",
    "1:wingattack",
    "9:pursuit",
    "12:metalclaw",
    "16:doubleteam",
    "20:doublehit",
    "24:slash",
    "28:focusenergy",
    "32:irondefense",
    "33:razorwind",
    "36:ironhead",
    "40:xscissor",
    "44:laserfocus",
    "44:swordsdance",
    "45:nightslash",
    "100:acrobatics",
    "100:aerialace",
    "100:agility",
    "100:aircutter",
    "100:airslash",
    "100:assurance",
    "100:attract",
    "100:batonpass",
    "100:brickbreak",
    "100:brutalswing",
    "100:bugbuzz",
    "100:captivate",
    "100:closecombat",
    "100:confide",
    "100:crosspoison",
    "100:cut",
    "100:defog",
    "100:doubleteam",
    "100:endure",
    "100:facade",
    "100:falseswipe",
    "100:flashcannon",
    "100:fling",
    "100:focusenergy",
    "100:frustration",
    "100:gigaimpact",
    "100:helpinghand",
    "100:hiddenpower",
    "100:hyperbeam",
    "100:irondefense",
    "100:ironhead",
    "100:lightscreen",
    "100:metalclaw",
    "100:naturalgift",
    "100:pounce",
    "100:protect",
    "100:psychocut",
    "100:raindance",
    "100:rest",
    "100:return",
    "100:reversal",
    "100:rocksmash",
    "100:roost",
    "100:round",
    "100:safeguard",
    "100:sandstorm",
    "100:sandtomb",
    "100:scaryface",
    "100:secretpower",
    "100:silverwind",
    "100:sleeptalk",
    "100:snore",
    "100:steelbeam",
    "100:steelwing",
    "100:strength",
    "100:strugglebug",
    "100:substitute",
    "100:sunnyday",
    "100:superpower",
    "100:swagger",
    "100:swift",
    "100:swordsdance",
    "100:tailwind",
    "100:takedown",
    "100:terablast",
    "100:thief",
    "100:toxic",
    "100:trailblaze",
    "100:uturn",
    "100:venoshock",
    "100:xscissor",
    "100:aerialace",
    "100:agility",
    "100:attract",
    "100:bugbite",
    "100:bulletpunch",
    "100:counter",
    "100:curse",
    "100:cut",
    "100:defog",
    "100:detect",
    "100:doubleedge",
    "100:doublehit",
    "100:doubleteam",
    "100:dualwingbeat",
    "100:endure",
    "100:falseswipe",
    "100:focusenergy",
    "100:frustration",
    "100:furycutter",
    "100:headbutt",
    "100:hiddenpower",
    "100:hyperbeam",
    "100:irondefense",
    "100:ironhead",
    "100:knockoff",
    "100:laserfocus",
    "100:leer",
    "100:metalclaw",
    "100:mimic",
    "100:nightslash",
    "100:ominouswind",
    "100:protect",
    "100:pursuit",
    "100:quickattack",
    "100:rest",
    "100:return",
    "100:rocksmash",
    "100:roost",
    "100:sandstorm",
    "100:slash",
    "100:sleeptalk",
    "100:snore",
    "100:steelbeam",
    "100:steelwing",
    "100:strength",
    "100:substitute",
    "100:sunnyday",
    "100:superpower",
    "100:swagger",
    "100:swift",
    "100:swordsdance",
    "100:tailwind",
    "100:thief",
    "100:toxic",
    "100:uturn",
    "100:xscissor"
  ],
  "labels": [
    "gen2"
  ],
  "pokedex": [
    "cobblemon.species.scizor.desc"
  ],
  "preEvolution": "scyther",
  "evolutions": [],
  "baseScale": 0.85,
  "hitbox": {
    "width": 1.1,
    "height": 2.6,
    "fixed": false
  },
  "baseFriendship": 50,
  "evYield": {
    "hp": 0,
    "attack": 2,
    "defence": 0,
    "special_attack": 0,
    "special_defence": 0,
    "speed": 0
  },
  "height": 18,
  "weight": 1180,
  "aspects": [],
  "cannotDynamax": false
}