{
  "name": "Skarmory",
  "nationalPokedexNumber": 227,
  "primaryType": "steel",
  "secondaryType": "flying",
  "abilities": [
    "keeneye",
    "sturdy",
    "h:weakarmor"
  ],
  "baseStats": {
    "hp": 65,
    "attack": 80,
    "defence": 140,
    "special_attack": 40,
    "special_defence": 70,
    "speed": 70
  },
  "catchRate": 25,
  "maleRatio": 0.5,
  "shoulderMountable": false,
  "baseExperienceYield": 163,
  "experienceGroup": "slow",
  "eggCycles": 25,
  "eggGroups": [
    "flying"
  ],
  "moves": [
    "1:leer",
    "1:peck",
    "4:sandattack",
    "8:furyattack",
    "12:aircutter",
    "12:metalclaw",
    "16:agility",
    "20:feint",
    "20:wingattack",
    "23:swift",
    "24:slash",
    "28:steelwing",
    "32:autotomize",
    "36:drillpeck",
    "40:metalsound",
    "44:spikes",
    "45:airslash",
    "48:irondefense",
    "52:bravebird",
    "53:nightslash",
    "100:aircutter",
    "100:assurance",
    "100:bravebird",
    "100:curse",
    "100:drillpeck",
    "100:endure",
    "100:feint",
    "100:guardswap",
    "100:nightslash",
    "100:pursuit",
    "100:roost",
    "100:skyattack",
    "100:stealthrock",
    "100:whirlwind",
    "100:aerialace",
    "100:agility",
    "100:airslash",
    "100:assurance",
    "100:attract",
    "100:bodypress",
    "100:bravebird",
    "100:captivate",
    "100:confide",
    "100:cut",
    "100:darkpulse",
    "100:defog",
    "100:doubleteam",
    "100:endure",
    "100:facade",
    "100:flash",
    "100:flashcannon",
    "100:fly",
    "100:frustration",
    "100:guardswap",
    "100:hiddenpower",
    "100:icywind",
    "100:irondefense",
    "100:ironhead",
    "100:naturalgift",
    "100:payback",
    "100:pluck",
    "100:protect",
    "100:rest",
    "100:return",
    "100:roar",
    "100:rockslide",
    "100:rocksmash",
    "100:rocktomb",
    "100:roost",
    "100:round",
    "100:sandstorm",
    "100:sandtomb",
    "100:secretpower",
    "100:skydrop",
    "100:sleeptalk",
    "100:snore",
    "100:spikes",
    "100:stealthrock",
    "100:steelwing",
    "100:substitute",
    "100:sunnyday",
    "100:swagger",
    "100:swift",
    "100:swordsdance",
    "100:taunt",
    "100:thief",
    "100:torment",
    "100:toxic",
    "100:xscissor",
    "100:agility",
    "100:aircutter",
    "100:attract",
    "100:counter",
    "100:curse",
    "100:cut",
    "100:darkpulse",
    "100:defog",
    "100:detect",
    "100:doubleedge",
    "100:doubleteam",
    "100:drillpeck",
    "100:dualwingbeat",
    "100:endure",
    "100:fly",
    "100:frustration",
    "100:furyattack",
    "100:furycutter",
    "100:hiddenpower",
    "100:icywind",
    "100:irondefense",
    "100:ironhead",
    "100:leer",
    "100:mimic",
    "100:mudslap",
    "100:ominouswind",
    "100:peck",
    "100:protect",
    "100:pursuit",
    "100:rest",
    "100:return",
    "100:rockslide",
    "100:roost",
    "100:sandattack",
    "100:sandstorm",
    "100:skyattack",
    "100:sleeptalk",
    "100:snore",
    "100:stealthrock",
    "100:steelbeam",
    "100:steelwing",
    "100:substitute",
    "100:sunnyday",
    "100:swagger",
    "100:swift",
    "100:tailwind",
    "100:thief",
    "100:toxic",
    "100:twister",
    "100:whirlwind"
  ],
  "labels": [
    "gen2"
  ],
  "pokedex": [
    "cobblemon.species.skarmory.desc"
  ],
  "evolutions": [],
  "baseScale": 1,
  "hitbox": {
    "width": 1,
    "height": 1,
    "fixed": false
  },
  "baseFriendship": 50,
  "evYield": {
    "hp": 0,
    "attack": 0,
    "defence": 2,
    "special_attack": 0,
    "special_defence": 0,
    "speed": 0
  },
  "height": 17,
  "weight": 505,
  "aspects": [],
  "cannotDynamax": false,
  "drops": {
    "amount": 3,
    "entries": [
      {
        "item": "cobblemon:sharp_beak",
        "percentage": 5.0
      },
      {
        "item": "cobblemon:metal_coat",
        "percentage": 5.0
      },
      {
        "item": "cobblemon:pinap_berry",
        "percentage": 5.0
      }
    ]
  }
}