{
  "name": "Smeargle",
  "nationalPokedexNumber": 235,
  "primaryType": "normal",
  "abilities": [
    "owntempo",
    "technician",
    "h:moody"
  ],
  "baseStats": {
    "hp": 55,
    "attack": 20,
    "defence": 35,
    "special_attack": 20,
    "special_defence": 45,
    "speed": 75
  },
  "catchRate": 45,
  "maleRatio": 0.5,
  "shoulderMountable": false,
  "baseExperienceYield": 88,
  "experienceGroup": "fast",
  "eggCycles": 20,
  "eggGroups": [
    "field"
  ],
  "moves": [
    "1:sketch",
    "100:captivate",
    "100:falseswipe",
    "100:flamethrower",
    "100:furyswipes",
    "100:meanlook",
    "100:odorsleuth",
    "100:seismictoss",
    "100:sketch",
    "100:sleeptalk",
    "100:spore"
  ],
  "labels": [
    "gen2"
  ],
  "pokedex": [
    "cobblemon.species.smeargle.desc"
  ],
  "evolutions": [],
  "baseScale": 1,
  "hitbox": {
    "width": 1,
    "height": 1,
    "fixed": false
  },
  "baseFriendship": 70,
  "evYield": {
    "hp": 0,
    "attack": 0,
    "defence": 0,
    "special_attack": 0,
    "special_defence": 0,
    "speed": 1
  },
  "height": 12,
  "weight": 580,
  "aspects": [],
  "cannotDynamax": false
}