{
  "implemented": true,
  "name": "Stantler",
  "nationalPokedexNumber": 234,
  "primaryType": "normal",
  "abilities": [
    "intimidate",
    "frisk",
    "h:sapsipper"
  ],
  "baseStats": {
    "hp": 73,
    "attack": 95,
    "defence": 62,
    "special_attack": 85,
    "special_defence": 65,
    "speed": 85
  },
  "behaviour": {
    "resting": {
      "canSleep": true,
      "willSleepOnBed": false,
      "depth": "normal",
      "light": "0-4"
    }
  },
  "catchRate": 45,
  "maleRatio": 0.5,
  "shoulderMountable": false,
  "baseExperienceYield": 163,
  "experienceGroup": "slow",
  "eggCycles": 20,
  "eggGroups": [
    "field"
  ],
  "drops": {
    "amount": 2,
    "entries": [
      {
        "item": "minecraft:leather",
        "quantityRange": "0-1"
      },
      {
        "item": "cobblemon:persim_berry",
        "percentage": 2.5
      }
    ]
  },
  "moves": [
    "1:mefirst",
    "1:tackle",
    "3:leer",
    "7:astonish",
    "10:hypnosis",
    "13:stomp",
    "16:sandattack",
    "21:psyshieldbash",
    "21:takedown",
    "23:confuseray",
    "27:calmmind",
    "32:roleplay",
    "37:zenheadbutt",
    "43:jumpkick",
    "49:imprison",
    "50:captivate",
    "55:doubleedge",
    "100:bite",
    "100:disable",
    "100:doublekick",
    "100:extrasensory",
    "100:mefirst",
    "100:megahorn",
    "100:mudsport",
    "100:psychup",
    "100:psyshieldbash",
    "100:rage",
    "100:spite",
    "100:swagger",
    "100:thrash",
    "100:zenheadbutt",
    "100:agility",
    "100:attract",
    "100:bodyslam",
    "100:bulldoze",
    "100:calmmind",
    "100:captivate",
    "100:chargebeam",
    "100:confide",
    "100:confuseray",
    "100:dig",
    "100:doubleteam",
    "100:dreameater",
    "100:earthpower",
    "100:earthquake",
    "100:endure",
    "100:energyball",
    "100:facade",
    "100:flash",
    "100:frustration",
    "100:gigaimpact",
    "100:helpinghand",
    "100:hiddenpower",
    "100:hyperbeam",
    "100:imprison",
    "100:irontail",
    "100:lightscreen",
    "100:naturalgift",
    "100:protect",
    "100:psybeam",
    "100:psychic",
    "100:psychup",
    "100:psyshock",
    "100:raindance",
    "100:reflect",
    "100:rest",
    "100:retaliate",
    "100:return",
    "100:roar",
    "100:round",
    "100:scaryface",
    "100:secretpower",
    "100:shadowball",
    "100:shockwave",
    "100:skillswap",
    "100:sleeptalk",
    "100:solarbeam",
    "100:storedpower",
    "100:substitute",
    "100:sunnyday",
    "100:swagger",
    "100:swift",
    "100:takedown",
    "100:terablast",
    "100:thief",
    "100:thunder",
    "100:thunderbolt",
    "100:thunderwave",
    "100:toxic",
    "100:trailblaze",
    "100:trick",
    "100:trickroom",
    "100:wildcharge",
    "100:workup",
    "100:zenheadbutt",
    "100:attract",
    "100:bite",
    "100:bodyslam",
    "100:bounce",
    "100:confuseray",
    "100:curse",
    "100:detect",
    "100:disable",
    "100:doubleedge",
    "100:doubleteam",
    "100:dreameater",
    "100:earthquake",
    "100:endure",
    "100:flash",
    "100:frustration",
    "100:gravity",
    "100:headbutt",
    "100:hiddenpower",
    "100:hypnosis",
    "100:irontail",
    "100:lastresort",
    "100:leer",
    "100:lightscreen",
    "100:magicroom",
    "100:mimic",
    "100:mudslap",
    "100:nightmare",
    "100:protect",
    "100:psychic",
    "100:psychup",
    "100:raindance",
    "100:reflect",
    "100:rest",
    "100:return",
    "100:roar",
    "100:roleplay",
    "100:sandattack",
    "100:shockwave",
    "100:signalbeam",
    "100:skillswap",
    "100:sleeptalk",
    "100:snore",
    "100:spite",
    "100:stomp",
    "100:substitute",
    "100:suckerpunch",
    "100:sunnyday",
    "100:swagger",
    "100:swift",
    "100:tackle",
    "100:takedown",
    "100:thief",
    "100:throatchop",
    "100:thunderwave",
    "100:toxic",
    "100:uproar",
    "100:zenheadbutt"
  ],
  "labels": [
    "gen2"
  ],
  "pokedex": [
    "cobblemon.species.stantler.desc"
  ],
  "evolutions": [
    {
      "id": "stantler_wyrdeer",
      "variant": "level_up",
      "result": "wyrdeer",
      "consumeHeldItem": false,
      "learnableMoves": [],
      "requirements": [
        {
          "variant": "use_move",
          "move": "psyshieldbash",
          "amount": 20
        }
      ]
    }
  ],
  "baseScale": 1.2,
  "hitbox": {
    "width": 0.8,
    "height": 1.65,
    "fixed": false
  },
  "baseFriendship": 70,
  "evYield": {
    "hp": 0,
    "attack": 1,
    "defence": 0,
    "special_attack": 0,
    "special_defence": 0,
    "speed": 0
  },
  "height": 14,
  "weight": 712,
  "aspects": [],
  "cannotDynamax": false
}