{
  "implemented": true,
  "name": "Swinub",
  "nationalPokedexNumber": 220,
  "primaryType": "ice",
  "secondaryType": "ground",
  "abilities": [
    "oblivious",
    "snowcloak",
    "h:thickfat"
  ],
  "baseStats": {
    "hp": 50,
    "attack": 50,
    "defence": 40,
    "special_attack": 30,
    "special_defence": 30,
    "speed": 50
  },
  "behaviour": {
    "resting": {
      "canSleep": true,
      "willSleepOnBed": true,
      "depth": "normal",
      "light": "0-4"
    }
  },
  "catchRate": 225,
  "maleRatio": 0.5,
  "shoulderMountable": false,
  "baseExperienceYield": 50,
  "experienceGroup": "slow",
  "eggCycles": 20,
  "eggGroups": [
    "field"
  ],
  "drops": {
    "amount": 4,
    "entries": [
      {
        "item": "minecraft:porkchop"
      },
      {
        "item": "minecraft:brown_wool"
      },
      {
        "item": "cobblemon:never_melt_ice",
        "percentage": 2.5
      },
      {
        "item": "cobblemon:aspear_berry",
        "percentage": 2.5
      }
    ]
  },
  "moves": [
    "1:mudslap",
    "1:odorsleuth",
    "1:tackle",
    "5:mudsport",
    "5:powdersnow",
    "10:flail",
    "15:iceshard",
    "18:mudbomb",
    "20:mist",
    "25:endure",
    "30:icywind",
    "35:amnesia",
    "40:takedown",
    "45:earthquake",
    "50:blizzard",
    "100:ancientpower",
    "100:avalanche",
    "100:bite",
    "100:bodyslam",
    "100:curse",
    "100:doubleedge",
    "100:fissure",
    "100:freezedry",
    "100:iciclecrash",
    "100:iciclespear",
    "100:mudshot",
    "100:rockslide",
    "100:stealthrock",
    "100:takedown",
    "100:amnesia",
    "100:attract",
    "100:avalanche",
    "100:blizzard",
    "100:bodyslam",
    "100:bulldoze",
    "100:captivate",
    "100:confide",
    "100:dig",
    "100:doubleteam",
    "100:earthpower",
    "100:earthquake",
    "100:endure",
    "100:facade",
    "100:frustration",
    "100:hail",
    "100:hiddenpower",
    "100:icebeam",
    "100:iciclespear",
    "100:icywind",
    "100:lightscreen",
    "100:mudshot",
    "100:naturalgift",
    "100:protect",
    "100:raindance",
    "100:reflect",
    "100:rest",
    "100:return",
    "100:roar",
    "100:rockslide",
    "100:rocksmash",
    "100:rocktomb",
    "100:round",
    "100:sandstorm",
    "100:sandtomb",
    "100:scaryface",
    "100:secretpower",
    "100:sleeptalk",
    "100:snore",
    "100:stealthrock",
    "100:strength",
    "100:substitute",
    "100:superpower",
    "100:swagger",
    "100:toxic",
    "100:amnesia",
    "100:ancientpower",
    "100:attract",
    "100:bite",
    "100:blizzard",
    "100:bodyslam",
    "100:charm",
    "100:curse",
    "100:defensecurl",
    "100:detect",
    "100:doubleedge",
    "100:doubleteam",
    "100:earthpower",
    "100:earthquake",
    "100:endeavor",
    "100:endure",
    "100:frustration",
    "100:headbutt",
    "100:hiddenpower",
    "100:iciclespear",
    "100:icywind",
    "100:mimic",
    "100:mist",
    "100:mudshot",
    "100:mudslap",
    "100:odorsleuth",
    "100:powdersnow",
    "100:protect",
    "100:raindance",
    "100:rest",
    "100:return",
    "100:roar",
    "100:rockslide",
    "100:rocksmash",
    "100:sleeptalk",
    "100:snore",
    "100:stealthrock",
    "100:strength",
    "100:substitute",
    "100:superpower",
    "100:swagger",
    "100:tackle",
    "100:takedown",
    "100:toxic"
  ],
  "labels": [
    "gen2"
  ],
  "pokedex": [
    "cobblemon.species.swinub.desc"
  ],
  "evolutions": [
    {
      "id": "swinub_piloswine",
      "variant": "level_up",
      "result": "piloswine",
      "consumeHeldItem": false,
      "learnableMoves": [
        "icefang"
      ],
      "requirements": [
        {
          "variant": "level",
          "minLevel": 33
        }
      ]
    }
  ],
  "baseScale": 1.1,
  "hitbox": {
    "width": 0.7,
    "height": 0.4,
    "fixed": false
  },
  "baseFriendship": 50,
  "evYield": {
    "hp": 0,
    "attack": 1,
    "defence": 0,
    "special_attack": 0,
    "special_defence": 0,
    "speed": 0
  },
  "height": 4,
  "weight": 65,
  "aspects": [],
  "cannotDynamax": false
}