{
  "implemented": true,
  "name": "Teddiursa",
  "nationalPokedexNumber": 216,
  "primaryType": "normal",
  "abilities": [
    "pickup",
    "quickfeet",
    "h:honeygather"
  ],
  "drops": {
    "amount": 6,
    "entries": [
      {
        "item": "minecraft:sweet_berries",
        "quantityRange": "1-3"
      },
      {
        "item": "minecraft:honey_bottle",
        "percentage": 2.5
      },
      {
        "item": "cobblemon:peat_block",
        "percentage": 2.5
      },
      {
        "item": "cobblemon:oran_berry",
        "percentage": 2.5
      }
    ]
  },
  "baseStats": {
    "hp": 60,
    "attack": 80,
    "defence": 50,
    "special_attack": 50,
    "special_defence": 50,
    "speed": 40
  },
  "catchRate": 120,
  "maleRatio": 0.5,
  "shoulderMountable": false,
  "baseExperienceYield": 66,
  "experienceGroup": "medium_fast",
  "eggCycles": 20,
  "eggGroups": [
    "field"
  ],
  "moves": [
    "1:babydolleyes",
    "1:covet",
    "1:faketears",
    "1:fling",
    "1:leer",
    "1:lick",
    "1:scratch",
    "8:furyswipes",
    "13:payback",
    "15:feintattack",
    "17:sweetscent",
    "22:slash",
    "25:playnice",
    "29:playrough",
    "33:charm",
    "37:rest",
    "37:snore",
    "41:thrash",
    "100:bellydrum",
    "100:chipaway",
    "100:closecombat",
    "100:counter",
    "100:crosschop",
    "100:crunch",
    "100:doubleedge",
    "100:faketears",
    "100:furycutter",
    "100:metalclaw",
    "100:nightslash",
    "100:playrough",
    "100:seismictoss",
    "100:sleeptalk",
    "100:takedown",
    "100:yawn",
    "100:aerialace",
    "100:attract",
    "100:avalanche",
    "100:bodyslam",
    "100:brickbreak",
    "100:bulkup",
    "100:bulldoze",
    "100:captivate",
    "100:charm",
    "100:closecombat",
    "100:confide",
    "100:crunch",
    "100:cut",
    "100:dig",
    "100:doubleteam",
    "100:earthquake",
    "100:endure",
    "100:facade",
    "100:faketears",
    "100:firepunch",
    "100:fling",
    "100:focuspunch",
    "100:frustration",
    "100:gunkshot",
    "100:helpinghand",
    "100:hiddenpower",
    "100:honeclaws",
    "100:hypervoice",
    "100:icepunch",
    "100:lowkick",
    "100:metalclaw",
    "100:metronome",
    "100:naturalgift",
    "100:payback",
    "100:playrough",
    "100:poweruppunch",
    "100:protect",
    "100:raindance",
    "100:rest",
    "100:retaliate",
    "100:return",
    "100:roar",
    "100:rockslide",
    "100:rocksmash",
    "100:rocktomb",
    "100:round",
    "100:secretpower",
    "100:seedbomb",
    "100:shadowclaw",
    "100:sleeptalk",
    "100:strength",
    "100:substitute",
    "100:sunnyday",
    "100:swagger",
    "100:swift",
    "100:swordsdance",
    "100:takedown",
    "100:taunt",
    "100:terablast",
    "100:thief",
    "100:thunderpunch",
    "100:torment",
    "100:toxic",
    "100:trailblaze",
    "100:workup",
    "100:attract",
    "100:bodyslam",
    "100:counter",
    "100:covet",
    "100:crunch",
    "100:curse",
    "100:cut",
    "100:defensecurl",
    "100:dig",
    "100:doubleedge",
    "100:doubleteam",
    "100:dynamicpunch",
    "100:earthquake",
    "100:endure",
    "100:faketears",
    "100:feintattack",
    "100:firepunch",
    "100:focusenergy",
    "100:focuspunch",
    "100:frustration",
    "100:furycutter",
    "100:furyswipes",
    "100:gunkshot",
    "100:headbutt",
    "100:hiddenpower",
    "100:hypervoice",
    "100:icepunch",
    "100:lastresort",
    "100:leer",
    "100:lick",
    "100:megakick",
    "100:megapunch",
    "100:metalclaw",
    "100:metronome",
    "100:mimic",
    "100:mudslap",
    "100:protect",
    "100:refresh",
    "100:rest",
    "100:return",
    "100:roar",
    "100:rocksmash",
    "100:rollout",
    "100:scratch",
    "100:seedbomb",
    "100:seismictoss",
    "100:slash",
    "100:sleeptalk",
    "100:snore",
    "100:strength",
    "100:substitute",
    "100:sunnyday",
    "100:superpower",
    "100:swagger",
    "100:swift",
    "100:swordsdance",
    "100:takedown",
    "100:thief",
    "100:thrash",
    "100:thunderpunch",
    "100:toxic",
    "100:zapcannon"
  ],
  "labels": [
    "gen2"
  ],
  "pokedex": [
    "cobblemon.species.teddiursa.desc"
  ],
  "evolutions": [
    {
      "id": "teddiursa_ursaring",
      "variant": "level_up",
      "result": "ursaring",
      "consumeHeldItem": false,
      "learnableMoves": [],
      "requirements": [
        {
          "variant": "level",
          "minLevel": 30
        }
      ]
    }
  ],
  "baseScale": 0.55,
  "hitbox": {
    "width": 0.7,
    "height": 1,
    "fixed": false
  },
  "baseFriendship": 70,
  "evYield": {
    "hp": 0,
    "attack": 1,
    "defence": 0,
    "special_attack": 0,
    "special_defence": 0,
    "speed": 0
  },
  "height": 6,
  "weight": 88,
  "aspects": [],
  "cannotDynamax": false
}