{
  "implemented": true,
  "name": "Typhlosion",
  "nationalPokedexNumber": 157,
  "primaryType": "fire",
  "abilities": [
    "blaze",
    "h:flashfire"
  ],
  "drops": {
    "amount": 1,
    "entries": [
      {
        "item": "cobblemon:charcoal_stick",
        "percentage": 25.0
      }
    ]
  },
  "baseStats": {
    "hp": 78,
    "attack": 84,
    "defence": 78,
    "special_attack": 109,
    "special_defence": 85,
    "speed": 100
  },
  "catchRate": 45,
  "maleRatio": 0.875,
  "shoulderMountable": false,
  "forms": [
    {
      "name": "Hisui",
      "primaryType": "fire",
      "secondaryType": "ghost",
      "abilities": [
        "blaze",
        "h:frisk"
      ],
      "baseStats": {
        "hp": 73,
        "attack": 84,
        "defence": 78,
        "special_attack": 119,
        "special_defence": 85,
        "speed": 95
      },
      "catchRate": 45,
      "maleRatio": 0.875,
      "baseExperienceYield": 240,
      "baseFriendship": 70,
      "evYield": {
        "hp": 0,
        "attack": 0,
        "defence": 0,
        "special_attack": 3,
        "special_defence": 0,
        "speed": 0
      },
      "experienceGroup": "medium_slow",
      "eggCycles": 20,
      "eggGroups": [
        "field"
      ],
      "moves": [
        "1:doubleedge",
        "1:ember",
        "1:eruption",
        "1:gyroball",
        "1:leer",
        "1:smokescreen",
        "1:tackle",
        "13:quickattack",
        "20:flamewheel",
        "24:defensecurl",
        "31:swift",
        "35:flamecharge",
        "43:lavaplume",
        "48:flamethrower",
        "56:inferno",
        "61:rollout",
        "74:overheat",
        "100:aerialace",
        "100:blastburn",
        "100:bodyslam",
        "100:brickbreak",
        "100:bulldoze",
        "100:calmmind",
        "100:confuseray",
        "100:dig",
        "100:earthquake",
        "100:endure",
        "100:facade",
        "100:fireblast",
        "100:firefang",
        "100:firepledge",
        "100:firepunch",
        "100:firespin",
        "100:flamecharge",
        "100:flamethrower",
        "100:flareblitz",
        "100:focusblast",
        "100:gigaimpact",
        "100:heatwave",
        "100:hex",
        "100:hyperbeam",
        "100:ironhead",
        "100:lowkick",
        "100:nightshade",
        "100:overheat",
        "100:playrough",
        "100:protect",
        "100:rest",
        "100:reversal",
        "100:rockslide",
        "100:shadowball",
        "100:shadowclaw",
        "100:sleeptalk",
        "100:solarbeam",
        "100:stompingtantrum",
        "100:substitute",
        "100:sunnyday",
        "100:swift",
        "100:takedown",
        "100:terablast",
        "100:thunderpunch",
        "100:wildcharge",
        "100:willowisp",
        "100:zenheadbutt"
      ],
      "labels": [
        "gen8",
        "hisui_regional"
      ],
      "aspects": [
        "hisuian"
      ],
      "height": 16,
      "weight": 698,
      "preEvolution": "quilava",
      "evolutions": [],
      "cannotDynamax": false,
      "battleOnly": false
    }
  ],
  "baseExperienceYield": 240,
  "experienceGroup": "medium_slow",
  "eggCycles": 20,
  "eggGroups": [
    "field"
  ],
  "behaviour": {
    "resting": {
      "canSleep": true,
      "willSleepOnBed": false,
      "depth": "normal",
      "light": "0-4"
    },
    "moving": {
      "walk": {
        "walkSpeed": 0.15
      }
    }
  },
  "moves": [
    "1:doubleedge",
    "1:ember",
    "1:eruption",
    "1:gyroball",
    "1:leer",
    "1:smokescreen",
    "1:tackle",
    "13:quickattack",
    "20:flamewheel",
    "24:defensecurl",
    "31:swift",
    "35:flamecharge",
    "43:lavaplume",
    "48:flamethrower",
    "56:inferno",
    "61:rollout",
    "74:burnup",
    "74:overheat",
    "100:aerialace",
    "100:attract",
    "100:blastburn",
    "100:bodyslam",
    "100:brickbreak",
    "100:bulldoze",
    "100:captivate",
    "100:confide",
    "100:cut",
    "100:dig",
    "100:doubleteam",
    "100:earthquake",
    "100:endure",
    "100:facade",
    "100:fireblast",
    "100:firefang",
    "100:firepledge",
    "100:firepunch",
    "100:firespin",
    "100:flamecharge",
    "100:flamethrower",
    "100:flareblitz",
    "100:fling",
    "100:focusblast",
    "100:focuspunch",
    "100:frustration",
    "100:gigaimpact",
    "100:gyroball",
    "100:heatwave",
    "100:helpinghand",
    "100:hiddenpower",
    "100:hyperbeam",
    "100:incinerate",
    "100:ironhead",
    "100:lowkick",
    "100:naturalgift",
    "100:naturepower",
    "100:overheat",
    "100:playrough",
    "100:poweruppunch",
    "100:protect",
    "100:rest",
    "100:return",
    "100:reversal",
    "100:roar",
    "100:rockclimb",
    "100:rockslide",
    "100:rocksmash",
    "100:rocktomb",
    "100:round",
    "100:secretpower",
    "100:shadowball",
    "100:shadowclaw",
    "100:sleeptalk",
    "100:solarbeam",
    "100:stompingtantrum",
    "100:strength",
    "100:substitute",
    "100:sunnyday",
    "100:swagger",
    "100:swift",
    "100:takedown",
    "100:terablast",
    "100:thunderpunch",
    "100:toxic",
    "100:wildcharge",
    "100:willowisp",
    "100:workup",
    "100:zenheadbutt",
    "100:attract",
    "100:blastburn",
    "100:bodyslam",
    "100:counter",
    "100:covet",
    "100:curse",
    "100:cut",
    "100:defensecurl",
    "100:detect",
    "100:dig",
    "100:doubleedge",
    "100:doubleteam",
    "100:dynamicpunch",
    "100:earthquake",
    "100:ember",
    "100:endure",
    "100:fireblast",
    "100:firepledge",
    "100:firepunch",
    "100:flamecharge",
    "100:flamethrower",
    "100:flamewheel",
    "100:focuspunch",
    "100:frustration",
    "100:furycutter",
    "100:headbutt",
    "100:heatwave",
    "100:hiddenpower",
    "100:hyperbeam",
    "100:irontail",
    "100:laserfocus",
    "100:leer",
    "100:lowkick",
    "100:megakick",
    "100:megapunch",
    "100:mimic",
    "100:mudslap",
    "100:overheat",
    "100:protect",
    "100:quickattack",
    "100:rest",
    "100:return",
    "100:roar",
    "100:rockslide",
    "100:rocksmash",
    "100:rollout",
    "100:seismictoss",
    "100:sleeptalk",
    "100:smokescreen",
    "100:snore",
    "100:stompingtantrum",
    "100:strength",
    "100:substitute",
    "100:sunnyday",
    "100:swagger",
    "100:swift",
    "100:tackle",
    "100:throatchop",
    "100:thunderpunch",
    "100:toxic"
  ],
  "labels": [
    "gen2",
    "johto_regional"
  ],
  "pokedex": [
    "cobblemon.species.typhlosion.desc"
  ],
  "preEvolution": "quilava",
  "evolutions": [],
  "baseScale": 0.65,
  "hitbox": {
    "width": 1.35,
    "height": 2.65,
    "fixed": false
  },
  "baseFriendship": 70,
  "evYield": {
    "hp": 0,
    "attack": 0,
    "defence": 0,
    "special_attack": 3,
    "special_defence": 0,
    "speed": 0
  },
  "height": 17,
  "weight": 795,
  "aspects": [],
  "cannotDynamax": false
}