{
  "implemented": true,
  "name": "Ursaring",
  "nationalPokedexNumber": 217,
  "primaryType": "normal",
  "abilities": [
    "guts",
    "quickfeet",
    "h:unnerve"
  ],
  "drops": {
    "amount": 7,
    "entries": [
      {
        "item": "minecraft:sweet_berries",
        "quantityRange": "2-4"
      },
      {
        "item": "minecraft:honey_bottle",
        "percentage": 5.0
      },
      {
        "item": "cobblemon:peat_block",
        "percentage": 5.0
      },
      {
        "item": "cobblemon:oran_berry",
        "percentage": 5.0
      }
    ]
  },
  "baseStats": {
    "hp": 90,
    "attack": 130,
    "defence": 75,
    "special_attack": 75,
    "special_defence": 75,
    "speed": 55
  },
  "catchRate": 60,
  "maleRatio": 0.5,
  "shoulderMountable": false,
  "baseExperienceYield": 175,
  "experienceGroup": "medium_fast",
  "eggCycles": 20,
  "eggGroups": [
    "field"
  ],
  "moves": [
    "1:covet",
    "1:faketears",
    "1:leer",
    "1:lick",
    "1:scratch",
    "8:furyswipes",
    "13:payback",
    "15:feintattack",
    "17:sweetscent",
    "22:slash",
    "25:playnice",
    "29:playrough",
    "35:scaryface",
    "41:rest",
    "41:snore",
    "48:highhorsepower",
    "56:thrash",
    "64:hammerarm",
    "100:aerialace",
    "100:attract",
    "100:avalanche",
    "100:bodyslam",
    "100:brickbreak",
    "100:bulkup",
    "100:bulldoze",
    "100:captivate",
    "100:charm",
    "100:closecombat",
    "100:confide",
    "100:crunch",
    "100:cut",
    "100:dig",
    "100:doubleteam",
    "100:earthquake",
    "100:endure",
    "100:facade",
    "100:faketears",
    "100:firepunch",
    "100:fling",
    "100:focusblast",
    "100:focuspunch",
    "100:frustration",
    "100:gigaimpact",
    "100:gunkshot",
    "100:helpinghand",
    "100:hiddenpower",
    "100:honeclaws",
    "100:hyperbeam",
    "100:hypervoice",
    "100:icepunch",
    "100:lowkick",
    "100:metalclaw",
    "100:metronome",
    "100:naturalgift",
    "100:payback",
    "100:playrough",
    "100:poweruppunch",
    "100:protect",
    "100:raindance",
    "100:rest",
    "100:retaliate",
    "100:return",
    "100:roar",
    "100:rockclimb",
    "100:rockslide",
    "100:rocksmash",
    "100:rocktomb",
    "100:round",
    "100:scaryface",
    "100:secretpower",
    "100:seedbomb",
    "100:shadowclaw",
    "100:sleeptalk",
    "100:smackdown",
    "100:stompingtantrum",
    "100:stoneedge",
    "100:strength",
    "100:substitute",
    "100:sunnyday",
    "100:swagger",
    "100:swift",
    "100:swordsdance",
    "100:takedown",
    "100:taunt",
    "100:terablast",
    "100:thief",
    "100:thunderpunch",
    "100:torment",
    "100:toxic",
    "100:trailblaze",
    "100:workup",
    "100:attract",
    "100:bodyslam",
    "100:counter",
    "100:covet",
    "100:curse",
    "100:cut",
    "100:defensecurl",
    "100:dig",
    "100:doubleedge",
    "100:doubleteam",
    "100:dynamicpunch",
    "100:earthquake",
    "100:endure",
    "100:feintattack",
    "100:firepunch",
    "100:focuspunch",
    "100:frustration",
    "100:furycutter",
    "100:furyswipes",
    "100:gunkshot",
    "100:headbutt",
    "100:hiddenpower",
    "100:hyperbeam",
    "100:hypervoice",
    "100:icepunch",
    "100:laserfocus",
    "100:lastresort",
    "100:leer",
    "100:lick",
    "100:lowkick",
    "100:megakick",
    "100:megapunch",
    "100:metronome",
    "100:mimic",
    "100:mudslap",
    "100:protect",
    "100:rest",
    "100:return",
    "100:roar",
    "100:rockslide",
    "100:rocksmash",
    "100:rollout",
    "100:scratch",
    "100:seedbomb",
    "100:seismictoss",
    "100:slash",
    "100:sleeptalk",
    "100:snore",
    "100:stompingtantrum",
    "100:strength",
    "100:substitute",
    "100:sunnyday",
    "100:superpower",
    "100:swagger",
    "100:swift",
    "100:swordsdance",
    "100:thief",
    "100:thrash",
    "100:throatchop",
    "100:thunderpunch",
    "100:toxic",
    "100:uproar",
    "100:zapcannon"
  ],
  "labels": [
    "gen2"
  ],
  "pokedex": [
    "cobblemon.species.ursaring.desc"
  ],
  "preEvolution": "teddiursa",
  "evolutions": [
    {
      "id": "ursaring_ursaluna",
      "variant": "item_interact",
      "result": "ursaluna",
      "consumeHeldItem": false,
      "learnableMoves": [],
      "requirements": [
        {
          "variant": "moon_phase",
          "moonPhase": "FULL_MOON"
        },
        {
          "variant": "time_range",
          "range": "night"
        }
      ],
      "requiredContext": "cobblemon:peat_block"
    }
  ],
  "baseScale": 1.1,
  "hitbox": {
    "width": 1,
    "height": 2.14,
    "fixed": false
  },
  "baseFriendship": 70,
  "evYield": {
    "hp": 0,
    "attack": 2,
    "defence": 0,
    "special_attack": 0,
    "special_defence": 0,
    "speed": 0
  },
  "height": 18,
  "weight": 1258,
  "aspects": [],
  "cannotDynamax": false
}