{
  "implemented": true,
  "name": "Xatu",
  "nationalPokedexNumber": 178,
  "primaryType": "psychic",
  "secondaryType": "flying",
  "abilities": [
    "synchronize",
    "earlybird",
    "h:magicbounce"
  ],
  "baseStats": {
    "hp": 65,
    "attack": 75,
    "defence": 70,
    "special_attack": 95,
    "special_defence": 70,
    "speed": 95
  },
  "behaviour": {
    "resting": {
      "canSleep": true
    },
    "moving": {
      "walk": {
        "canWalk": false
      },
      "canLook": false
    }
  },
  "catchRate": 75,
  "maleRatio": 0.5,
  "shoulderMountable": false,
  "baseExperienceYield": 165,
  "experienceGroup": "medium_fast",
  "eggCycles": 20,
  "eggGroups": [
    "flying"
  ],
  "drops": {
    "amount": 5,
    "entries": [
      {
        "item": "minecraft:feather",
        "quantityRange": "0-2"
      },
      {
        "item": "minecraft:chicken"
      },
      {
        "item": "cobblemon:wise_glasses",
        "percentage": 5.0
      },
      {
        "item": "cobblemon:persim_berry",
        "percentage": 5.0
      }
    ]
  },
  "moves": [
    "1:airslash",
    "1:leer",
    "1:peck",
    "1:storedpower",
    "1:tailwind",
    "1:teleport",
    "12:luckychant",
    "15:confuseray",
    "20:nightshade",
    "20:ominouswind",
    "28:psychoshift",
    "34:guardswap",
    "34:powerswap",
    "39:miracleeye",
    "41:psychic",
    "48:wish",
    "55:futuresight",
    "57:mefirst",
    "100:aerialace",
    "100:airslash",
    "100:allyswitch",
    "100:attract",
    "100:batonpass",
    "100:calmmind",
    "100:captivate",
    "100:confide",
    "100:cosmicpower",
    "100:dazzlinggleam",
    "100:defog",
    "100:doubleteam",
    "100:dreameater",
    "100:endure",
    "100:facade",
    "100:flash",
    "100:fly",
    "100:foulplay",
    "100:frustration",
    "100:futuresight",
    "100:gigadrain",
    "100:gigaimpact",
    "100:grassknot",
    "100:guardswap",
    "100:heatwave",
    "100:hiddenpower",
    "100:hyperbeam",
    "100:imprison",
    "100:lightscreen",
    "100:magicroom",
    "100:naturalgift",
    "100:pluck",
    "100:powerswap",
    "100:protect",
    "100:psychic",
    "100:psychup",
    "100:psyshock",
    "100:raindance",
    "100:reflect",
    "100:rest",
    "100:return",
    "100:roost",
    "100:round",
    "100:secretpower",
    "100:shadowball",
    "100:silverwind",
    "100:skillswap",
    "100:sleeptalk",
    "100:snore",
    "100:solarbeam",
    "100:steelwing",
    "100:storedpower",
    "100:substitute",
    "100:sunnyday",
    "100:swagger",
    "100:swift",
    "100:telekinesis",
    "100:thief",
    "100:thunderwave",
    "100:toxic",
    "100:trick",
    "100:trickroom",
    "100:uturn",
    "100:zenheadbutt",
    "100:aircutter",
    "100:allyswitch",
    "100:attract",
    "100:confuseray",
    "100:curse",
    "100:defog",
    "100:detect",
    "100:doubleedge",
    "100:doubleteam",
    "100:dreameater",
    "100:dualwingbeat",
    "100:endure",
    "100:expandingforce",
    "100:flash",
    "100:fly",
    "100:foulplay",
    "100:frustration",
    "100:futuresight",
    "100:gigadrain",
    "100:heatwave",
    "100:hiddenpower",
    "100:hyperbeam",
    "100:laserfocus",
    "100:leer",
    "100:magiccoat",
    "100:magicroom",
    "100:mimic",
    "100:nightmare",
    "100:nightshade",
    "100:ominouswind",
    "100:painsplit",
    "100:peck",
    "100:protect",
    "100:psychic",
    "100:psychup",
    "100:rest",
    "100:return",
    "100:roost",
    "100:signalbeam",
    "100:skillswap",
    "100:skyattack",
    "100:sleeptalk",
    "100:snore",
    "100:solarbeam",
    "100:substitute",
    "100:suckerpunch",
    "100:sunnyday",
    "100:swagger",
    "100:swift",
    "100:tailwind",
    "100:telekinesis",
    "100:teleport",
    "100:thief",
    "100:thunderwave",
    "100:toxic",
    "100:trick",
    "100:twister",
    "100:zenheadbutt"
  ],
  "labels": [
    "gen2"
  ],
  "pokedex": [
    "cobblemon.species.xatu.desc"
  ],
  "preEvolution": "natu",
  "evolutions": [],
  "baseScale": 1.1,
  "hitbox": {
    "width": 0.55,
    "height": 1.3,
    "fixed": false
  },
  "baseFriendship": 50,
  "evYield": {
    "hp": 0,
    "attack": 0,
    "defence": 0,
    "special_attack": 1,
    "special_defence": 0,
    "speed": 1
  },
  "height": 15,
  "weight": 150,
  "aspects": [],
  "cannotDynamax": false
}