{
  "name": "Accelgor",
  "nationalPokedexNumber": 617,
  "primaryType": "bug",
  "abilities": [
    "hydration",
    "stickyhold",
    "h:unburden"
  ],
  "baseStats": {
    "hp": 80,
    "attack": 70,
    "defence": 40,
    "special_attack": 100,
    "special_defence": 60,
    "speed": 145
  },
  "catchRate": 75,
  "maleRatio": 0.5,
  "shoulderMountable": false,
  "baseExperienceYield": 173,
  "experienceGroup": "medium_fast",
  "eggCycles": 15,
  "eggGroups": [
    "bug"
  ],
  "moves": [
    "1:absorb",
    "1:acid",
    "1:acidarmor",
    "1:acidspray",
    "1:bodyslam",
    "1:curse",
    "1:doubleteam",
    "1:guardswap",
    "1:leechlife",
    "1:quickattack",
    "1:watershuriken",
    "1:yawn",
    "12:megadrain",
    "16:strugglebug",
    "20:swift",
    "24:agility",
    "28:gigadrain",
    "28:mefirst",
    "32:powerswap",
    "36:uturn",
    "40:recover",
    "44:bugbuzz",
    "48:finalgambit",
    "52:toxic",
    "100:agility",
    "100:attract",
    "100:batonpass",
    "100:bodyslam",
    "100:bugbuzz",
    "100:confide",
    "100:doubleteam",
    "100:drainpunch",
    "100:encore",
    "100:endure",
    "100:energyball",
    "100:facade",
    "100:focusblast",
    "100:frustration",
    "100:gigadrain",
    "100:gigaimpact",
    "100:guardswap",
    "100:hiddenpower",
    "100:hyperbeam",
    "100:infestation",
    "100:leechlife",
    "100:mudshot",
    "100:powerswap",
    "100:protect",
    "100:raindance",
    "100:rest",
    "100:return",
    "100:reversal",
    "100:round",
    "100:sandstorm",
    "100:secretpower",
    "100:sleeptalk",
    "100:sludgebomb",
    "100:snore",
    "100:spikes",
    "100:strugglebug",
    "100:substitute",
    "100:swagger",
    "100:swift",
    "100:toxic",
    "100:toxicspikes",
    "100:uturn",
    "100:venomdrench",
    "100:venoshock",
    "100:bugbite",
    "100:gastroacid",
    "100:gigadrain",
    "100:knockoff",
    "100:laserfocus",
    "100:signalbeam",
    "100:skittersmack",
    "100:sleeptalk",
    "100:snore"
  ],
  "labels": [
    "gen5"
  ],
  "pokedex": [
    "cobblemon.species.accelgor.desc"
  ],
  "preEvolution": "shelmet",
  "evolutions": [],
  "baseScale": 1,
  "hitbox": {
    "width": 1,
    "height": 1,
    "fixed": false
  },
  "baseFriendship": 50,
  "evYield": {
    "hp": 0,
    "attack": 0,
    "defence": 0,
    "special_attack": 0,
    "special_defence": 0,
    "speed": 2
  },
  "height": 8,
  "weight": 253,
  "aspects": [],
  "cannotDynamax": false
}