{
  "name": "Axew",
  "nationalPokedexNumber": 610,
  "primaryType": "dragon",
  "abilities": [
    "rivalry",
    "moldbreaker",
    "h:unnerve"
  ],
  "drops": {
    "amount": 2,
    "entries": [
      {
        "item": "cobblemon:dragon_fang",
        "percentage": 2.5
      },
      {
        "item": "cobblemon:haban_berry",
        "percentage": 2.5
      }
    ]
  },
  "baseStats": {
    "hp": 46,
    "attack": 87,
    "defence": 60,
    "special_attack": 30,
    "special_defence": 40,
    "speed": 57
  },
  "catchRate": 75,
  "maleRatio": 0.5,
  "shoulderMountable": false,
  "baseExperienceYield": 64,
  "experienceGroup": "slow",
  "eggCycles": 40,
  "eggGroups": [
    "monster",
    "dragon"
  ],
  "moves": [
    "1:leer",
    "1:scratch",
    "3:bite",
    "6:falseswipe",
    "9:assurance",
    "10:dragonrage",
    "12:taunt",
    "15:slash",
    "18:dragonclaw",
    "21:scaryface",
    "24:crunch",
    "27:dragondance",
    "30:breakingswipe",
    "30:dualchop",
    "33:focusenergy",
    "33:laserfocus",
    "36:dragonpulse",
    "39:swordsdance",
    "42:outrage",
    "45:guillotine",
    "48:gigaimpact",
    "100:aquatail",
    "100:counter",
    "100:dragonpulse",
    "100:endeavor",
    "100:endure",
    "100:firstimpression",
    "100:focusenergy",
    "100:harden",
    "100:irontail",
    "100:nightslash",
    "100:razorwind",
    "100:reversal",
    "100:aerialace",
    "100:assurance",
    "100:attract",
    "100:breakingswipe",
    "100:brickbreak",
    "100:bulldoze",
    "100:confide",
    "100:crunch",
    "100:cut",
    "100:dig",
    "100:doubleteam",
    "100:dracometeor",
    "100:dragonclaw",
    "100:dragondance",
    "100:dragonpulse",
    "100:dragontail",
    "100:endure",
    "100:facade",
    "100:falseswipe",
    "100:fling",
    "100:focusenergy",
    "100:frustration",
    "100:gigaimpact",
    "100:hiddenpower",
    "100:honeclaws",
    "100:incinerate",
    "100:ironhead",
    "100:irontail",
    "100:outrage",
    "100:payback",
    "100:poisonjab",
    "100:protect",
    "100:raindance",
    "100:rest",
    "100:return",
    "100:reversal",
    "100:roar",
    "100:rocksmash",
    "100:rocktomb",
    "100:round",
    "100:scaryface",
    "100:secretpower",
    "100:shadowclaw",
    "100:sleeptalk",
    "100:snarl",
    "100:snore",
    "100:stompingtantrum",
    "100:strength",
    "100:substitute",
    "100:sunnyday",
    "100:superpower",
    "100:surf",
    "100:swagger",
    "100:swift",
    "100:swordsdance",
    "100:takedown",
    "100:taunt",
    "100:terablast",
    "100:toxic",
    "100:trailblaze",
    "100:xscissor",
    "100:aquatail",
    "100:counter",
    "100:dracometeor",
    "100:dragonclaw",
    "100:dragonpulse",
    "100:dragonrage",
    "100:dualchop",
    "100:endeavor",
    "100:endure",
    "100:gigaimpact",
    "100:irontail",
    "100:nightslash",
    "100:outrage",
    "100:return",
    "100:scaleshot",
    "100:scratch",
    "100:shockwave",
    "100:sleeptalk",
    "100:snore",
    "100:superpower"
  ],
  "labels": [
    "gen5"
  ],
  "pokedex": [
    "cobblemon.species.axew.desc"
  ],
  "evolutions": [
    {
      "id": "axew_fraxure",
      "variant": "level_up",
      "result": "fraxure",
      "consumeHeldItem": false,
      "learnableMoves": [],
      "requirements": [
        {
          "variant": "level",
          "minLevel": 38
        }
      ]
    }
  ],
  "baseScale": 1,
  "hitbox": {
    "width": 1,
    "height": 1,
    "fixed": false
  },
  "baseFriendship": 35,
  "evYield": {
    "hp": 0,
    "attack": 1,
    "defence": 0,
    "special_attack": 0,
    "special_defence": 0,
    "speed": 0
  },
  "height": 6,
  "weight": 180,
  "aspects": [],
  "cannotDynamax": false
}