{
	"format_version": "1.8.0",
	"animations": {
		"animation.espurr.ground_idle": {
			"loop": true,
			"animation_length": 2,
			"bones": {
				"arm_r": {
					"rotation": {
						"0.0": [0, 0, 0],
						"1.0": [0, 0, 5],
						"2.0": [0, 0, 0]
					}
				},
				"arm_l": {
					"rotation": {
						"0.0": [0, 0, 0],
						"1.0": [0, 0, -5],
						"2.0": [0, 0, 0]
					}
				},
				"tail": {
					"rotation": {
						"0.0": [0, -5, 0],
						"1.0": [10, 5, 0],
						"2.0": [0, -5, 0]
					}
				}
			}
		},
		"animation.espurr.ground_walk": {
			"loop": true,
			"animation_length": 0.5,
			"bones": {
				"arm_r": {
					"rotation": {
						"0.0": [-30, 0, 0],
						"0.25": [30, 0, 0],
						"0.5": [-30, 0, 0]
					}
				},
				"arm_l": {
					"rotation": {
						"0.0": [30, 0, 0],
						"0.25": [-30, 0, 0],
						"0.5": [30, 0, 0]
					}
				},
				"leg_l": {
					"rotation": {
						"0.0": [-30, 0, 0],
						"0.25": [30, 0, 0],
						"0.5": [-30, 0, 0]
					}
				},
				"leg_r": {
					"rotation": {
						"0.0": [30, 0, 0],
						"0.25": [-30, 0, 0],
						"0.5": [30, 0, 0]
					}
				}
			}
		},
		"animation.espurr.faint": {
			"loop": "hold_on_last_frame",
			"animation_length": 1.25,
			"bones": {
				"body": {
					"rotation": {
						"0.0": [0, 0, 0],
						"0.375": [25, 0, 0],
						"1.25": [25, 0, 0]
					},
					"position": {
						"0.0": [0, 0, 0],
						"0.375": [0, -1.25, 0],
						"1.25": [0, -1.25, 0]
					}
				},
				"head": {
					"rotation": {
						"0.0": [0, 0, 0],
						"0.375": [15, 0, 0],
						"1.25": [15, 0, 0]
					}
				},
				"arm_r": {
					"rotation": {
						"0.0": [0, 0, 0],
						"0.375": [-95, 0, 0],
						"1.25": [-95, 0, 0]
					}
				},
				"arm_l": {
					"rotation": {
						"0.0": [0, 0, 0],
						"0.375": [-95, 0, 0],
						"1.25": [-95, 0, 0]
					}
				},
				"leg_l": {
					"rotation": {
						"0.0": [0, 0, 0],
						"0.375": [60, 0, 0],
						"1.25": [60, 0, 0]
					}
				},
				"leg_r": {
					"rotation": {
						"0.0": [0, 0, 0],
						"0.375": [65, 0, 0],
						"1.25": [65, 0, 0]
					}
				}
			}
		},
		"animation.espurr.sleep": {
			"loop": true,
			"animation_length": 3,
			"bones": {
				"body": {
					"position": [0, -1.75, 0]
				},
				"head": {
					"rotation": {
						"0.0": [22.5, 0, 0],
						"1.5": [30, 0, 0],
						"3.0": [22.5, 0, 0]
					}
				},
				"eye_r": {
					"position": [0, 0, 0.25]
				},
				"eye_l": {
					"position": [0, 0, 0.25]
				},
				"leg_l": {
					"rotation": [-90, -25, 0],
					"position": [0, 0, -1]
				},
				"leg_r": {
					"rotation": [-90, 25, 0],
					"position": [0, 0, -1]
				},
				"closed_r": {
					"position": [0, 0, -0.27]
				},
				"closed_l": {
					"position": [0, 0, -0.27]
				}
			}
		}
	}
}