{
	"format_version": "1.12.0",
	"minecraft:geometry": [
		{
			"description": {
				"identifier": "geometry.darumaka",
				"texture_width": 64,
				"texture_height": 64,
				"visible_bounds_width": 3,
				"visible_bounds_height": 2.5,
				"visible_bounds_offset": [0, 0.75, 0]
			},
			"bones": [
				{
					"name": "darumaka",
					"pivot": [0, 0, 0],
					"cubes": [
						{"origin": [-7, 3, -6], "size": [14, 13, 12], "uv": [0, 0]}
					]
				},
				{
					"name": "tail",
					"parent": "darumaka",
					"pivot": [0, 4, 6],
					"cubes": [
						{"origin": [-3, 3, 6], "size": [6, 2, 5], "pivot": [0, 3, 6], "rotation": [35, 0, 0], "uv": [0, 25]}
					]
				},
				{
					"name": "leg_left",
					"parent": "darumaka",
					"pivot": [3.75, 3, 0],
					"cubes": [
						{"origin": [1.5, 0.02, -1.5], "size": [4, 3, 3], "uv": [0, 32]}
					]
				},
				{
					"name": "foot_left",
					"parent": "leg_left",
					"pivot": [3.5, 0, 0],
					"cubes": [
						{"origin": [1, 0.01, -4], "size": [5, 0, 5], "uv": [22, 25]}
					]
				},
				{
					"name": "leg_right",
					"parent": "darumaka",
					"pivot": [-3.75, 3, 0],
					"cubes": [
						{"origin": [-5.5, 0.02, -1.5], "size": [4, 3, 3], "uv": [19, 30]}
					]
				},
				{
					"name": "foot_right",
					"parent": "leg_right",
					"pivot": [-3.5, 0, 0],
					"cubes": [
						{"origin": [-6, 0.01, -4], "size": [5, 0, 5], "uv": [12, 25]}
					]
				},
				{
					"name": "arm_left",
					"parent": "darumaka",
					"pivot": [6.5, 9, 0],
					"cubes": [
						{"origin": [5.5, 7, -1], "size": [4, 4, 2], "uv": [0, 6]}
					]
				},
				{
					"name": "hand_left",
					"parent": "arm_left",
					"pivot": [9.5, 9, 0],
					"rotation": [7.5, 0, 0],
					"cubes": [
						{"origin": [8.5, 6.5, 0], "size": [5, 5, 0], "uv": [33, 30]}
					]
				},
				{
					"name": "arm_right",
					"parent": "darumaka",
					"pivot": [-6.5, 9, 0],
					"cubes": [
						{"origin": [-9.5, 7, -1], "size": [4, 4, 2], "uv": [0, 0]}
					]
				},
				{
					"name": "hand_right",
					"parent": "arm_right",
					"pivot": [-9.5, 9, 0],
					"rotation": [7.5, 0, 0],
					"cubes": [
						{"origin": [-13.5, 6.5, 0], "size": [5, 5, 0], "uv": [33, 35]}
					]
				},
				{
					"name": "eyes",
					"parent": "darumaka",
					"pivot": [3, 14.5, -6],
					"cubes": [
						{"origin": [-5.5, 10.5, -6.01], "size": [3, 3, 0], "uv": [24, 36]},
						{"origin": [2.5, 10.5, -6.01], "size": [3, 3, 0], "uv": [11, 32]}
					]
				},
				{
					"name": "pupil_left",
					"parent": "eyes",
					"pivot": [4, 11.5, -6.02],
					"cubes": [
						{"origin": [3.5, 11.5, -6.02], "size": [1, 1, 0], "uv": [22, 15]}
					]
				},
				{
					"name": "pupil_right",
					"parent": "eyes",
					"pivot": [-4, 11.5, -6.02],
					"cubes": [
						{"origin": [-4.5, 11.5, -6.02], "size": [1, 1, 0], "uv": [22, 16]}
					]
				},
				{
					"name": "mouth_closed",
					"parent": "darumaka",
					"pivot": [0, 5, -6],
					"cubes": [
						{"origin": [-2, 9, -5], "size": [4, 3, 0], "inflate": 0.01, "uv": [40, 0]}
					]
				},
				{
					"name": "mouth_open",
					"parent": "darumaka",
					"pivot": [0, 5, -6],
					"cubes": [
						{"origin": [-2, 9, -5], "size": [4, 3, 0], "inflate": 0.01, "uv": [44, 0]}
					]
				},
				{
					"name": "eyebrow_left",
					"parent": "darumaka",
					"pivot": [3, 14.5, -6],
					"cubes": [
						{"origin": [1.5, 14, -6.03], "size": [5, 3, 0], "pivot": [4, 15, -6], "rotation": [0, 0, -17.5], "uv": [37, 25]}
					]
				},
				{
					"name": "eyebrow_right",
					"parent": "darumaka",
					"pivot": [-3, 14.5, -6],
					"cubes": [
						{"origin": [-6.5, 14, -6.03], "size": [5, 3, 0], "pivot": [-4, 15, -6], "rotation": [0, 0, 17.5], "uv": [14, 36]}
					]
				}
			]
		}
	]
}