{
	"credit": "Made with Blockbench",
	"texture_size": [64, 64],
	"textures": {
		"0": "item/custom/espada",
		"particle": "item/custom/espada"
	},
	"elements": [
		{
			"name": "body",
			"from": [7, 20, 7],
			"to": [9, 26, 9],
			"rotation": {"angle": 0, "axis": "y", "origin": [8, -2, 8]},
			"faces": {
				"north": {"uv": [8.5, 4, 9, 5.5], "texture": "#0"},
				"east": {"uv": [8, 4, 8.5, 5.5], "texture": "#0"},
				"south": {"uv": [9.5, 4, 10, 5.5], "texture": "#0"},
				"west": {"uv": [9, 4, 9.5, 5.5], "texture": "#0"},
				"up": {"uv": [9, 4, 8.5, 3.5], "texture": "#0"},
				"down": {"uv": [9.5, 3.5, 9, 4], "texture": "#0"}
			}
		},
		{
			"name": "body",
			"from": [6.497, 16.997, 6.997],
			"to": [9.503, 20.003, 9.003],
			"rotation": {"angle": 0, "axis": "y", "origin": [8, -2, 8]},
			"faces": {
				"north": {"uv": [7, 10, 7.75, 10.75], "texture": "#0"},
				"east": {"uv": [6.5, 10, 7, 10.75], "texture": "#0"},
				"south": {"uv": [8.25, 10, 9, 10.75], "texture": "#0"},
				"west": {"uv": [7.75, 10, 8.25, 10.75], "texture": "#0"},
				"up": {"uv": [7.75, 10, 7, 9.5], "texture": "#0"},
				"down": {"uv": [8.5, 9.5, 7.75, 10], "texture": "#0"}
			}
		},
		{
			"name": "guard_left",
			"from": [3.498, 16.998, 6.998],
			"to": [6.502, 20.002, 9.002],
			"rotation": {"angle": 0, "axis": "y", "origin": [8, -2, 8]},
			"faces": {
				"north": {"uv": [10.5, 3.5, 11.25, 4.25], "texture": "#0"},
				"east": {"uv": [10, 3.5, 10.5, 4.25], "texture": "#0"},
				"south": {"uv": [11.75, 3.5, 12.5, 4.25], "texture": "#0"},
				"west": {"uv": [11.25, 3.5, 11.75, 4.25], "texture": "#0"},
				"up": {"uv": [11.25, 3.5, 10.5, 3], "texture": "#0"},
				"down": {"uv": [12, 3, 11.25, 3.5], "texture": "#0"}
			}
		},
		{
			"name": "guard_left",
			"from": [0.499, 16.999, 6.999],
			"to": [3.501, 20.001, 9.001],
			"rotation": {"angle": 22.5, "axis": "z", "origin": [3.5, 20, 8]},
			"faces": {
				"north": {"uv": [1.5, 10.25, 2.25, 11], "texture": "#0"},
				"east": {"uv": [1, 10.25, 1.5, 11], "texture": "#0"},
				"south": {"uv": [2.75, 10.25, 3.5, 11], "texture": "#0"},
				"west": {"uv": [2.25, 10.25, 2.75, 11], "texture": "#0"},
				"up": {"uv": [2.25, 10.25, 1.5, 9.75], "texture": "#0"},
				"down": {"uv": [3, 9.75, 2.25, 10.25], "texture": "#0"}
			}
		},
		{
			"name": "guard_right",
			"from": [9.498, 16.998, 6.998],
			"to": [12.502, 20.002, 9.002],
			"rotation": {"angle": 0, "axis": "y", "origin": [8, -2, 8]},
			"faces": {
				"north": {"uv": [10, 8.5, 10.75, 9.25], "texture": "#0"},
				"east": {"uv": [9.5, 8.5, 10, 9.25], "texture": "#0"},
				"south": {"uv": [11.25, 8.5, 12, 9.25], "texture": "#0"},
				"west": {"uv": [10.75, 8.5, 11.25, 9.25], "texture": "#0"},
				"up": {"uv": [10.75, 8.5, 10, 8], "texture": "#0"},
				"down": {"uv": [11.5, 8, 10.75, 8.5], "texture": "#0"}
			}
		},
		{
			"name": "guard_right",
			"from": [12.499, 16.999, 6.999],
			"to": [15.501, 20.001, 9.001],
			"rotation": {"angle": -22.5, "axis": "z", "origin": [12.5, 20, 8]},
			"faces": {
				"north": {"uv": [10, 7.25, 10.75, 8], "texture": "#0"},
				"east": {"uv": [9.5, 7.25, 10, 8], "texture": "#0"},
				"south": {"uv": [11.25, 7.25, 12, 8], "texture": "#0"},
				"west": {"uv": [10.75, 7.25, 11.25, 8], "texture": "#0"},
				"up": {"uv": [10.75, 7.25, 10, 6.75], "texture": "#0"},
				"down": {"uv": [11.5, 6.75, 10.75, 7.25], "texture": "#0"}
			}
		},
		{
			"name": "eye",
			"from": [6.5, 16.25, 6.5],
			"to": [9.5, 19.25, 7.5],
			"rotation": {"angle": 0, "axis": "y", "origin": [8, -2, 8]},
			"faces": {
				"north": {"uv": [3.25, 11.75, 4, 12.5], "texture": "#0"},
				"east": {"uv": [3, 11.75, 3.25, 12.5], "texture": "#0"},
				"south": {"uv": [4.25, 11.75, 5, 12.5], "texture": "#0"},
				"west": {"uv": [4, 11.75, 4.25, 12.5], "texture": "#0"},
				"up": {"uv": [4, 11.75, 3.25, 11.5], "texture": "#0"},
				"down": {"uv": [4.75, 11.5, 4, 11.75], "texture": "#0"}
			}
		},
		{
			"name": "eye2",
			"from": [7.5, 15.75, 6.199],
			"to": [8.5, 17.75, 7.199],
			"rotation": {"angle": 0, "axis": "y", "origin": [8, -2, 8]},
			"faces": {
				"north": {"uv": [12, 8, 12.25, 8.5], "texture": "#0"},
				"east": {"uv": [11.75, 8, 12, 8.5], "texture": "#0"},
				"south": {"uv": [12.5, 8, 12.75, 8.5], "texture": "#0"},
				"west": {"uv": [12.25, 8, 12.5, 8.5], "texture": "#0"},
				"up": {"uv": [12.25, 8, 12, 7.75], "texture": "#0"},
				"down": {"uv": [12.5, 7.75, 12.25, 8], "texture": "#0"}
			}
		},
		{
			"name": "eyelid",
			"from": [6.49, 16.24, 6.59],
			"to": [9.51, 19.26, 7.61],
			"rotation": {"angle": 0, "axis": "y", "origin": [8, -2, 8]},
			"faces": {
				"north": {"uv": [13.25, 0.25, 14, 1], "texture": "#0"},
				"east": {"uv": [13, 0.25, 13.25, 1], "texture": "#0"},
				"south": {"uv": [14.25, 0.25, 15, 1], "texture": "#0"},
				"west": {"uv": [14, 0.25, 14.25, 1], "texture": "#0"},
				"up": {"uv": [14, 0.25, 13.25, 0], "texture": "#0"},
				"down": {"uv": [14.75, 0, 14, 0.25], "texture": "#0"}
			}
		},
		{
			"name": "sheath",
			"from": [11.5, -5, 6.975],
			"to": [11.6, 10.9, 8.975],
			"rotation": {"angle": 0, "axis": "y", "origin": [8, -50, 9]},
			"faces": {
				"north": {"uv": [0.5, 7.75, 0.5, 11.75], "texture": "#0"},
				"east": {"uv": [0, 7.75, 0.5, 11.75], "texture": "#0"},
				"south": {"uv": [1, 7.75, 1, 11.75], "texture": "#0"},
				"west": {"uv": [0.5, 7.75, 1, 11.75], "texture": "#0"},
				"up": {"uv": [0.5, 7.75, 0.5, 7.25], "texture": "#0"},
				"down": {"uv": [0.5, 7.25, 0.5, 7.75], "texture": "#0"}
			}
		},
		{
			"name": "sheath",
			"from": [4.4, -5, 6.975],
			"to": [4.5, 10.9, 8.975],
			"rotation": {"angle": 0, "axis": "y", "origin": [8, -50, 9]},
			"faces": {
				"north": {"uv": [7.5, 3.75, 7.5, 7.75], "texture": "#0"},
				"east": {"uv": [7, 3.75, 7.5, 7.75], "texture": "#0"},
				"south": {"uv": [8, 3.75, 8, 7.75], "texture": "#0"},
				"west": {"uv": [7.5, 3.75, 8, 7.75], "texture": "#0"},
				"up": {"uv": [7.5, 3.75, 7.5, 3.25], "texture": "#0"},
				"down": {"uv": [7.5, 3.25, 7.5, 3.75], "texture": "#0"}
			}
		},
		{
			"name": "sheath",
			"from": [4.5, -5, 6.875],
			"to": [11.5, 11, 6.975],
			"rotation": {"angle": 0, "axis": "y", "origin": [8, -50, 9]},
			"faces": {
				"north": {"uv": [0, 3.75, 1.75, 7.75], "texture": "#0"},
				"east": {"uv": [0, 3.75, 0, 7.75], "texture": "#0"},
				"south": {"uv": [1.75, 3.75, 3.5, 7.75], "texture": "#0"},
				"west": {"uv": [1.75, 3.75, 1.75, 7.75], "texture": "#0"},
				"up": {"uv": [1.75, 3.75, 0, 3.75], "texture": "#0"},
				"down": {"uv": [3.5, 3.75, 1.75, 3.75], "texture": "#0"}
			}
		},
		{
			"name": "sheath",
			"from": [4.5, -5, 6.975],
			"to": [11.5, -5, 8.975],
			"rotation": {"angle": 0, "axis": "y", "origin": [8, -50, 9]},
			"faces": {
				"north": {"uv": [7.5, 2, 9.25, 2], "texture": "#0"},
				"east": {"uv": [7, 2, 7.5, 2], "texture": "#0"},
				"south": {"uv": [9.75, 2, 11.5, 2], "texture": "#0"},
				"west": {"uv": [9.25, 2, 9.75, 2], "texture": "#0"},
				"up": {"uv": [9.25, 2, 7.5, 1.5], "texture": "#0"},
				"down": {"uv": [11, 1.5, 9.25, 2], "texture": "#0"}
			}
		},
		{
			"name": "sheath",
			"from": [4.5, -5, 8.975],
			"to": [11.5, 11, 9.075],
			"rotation": {"angle": 0, "axis": "y", "origin": [8, -50, 9]},
			"faces": {
				"north": {"uv": [3.5, 3.75, 5.25, 7.75], "texture": "#0"},
				"east": {"uv": [3.5, 3.75, 3.5, 7.75], "texture": "#0"},
				"south": {"uv": [5.25, 3.75, 7, 7.75], "texture": "#0"},
				"west": {"uv": [5.25, 3.75, 5.25, 7.75], "texture": "#0"},
				"up": {"uv": [5.25, 3.75, 3.5, 3.75], "texture": "#0"},
				"down": {"uv": [7, 3.75, 5.25, 3.75], "texture": "#0"}
			}
		},
		{
			"name": "sheath",
			"from": [4.5, 10, 6.975],
			"to": [11.5, 10, 8.975],
			"rotation": {"angle": 0, "axis": "y", "origin": [8, -50, 9]},
			"faces": {
				"north": {"uv": [0, 15, 1.75, 15], "texture": "#0"},
				"east": {"uv": [-0.5, 15, 0, 15], "texture": "#0"},
				"south": {"uv": [2.25, 15, 4, 15], "texture": "#0"},
				"west": {"uv": [1.75, 15, 2.25, 15], "texture": "#0"},
				"up": {"uv": [1.75, 15, 0, 14.5], "texture": "#0"},
				"down": {"uv": [3.5, 14.5, 1.75, 15], "texture": "#0"}
			}
		},
		{
			"name": "sheath",
			"from": [6.002, -6.998, 6.977],
			"to": [9.998, -3.002, 8.973],
			"rotation": {"angle": 45, "axis": "z", "origin": [8, -5, 7.975]},
			"faces": {
				"north": {"uv": [8, 2.5, 9, 3.5], "texture": "#0"},
				"east": {"uv": [7.5, 2.5, 8, 3.5], "texture": "#0"},
				"south": {"uv": [9.5, 2.5, 10.5, 3.5], "texture": "#0"},
				"west": {"uv": [9, 2.5, 9.5, 3.5], "texture": "#0"},
				"up": {"uv": [9, 2.5, 8, 2], "texture": "#0"},
				"down": {"uv": [10, 2, 9, 2.5], "texture": "#0"}
			}
		},
		{
			"name": "sheath",
			"from": [8.25, 7, 5.875],
			"to": [12.25, 11, 7.075],
			"rotation": {"angle": 0, "axis": "y", "origin": [8, -50, 9]},
			"faces": {
				"north": {"uv": [9.5, 9.5, 10.5, 10.5], "texture": "#0"},
				"east": {"uv": [9.25, 9.5, 9.5, 10.5], "texture": "#0"},
				"south": {"uv": [10.75, 9.5, 11.75, 10.5], "texture": "#0"},
				"west": {"uv": [10.5, 9.5, 10.75, 10.5], "texture": "#0"},
				"up": {"uv": [10.5, 9.5, 9.5, 9.25], "texture": "#0"},
				"down": {"uv": [11.5, 9.25, 10.5, 9.5], "texture": "#0"}
			}
		},
		{
			"name": "sheath",
			"from": [11.25, 8, 5.975],
			"to": [11.35, 10, 6.975],
			"rotation": {"angle": 0, "axis": "y", "origin": [8, -50, 9]},
			"faces": {
				"north": {"uv": [9.75, 6.75, 9.75, 7.25], "texture": "#0"},
				"east": {"uv": [9.5, 6.75, 9.75, 7.25], "texture": "#0"},
				"south": {"uv": [10, 6.75, 10, 7.25], "texture": "#0"},
				"west": {"uv": [9.75, 6.75, 10, 7.25], "texture": "#0"},
				"up": {"uv": [9.75, 6.75, 9.75, 6.5], "texture": "#0"},
				"down": {"uv": [9.75, 6.5, 9.75, 6.75], "texture": "#0"}
			}
		},
		{
			"name": "sheath",
			"from": [9.15, 8, 5.975],
			"to": [9.25, 10, 6.975],
			"rotation": {"angle": 0, "axis": "y", "origin": [8, -50, 9]},
			"faces": {
				"north": {"uv": [9.75, 3.5, 9.75, 4], "texture": "#0"},
				"east": {"uv": [9.5, 3.5, 9.75, 4], "texture": "#0"},
				"south": {"uv": [10, 3.5, 10, 4], "texture": "#0"},
				"west": {"uv": [9.75, 3.5, 10, 4], "texture": "#0"},
				"up": {"uv": [9.75, 3.5, 9.75, 3.25], "texture": "#0"},
				"down": {"uv": [9.75, 3.25, 9.75, 3.5], "texture": "#0"}
			}
		},
		{
			"name": "sheath",
			"from": [9.25, 10, 5.975],
			"to": [11.25, 10.1, 6.975],
			"rotation": {"angle": 0, "axis": "y", "origin": [8, -50, 9]},
			"faces": {
				"north": {"uv": [11.5, 7.25, 12, 7.25], "texture": "#0"},
				"east": {"uv": [11.25, 7.25, 11.5, 7.25], "texture": "#0"},
				"south": {"uv": [12.25, 7.25, 12.75, 7.25], "texture": "#0"},
				"west": {"uv": [12, 7.25, 12.25, 7.25], "texture": "#0"},
				"up": {"uv": [12, 7.25, 11.5, 7], "texture": "#0"},
				"down": {"uv": [12.5, 7, 12, 7.25], "texture": "#0"}
			}
		},
		{
			"name": "sheath",
			"from": [9.25, 7.9, 5.975],
			"to": [11.25, 8, 6.975],
			"rotation": {"angle": 0, "axis": "y", "origin": [8, -50, 9]},
			"faces": {
				"north": {"uv": [7.5, 11.25, 8, 11.25], "texture": "#0"},
				"east": {"uv": [7.25, 11.25, 7.5, 11.25], "texture": "#0"},
				"south": {"uv": [8.25, 11.25, 8.75, 11.25], "texture": "#0"},
				"west": {"uv": [8, 11.25, 8.25, 11.25], "texture": "#0"},
				"up": {"uv": [8, 11.25, 7.5, 11], "texture": "#0"},
				"down": {"uv": [8.5, 11, 8, 11.25], "texture": "#0"}
			}
		},
		{
			"name": "sheath",
			"from": [3.75, 7, 5.875],
			"to": [7.75, 11, 7.075],
			"rotation": {"angle": 0, "axis": "y", "origin": [8, -50, 9]},
			"faces": {
				"north": {"uv": [4.25, 9.5, 5.25, 10.5], "texture": "#0"},
				"east": {"uv": [4, 9.5, 4.25, 10.5], "texture": "#0"},
				"south": {"uv": [5.5, 9.5, 6.5, 10.5], "texture": "#0"},
				"west": {"uv": [5.25, 9.5, 5.5, 10.5], "texture": "#0"},
				"up": {"uv": [5.25, 9.5, 4.25, 9.25], "texture": "#0"},
				"down": {"uv": [6.25, 9.25, 5.25, 9.5], "texture": "#0"}
			}
		},
		{
			"name": "sheath",
			"from": [6.75, 8, 5.975],
			"to": [6.85, 10, 6.975],
			"rotation": {"angle": 0, "axis": "y", "origin": [8, -50, 9]},
			"faces": {
				"north": {"uv": [1.25, 9.75, 1.25, 10.25], "texture": "#0"},
				"east": {"uv": [1, 9.75, 1.25, 10.25], "texture": "#0"},
				"south": {"uv": [1.5, 9.75, 1.5, 10.25], "texture": "#0"},
				"west": {"uv": [1.25, 9.75, 1.5, 10.25], "texture": "#0"},
				"up": {"uv": [1.25, 9.75, 1.25, 9.5], "texture": "#0"},
				"down": {"uv": [1.25, 9.5, 1.25, 9.75], "texture": "#0"}
			}
		},
		{
			"name": "sheath",
			"from": [4.65, 8, 5.975],
			"to": [4.75, 10, 6.975],
			"rotation": {"angle": 0, "axis": "y", "origin": [8, -50, 9]},
			"faces": {
				"north": {"uv": [8.75, 9.5, 8.75, 10], "texture": "#0"},
				"east": {"uv": [8.5, 9.5, 8.75, 10], "texture": "#0"},
				"south": {"uv": [9, 9.5, 9, 10], "texture": "#0"},
				"west": {"uv": [8.75, 9.5, 9, 10], "texture": "#0"},
				"up": {"uv": [8.75, 9.5, 8.75, 9.25], "texture": "#0"},
				"down": {"uv": [8.75, 9.25, 8.75, 9.5], "texture": "#0"}
			}
		},
		{
			"name": "sheath",
			"from": [4.75, 10, 5.975],
			"to": [6.75, 10.1, 6.975],
			"rotation": {"angle": 0, "axis": "y", "origin": [8, -50, 9]},
			"faces": {
				"north": {"uv": [5.25, 10.75, 5.75, 10.75], "texture": "#0"},
				"east": {"uv": [5, 10.75, 5.25, 10.75], "texture": "#0"},
				"south": {"uv": [6, 10.75, 6.5, 10.75], "texture": "#0"},
				"west": {"uv": [5.75, 10.75, 6, 10.75], "texture": "#0"},
				"up": {"uv": [5.75, 10.75, 5.25, 10.5], "texture": "#0"},
				"down": {"uv": [6.25, 10.5, 5.75, 10.75], "texture": "#0"}
			}
		},
		{
			"name": "sheath",
			"from": [4.75, 7.9, 5.975],
			"to": [6.75, 8, 6.975],
			"rotation": {"angle": 0, "axis": "y", "origin": [8, -50, 9]},
			"faces": {
				"north": {"uv": [3, 10.25, 3.5, 10.25], "texture": "#0"},
				"east": {"uv": [2.75, 10.25, 3, 10.25], "texture": "#0"},
				"south": {"uv": [3.75, 10.25, 4.25, 10.25], "texture": "#0"},
				"west": {"uv": [3.5, 10.25, 3.75, 10.25], "texture": "#0"},
				"up": {"uv": [3.5, 10.25, 3, 10], "texture": "#0"},
				"down": {"uv": [4, 10, 3.5, 10.25], "texture": "#0"}
			}
		},
		{
			"name": "sheath",
			"from": [6, 9.75, 5.775],
			"to": [10, 13.75, 7.075],
			"rotation": {"angle": 0, "axis": "y", "origin": [8, -50, 9]},
			"faces": {
				"north": {"uv": [8.25, 5.75, 9.25, 6.75], "texture": "#0"},
				"east": {"uv": [8, 5.75, 8.25, 6.75], "texture": "#0"},
				"south": {"uv": [9.5, 5.75, 10.5, 6.75], "texture": "#0"},
				"west": {"uv": [9.25, 5.75, 9.5, 6.75], "texture": "#0"},
				"up": {"uv": [9.25, 5.75, 8.25, 5.5], "texture": "#0"},
				"down": {"uv": [10.25, 5.5, 9.25, 5.75], "texture": "#0"}
			}
		},
		{
			"name": "sheath",
			"from": [9, 10.75, 5.975],
			"to": [9.1, 12.75, 6.975],
			"rotation": {"angle": 0, "axis": "y", "origin": [8, -50, 9]},
			"faces": {
				"north": {"uv": [7.75, 2, 7.75, 2.5], "texture": "#0"},
				"east": {"uv": [7.5, 2, 7.75, 2.5], "texture": "#0"},
				"south": {"uv": [8, 2, 8, 2.5], "texture": "#0"},
				"west": {"uv": [7.75, 2, 8, 2.5], "texture": "#0"},
				"up": {"uv": [7.75, 2, 7.75, 1.75], "texture": "#0"},
				"down": {"uv": [7.75, 1.75, 7.75, 2], "texture": "#0"}
			}
		},
		{
			"name": "sheath",
			"from": [6.9, 10.75, 5.975],
			"to": [7, 12.75, 6.975],
			"rotation": {"angle": 0, "axis": "y", "origin": [8, -50, 9]},
			"faces": {
				"north": {"uv": [6.75, 9.25, 6.75, 9.75], "texture": "#0"},
				"east": {"uv": [6.5, 9.25, 6.75, 9.75], "texture": "#0"},
				"south": {"uv": [7, 9.25, 7, 9.75], "texture": "#0"},
				"west": {"uv": [6.75, 9.25, 7, 9.75], "texture": "#0"},
				"up": {"uv": [6.75, 9.25, 6.75, 9], "texture": "#0"},
				"down": {"uv": [6.75, 9, 6.75, 9.25], "texture": "#0"}
			}
		},
		{
			"name": "sheath",
			"from": [7, 12.75, 5.975],
			"to": [9, 12.85, 6.975],
			"rotation": {"angle": 0, "axis": "y", "origin": [8, -50, 9]},
			"faces": {
				"north": {"uv": [7.5, 3.75, 8, 3.75], "texture": "#0"},
				"east": {"uv": [7.25, 3.75, 7.5, 3.75], "texture": "#0"},
				"south": {"uv": [8.25, 3.75, 8.75, 3.75], "texture": "#0"},
				"west": {"uv": [8, 3.75, 8.25, 3.75], "texture": "#0"},
				"up": {"uv": [8, 3.75, 7.5, 3.5], "texture": "#0"},
				"down": {"uv": [8.5, 3.5, 8, 3.75], "texture": "#0"}
			}
		},
		{
			"name": "sheath",
			"from": [7, 10.65, 5.975],
			"to": [9, 10.75, 6.975],
			"rotation": {"angle": 0, "axis": "y", "origin": [8, -50, 9]},
			"faces": {
				"north": {"uv": [3, 10, 3.5, 10], "texture": "#0"},
				"east": {"uv": [2.75, 10, 3, 10], "texture": "#0"},
				"south": {"uv": [3.75, 10, 4.25, 10], "texture": "#0"},
				"west": {"uv": [3.5, 10, 3.75, 10], "texture": "#0"},
				"up": {"uv": [3.5, 10, 3, 9.75], "texture": "#0"},
				"down": {"uv": [4, 9.75, 3.5, 10], "texture": "#0"}
			}
		},
		{
			"name": "face",
			"from": [4.25, 7.5, 6.575],
			"to": [7.25, 10.5, 6.575],
			"rotation": {"angle": 0, "axis": "y", "origin": [8, -50, 9]},
			"faces": {
				"north": {"uv": [9, 11.5, 9.75, 12.25], "texture": "#0"},
				"east": {"uv": [9, 11.5, 9, 12.25], "texture": "#0"},
				"south": {"uv": [9.75, 11.5, 10.5, 12.25], "texture": "#0"},
				"west": {"uv": [9.75, 11.5, 9.75, 12.25], "texture": "#0"},
				"up": {"uv": [9.75, 11.5, 9, 11.5], "texture": "#0"},
				"down": {"uv": [10.5, 11.5, 9.75, 11.5], "texture": "#0"}
			}
		},
		{
			"name": "face",
			"from": [4.25, 8.5, 6.55],
			"to": [7.25, 9.5, 6.55],
			"rotation": {"angle": -45, "axis": "z", "origin": [5.75, 9, 6.55]},
			"faces": {
				"north": {"uv": [11.5, 6.75, 12.25, 7], "texture": "#0"},
				"east": {"uv": [11.5, 6.75, 11.5, 7], "texture": "#0"},
				"south": {"uv": [12.25, 6.75, 13, 7], "texture": "#0"},
				"west": {"uv": [12.25, 6.75, 12.25, 7], "texture": "#0"},
				"up": {"uv": [12.25, 6.75, 11.5, 6.75], "texture": "#0"},
				"down": {"uv": [13, 6.75, 12.25, 6.75], "texture": "#0"}
			}
		},
		{
			"name": "face",
			"from": [8.75, 8.5, 6.55],
			"to": [11.75, 9.5, 6.55],
			"rotation": {"angle": 45, "axis": "z", "origin": [10.25, 9, 6.55]},
			"faces": {
				"north": {"uv": [7.25, 10.75, 8, 11], "texture": "#0"},
				"east": {"uv": [7.25, 10.75, 7.25, 11], "texture": "#0"},
				"south": {"uv": [8, 10.75, 8.75, 11], "texture": "#0"},
				"west": {"uv": [8, 10.75, 8, 11], "texture": "#0"},
				"up": {"uv": [8, 10.75, 7.25, 10.75], "texture": "#0"},
				"down": {"uv": [8.75, 10.75, 8, 10.75], "texture": "#0"}
			}
		},
		{
			"name": "face",
			"from": [8.75, 7.5, 6.575],
			"to": [11.75, 10.5, 6.575],
			"rotation": {"angle": 0, "axis": "y", "origin": [8, -50, 9]},
			"faces": {
				"north": {"uv": [7.5, 11.5, 8.25, 12.25], "texture": "#0"},
				"east": {"uv": [7.5, 11.5, 7.5, 12.25], "texture": "#0"},
				"south": {"uv": [8.25, 11.5, 9, 12.25], "texture": "#0"},
				"west": {"uv": [8.25, 11.5, 8.25, 12.25], "texture": "#0"},
				"up": {"uv": [8.25, 11.5, 7.5, 11.5], "texture": "#0"},
				"down": {"uv": [9, 11.5, 8.25, 11.5], "texture": "#0"}
			}
		},
		{
			"name": "face",
			"from": [4.5, 3, 7.1],
			"to": [11.5, 9, 7.1],
			"rotation": {"angle": 0, "axis": "y", "origin": [8, -50, 9]},
			"faces": {
				"north": {"uv": [7.5, 0, 9.25, 1.5], "texture": "#0"},
				"east": {"uv": [7.5, 0, 7.5, 1.5], "texture": "#0"},
				"south": {"uv": [9.25, 0, 11, 1.5], "texture": "#0"},
				"west": {"uv": [9.25, 0, 9.25, 1.5], "texture": "#0"},
				"up": {"uv": [9.25, 0, 7.5, 0], "texture": "#0"},
				"down": {"uv": [11, 0, 9.25, 0], "texture": "#0"}
			}
		},
		{
			"name": "facelid",
			"from": [4.25, 7.5, 6.5],
			"to": [7.25, 10.5, 6.5],
			"rotation": {"angle": 0, "axis": "y", "origin": [8, -50, 9]},
			"faces": {
				"north": {"uv": [1.75, 15.25, 2.5, 16], "texture": "#0"},
				"east": {"uv": [1.75, 15.25, 1.75, 16], "texture": "#0"},
				"south": {"uv": [2.5, 15.25, 3.25, 16], "texture": "#0"},
				"west": {"uv": [2.5, 15.25, 2.5, 16], "texture": "#0"},
				"up": {"uv": [2.5, 15.25, 1.75, 15.25], "texture": "#0"},
				"down": {"uv": [3.25, 15.25, 2.5, 15.25], "texture": "#0"}
			}
		},
		{
			"name": "facelid",
			"from": [8.75, 7.5, 6.5],
			"to": [11.75, 10.5, 6.5],
			"rotation": {"angle": 0, "axis": "y", "origin": [8, -50, 9]},
			"faces": {
				"north": {"uv": [0.25, 15.25, 1, 16], "texture": "#0"},
				"east": {"uv": [0.25, 15.25, 0.25, 16], "texture": "#0"},
				"south": {"uv": [1, 15.25, 1.75, 16], "texture": "#0"},
				"west": {"uv": [1, 15.25, 1, 16], "texture": "#0"},
				"up": {"uv": [1, 15.25, 0.25, 15.25], "texture": "#0"},
				"down": {"uv": [1.75, 15.25, 1, 15.25], "texture": "#0"}
			}
		},
		{
			"name": "facelid",
			"from": [4.5, 3, 7.025],
			"to": [11.5, 9, 7.025],
			"rotation": {"angle": 0, "axis": "y", "origin": [8, -50, 9]},
			"faces": {
				"north": {"uv": [0, 12.75, 1.75, 14.25], "texture": "#0"},
				"east": {"uv": [0, 12.75, 0, 14.25], "texture": "#0"},
				"south": {"uv": [1.75, 12.75, 3.5, 14.25], "texture": "#0"},
				"west": {"uv": [1.75, 12.75, 1.75, 14.25], "texture": "#0"},
				"up": {"uv": [1.75, 12.75, 0, 12.75], "texture": "#0"},
				"down": {"uv": [3.5, 12.75, 1.75, 12.75], "texture": "#0"}
			}
		},
		{
			"name": "blade",
			"from": [5, 13.5, 7.4],
			"to": [8, 16.5, 8.6],
			"rotation": {"angle": 45, "axis": "z", "origin": [8, 16.5, 7]},
			"faces": {
				"north": {"uv": [11.25, 1.25, 12, 2], "texture": "#0"},
				"east": {"uv": [11, 1.25, 11.25, 2], "texture": "#0"},
				"south": {"uv": [12.25, 1.25, 13, 2], "texture": "#0"},
				"west": {"uv": [12, 1.25, 12.25, 2], "texture": "#0"},
				"up": {"uv": [12, 1.25, 11.25, 1], "texture": "#0"},
				"down": {"uv": [12.75, 1, 12, 1.25], "texture": "#0"}
			}
		},
		{
			"name": "blade",
			"from": [6, 14.5, 7.5],
			"to": [11, 19.5, 8.5],
			"rotation": {"angle": 45, "axis": "z", "origin": [8, 16.5, 8]},
			"faces": {
				"north": {"uv": [4.25, 8, 5.5, 9.25], "texture": "#0"},
				"east": {"uv": [4, 8, 4.25, 9.25], "texture": "#0"},
				"south": {"uv": [5.75, 8, 7, 9.25], "texture": "#0"},
				"west": {"uv": [5.5, 8, 5.75, 9.25], "texture": "#0"},
				"up": {"uv": [5.5, 8, 4.25, 7.75], "texture": "#0"},
				"down": {"uv": [6.75, 7.75, 5.5, 8], "texture": "#0"}
			}
		},
		{
			"name": "blade",
			"from": [-2, 6.5, 7.5],
			"to": [1, 9.5, 8.5],
			"rotation": {"angle": 45, "axis": "z", "origin": [8, 16.5, 7]},
			"faces": {
				"north": {"uv": [1.25, 11.25, 2, 12], "texture": "#0"},
				"east": {"uv": [1, 11.25, 1.25, 12], "texture": "#0"},
				"south": {"uv": [2.25, 11.25, 3, 12], "texture": "#0"},
				"west": {"uv": [2, 11.25, 2.25, 12], "texture": "#0"},
				"up": {"uv": [2, 11.25, 1.25, 11], "texture": "#0"},
				"down": {"uv": [2.75, 11, 2, 11.25], "texture": "#0"}
			}
		},
		{
			"name": "blade",
			"from": [-3, 5.5, 7.5],
			"to": [0, 8.5, 8.5],
			"rotation": {"angle": 45, "axis": "z", "origin": [8, 16.5, 7]},
			"faces": {
				"north": {"uv": [11.25, 0.25, 12, 1], "texture": "#0"},
				"east": {"uv": [11, 0.25, 11.25, 1], "texture": "#0"},
				"south": {"uv": [12.25, 0.25, 13, 1], "texture": "#0"},
				"west": {"uv": [12, 0.25, 12.25, 1], "texture": "#0"},
				"up": {"uv": [12, 0.25, 11.25, 0], "texture": "#0"},
				"down": {"uv": [12.75, 0, 12, 0.25], "texture": "#0"}
			}
		},
		{
			"name": "blade",
			"from": [-4, 4.5, 8],
			"to": [11, 19.5, 8],
			"rotation": {"angle": 45, "axis": "z", "origin": [8, 16.5, 6.5]},
			"faces": {
				"north": {"uv": [0, 0, 3.75, 3.75], "texture": "#0"},
				"east": {"uv": [0, 0, 0, 3.75], "texture": "#0"},
				"south": {"uv": [3.75, 0, 7.5, 3.75], "texture": "#0"},
				"west": {"uv": [3.75, 0, 3.75, 3.75], "texture": "#0"},
				"up": {"uv": [3.75, 0, 0, 0], "texture": "#0"},
				"down": {"uv": [7.5, 0, 3.75, 0], "texture": "#0"}
			}
		},
		{
			"name": "blade",
			"from": [-1, 7.5, 7.5],
			"to": [2, 10.5, 8.5],
			"rotation": {"angle": 45, "axis": "z", "origin": [8, 16.5, 7]},
			"faces": {
				"north": {"uv": [11, 10.75, 11.75, 11.5], "texture": "#0"},
				"east": {"uv": [10.75, 10.75, 11, 11.5], "texture": "#0"},
				"south": {"uv": [12, 10.75, 12.75, 11.5], "texture": "#0"},
				"west": {"uv": [11.75, 10.75, 12, 11.5], "texture": "#0"},
				"up": {"uv": [11.75, 10.75, 11, 10.5], "texture": "#0"},
				"down": {"uv": [12.5, 10.5, 11.75, 10.75], "texture": "#0"}
			}
		},
		{
			"name": "blade",
			"from": [0, 8.5, 7.5],
			"to": [3, 11.5, 8.5],
			"rotation": {"angle": 45, "axis": "z", "origin": [8, 16.5, 7]},
			"faces": {
				"north": {"uv": [5.75, 11, 6.5, 11.75], "texture": "#0"},
				"east": {"uv": [5.5, 11, 5.75, 11.75], "texture": "#0"},
				"south": {"uv": [6.75, 11, 7.5, 11.75], "texture": "#0"},
				"west": {"uv": [6.5, 11, 6.75, 11.75], "texture": "#0"},
				"up": {"uv": [6.5, 11, 5.75, 10.75], "texture": "#0"},
				"down": {"uv": [7.25, 10.75, 6.5, 11], "texture": "#0"}
			}
		},
		{
			"name": "blade",
			"from": [1, 9.5, 7.5],
			"to": [4, 12.5, 8.5],
			"rotation": {"angle": 45, "axis": "z", "origin": [8, 16.5, 7]},
			"faces": {
				"north": {"uv": [9, 10.75, 9.75, 11.5], "texture": "#0"},
				"east": {"uv": [8.75, 10.75, 9, 11.5], "texture": "#0"},
				"south": {"uv": [10, 10.75, 10.75, 11.5], "texture": "#0"},
				"west": {"uv": [9.75, 10.75, 10, 11.5], "texture": "#0"},
				"up": {"uv": [9.75, 10.75, 9, 10.5], "texture": "#0"},
				"down": {"uv": [10.5, 10.5, 9.75, 10.75], "texture": "#0"}
			}
		},
		{
			"name": "blade",
			"from": [2, 10.5, 7.4],
			"to": [5, 13.5, 8.6],
			"rotation": {"angle": 45, "axis": "z", "origin": [8, 16.5, 7]},
			"faces": {
				"north": {"uv": [10.75, 6, 11.5, 6.75], "texture": "#0"},
				"east": {"uv": [10.5, 6, 10.75, 6.75], "texture": "#0"},
				"south": {"uv": [11.75, 6, 12.5, 6.75], "texture": "#0"},
				"west": {"uv": [11.5, 6, 11.75, 6.75], "texture": "#0"},
				"up": {"uv": [11.5, 6, 10.75, 5.75], "texture": "#0"},
				"down": {"uv": [12.25, 5.75, 11.5, 6], "texture": "#0"}
			}
		},
		{
			"name": "blade",
			"from": [3, 11.5, 7.5],
			"to": [6, 14.5, 8.5],
			"rotation": {"angle": 45, "axis": "z", "origin": [8, 16.5, 7]},
			"faces": {
				"north": {"uv": [3.75, 10.75, 4.5, 11.5], "texture": "#0"},
				"east": {"uv": [3.5, 10.75, 3.75, 11.5], "texture": "#0"},
				"south": {"uv": [4.75, 10.75, 5.5, 11.5], "texture": "#0"},
				"west": {"uv": [4.5, 10.75, 4.75, 11.5], "texture": "#0"},
				"up": {"uv": [4.5, 10.75, 3.75, 10.5], "texture": "#0"},
				"down": {"uv": [5.25, 10.5, 4.5, 10.75], "texture": "#0"}
			}
		},
		{
			"name": "blade",
			"from": [4, 12.5, 7.5],
			"to": [7, 15.5, 8.5],
			"rotation": {"angle": 45, "axis": "z", "origin": [8, 16.5, 7]},
			"faces": {
				"north": {"uv": [10.75, 2.25, 11.5, 3], "texture": "#0"},
				"east": {"uv": [10.5, 2.25, 10.75, 3], "texture": "#0"},
				"south": {"uv": [11.75, 2.25, 12.5, 3], "texture": "#0"},
				"west": {"uv": [11.5, 2.25, 11.75, 3], "texture": "#0"},
				"up": {"uv": [11.5, 2.25, 10.75, 2], "texture": "#0"},
				"down": {"uv": [12.25, 2, 11.5, 2.25], "texture": "#0"}
			}
		}
	],
	"display": {
		"thirdperson_righthand": {
			"rotation": [133.03, -87.08, -51.86],
			"translation": [-0.25, 13.25, 3.25]
		},
		"thirdperson_lefthand": {
			"rotation": [133.03, -87.08, -51.86],
			"translation": [-0.25, 13.25, 3.25]
		},
		"firstperson_righthand": {
			"rotation": [-179.9, -60.46, 2.81],
			"translation": [10.5, 8.25, -9],
			"scale": [1.2, 1.2, 1.2]
		},
		"firstperson_lefthand": {
			"rotation": [-179.9, -60.46, 2.81],
			"translation": [10.5, 8.25, -9],
			"scale": [1.2, 1.2, 1.2]
		},
		"ground": {
			"rotation": [77.38, 3.89, 1.71]
		},
		"gui": {
			"rotation": [176.97, 2.64, -130.5],
			"scale": [0.7, 0.7, 0.7]
		},
		"head": {
			"translation": [0, 12.25, 0]
		}
	},
	"groups": [
		{
			"name": "honedge",
			"origin": [8, 11, 8],
			"color": 0,
			"children": [
				{
					"name": "body",
					"origin": [8, 36, 8],
					"color": 1,
					"children": [
						0,
						1,
						{
							"name": "guard_left",
							"origin": [6.5, 33, 8],
							"color": 2,
							"children": [2, 3]
						},
						{
							"name": "guard_right",
							"origin": [9.5, 33, 8],
							"color": 3,
							"children": [4, 5]
						},
						{
							"name": "eye",
							"origin": [8, 30.75, 7],
							"color": 4,
							"children": [
								6,
								{
									"name": "eye2",
									"origin": [8, 30.75, 6.999],
									"color": 5,
									"children": [7]
								},
								{
									"name": "eyelid",
									"origin": [8, 30.75, 7.1],
									"color": 6,
									"children": [8]
								}
							]
						},
						{
							"name": "arm",
							"origin": [8, 38.61111, 8],
							"color": 7,
							"children": [
								{
									"name": "arm2",
									"origin": [8, 40, 8],
									"color": 8,
									"children": [
										{
											"name": "arm3",
											"origin": [8, 43, 8],
											"color": 9,
											"children": [
												{
													"name": "arm4",
													"origin": [8, 47, 8],
													"color": 0,
													"children": [
														{
															"name": "arm5",
															"origin": [8, 53, 8],
															"color": 1,
															"children": [
																{
																	"name": "hand",
																	"origin": [8, 60, 8],
																	"color": 2,
																	"children": [
																		{
																			"name": "finger",
																			"origin": [11, 68, 8],
																			"color": 3,
																			"children": [
																				{
																					"name": "finger2",
																					"origin": [11, 70, 8],
																					"color": 4,
																					"children": [
																						{
																							"name": "finger3",
																							"origin": [11, 73, 8],
																							"color": 5,
																							"children": []
																						}
																					]
																				}
																			]
																		},
																		{
																			"name": "finger4",
																			"origin": [9, 68, 8],
																			"color": 6,
																			"children": [
																				{
																					"name": "finger5",
																					"origin": [9, 70, 8],
																					"color": 7,
																					"children": [
																						{
																							"name": "finger6",
																							"origin": [9, 73, 8],
																							"color": 8,
																							"children": []
																						}
																					]
																				}
																			]
																		},
																		{
																			"name": "finger7",
																			"origin": [7, 68, 8],
																			"color": 9,
																			"children": [
																				{
																					"name": "finger8",
																					"origin": [7, 70, 8],
																					"color": 0,
																					"children": [
																						{
																							"name": "finger9",
																							"origin": [7, 73, 8],
																							"color": 1,
																							"children": []
																						}
																					]
																				}
																			]
																		},
																		{
																			"name": "finger10",
																			"origin": [5, 68, 8],
																			"color": 2,
																			"children": [
																				{
																					"name": "finger11",
																					"origin": [5, 70, 8],
																					"color": 3,
																					"children": [
																						{
																							"name": "finger12",
																							"origin": [5, 73, 8],
																							"color": 4,
																							"children": []
																						}
																					]
																				}
																			]
																		}
																	]
																}
															]
														}
													]
												}
											]
										}
									]
								}
							]
						},
						{
							"name": "sheath_arm",
							"origin": [8, 38.61111, 8],
							"color": 5,
							"children": [
								{
									"name": "sheath_arm2",
									"origin": [8, 40, 8],
									"color": 6,
									"children": [
										{
											"name": "sheath_arm3",
											"origin": [8, 43, 8],
											"color": 7,
											"children": [
												{
													"name": "sheath_arm4",
													"origin": [8, 47, 8],
													"color": 8,
													"children": [
														{
															"name": "sheath_arm5",
															"origin": [8, 53, 8],
															"color": 9,
															"children": [
																{
																	"name": "sheath_arm6",
																	"origin": [8, 60, 8],
																	"color": 0,
																	"children": [
																		{
																			"name": "sheath",
																			"origin": [8, 12, 7.975],
																			"color": 1,
																			"children": [
																				9,
																				10,
																				11,
																				12,
																				13,
																				14,
																				15,
																				16,
																				17,
																				18,
																				19,
																				20,
																				21,
																				22,
																				23,
																				24,
																				25,
																				26,
																				27,
																				28,
																				29,
																				30,
																				{
																					"name": "face",
																					"origin": [10.25, 18, 6.575],
																					"color": 2,
																					"children": [31, 32, 33, 34, 35]
																				},
																				{
																					"name": "facelid",
																					"origin": [10.25, 18, 6.5],
																					"color": 3,
																					"children": [36, 37, 38]
																				}
																			]
																		}
																	]
																}
															]
														}
													]
												}
											]
										}
									]
								}
							]
						},
						{
							"name": "blade",
							"origin": [8, 31, 8],
							"color": 4,
							"children": [39, 40, 41, 42, 43, 44, 45, 46, 47, 48, 49]
						}
					]
				}
			]
		}
	]
}