{
	"credit": "Made with Blockbench",
	"texture_size": [256, 128],
	"textures": {
		"0": "item/custom/metagross"
	},
	"elements": [
		{
			"name": "leg_front_right",
			"from": [10.24, 13.49, 0.99],
			"to": [14.26, 17.51, 5.01],
			"rotation": {"angle": 0, "axis": "y", "origin": [1.4, 0, 8]},
			"faces": {
				"north": {"uv": [0.5, 13.125, 0.25, 13.625], "texture": "#0"},
				"east": {"uv": [0.75, 13.125, 0.5, 13.625], "texture": "#0"},
				"south": {"uv": [1, 13.125, 0.75, 13.625], "texture": "#0"},
				"west": {"uv": [0.25, 13.125, 0, 13.625], "texture": "#0"},
				"up": {"uv": [0.25, 13.125, 0.5, 12.625], "texture": "#0"},
				"down": {"uv": [0.5, 12.625, 0.75, 13.125], "texture": "#0"}
			}
		},
		{
			"name": "leg_front_right",
			"from": [11.25, 14.5, 2],
			"to": [22.25, 16.5, 4],
			"rotation": {"angle": 0, "axis": "y", "origin": [1.4, 0, 8]},
			"faces": {
				"north": {"uv": [1.5625, 12.875, 0.875, 13.125], "texture": "#0"},
				"east": {"uv": [1.6875, 12.875, 1.5625, 13.125], "texture": "#0"},
				"south": {"uv": [2.375, 12.875, 1.6875, 13.125], "texture": "#0"},
				"west": {"uv": [0.875, 12.875, 0.75, 13.125], "texture": "#0"},
				"up": {"uv": [0.875, 12.875, 1.5625, 12.625], "texture": "#0"},
				"down": {"uv": [1.5625, 12.625, 2.25, 12.875], "texture": "#0"}
			}
		},
		{
			"name": "leg_front_right",
			"from": [-0.75, 14.5, 2],
			"to": [10.25, 16.5, 4],
			"rotation": {"angle": 0, "axis": "y", "origin": [1.4, 0, 8]},
			"faces": {
				"north": {"uv": [1.5625, 12.875, 0.875, 13.125], "texture": "#0"},
				"east": {"uv": [1.6875, 12.875, 1.5625, 13.125], "texture": "#0"},
				"south": {"uv": [2.375, 12.875, 1.6875, 13.125], "texture": "#0"},
				"west": {"uv": [0.875, 12.875, 0.75, 13.125], "texture": "#0"},
				"up": {"uv": [0.875, 12.875, 1.5625, 12.625], "texture": "#0"},
				"down": {"uv": [1.5625, 12.625, 2.25, 12.875], "texture": "#0"}
			}
		},
		{
			"name": "leg_front_right",
			"from": [-3.76, 13.49, 0.99],
			"to": [0.26, 17.51, 5.01],
			"rotation": {"angle": 0, "axis": "y", "origin": [1.4, 0, 8]},
			"faces": {
				"north": {"uv": [0.5, 13.125, 0.25, 13.625], "texture": "#0"},
				"east": {"uv": [0.75, 13.125, 0.5, 13.625], "texture": "#0"},
				"south": {"uv": [1, 13.125, 0.75, 13.625], "texture": "#0"},
				"west": {"uv": [0.25, 13.125, 0, 13.625], "texture": "#0"},
				"up": {"uv": [0.25, 13.125, 0.5, 12.625], "texture": "#0"},
				"down": {"uv": [0.5, 12.625, 0.75, 13.125], "texture": "#0"}
			}
		},
		{
			"name": "leg_front_right",
			"from": [-13.75, 14.5, 2],
			"to": [-2.75, 16.5, 4],
			"rotation": {"angle": 0, "axis": "y", "origin": [1.4, 0, 8]},
			"faces": {
				"north": {"uv": [1.5625, 12.875, 0.875, 13.125], "texture": "#0"},
				"east": {"uv": [1.6875, 12.875, 1.5625, 13.125], "texture": "#0"},
				"south": {"uv": [2.375, 12.875, 1.6875, 13.125], "texture": "#0"},
				"west": {"uv": [0.875, 12.875, 0.75, 13.125], "texture": "#0"},
				"up": {"uv": [0.875, 12.875, 1.5625, 12.625], "texture": "#0"},
				"down": {"uv": [1.5625, 12.625, 2.25, 12.875], "texture": "#0"}
			}
		},
		{
			"name": "leg_front_right",
			"from": [22.69905, 27.94362, 1.5],
			"to": [25.69905, 30.94362, 4.5],
			"rotation": {"angle": 0, "axis": "y", "origin": [25.69905, 27.94362, 3]},
			"faces": {
				"north": {"uv": [2.625, 13.25, 2.4375, 13.625], "texture": "#0"},
				"east": {"uv": [2.8125, 13.25, 2.625, 13.625], "texture": "#0"},
				"south": {"uv": [3, 13.25, 2.8125, 13.625], "texture": "#0"},
				"west": {"uv": [2.4375, 13.25, 2.25, 13.625], "texture": "#0"},
				"up": {"uv": [2.4375, 13.25, 2.625, 12.875], "texture": "#0"},
				"down": {"uv": [2.625, 12.875, 2.8125, 13.25], "texture": "#0"}
			}
		},
		{
			"name": "leg_front_right2",
			"from": [22.97171, 16.5824, 1.5],
			"to": [28.97171, 19.5824, 4.5],
			"rotation": {"angle": 45, "axis": "z", "origin": [23.67171, 18.1324, 3.5]},
			"faces": {
				"north": {"uv": [12.625, 10.25, 12.25, 10.625], "texture": "#0"},
				"east": {"uv": [12.8125, 10.25, 12.625, 10.625], "texture": "#0"},
				"south": {"uv": [13.1875, 10.25, 12.8125, 10.625], "texture": "#0"},
				"west": {"uv": [12.25, 10.25, 12.0625, 10.625], "texture": "#0"},
				"up": {"uv": [12.25, 10.25, 12.625, 9.875], "texture": "#0"},
				"down": {"uv": [12.625, 9.875, 13, 10.25], "texture": "#0"}
			}
		},
		{
			"name": "leg_front_right2",
			"from": [21.17171, 6.1324, -1],
			"to": [29.17171, 19.1324, 7],
			"rotation": {"angle": 0, "axis": "y", "origin": [1.4, 0, 8]},
			"faces": {
				"north": {"uv": [10.5625, 12.625, 10.0625, 14.25], "texture": "#0"},
				"east": {"uv": [11.0625, 12.625, 10.5625, 14.25], "texture": "#0"},
				"south": {"uv": [11.5625, 12.625, 11.0625, 14.25], "texture": "#0"},
				"west": {"uv": [10.0625, 12.625, 9.5625, 14.25], "texture": "#0"},
				"up": {"uv": [10.0625, 12.625, 10.5625, 11.625], "texture": "#0"},
				"down": {"uv": [10.5625, 11.625, 11.0625, 12.625], "texture": "#0"}
			}
		},
		{
			"name": "leg_front_right2",
			"from": [25.55171, 24.6124, 0.98],
			"to": [30.59171, 31.6524, 5.02],
			"rotation": {"angle": 22.5, "axis": "z", "origin": [30.57171, 24.6324, 3]},
			"faces": {
				"north": {"uv": [12.625, 11.25, 12.3125, 12.125], "texture": "#0"},
				"east": {"uv": [12.875, 11.25, 12.625, 12.125], "texture": "#0"},
				"south": {"uv": [13.1875, 11.25, 12.875, 12.125], "texture": "#0"},
				"west": {"uv": [12.3125, 11.25, 12.0625, 12.125], "texture": "#0"},
				"up": {"uv": [12.3125, 11.25, 12.625, 10.75], "texture": "#0"},
				"down": {"uv": [12.625, 10.75, 12.9375, 11.25], "texture": "#0"}
			}
		},
		{
			"name": "leg_front_right2",
			"from": [24.16171, 16.6224, 1.49],
			"to": [30.18171, 24.6424, 4.51],
			"rotation": {"angle": 0, "axis": "z", "origin": [29.67171, 15.6324, 3]},
			"faces": {
				"north": {"uv": [12.625, 14.625, 12.25, 15.625], "texture": "#0"},
				"east": {"uv": [12.8125, 14.625, 12.625, 15.625], "texture": "#0"},
				"south": {"uv": [13.1875, 14.625, 12.8125, 15.625], "texture": "#0"},
				"west": {"uv": [12.25, 14.625, 12.0625, 15.625], "texture": "#0"},
				"up": {"uv": [12.25, 14.625, 12.625, 14.25], "texture": "#0"},
				"down": {"uv": [12.625, 14.25, 13, 14.625], "texture": "#0"}
			}
		},
		{
			"name": "leg_front_right2",
			"from": [28.67171, 5.6324, 1],
			"to": [30.67171, 16.6324, 5],
			"rotation": {"angle": 0, "axis": "z", "origin": [30.67171, 6.1324, 4]},
			"faces": {
				"north": {"uv": [11.9375, 12.875, 11.8125, 14.25], "texture": "#0"},
				"east": {"uv": [12.1875, 12.875, 11.9375, 14.25], "texture": "#0"},
				"south": {"uv": [12.3125, 12.875, 12.1875, 14.25], "texture": "#0"},
				"west": {"uv": [11.8125, 12.875, 11.5625, 14.25], "texture": "#0"},
				"up": {"uv": [11.8125, 12.875, 11.9375, 12.375], "texture": "#0"},
				"down": {"uv": [11.9375, 12.375, 12.0625, 12.875], "texture": "#0"}
			}
		},
		{
			"name": "hand_front_right",
			"from": [19.66171, 3.1224, -2.51],
			"to": [30.68171, 6.1424, 8.51],
			"rotation": {"angle": 0, "axis": "y", "origin": [1.4, 0, 8]},
			"faces": {
				"north": {"uv": [11.375, 15.625, 10.6875, 16], "texture": "#0"},
				"east": {"uv": [12.0625, 15.625, 11.375, 16], "texture": "#0"},
				"south": {"uv": [12.75, 15.625, 12.0625, 16], "texture": "#0"},
				"west": {"uv": [10.6875, 15.625, 10, 16], "texture": "#0"},
				"up": {"uv": [10.6875, 15.625, 11.375, 14.25], "texture": "#0"},
				"down": {"uv": [11.375, 14.25, 12.0625, 15.625], "texture": "#0"}
			}
		},
		{
			"name": "finger_front_right1",
			"from": [29.17171, -0.3676, 1.5],
			"to": [29.17171, 3.6324, 5.5],
			"rotation": {"angle": 0, "axis": "y", "origin": [1.4, 0, 8]},
			"faces": {
				"north": {"uv": [9.8125, 11.625, 9.8125, 12.125], "texture": "#0"},
				"east": {"uv": [10.0625, 11.625, 9.8125, 12.125], "texture": "#0"},
				"south": {"uv": [10.0625, 11.625, 10.0625, 12.125], "texture": "#0"},
				"west": {"uv": [9.8125, 11.625, 9.5625, 12.125], "texture": "#0"},
				"up": {"uv": [9.8125, 11.625, 9.8125, 11.125], "texture": "#0"},
				"down": {"uv": [9.8125, 11.125, 9.8125, 11.625], "texture": "#0"}
			}
		},
		{
			"name": "finger_front_right2",
			"from": [22.79671, -0.3676, -2.65],
			"to": [22.79671, 3.6324, 1.35],
			"rotation": {"angle": 0, "axis": "y", "origin": [1.4, 0, 8]},
			"faces": {
				"north": {"uv": [9.8125, 12.125, 9.8125, 12.625], "texture": "#0"},
				"east": {"uv": [10.0625, 12.125, 9.8125, 12.625], "texture": "#0"},
				"south": {"uv": [10.0625, 12.125, 10.0625, 12.625], "texture": "#0"},
				"west": {"uv": [9.8125, 12.125, 9.5625, 12.625], "texture": "#0"},
				"up": {"uv": [9.8125, 12.125, 9.8125, 11.625], "texture": "#0"},
				"down": {"uv": [9.8125, 11.625, 9.8125, 12.125], "texture": "#0"}
			}
		},
		{
			"name": "finger_front_right3",
			"from": [22.79671, -0.3676, 4.75],
			"to": [22.79671, 3.6324, 8.75],
			"rotation": {"angle": 0, "axis": "y", "origin": [1.4, 0, 8]},
			"faces": {
				"north": {"uv": [11.3125, 12.125, 11.3125, 12.625], "texture": "#0"},
				"east": {"uv": [11.5625, 12.125, 11.3125, 12.625], "texture": "#0"},
				"south": {"uv": [11.5625, 12.125, 11.5625, 12.625], "texture": "#0"},
				"west": {"uv": [11.3125, 12.125, 11.0625, 12.625], "texture": "#0"},
				"up": {"uv": [11.3125, 12.125, 11.3125, 11.625], "texture": "#0"},
				"down": {"uv": [11.3125, 11.625, 11.3125, 12.125], "texture": "#0"}
			}
		}
	],
	"display": {
		"thirdperson_righthand": {
			"rotation": [81.32, 85.19, 9.85],
			"translation": [6.25, 14.75, -5]
		},
		"thirdperson_lefthand": {
			"rotation": [-81.63, -88.29, 162.35],
			"translation": [-4, 16, 3]
		},
		"firstperson_righthand": {
			"rotation": [-156.5, 74.5, -88.5],
			"translation": [1, 5, 0],
			"scale": [0.3, 0.3, 0.3]
		},
		"firstperson_lefthand": {
			"rotation": [-151.85, -79.36, 98.4],
			"translation": [0.25, 5.25, 0],
			"scale": [0.3, 0.3, 0.3]
		},
		"ground": {
			"translation": [0, 3.75, 0]
		},
		"gui": {
			"rotation": [0, 0, 45.75],
			"translation": [2, -4.25, 0],
			"scale": [0.5, 0.5, 0.5]
		},
		"head": {
			"translation": [-17.25, 10.25, 4.75]
		},
		"fixed": {
			"rotation": [0, 0, 47],
			"translation": [0, -2, -0.75],
			"scale": [0.3, 0.3, 0.3]
		}
	},
	"groups": [
		{
			"name": "metagross",
			"origin": [1.4, -16, 8],
			"color": 0,
			"children": [
				{
					"name": "body",
					"origin": [1.4, 12, 8],
					"color": 1,
					"children": [
						{
							"name": "torso",
							"origin": [1.9, 4, 8.5],
							"color": 2,
							"children": [
								{
									"name": "eyes",
									"origin": [1.9, 4, 8.5],
									"color": 3,
									"children": [
										{
											"name": "eye_right",
											"origin": [8.05, 13.15, -3.51],
											"color": 4,
											"children": [
												{
													"name": "eye_open_right",
													"origin": [8.05, 13.15, -3.51],
													"color": 5,
													"children": [
														{
															"name": "eye_shine_right",
															"origin": [8.7, 13.55, -3.525],
															"color": 6,
															"children": []
														},
														{
															"name": "pupil_right",
															"origin": [8.2, 13.05, -3.53],
															"color": 7,
															"children": []
														}
													]
												},
												{
													"name": "eye_closed_right",
													"origin": [8.2, 13.05, -3.42],
													"color": 8,
													"children": []
												}
											]
										},
										{
											"name": "eye_left",
											"origin": [-5.25, 13.15, -3.51],
											"color": 9,
											"children": [
												{
													"name": "eye_open_left",
													"origin": [-5.25, 13.15, -3.51],
													"color": 0,
													"children": [
														{
															"name": "eye_shine_left",
															"origin": [-5.9, 13.55, -3.525],
															"color": 1,
															"children": []
														},
														{
															"name": "pupil_left",
															"origin": [-5.4, 13.05, -3.53],
															"color": 2,
															"children": []
														}
													]
												},
												{
													"name": "eye_closed_left",
													"origin": [-5.4, 13.05, -3.42],
													"color": 3,
													"children": []
												}
											]
										}
									]
								},
								{
									"name": "mouth",
									"origin": [1.4, 5.5, -1.41],
									"color": 4,
									"children": []
								},
								{
									"name": "torso_spikes",
									"origin": [1.9, 7.5, 8.5],
									"color": 5,
									"children": []
								},
								{
									"name": "head_metal",
									"origin": [1.9, 14.5, -4.1],
									"color": 6,
									"children": [
										{
											"name": "head_metal_right",
											"origin": [10.9, 16.5, -5.35],
											"color": 7,
											"children": [
												{
													"name": "head_metal_right2",
													"origin": [10.9, 6.5, -5.35],
													"color": 8,
													"children": [
														{
															"name": "head_metal_right3",
															"origin": [10.9, -1.5, -5.35],
															"color": 9,
															"children": []
														}
													]
												}
											]
										},
										{
											"name": "head_metal_left",
											"origin": [-8.1, 16.5, -5.35],
											"color": 0,
											"children": [
												{
													"name": "head_metal_left2",
													"origin": [-8.1, 6.5, -5.35],
													"color": 1,
													"children": [
														{
															"name": "head_metal_left3",
															"origin": [-8.1, -1.5, -5.35],
															"color": 2,
															"children": []
														}
													]
												}
											]
										}
									]
								},
								{
									"name": "leg_holes",
									"origin": [1.9, -13.5, 8],
									"color": 3,
									"children": [
										{
											"name": "leg_hole_right",
											"origin": [1.9, -13.5, 8],
											"color": 4,
											"children": []
										},
										{
											"name": "leg_hole_left",
											"origin": [0.9, -13.5, 8],
											"color": 5,
											"children": []
										}
									]
								}
							]
						},
						{
							"name": "leg_front_right",
							"origin": [12.25, 13.5, 2.95],
							"color": 6,
							"children": [
								0,
								1,
								2,
								3,
								4,
								5,
								{
									"name": "leg_front_right2",
									"origin": [24.19905, 13.49362, 3],
									"color": 7,
									"children": [
										6,
										7,
										8,
										9,
										10,
										{
											"name": "hand_front_right",
											"origin": [30.67171, -9.8676, 3.5],
											"color": 8,
											"children": [
												11,
												{
													"name": "finger_front_right1",
													"origin": [29.17171, -12.8676, 3.5],
													"color": 9,
													"children": [
														12,
														{
															"name": "bone",
															"origin": [29.17171, -12.8676, 3.5],
															"color": 0,
															"children": []
														}
													]
												},
												{
													"name": "finger_front_right2",
													"origin": [22.72171, -12.8676, -0.65],
													"color": 1,
													"children": [13]
												},
												{
													"name": "finger_front_right3",
													"origin": [22.72171, -12.8676, 6.75],
													"color": 2,
													"children": [14]
												}
											]
										}
									]
								}
							]
						},
						{
							"name": "leg_front_left",
							"origin": [-9.45, 13.5, 2.95],
							"color": 3,
							"children": [
								{
									"name": "leg_front_left2",
									"origin": [-21.39905, 13.49362, 3],
									"color": 4,
									"children": [
										{
											"name": "hand_front_left",
											"origin": [-27.87171, -9.8676, 3.5],
											"color": 5,
											"children": [
												{
													"name": "finger_front_left1",
													"origin": [-26.37171, -12.8676, 3.5],
													"color": 6,
													"children": []
												},
												{
													"name": "finger_front_left2",
													"origin": [-19.92171, -12.8676, -0.65],
													"color": 7,
													"children": []
												},
												{
													"name": "finger_front_left3",
													"origin": [-19.92171, -12.8676, 6.75],
													"color": 8,
													"children": []
												}
											]
										}
									]
								}
							]
						},
						{
							"name": "leg_back_right",
							"origin": [12.25, 13.5, 13.95],
							"color": 9,
							"children": [
								{
									"name": "leg_back_right2",
									"origin": [24.19905, 13.49362, 14],
									"color": 0,
									"children": [
										{
											"name": "hand_back_right",
											"origin": [30.67171, -9.8676, 13.5],
											"color": 1,
											"children": [
												{
													"name": "finger_back_right",
													"origin": [29.17171, -12.8676, 13.5],
													"color": 2,
													"children": []
												},
												{
													"name": "finger_back_right2",
													"origin": [22.72171, -12.8676, 17.65],
													"color": 3,
													"children": []
												},
												{
													"name": "finger_back_right3",
													"origin": [22.72171, -12.8676, 10.25],
													"color": 4,
													"children": []
												}
											]
										}
									]
								}
							]
						},
						{
							"name": "leg_back_left",
							"origin": [-9.45, 13.5, 13.95],
							"color": 5,
							"children": [
								{
									"name": "leg_back_left2",
									"origin": [-21.39905, 13.49362, 14],
									"color": 6,
									"children": [
										{
											"name": "hand_back_left",
											"origin": [-27.87171, -9.8676, 14.5],
											"color": 7,
											"children": [
												{
													"name": "finger_back_left",
													"origin": [-26.37171, -12.8676, 14.5],
													"color": 8,
													"children": []
												},
												{
													"name": "finger_back_left2",
													"origin": [-19.92171, -12.8676, 10.35],
													"color": 9,
													"children": []
												},
												{
													"name": "finger_back_left3",
													"origin": [-19.92171, -12.8676, 17.75],
													"color": 0,
													"children": []
												}
											]
										}
									]
								}
							]
						}
					]
				}
			]
		}
	]
}