{
	"type": "minecraft:fishing",
	"pools": [
		{
			"bonus_rolls": 0.0,
			"entries": [
				{
					"type": "minecraft:item",
					"name": "cobblemon:peat_block"
				},
				{
					"type": "minecraft:item",
					"name": "cobblemon:exp_candy_m"
				},
				{
					"type": "minecraft:item",
					"name": "cobblemon:deep_sea_scale"
				},
				{
					"type": "minecraft:item",
					"name": "cobblemon:deep_sea_tooth"
				},
				{
					"type": "minecraft:item",
					"name": "cobblemon:lure_ball"
				},
				{
					"type": "minecraft:item",
					"functions": [
						{
							"add": false,
							"damage": {
								"type": "minecraft:uniform",
								"max": 0.25,
								"min": 0.0
							},
							"function": "minecraft:set_damage"
						},
						{
							"function": "minecraft:enchant_with_levels",
							"levels": 30.0,
							"treasure": true
						}
					],
					"name": "minecraft:fishing_rod"
				},
				{
					"type": "minecraft:item",
					"functions": [
						{
							"function": "minecraft:enchant_with_levels",
							"levels": 30.0,
							"treasure": true
						}
					],
					"name": "minecraft:book"
				}
			],
			"rolls": 1.0
		}
	]
}
