{
    "enabled": "true",
    "neededInstalledMods": [],
    "neededUninstalledMods": [],
    "spawns": [
        {
            "id": "rayquaza-1",
            "pokemon": "rayquaza",
            "presets": [
                "natural",
				"wild"
            ],
            "type": "pokemon",
            "context": "grounded",
            "bucket": "ultra-rare",
            "level": "70",
            "weight": 0.0001,
            "condition": {
                "biomes": [
                    "minecraft:stony_peaks"
                ]
            }

        }
    ]
}