{
	"format_version": "1.8.0",
	"animations": {
		"animation.deoxysspeed.pose": {
			"loop": true,
			"bones": {
				"body": {
					"rotation": [12.5, 0, 0],
					"position": [0, 0, -1.5]
				},
				"hips": {
					"rotation": [-7.5, 0, 0]
				},
				"left_arm": {
					"rotation": [-30, -15, 0]
				},
				"Lred1": {
					"rotation": [0, 0, -5]
				},
				"Lred2": {
					"rotation": [0, 0, -7.5]
				},
				"Lred3": {
					"rotation": [0, 0, -5]
				},
				"Lred4": {
					"rotation": [0, 0, -10]
				},
				"Lred5": {
					"rotation": [0, 0, -15]
				},
				"Lred6": {
					"rotation": [0, 0, -12.5]
				},
				"Lred7": {
					"rotation": [0, 0, -12.5]
				},
				"right_arm": {
					"rotation": [-24.55933, 9.99038, 2.53852]
				},
				"Rblue1": {
					"rotation": [0, 0, 5]
				},
				"Rblue2": {
					"rotation": [0, 0, 5]
				},
				"Rblue3": {
					"rotation": [0, 0, 5]
				},
				"Rblue4": {
					"rotation": [0, 0, 7.5]
				},
				"Rblue5": {
					"rotation": [0, 0, 10]
				},
				"Rblue6": {
					"rotation": [0, 0, 15]
				},
				"Rblue7": {
					"rotation": [0, 0, 17.5]
				},
				"head": {
					"rotation": [15.01365, 2.41476, 0.64743]
				},
				"leftleg": {
					"rotation": [9.55939, -7.37749, -9.38889]
				},
				"left_thigh": {
					"rotation": [-15.82276, -22.1979, 3.4555]
				},
				"left_calf": {
					"rotation": [39.42861, -6.12318, 10.92153]
				},
				"rightleg": {
					"rotation": [-0.04282, -7.4666, 20.43812]
				},
				"right_thigh": {
					"rotation": [-32.63362, 9.52884, -3.39465]
				},
				"right_calf": {
					"rotation": [61.8707, 15.76216, -10.49022]
				}
			}
		},
		"animation.deoxysspeed.ground_idle": {
			"loop": true,
			"animation_length": 2.5,
			"bones": {
				"body": {
					"rotation": [15.12353, -7.24305, -1.95155],
					"position": ["-0.25-math.sin((query.anim_time)*288)*0.3", "-7+math.cos((query.anim_time)*576)*0.15", "-2.25-math.sin((query.anim_time)*288)*0.4"]
				},
				"hips": {
					"rotation": [-7.52832, "-4.9571-math.sin((query.anim_time)*288)*1.5", "0.6543-math.sin((query.anim_time)*288)*1.5"],
					"position": [0, "0+math.sin((query.anim_time)*288)*0.15", 0]
				},
				"left_arm": {
					"rotation": [-2.66459, -14.70843, 10.42981],
					"position": [0, 0, -0.5]
				},
				"Lred2": {
					"rotation": ["0-math.sin((query.anim_time-0.1)*288)*2", 0, "15-math.sin((query.anim_time-0.1)*288)*2"]
				},
				"Lred3": {
					"rotation": ["0-math.sin((query.anim_time-0.2)*288)*2", "0+math.sin((query.anim_time-0.2)*288)*2", "15-math.sin((query.anim_time-0.2)*288)*2"]
				},
				"Lred4": {
					"rotation": [0.17442, "0.0038+math.sin((query.anim_time-0.3)*288)*4", "19.9939-math.sin((query.anim_time-0.3)*288)*1"]
				},
				"Lred5": {
					"rotation": [0, "0+math.sin((query.anim_time-0.4)*288)*1.5", "17.5-math.sin((query.anim_time-0.4)*288)*1.5"]
				},
				"Lred6": {
					"rotation": [0, "0+math.sin((query.anim_time-0.5)*288)*2", "10-math.sin((query.anim_time-0.5)*288)*2"]
				},
				"Lred7": {
					"rotation": [0, "0+math.sin((query.anim_time-0.6)*288)*3", "10-math.sin((query.anim_time-0.6)*288)*3"]
				},
				"right_arm": {
					"rotation": [5.43004, -37.12619, -14.59327],
					"position": [0, 0, -0.25]
				},
				"Rblue1": {
					"rotation": ["0+math.sin((query.anim_time-0.4)*288)*2", "30-math.sin((query.anim_time-0.2)*288)*3", "7.5+math.sin((query.anim_time)*288)*2"]
				},
				"Rblue2": {
					"rotation": ["0+math.sin((query.anim_time-0.1)*288)*2", 0, "-12.5+math.sin((query.anim_time-0.1)*288)*2"]
				},
				"Rblue3": {
					"rotation": ["0+math.sin((query.anim_time-0.2)*288)*2", "0-math.sin((query.anim_time-0.2)*288)*2", "-15+math.sin((query.anim_time-0.2)*288)*2"]
				},
				"Rblue4": {
					"rotation": [0, "0-math.sin((query.anim_time-0.3)*288)*4", "-15+math.sin((query.anim_time-0.3)*288)*2"]
				},
				"Rblue5": {
					"rotation": [0, "0-math.sin((query.anim_time-0.4)*288)*1.5", "-15+math.sin((query.anim_time-0.4)*288)*2"]
				},
				"Rblue6": {
					"rotation": [0, "0-math.sin((query.anim_time-0.5)*288)*2", "-15+math.sin((query.anim_time-0.5)*288)*2"]
				},
				"Rblue7": {
					"rotation": [0, "0-math.sin((query.anim_time-0.6)*288)*3", "-15+math.sin((query.anim_time-0.6)*288)*3"]
				},
				"head": {
					"rotation": [
						"-2.4618-math.sin((query.anim_time-0.6)*288)*0.5",
						"7.5047-math.sin((query.anim_time-0.6)*288)*0.5",
						"0.2197-math.cos((query.anim_time-0.6)*288)*0.7"
					]
				},
				"leftleg": {
					"rotation": ["2.5355+math.sin((query.anim_time)*288)*3", "2.4738+math.sin((query.anim_time)*288)*2", -26.95546],
					"position": ["0.75-math.sin((query.anim_time)*288)*0.4", "-7+math.sin((query.anim_time)*288)*0.4", "0.25+math.sin((query.anim_time)*288)*0.4"]
				},
				"left_thigh": {
					"rotation": [0, "-20-math.sin((query.anim_time)*288)*1", 0]
				},
				"left_calf": {
					"rotation": ["42.3178-math.sin((query.anim_time)*288)*6.5", "-6.9553+math.sin((query.anim_time)*288)*1", "0.2782+math.sin((query.anim_time)*288)*4"]
				},
				"rightleg": {
					"rotation": ["-12.3856-math.sin((query.anim_time)*288)*3", "-9.9136-math.sin((query.anim_time)*288)*2", 28.68155],
					"position": ["-0.5-math.sin((query.anim_time)*288)*0.4", "-7.75-math.sin((query.anim_time)*288)*0.2", "-1-math.sin((query.anim_time)*288)*0.4"]
				},
				"right_thigh": {
					"rotation": [-40.47741, "38.043+math.sin((query.anim_time)*288)*1", -11.5833]
				},
				"right_calf": {
					"rotation": ["55.1949+math.sin((query.anim_time)*288)*4", "2.2504-math.sin((query.anim_time)*288)*1", "0.5792+math.sin((query.anim_time)*288)*4"]
				},
				"Lred1": {
					"rotation": [
						"-15.2385-math.sin((query.anim_time-0.4)*288)*2",
						"7.3378+math.sin((query.anim_time-0.2)*288)*3",
						"-2.5791-math.sin((query.anim_time-0.4)*288)*2"
					]
				},
				"leftlegguard": {
					"rotation": ["10-math.sin((query.anim_time)*288)*2", 0, 0],
					"position": [0, 1, 0]
				},
				"rightleftguard": {
					"rotation": [10.00933, "-2.462+math.sin((query.anim_time)*288)*2", -0.43439],
					"position": [0, 1, 0]
				}
			}
		},
		"animation.deoxysspeed.ground_walk": {
			"loop": true,
			"animation_length": 2.5,
			"bones": {
				"body": {
					"rotation": [40.12353, -7.24305, -1.95155],
					"position": [-0.25, "-7+math.sin((query.anim_time)*288)*0.7", -6.25]
				},
				"hips": {
					"rotation": [-7.52832, -4.9571, 0.6543],
					"position": [0, 0, 0]
				},
				"left_arm": {
					"rotation": [-2.66459, -14.70843, 10.42981],
					"position": [0, 0, -0.5]
				},
				"Lred2": {
					"rotation": ["0-math.sin((query.anim_time-0.1)*288)*2", 0, "15-math.sin((query.anim_time-0.1)*288)*2"]
				},
				"Lred3": {
					"rotation": ["0-math.sin((query.anim_time-0.2)*288)*2", "0+math.sin((query.anim_time-0.2)*288)*2", "15-math.sin((query.anim_time-0.2)*288)*2"]
				},
				"Lred4": {
					"rotation": [3.02191, "0.0342+math.sin((query.anim_time-0.3)*288)*4", "14.982-math.sin((query.anim_time-0.3)*288)*1"]
				},
				"Lred5": {
					"rotation": [2.44079, "0.0013+math.sin((query.anim_time-0.4)*288)*1.5", "20.0007-math.sin((query.anim_time-0.4)*288)*1.5"]
				},
				"Lred6": {
					"rotation": [-0.05129, "0.0011+math.sin((query.anim_time-0.5)*288)*2", "12.5005-math.sin((query.anim_time-0.5)*288)*2"]
				},
				"Lred7": {
					"rotation": [0, "0+math.sin((query.anim_time-0.6)*288)*3", "10-math.sin((query.anim_time-0.6)*288)*3"]
				},
				"right_arm": {
					"rotation": [5.43004, -37.12619, -14.59327],
					"position": [0, 0, -0.25]
				},
				"Rblue1": {
					"rotation": [
						"21.2864+math.sin((query.anim_time-0.4)*288)*2",
						"48.0653-math.sin((query.anim_time-0.2)*288)*3",
						"-21.5086+math.sin((query.anim_time)*288)*2"
					]
				},
				"Rblue2": {
					"rotation": ["0+math.sin((query.anim_time-0.1)*288)*2", 0, "-12.5+math.sin((query.anim_time-0.1)*288)*2"]
				},
				"Rblue3": {
					"rotation": ["0+math.sin((query.anim_time-0.2)*288)*2", "0-math.sin((query.anim_time-0.2)*288)*2", "-15+math.sin((query.anim_time-0.2)*288)*2"]
				},
				"Rblue4": {
					"rotation": [0, "-2.5-math.sin((query.anim_time-0.3)*288)*4", "-15+math.sin((query.anim_time-0.3)*288)*2"]
				},
				"Rblue5": {
					"rotation": [0, "0-math.sin((query.anim_time-0.4)*288)*1.5", "-15+math.sin((query.anim_time-0.4)*288)*2"]
				},
				"Rblue6": {
					"rotation": [0, "0-math.sin((query.anim_time-0.5)*288)*2", "-15+math.sin((query.anim_time-0.5)*288)*2"]
				},
				"Rblue7": {
					"rotation": [0.0164, "-0.0004-math.sin((query.anim_time-0.6)*288)*3", "-12.4999+math.sin((query.anim_time-0.6)*288)*3"]
				},
				"head": {
					"rotation": [
						"-22.749-math.sin((query.anim_time-0.6)*288)*0.5",
						"6.5461-math.sin((query.anim_time-0.6)*288)*0.5",
						"-2.107-math.cos((query.anim_time-0.6)*288)*0.7"
					]
				},
				"leftleg": {
					"rotation": ["7.1511+math.sin((query.anim_time)*288)*0.7", "3.4338-math.sin((query.anim_time)*288)*0.7", -34.40377],
					"position": [0.25, "-7+math.sin((query.anim_time)*288)*0.7", 0.25]
				},
				"left_thigh": {
					"rotation": [14.2477, -9.36097, 8.46216],
					"position": [-0.5, 1, 0]
				},
				"left_calf": {
					"rotation": [42.3178, -6.9553, 0.2782]
				},
				"rightleg": {
					"rotation": ["2.3269+math.sin((query.anim_time)*288)*0.7", "-5.4226-math.sin((query.anim_time)*288)*0.7", 34.47265],
					"position": [-0.5, "-6.75+math.sin((query.anim_time)*288)*0.7", -1]
				},
				"right_thigh": {
					"rotation": [-46.9321, 32.97349, -18.38017]
				},
				"right_calf": {
					"rotation": ["87.694+math.sin((query.anim_time)*288)*1", -2.74556, 0.78028],
					"position": [0, 0.25, -0.25]
				},
				"Lred1": {
					"rotation": [
						"32.6514-math.sin((query.anim_time-0.4)*288)*2",
						"5.6999+math.sin((query.anim_time-0.2)*288)*3",
						"5.2362-math.sin((query.anim_time-0.4)*288)*2"
					]
				},
				"leftlegguard": {
					"rotation": [10, 0, 0],
					"position": [0, 1, 0]
				},
				"rightleftguard": {
					"rotation": [10.00933, -2.462, -0.43439],
					"position": [0, 1, 0]
				}
			}
		},
		"animation.deoxysspeed.sleep": {
			"loop": true,
			"animation_length": 2.5,
			"bones": {
				"body": {
					"rotation": [29.90116, -2.91277, 0.55864],
					"position": [-0.25, "math.sin((query.anim_time)*144)*0.7", -6.25]
				},
				"hips": {
					"rotation": [-14.97083, -0.12726, -0.64065],
					"position": [0, 0, 0]
				},
				"left_arm": {
					"rotation": [-2.66459, -14.70843, 10.42981],
					"position": [0, 0, -0.5]
				},
				"Lred2": {
					"rotation": ["0-math.sin((query.anim_time-0.1)*144)*2", 0, "15-math.sin((query.anim_time-0.1)*144)*2"]
				},
				"Lred3": {
					"rotation": [
						"0.072-math.sin((query.anim_time-0.2)*144)*2",
						"0.0753+math.sin((query.anim_time-0.2)*144)*2",
						"12.5001-math.sin((query.anim_time-0.2)*144)*2"
					]
				},
				"Lred4": {
					"rotation": [3.35535, "0.3125+math.sin((query.anim_time-0.3)*144)*1", "9.9786-math.sin((query.anim_time-0.3)*144)*1"]
				},
				"Lred5": {
					"rotation": [2.5496, "0.2191+math.sin((query.anim_time-0.4)*144)*1.5", "15.0043-math.sin((query.anim_time-0.4)*144)*1.5"]
				},
				"Lred6": {
					"rotation": [0.05128, "0.0011+math.sin((query.anim_time-0.5)*144)*2", "7.4995-math.sin((query.anim_time-0.5)*144)*2"]
				},
				"Lred7": {
					"rotation": [0.03277, "0.0015+math.sin((query.anim_time-0.6)*144)*2", "4.9998-math.sin((query.anim_time-0.6)*144)*2"]
				},
				"right_arm": {
					"rotation": [5.43004, -37.12619, -14.59327],
					"position": [0, 0, -0.25]
				},
				"Rblue1": {
					"rotation": [
						"-46.4272+math.sin((query.anim_time-0.4)*144)*2",
						"41.0463-math.sin((query.anim_time-0.2)*144)*3",
						"-32.0072+math.sin((query.anim_time)*144)*2"
					]
				},
				"Rblue2": {
					"rotation": ["0+math.sin((query.anim_time-0.1)*144)*2", 0, "-12.5+math.sin((query.anim_time-0.1)*144)*2"]
				},
				"Rblue3": {
					"rotation": [
						"0.0753+math.sin((query.anim_time-0.2)*144)*2",
						"0.072-math.sin((query.anim_time-0.2)*144)*2",
						"-12.4999+math.sin((query.anim_time-0.2)*144)*2"
					]
				},
				"Rblue4": {
					"rotation": [0.13008, "-2.5057-math.sin((query.anim_time-0.3)*144)*1", "-9.9984+math.sin((query.anim_time-0.3)*144)*2"]
				},
				"Rblue5": {
					"rotation": [0.11831, "-0.0052-math.sin((query.anim_time-0.4)*144)*1.5", "-9.9986+math.sin((query.anim_time-0.4)*144)*2"]
				},
				"Rblue6": {
					"rotation": [0.10247, "-0.0045-math.sin((query.anim_time-0.5)*144)*2", "-9.999+math.sin((query.anim_time-0.5)*144)*2"]
				},
				"Rblue7": {
					"rotation": [0.04907, "-0.0033-math.sin((query.anim_time-0.6)*144)*2", "-7.4997+math.sin((query.anim_time-0.6)*144)*2"]
				},
				"head": {
					"rotation": [
						"7.251-math.sin((query.anim_time-0.6)*144)*0.5",
						"6.5461-math.sin((query.anim_time-0.6)*144)*0.5",
						"-2.107-math.cos((query.anim_time-0.6)*144)*0.7"
					]
				},
				"leftleg": {
					"rotation": ["-2.8489+math.sin((query.anim_time)*144)*0.7", "3.4338-math.sin((query.anim_time)*144)*0.7", -34.40377],
					"position": [0.25, "math.sin((query.anim_time)*144)*0.7", -1.75]
				},
				"left_thigh": {
					"rotation": [-55.67468, -28.26289, 37.82988],
					"position": [-0.5, 1, 0]
				},
				"left_calf": {
					"rotation": [84.65995, -4.31278, 1.01712],
					"position": [0, 0, -0.25]
				},
				"rightleg": {
					"rotation": ["-5.0001+math.sin((query.anim_time)*288)*0.7", "-2.955-math.sin((query.anim_time)*288)*0.7", 33.27143],
					"position": [-0.5, "0.25+math.sin((query.anim_time)*144)*0.7", -2]
				},
				"right_thigh": {
					"rotation": [-50.62594, 25.43956, -25.92548],
					"position": [0, 0.5, 0.5]
				},
				"right_calf": {
					"rotation": ["90.1944+math.sin((query.anim_time)*144)*1", 4.7544, 0.80569],
					"position": [0, 0.25, -0.5]
				},
				"Lred1": {
					"rotation": [
						"331.3763-math.sin((query.anim_time-0.4)*144)*2",
						"11.4839+math.sin((query.anim_time-0.2)*144)*3",
						"16.3915-math.sin((query.anim_time-0.4)*144)*2"
					]
				},
				"leftlegguard": {
					"rotation": [10.34527, 14.76689, 2.66399],
					"position": [0, 1, 0]
				},
				"rightleftguard": {
					"rotation": [10.23772, -12.3071, -2.20462],
					"position": [0, 1, 0]
				},
				"lefteye": {
					"position": [0, 0, 1]
				},
				"righteye6": {
					"position": [0, 0, 1]
				},
				"eyelids": {
					"position": [0, 0, -1]
				}
			}
		},
		"animation.deoxysspeed.faint": {
			"loop": true,
			"animation_length": 3,
			"bones": {
				"body": {
					"rotation": {
						"0.0": [15.12353, -7.24305, -1.95155],
						"0.1667": {
							"pre": [25.12353, -7.24305, -1.95155],
							"post": [25.12353, -7.24305, -1.95155],
							"lerp_mode": "catmullrom"
						},
						"0.6667": {
							"post": [44.87104, -9.01088, -0.16584],
							"lerp_mode": "catmullrom"
						},
						"0.7917": {
							"post": [44.87104, -9.01088, -0.16584],
							"lerp_mode": "catmullrom"
						},
						"1.1667": {
							"post": [45.73514, -7.21321, -5.51133],
							"lerp_mode": "catmullrom"
						},
						"1.7917": [46.06532, -3.62145, -9.00593],
						"2.0833": [38.56532, -3.62145, -9.00593],
						"2.25": [46.06532, -3.62145, -9.00593],
						"2.6667": [46.21563, -14.14588, -12.7963]
					},
					"position": {
						"0.0": [-0.25, -7, -2.25],
						"0.1667": {
							"pre": [-0.43, -7.52, -4.93],
							"post": [-0.43, -7.52, -4.93],
							"lerp_mode": "catmullrom"
						},
						"0.4583": {
							"post": [0.11, -9.77, -8.95],
							"lerp_mode": "catmullrom"
						},
						"0.6667": {
							"post": [0.5, -10.25, -10.75],
							"lerp_mode": "catmullrom"
						},
						"0.7917": {
							"post": [0.5, -10.25, -10.75],
							"lerp_mode": "catmullrom"
						},
						"1.1667": {
							"post": [-2, -10.25, -10.75],
							"lerp_mode": "catmullrom"
						},
						"1.7917": [-1.25, -10.25, -10.75],
						"2.0833": [-1.25, -10.25, -8.5],
						"2.25": [-1.25, -10.25, -10.75],
						"2.6667": [-7.5, -21.75, -24]
					}
				},
				"hips": {
					"rotation": {
						"0.0": [-7.52832, -4.9571, 0.6543],
						"0.1667": {
							"pre": [-17.84795, -1.05627, 4.66281],
							"post": [-17.84795, -1.05627, 4.66281],
							"lerp_mode": "catmullrom"
						},
						"0.4583": {
							"post": [-24.87921, 1.68234, 3.0762],
							"lerp_mode": "catmullrom"
						},
						"0.7917": {
							"post": [-24.87921, 1.68234, 3.0762],
							"lerp_mode": "catmullrom"
						},
						"1.7917": [-25.04309, -0.74178, 9.7147]
					},
					"position": [0, 0, 0]
				},
				"left_arm": {
					"rotation": [-2.66459, -14.70843, 10.42981],
					"position": [0, 0, -0.5]
				},
				"Lred2": {
					"rotation": {
						"0.0": [0, 0, 15],
						"0.4167": {
							"pre": [-7.47178, 0.65182, 29.95744],
							"post": [-7.47178, 0.65182, 29.95744],
							"lerp_mode": "catmullrom"
						},
						"0.7083": {
							"post": [-6.93488, 2.86313, 47.32648],
							"lerp_mode": "catmullrom"
						},
						"0.875": [-6.50446, 3.74196, 54.78729]
					}
				},
				"Lred3": {
					"rotation": {
						"0.0": [0, 0, 15],
						"0.4167": [0, 0, 35],
						"0.7083": [0, 0, 62.5]
					}
				},
				"Lred4": {
					"rotation": {
						"0.0": [0.17442, 0.0038, 19.9939],
						"0.2083": {
							"pre": [0.1771, -9.99615, 19.96315],
							"post": [0.1771, -9.99615, 19.96315],
							"lerp_mode": "catmullrom"
						},
						"0.7083": {
							"post": [-2.44123, -9.69802, 35.18577],
							"lerp_mode": "catmullrom"
						},
						"0.875": [-3.28399, -9.44815, 40.25009]
					}
				},
				"Lred5": {
					"rotation": {
						"0.0": [0, 0, 17.5],
						"0.2083": {
							"pre": [0, -17.5, 17.5],
							"post": [0, -17.5, 17.5],
							"lerp_mode": "catmullrom"
						},
						"0.4167": {
							"post": [-1.5741, -17.43127, 22.74133],
							"lerp_mode": "catmullrom"
						},
						"0.7083": [-8.95891, -15.09492, 48.68939]
					}
				},
				"Lred6": {
					"rotation": {
						"0.0": [0, 0, 10],
						"0.2083": {
							"pre": [3.96713, -14.47751, -5.50409],
							"post": [3.96713, -14.47751, -5.50409],
							"lerp_mode": "catmullrom"
						},
						"0.4167": {
							"post": [5.23619, -14.0761, -10.6469],
							"lerp_mode": "catmullrom"
						},
						"0.7083": {
							"post": [7.63074, -12.95254, -20.86748],
							"lerp_mode": "catmullrom"
						},
						"0.875": [-3.31914, -14.63639, 22.92638]
					}
				},
				"Lred7": {
					"rotation": {
						"0.0": [0, 0, 10],
						"0.2083": {
							"pre": [6.15491, -16.41371, -10.88852],
							"post": [6.15491, -16.41371, -10.88852],
							"lerp_mode": "catmullrom"
						},
						"0.4167": {
							"post": [10.25103, -14.26008, -26.28567],
							"lerp_mode": "catmullrom"
						},
						"0.7083": {
							"post": [12.28731, 2.37583, -33.12563],
							"lerp_mode": "catmullrom"
						},
						"0.875": [9.07409, -8.65011, 20.9309]
					}
				},
				"right_arm": {
					"rotation": [5.43004, -37.12619, -14.59327],
					"position": [0, 0, -0.25]
				},
				"Rblue1": {
					"rotation": {
						"0.0": [0, 30, 7.5],
						"0.2083": {
							"pre": [-45, 30, 7.5],
							"post": [-45, 30, 7.5],
							"lerp_mode": "catmullrom"
						},
						"0.375": {
							"post": [-84.25045, 20.69955, 3.42639],
							"lerp_mode": "catmullrom"
						},
						"0.8333": {
							"post": [-89.25045, 20.69955, 3.42639],
							"lerp_mode": "catmullrom"
						},
						"0.9167": [-89.27981, 13.20016, 3.3259]
					}
				},
				"Rblue2": {
					"rotation": {
						"0.0": [0, 0, -12.5],
						"0.625": [6.8817, -24.09293, -46.47027],
						"0.8333": [11.14843, -22.52101, -57.22644]
					}
				},
				"Rblue3": {
					"rotation": {
						"0.0": [0, 0, -15],
						"0.375": {
							"pre": [0, 0, -20],
							"post": [0, 0, -20],
							"lerp_mode": "catmullrom"
						},
						"0.625": {
							"post": [0, 0, -47.5],
							"lerp_mode": "catmullrom"
						},
						"0.9167": [0, 0, -57.5]
					}
				},
				"Rblue4": {
					"rotation": {
						"0.0": [0, 0, -15],
						"0.2083": {
							"pre": [0, 0, -20],
							"post": [0, 0, -20],
							"lerp_mode": "catmullrom"
						},
						"0.625": {
							"post": [2.18558, -9.76061, -32.68664],
							"lerp_mode": "catmullrom"
						},
						"0.8333": [3.03513, -9.53274, -37.75313]
					}
				},
				"Rblue5": {
					"rotation": {
						"0.0": [0, 0, -15],
						"0.375": {
							"pre": [0, 0, -30],
							"post": [0, 0, -30],
							"lerp_mode": "catmullrom"
						},
						"0.625": {
							"post": [0, 0, -42.5],
							"lerp_mode": "catmullrom"
						},
						"0.8333": {
							"post": [0, -5, -50],
							"lerp_mode": "catmullrom"
						},
						"0.9167": [0.21865, -4.99523, -52.50954]
					}
				},
				"Rblue6": {
					"rotation": {
						"0.0": [0, 0, -15],
						"0.2083": {
							"pre": [0, 0, -7.5],
							"post": [0, 0, -7.5],
							"lerp_mode": "catmullrom"
						},
						"0.375": {
							"post": [0.98448, 7.43547, 0.06397],
							"lerp_mode": "catmullrom"
						},
						"0.625": {
							"post": [1.96736, -10.24688, 7.02728],
							"lerp_mode": "catmullrom"
						},
						"0.8333": {
							"post": [6.24426, -13.42084, -18.79944],
							"lerp_mode": "catmullrom"
						},
						"1.0833": [8.49922, -12.13432, -28.96906]
					}
				},
				"Rblue7": {
					"rotation": {
						"0.0": [0, 0, -15],
						"0.2083": {
							"pre": [0, 0, 7.5],
							"post": [0, 0, 7.5],
							"lerp_mode": "catmullrom"
						},
						"0.375": {
							"post": [1.08482, 4.88119, 20.04624],
							"lerp_mode": "catmullrom"
						},
						"0.625": {
							"post": [1.71394, 4.69776, 27.57031],
							"lerp_mode": "catmullrom"
						},
						"1.0833": [-3.04868, 3.9649, -30.10555]
					}
				},
				"head": {
					"rotation": {
						"0.0": [-2.4618, 7.5047, 0.2197],
						"0.25": {
							"pre": [-34.61024, 7.5047, 0.2197],
							"post": [-34.61024, 7.5047, 0.2197],
							"lerp_mode": "catmullrom"
						},
						"0.4167": {
							"post": [-32.4618, 7.5047, 0.2197],
							"lerp_mode": "catmullrom"
						},
						"0.5833": {
							"post": [-19.12847, 7.5047, 0.2197],
							"lerp_mode": "catmullrom"
						},
						"0.7917": {
							"post": [15.33449, 17.41533, 1.58776],
							"lerp_mode": "catmullrom"
						},
						"1.125": {
							"post": [28.83491, 19.0901, -2.59117],
							"lerp_mode": "catmullrom"
						},
						"1.5417": {
							"post": [12.05556, 19.78953, -8.66418],
							"lerp_mode": "catmullrom"
						},
						"1.7083": {
							"post": [11.16211, 20.2927, -11.27091],
							"lerp_mode": "catmullrom"
						},
						"2.0417": {
							"post": [22.2535, 7.75629, -1.06862],
							"lerp_mode": "catmullrom"
						},
						"2.375": {
							"post": [-1.94464, 14.32709, 11.47569],
							"lerp_mode": "catmullrom"
						},
						"2.5": {
							"post": [-19.44464, 14.32709, 11.47569],
							"lerp_mode": "catmullrom"
						},
						"2.625": {
							"post": [-26.94464, 14.32709, 11.47569],
							"lerp_mode": "catmullrom"
						},
						"2.7083": {
							"post": [-11.94464, 14.32709, 11.47569],
							"lerp_mode": "catmullrom"
						},
						"2.7917": [23.05536, 14.32709, 11.47569]
					},
					"position": [0, 0, 0]
				},
				"leftleg": {
					"rotation": {
						"0.0": [2.5355, 2.4738, -26.95546],
						"0.4583": {
							"pre": [2.3103, 2.68531, -31.95606],
							"post": [2.3103, 2.68531, -31.95606],
							"lerp_mode": "catmullrom"
						},
						"0.7917": {
							"post": [2.3103, 2.68531, -31.95606],
							"lerp_mode": "catmullrom"
						},
						"1.7917": [2.3103, 2.68531, -31.95606],
						"2.0833": [-2.6897, 2.68531, -31.95606],
						"2.25": [2.3103, 2.68531, -31.95606],
						"2.6667": [13.55969, 11.92838, -28.08817]
					},
					"position": {
						"0.0": [0.75, -7, 0.25],
						"0.4583": {
							"pre": [0, -9.5, -2.75],
							"post": [0, -9.5, -2.75],
							"lerp_mode": "catmullrom"
						},
						"0.7917": {
							"post": [0, -9.5, -2.75],
							"lerp_mode": "catmullrom"
						},
						"1.1667": {
							"post": [-1.5, -9.5, -2.75],
							"lerp_mode": "catmullrom"
						},
						"1.7917": [0, -9.5, -2.75],
						"2.0833": [0, -9.5, -1.5],
						"2.25": [0, -9.5, -2.75],
						"2.6667": [-6, -21.5, -15.75]
					}
				},
				"left_thigh": {
					"rotation": {
						"0.0": [0, -20, 0],
						"0.4583": {
							"pre": [2.5, -20, 0],
							"post": [2.5, -20, 0],
							"lerp_mode": "catmullrom"
						},
						"0.7917": {
							"post": [2.5, -20, 0],
							"lerp_mode": "catmullrom"
						},
						"1.1667": {
							"post": [3.40569, -19.87119, -2.65585],
							"lerp_mode": "catmullrom"
						},
						"1.7917": {
							"post": [2.5, -20, 0],
							"lerp_mode": "catmullrom"
						},
						"2.25": {
							"post": [2.5, -20, 0],
							"lerp_mode": "catmullrom"
						},
						"2.6667": [19.61827, -18.32896, -19.17452]
					},
					"position": {
						"0.0": [0, 0, 0],
						"2.6667": [0, 1, 0]
					}
				},
				"left_calf": {
					"rotation": {
						"0.0": [42.3178, -6.9553, 0.2782],
						"0.4583": {
							"pre": [49.36606, -0.3532, 5.19361],
							"post": [49.36606, -0.3532, 5.19361],
							"lerp_mode": "catmullrom"
						},
						"0.7917": {
							"post": [49.36606, -0.3532, 5.19361],
							"lerp_mode": "catmullrom"
						},
						"1.1667": {
							"post": [46.86325, -0.27693, 5.27154],
							"lerp_mode": "catmullrom"
						},
						"1.7917": [49.36606, -0.3532, 5.19361],
						"2.0833": [54.36606, -0.3532, 5.19361],
						"2.25": [49.36606, -0.3532, 5.19361],
						"2.6667": [46.73622, -2.43321, 3.63723]
					}
				},
				"rightleg": {
					"rotation": {
						"0.0": [-12.3856, -9.9136, 28.68155],
						"0.4583": {
							"pre": [-21.23059, -6.39395, 38.13907],
							"post": [-21.23059, -6.39395, 38.13907],
							"lerp_mode": "catmullrom"
						},
						"0.7917": {
							"post": [-21.23059, -6.39395, 38.13907],
							"lerp_mode": "catmullrom"
						},
						"1.1667": {
							"post": [-20.63299, -8.18125, 33.43118],
							"lerp_mode": "catmullrom"
						},
						"1.7917": [-21.23059, -6.39395, 38.13907],
						"2.25": [-21.23059, -6.39395, 38.13907],
						"2.6667": [-12.83629, -20.27591, 33.58295]
					},
					"position": {
						"0.0": [-0.5, -7.75, -1],
						"0.4583": {
							"pre": [-1.25, -9.75, -5.25],
							"post": [-1.25, -9.75, -5.25],
							"lerp_mode": "catmullrom"
						},
						"0.7917": {
							"post": [-1.25, -9.75, -5.25],
							"lerp_mode": "catmullrom"
						},
						"1.1667": {
							"post": [-3.25, -9.25, -5.25],
							"lerp_mode": "catmullrom"
						},
						"1.7917": [-1.25, -9.75, -5.25],
						"2.25": [-1.25, -9.75, -5.25],
						"2.375": [-3.35, -12.05, -11.15],
						"2.6667": [-8.25, -21.75, -19.25]
					}
				},
				"right_thigh": {
					"rotation": {
						"0.0": [-40.47741, 38.043, -11.5833],
						"0.4583": {
							"pre": [-34.16359, 39.9903, -9.45157],
							"post": [-34.16359, 39.9903, -9.45157],
							"lerp_mode": "catmullrom"
						},
						"0.7917": {
							"post": [-34.16359, 39.9903, -9.45157],
							"lerp_mode": "catmullrom"
						},
						"1.7917": [-34.16359, 39.9903, -9.45157],
						"2.0833": [-39.16359, 39.9903, -9.45157],
						"2.25": [-34.16359, 39.9903, -9.45157]
					},
					"position": {
						"0.0": [0, 0, 0],
						"2.0833": [1, -1, 0],
						"2.25": [0.5, -0.75, 0]
					}
				},
				"right_calf": {
					"rotation": {
						"0.0": [55.1949, 2.2504, 0.5792],
						"0.4583": {
							"pre": [75.07379, 7.02277, -0.91761],
							"post": [75.07379, 7.02277, -0.91761],
							"lerp_mode": "catmullrom"
						},
						"0.7917": {
							"post": [75.07379, 7.02277, -0.91761],
							"lerp_mode": "catmullrom"
						},
						"1.7917": [75.07379, 7.02277, -0.91761],
						"2.0833": [77.57379, 7.02277, -0.91761],
						"2.25": [75.07379, 7.02277, -0.91761],
						"2.375": [94.05586, 4.52906, -1.09571],
						"2.6667": [130.07379, 7.02277, -0.91761]
					}
				},
				"Lred1": {
					"rotation": {
						"0.0": [-15.2385, 7.3378, -2.5791],
						"0.2083": {
							"pre": [-50.2385, 7.3378, -2.5791],
							"post": [-50.2385, 7.3378, -2.5791],
							"lerp_mode": "catmullrom"
						},
						"0.4167": {
							"post": [-89.34504, 24.56548, 0.63446],
							"lerp_mode": "catmullrom"
						},
						"0.7083": [-84.12551, 47.06357, 1.00241],
						"0.8333": [-79.12551, 47.06357, 1.00241],
						"0.9583": [-74.12551, 47.06357, 1.00241]
					}
				},
				"leftlegguard": {
					"rotation": [10, 0, 0],
					"position": [0, 1, 0]
				},
				"rightleftguard": {
					"rotation": [10.00933, -2.462, -0.43439],
					"position": [0, 1, 0]
				},
				"lefteye": {
					"position": {
						"0.0": [0, 0, 0],
						"0.8333": [0, 0, 0],
						"0.875": [0, 0, 1]
					}
				},
				"righteye6": {
					"position": {
						"0.0": [0, 0, 0],
						"0.8333": [0, 0, 0],
						"0.875": [0, 0, 1]
					}
				},
				"eyelids": {
					"position": {
						"0.0": [0, 0, 0],
						"0.875": [0, 0, -1]
					}
				}
			}
		},
		"animation.deoxysspeed.battle_stance": {
			"loop": true,
			"animation_length": 2.5,
			"bones": {
				"body": {
					"rotation": [15.12353, -7.24305, -1.95155],
					"position": ["-0.25-math.sin((query.anim_time)*288)*0.3", "-7+math.cos((query.anim_time)*576)*0.15", "-2.25-math.sin((query.anim_time)*288)*0.4"]
				},
				"hips": {
					"rotation": [-7.52832, "-4.9571-math.sin((query.anim_time)*288)*1.5", "0.6543-math.sin((query.anim_time)*288)*1.5"],
					"position": [0, "0+math.sin((query.anim_time)*288)*0.15", 0]
				},
				"left_arm": {
					"rotation": [-2.66459, -14.70843, 10.42981],
					"position": [0, 0, -0.5]
				},
				"Lred2": {
					"rotation": ["0-math.sin((query.anim_time-0.1)*288)*2", 0, "15-math.sin((query.anim_time-0.1)*288)*2"]
				},
				"Lred3": {
					"rotation": ["0-math.sin((query.anim_time-0.2)*288)*2", "0+math.sin((query.anim_time-0.2)*288)*2", "15-math.sin((query.anim_time-0.2)*288)*2"]
				},
				"Lred4": {
					"rotation": [0.17442, "0.0038+math.sin((query.anim_time-0.3)*288)*4", "19.9939-math.sin((query.anim_time-0.3)*288)*1"]
				},
				"Lred5": {
					"rotation": [0, "0+math.sin((query.anim_time-0.4)*288)*1.5", "17.5-math.sin((query.anim_time-0.4)*288)*1.5"]
				},
				"Lred6": {
					"rotation": [0, "0+math.sin((query.anim_time-0.5)*288)*2", "10-math.sin((query.anim_time-0.5)*288)*2"]
				},
				"Lred7": {
					"rotation": [0, "0+math.sin((query.anim_time-0.6)*288)*6", "10-math.sin((query.anim_time-0.6)*288)*3"]
				},
				"right_arm": {
					"rotation": [5.43004, -37.12619, -14.59327],
					"position": [0, 0, -0.25]
				},
				"Rblue1": {
					"rotation": ["0+math.sin((query.anim_time-0.4)*288)*2", "30-math.sin((query.anim_time-0.2)*288)*5", "7.5+math.sin((query.anim_time)*288)*2"]
				},
				"Rblue2": {
					"rotation": ["0+math.sin((query.anim_time-0.1)*288)*2", 0, "-12.5+math.sin((query.anim_time-0.1)*288)*2"]
				},
				"Rblue3": {
					"rotation": ["0+math.sin((query.anim_time-0.2)*288)*2", "0-math.sin((query.anim_time-0.2)*288)*2", "-15+math.sin((query.anim_time-0.2)*288)*2"]
				},
				"Rblue4": {
					"rotation": [0, "0-math.sin((query.anim_time-0.3)*288)*4", "-15+math.sin((query.anim_time-0.3)*288)*2"]
				},
				"Rblue5": {
					"rotation": [0, "0-math.sin((query.anim_time-0.4)*288)*1.5", "-15+math.sin((query.anim_time-0.4)*288)*2"]
				},
				"Rblue6": {
					"rotation": [0, "0-math.sin((query.anim_time-0.5)*288)*4", "-15+math.sin((query.anim_time-0.5)*288)*2"]
				},
				"Rblue7": {
					"rotation": [0.06555, "-0.0028-math.sin((query.anim_time-0.6)*288)*8", "-9.9996+math.sin((query.anim_time-0.6)*288)*3"]
				},
				"head": {
					"rotation": [
						"-2.4618-math.sin((query.anim_time-0.6)*288)*0.5",
						"7.5047-math.sin((query.anim_time-0.6)*288)*0.5",
						"0.2197-math.cos((query.anim_time-0.6)*288)*0.7"
					]
				},
				"leftleg": {
					"rotation": ["2.5355+math.sin((query.anim_time)*288)*3", "2.4738+math.sin((query.anim_time)*288)*2", -26.95546],
					"position": ["0.75-math.sin((query.anim_time)*288)*0.4", "-7+math.sin((query.anim_time)*288)*0.4", "0.25+math.sin((query.anim_time)*288)*0.4"]
				},
				"left_thigh": {
					"rotation": [0, "-20-math.sin((query.anim_time)*288)*1", 0]
				},
				"left_calf": {
					"rotation": ["42.3178-math.sin((query.anim_time)*288)*6.5", "-6.9553+math.sin((query.anim_time)*288)*1", "0.2782+math.sin((query.anim_time)*288)*4"]
				},
				"rightleg": {
					"rotation": ["-12.3856-math.sin((query.anim_time)*288)*3", "-9.9136-math.sin((query.anim_time)*288)*2", 28.68155],
					"position": ["-0.5-math.sin((query.anim_time)*288)*0.4", "-7.75-math.sin((query.anim_time)*288)*0.2", "-1-math.sin((query.anim_time)*288)*0.4"]
				},
				"right_thigh": {
					"rotation": [-40.47741, "38.043+math.sin((query.anim_time)*288)*1", -11.5833]
				},
				"right_calf": {
					"rotation": ["55.1949+math.sin((query.anim_time)*288)*4", "2.2504-math.sin((query.anim_time)*288)*1", "0.5792+math.sin((query.anim_time)*288)*4"]
				},
				"Lred1": {
					"rotation": [
						"-15.2385-math.sin((query.anim_time-0.4)*288)*2",
						"7.3378+math.sin((query.anim_time-0.2)*288)*5",
						"-2.5791-math.sin((query.anim_time-0.4)*288)*2"
					]
				},
				"leftlegguard": {
					"rotation": ["10-math.sin((query.anim_time)*288)*2", 0, 0],
					"position": [0, 1, 0]
				},
				"rightleftguard": {
					"rotation": [10.00933, "-2.462+math.sin((query.anim_time)*288)*2", -0.43439],
					"position": [0, 1, 0]
				}
			}
		}
	}
}