{
    "enabled": true,
    "neededInstalledMods": [],
    "neededUninstalledMods": [],
    "spawns": [
        {
            "id": "zorua-hisuian",
            "pokemon": "zorua hisuian=true",
            "type": "pokemon",
            "context": "grounded",
            "bucket": "rare",
            "level": "15-20",
            "weight": 8.4,
            "condition": {
                "canSeeSky": true,
                "biomes": [
                    "#cobblemon:is_snowy_forest"
                ]
            }
        }
    ]
}