{
  "implemented": true,
  "name": "Ambipom",
  "nationalPokedexNumber": 424,
  "primaryType": "normal",
  "abilities": [
    "technician",
    "pickup",
    "h:skilllink"
  ],
  "baseStats": {
    "hp": 75,
    "attack": 100,
    "defence": 66,
    "special_attack": 60,
    "special_defence": 66,
    "speed": 115
  },
  "catchRate": 45,
  "maleRatio": 0.5,
  "shoulderMountable": false,
  "baseExperienceYield": 169,
  "experienceGroup": "fast",
  "eggCycles": 20,
  "eggGroups": [
    "field"
  ],
  "behaviour": {
    "moving": {
      "walk": {
        "walkSpeed": 0.25
      }
    }
  },
  "moves": [
    "1:astonish",
    "1:dualchop",
    "1:sandattack",
    "1:scratch",
    "1:tailwhip",
    "11:batonpass",
    "15:tickle",
    "18:furyswipes",
    "22:swift",
    "25:screech",
    "29:agility",
    "32:doublehit",
    "36:fling",
    "39:nastyplot",
    "43:lastresort",
    "100:acrobatics",
    "100:aerialace",
    "100:attract",
    "100:brickbreak",
    "100:captivate",
    "100:confide",
    "100:cut",
    "100:dig",
    "100:doubleteam",
    "100:dreameater",
    "100:endure",
    "100:facade",
    "100:fling",
    "100:focuspunch",
    "100:frustration",
    "100:gigaimpact",
    "100:grassknot",
    "100:hiddenpower",
    "100:honeclaws",
    "100:hyperbeam",
    "100:irontail",
    "100:lowsweep",
    "100:naturalgift",
    "100:payback",
    "100:poweruppunch",
    "100:protect",
    "100:raindance",
    "100:rest",
    "100:retaliate",
    "100:return",
    "100:rocksmash",
    "100:round",
    "100:secretpower",
    "100:shadowball",
    "100:shadowclaw",
    "100:shockwave",
    "100:sleeptalk",
    "100:snatch",
    "100:solarbeam",
    "100:strength",
    "100:substitute",
    "100:sunnyday",
    "100:swagger",
    "100:taunt",
    "100:thief",
    "100:thunder",
    "100:thunderbolt",
    "100:thunderwave",
    "100:toxic",
    "100:uturn",
    "100:waterpulse",
    "100:workup",
    "100:bounce",
    "100:covet",
    "100:firepunch",
    "100:focuspunch",
    "100:foulplay",
    "100:furycutter",
    "100:gunkshot",
    "100:headbutt",
    "100:icepunch",
    "100:irontail",
    "100:knockoff",
    "100:laserfocus",
    "100:lastresort",
    "100:lowkick",
    "100:mudslap",
    "100:roleplay",
    "100:seedbomb",
    "100:shockwave",
    "100:sleeptalk",
    "100:snatch",
    "100:snore",
    "100:spite",
    "100:swift",
    "100:thunderpunch",
    "100:uproar",
    "100:waterpulse"
  ],
  "labels": [
    "gen4"
  ],
  "pokedex": [
    "cobblemon.species.ambipom.desc"
  ],
  "preEvolution": "aipom",
  "evolutions": [],
  "baseScale": 0.6,
  "hitbox": {
    "width": 0.9,
    "height": 2.0,
    "fixed": false
  },
  "baseFriendship": 100,
  "evYield": {
    "hp": 0,
    "attack": 0,
    "defence": 0,
    "special_attack": 0,
    "special_defence": 0,
    "speed": 2
  },
  "height": 12,
  "weight": 203,
  "aspects": [],
  "cannotDynamax": false,
  "drops": {
    "amount": 1,
    "entries": [
      {
        "item": "cobblemon:nanab_berry",
        "percentage": 5.0
      }
    ]
  }
}