{
  "name": "Arceus",
  "nationalPokedexNumber": 493,
  "primaryType": "normal",
  "abilities": [
    "multitype"
  ],
  "baseStats": {
    "hp": 120,
    "attack": 120,
    "defence": 120,
    "special_attack": 120,
    "special_defence": 120,
    "speed": 120
  },
  "catchRate": 3,
  "maleRatio": -1,
  "shoulderMountable": false,
  "forms": [
    {
      "name": "Bug",
      "primaryType": "bug",
      "abilities": [
        "multitype"
      ],
      "baseStats": {
        "hp": 120,
        "attack": 120,
        "defence": 120,
        "special_attack": 120,
        "special_defence": 120,
        "speed": 120
      },
      "catchRate": 3,
      "maleRatio": -1,
      "baseExperienceYield": 324,
      "baseFriendship": 0,
      "evYield": {
        "hp": 3,
        "attack": 0,
        "defence": 0,
        "special_attack": 0,
        "special_defence": 0,
        "speed": 0
      },
      "experienceGroup": "slow",
      "eggCycles": 120,
      "eggGroups": [
        "undiscovered"
      ],
      "labels": [
        "gen4",
        "mythical",
        "legendary"
      ],
      "aspects": [
        "bug"
      ],
      "height": 32,
      "weight": 3200,
      "evolutions": [],
      "cannotDynamax": false,
      "battleOnly": false
    },
    {
      "name": "Dark",
      "primaryType": "dark",
      "abilities": [
        "multitype"
      ],
      "baseStats": {
        "hp": 120,
        "attack": 120,
        "defence": 120,
        "special_attack": 120,
        "special_defence": 120,
        "speed": 120
      },
      "catchRate": 3,
      "maleRatio": -1,
      "baseExperienceYield": 324,
      "baseFriendship": 0,
      "evYield": {
        "hp": 3,
        "attack": 0,
        "defence": 0,
        "special_attack": 0,
        "special_defence": 0,
        "speed": 0
      },
      "experienceGroup": "slow",
      "eggCycles": 120,
      "eggGroups": [
        "undiscovered"
      ],
      "labels": [
        "gen4",
        "mythical",
        "legendary"
      ],
      "aspects": [
        "dark"
      ],
      "height": 32,
      "weight": 3200,
      "evolutions": [],
      "cannotDynamax": false,
      "battleOnly": false
    },
    {
      "name": "Dragon",
      "primaryType": "dragon",
      "abilities": [
        "multitype"
      ],
      "baseStats": {
        "hp": 120,
        "attack": 120,
        "defence": 120,
        "special_attack": 120,
        "special_defence": 120,
        "speed": 120
      },
      "catchRate": 3,
      "maleRatio": -1,
      "baseExperienceYield": 324,
      "baseFriendship": 0,
      "evYield": {
        "hp": 3,
        "attack": 0,
        "defence": 0,
        "special_attack": 0,
        "special_defence": 0,
        "speed": 0
      },
      "experienceGroup": "slow",
      "eggCycles": 120,
      "eggGroups": [
        "undiscovered"
      ],
      "labels": [
        "gen4",
        "mythical",
        "legendary"
      ],
      "aspects": [
        "dragon"
      ],
      "height": 32,
      "weight": 3200,
      "evolutions": [],
      "cannotDynamax": false,
      "battleOnly": false
    },
    {
      "name": "Electric",
      "primaryType": "electric",
      "abilities": [
        "multitype"
      ],
      "baseStats": {
        "hp": 120,
        "attack": 120,
        "defence": 120,
        "special_attack": 120,
        "special_defence": 120,
        "speed": 120
      },
      "catchRate": 3,
      "maleRatio": -1,
      "baseExperienceYield": 324,
      "baseFriendship": 0,
      "evYield": {
        "hp": 3,
        "attack": 0,
        "defence": 0,
        "special_attack": 0,
        "special_defence": 0,
        "speed": 0
      },
      "experienceGroup": "slow",
      "eggCycles": 120,
      "eggGroups": [
        "undiscovered"
      ],
      "labels": [
        "gen4",
        "mythical",
        "legendary"
      ],
      "aspects": [
        "electric"
      ],
      "height": 32,
      "weight": 3200,
      "evolutions": [],
      "cannotDynamax": false,
      "battleOnly": false
    },
    {
      "name": "Fairy",
      "primaryType": "fairy",
      "abilities": [
        "multitype"
      ],
      "baseStats": {
        "hp": 120,
        "attack": 120,
        "defence": 120,
        "special_attack": 120,
        "special_defence": 120,
        "speed": 120
      },
      "catchRate": 3,
      "maleRatio": -1,
      "baseExperienceYield": 324,
      "baseFriendship": 0,
      "evYield": {
        "hp": 3,
        "attack": 0,
        "defence": 0,
        "special_attack": 0,
        "special_defence": 0,
        "speed": 0
      },
      "experienceGroup": "slow",
      "eggCycles": 120,
      "eggGroups": [
        "undiscovered"
      ],
      "labels": [
        "gen6",
        "mythical",
        "legendary"
      ],
      "aspects": [
        "fairy"
      ],
      "height": 32,
      "weight": 3200,
      "evolutions": [],
      "cannotDynamax": false,
      "battleOnly": false
    },
    {
      "name": "Fighting",
      "primaryType": "fighting",
      "abilities": [
        "multitype"
      ],
      "baseStats": {
        "hp": 120,
        "attack": 120,
        "defence": 120,
        "special_attack": 120,
        "special_defence": 120,
        "speed": 120
      },
      "catchRate": 3,
      "maleRatio": -1,
      "baseExperienceYield": 324,
      "baseFriendship": 0,
      "evYield": {
        "hp": 3,
        "attack": 0,
        "defence": 0,
        "special_attack": 0,
        "special_defence": 0,
        "speed": 0
      },
      "experienceGroup": "slow",
      "eggCycles": 120,
      "eggGroups": [
        "undiscovered"
      ],
      "labels": [
        "gen4",
        "mythical",
        "legendary"
      ],
      "aspects": [
        "fighting"
      ],
      "height": 32,
      "weight": 3200,
      "evolutions": [],
      "cannotDynamax": false,
      "battleOnly": false
    },
    {
      "name": "Fire",
      "primaryType": "fire",
      "abilities": [
        "multitype"
      ],
      "baseStats": {
        "hp": 120,
        "attack": 120,
        "defence": 120,
        "special_attack": 120,
        "special_defence": 120,
        "speed": 120
      },
      "catchRate": 3,
      "maleRatio": -1,
      "baseExperienceYield": 324,
      "baseFriendship": 0,
      "evYield": {
        "hp": 3,
        "attack": 0,
        "defence": 0,
        "special_attack": 0,
        "special_defence": 0,
        "speed": 0
      },
      "experienceGroup": "slow",
      "eggCycles": 120,
      "eggGroups": [
        "undiscovered"
      ],
      "labels": [
        "gen4",
        "mythical",
        "legendary"
      ],
      "aspects": [
        "fire"
      ],
      "height": 32,
      "weight": 3200,
      "evolutions": [],
      "cannotDynamax": false,
      "battleOnly": false
    },
    {
      "name": "Flying",
      "primaryType": "flying",
      "abilities": [
        "multitype"
      ],
      "baseStats": {
        "hp": 120,
        "attack": 120,
        "defence": 120,
        "special_attack": 120,
        "special_defence": 120,
        "speed": 120
      },
      "catchRate": 3,
      "maleRatio": -1,
      "baseExperienceYield": 324,
      "baseFriendship": 0,
      "evYield": {
        "hp": 3,
        "attack": 0,
        "defence": 0,
        "special_attack": 0,
        "special_defence": 0,
        "speed": 0
      },
      "experienceGroup": "slow",
      "eggCycles": 120,
      "eggGroups": [
        "undiscovered"
      ],
      "labels": [
        "gen4",
        "mythical",
        "legendary"
      ],
      "aspects": [
        "flying"
      ],
      "height": 32,
      "weight": 3200,
      "evolutions": [],
      "cannotDynamax": false,
      "battleOnly": false
    },
    {
      "name": "Ghost",
      "primaryType": "ghost",
      "abilities": [
        "multitype"
      ],
      "baseStats": {
        "hp": 120,
        "attack": 120,
        "defence": 120,
        "special_attack": 120,
        "special_defence": 120,
        "speed": 120
      },
      "catchRate": 3,
      "maleRatio": -1,
      "baseExperienceYield": 324,
      "baseFriendship": 0,
      "evYield": {
        "hp": 3,
        "attack": 0,
        "defence": 0,
        "special_attack": 0,
        "special_defence": 0,
        "speed": 0
      },
      "experienceGroup": "slow",
      "eggCycles": 120,
      "eggGroups": [
        "undiscovered"
      ],
      "labels": [
        "gen4",
        "mythical",
        "legendary"
      ],
      "aspects": [
        "ghost"
      ],
      "height": 32,
      "weight": 3200,
      "evolutions": [],
      "cannotDynamax": false,
      "battleOnly": false
    },
    {
      "name": "Grass",
      "primaryType": "grass",
      "abilities": [
        "multitype"
      ],
      "baseStats": {
        "hp": 120,
        "attack": 120,
        "defence": 120,
        "special_attack": 120,
        "special_defence": 120,
        "speed": 120
      },
      "catchRate": 3,
      "maleRatio": -1,
      "baseExperienceYield": 324,
      "baseFriendship": 0,
      "evYield": {
        "hp": 3,
        "attack": 0,
        "defence": 0,
        "special_attack": 0,
        "special_defence": 0,
        "speed": 0
      },
      "experienceGroup": "slow",
      "eggCycles": 120,
      "eggGroups": [
        "undiscovered"
      ],
      "labels": [
        "gen4",
        "mythical",
        "legendary"
      ],
      "aspects": [
        "grass"
      ],
      "height": 32,
      "weight": 3200,
      "evolutions": [],
      "cannotDynamax": false,
      "battleOnly": false
    },
    {
      "name": "Ground",
      "primaryType": "ground",
      "abilities": [
        "multitype"
      ],
      "baseStats": {
        "hp": 120,
        "attack": 120,
        "defence": 120,
        "special_attack": 120,
        "special_defence": 120,
        "speed": 120
      },
      "catchRate": 3,
      "maleRatio": -1,
      "baseExperienceYield": 324,
      "baseFriendship": 0,
      "evYield": {
        "hp": 3,
        "attack": 0,
        "defence": 0,
        "special_attack": 0,
        "special_defence": 0,
        "speed": 0
      },
      "experienceGroup": "slow",
      "eggCycles": 120,
      "eggGroups": [
        "undiscovered"
      ],
      "labels": [
        "gen4",
        "mythical",
        "legendary"
      ],
      "aspects": [
        "ground"
      ],
      "height": 32,
      "weight": 3200,
      "evolutions": [],
      "cannotDynamax": false,
      "battleOnly": false
    },
    {
      "name": "Ice",
      "primaryType": "ice",
      "abilities": [
        "multitype"
      ],
      "baseStats": {
        "hp": 120,
        "attack": 120,
        "defence": 120,
        "special_attack": 120,
        "special_defence": 120,
        "speed": 120
      },
      "catchRate": 3,
      "maleRatio": -1,
      "baseExperienceYield": 324,
      "baseFriendship": 0,
      "evYield": {
        "hp": 3,
        "attack": 0,
        "defence": 0,
        "special_attack": 0,
        "special_defence": 0,
        "speed": 0
      },
      "experienceGroup": "slow",
      "eggCycles": 120,
      "eggGroups": [
        "undiscovered"
      ],
      "labels": [
        "gen4",
        "mythical",
        "legendary"
      ],
      "aspects": [
        "ice"
      ],
      "height": 32,
      "weight": 3200,
      "evolutions": [],
      "cannotDynamax": false,
      "battleOnly": false
    },
    {
      "name": "Poison",
      "primaryType": "poison",
      "abilities": [
        "multitype"
      ],
      "baseStats": {
        "hp": 120,
        "attack": 120,
        "defence": 120,
        "special_attack": 120,
        "special_defence": 120,
        "speed": 120
      },
      "catchRate": 3,
      "maleRatio": -1,
      "baseExperienceYield": 324,
      "baseFriendship": 0,
      "evYield": {
        "hp": 3,
        "attack": 0,
        "defence": 0,
        "special_attack": 0,
        "special_defence": 0,
        "speed": 0
      },
      "experienceGroup": "slow",
      "eggCycles": 120,
      "eggGroups": [
        "undiscovered"
      ],
      "labels": [
        "gen4",
        "mythical",
        "legendary"
      ],
      "aspects": [
        "poison"
      ],
      "height": 32,
      "weight": 3200,
      "evolutions": [],
      "cannotDynamax": false,
      "battleOnly": false
    },
    {
      "name": "Psychic",
      "primaryType": "psychic",
      "abilities": [
        "multitype"
      ],
      "baseStats": {
        "hp": 120,
        "attack": 120,
        "defence": 120,
        "special_attack": 120,
        "special_defence": 120,
        "speed": 120
      },
      "catchRate": 3,
      "maleRatio": -1,
      "baseExperienceYield": 324,
      "baseFriendship": 0,
      "evYield": {
        "hp": 3,
        "attack": 0,
        "defence": 0,
        "special_attack": 0,
        "special_defence": 0,
        "speed": 0
      },
      "experienceGroup": "slow",
      "eggCycles": 120,
      "eggGroups": [
        "undiscovered"
      ],
      "labels": [
        "gen4",
        "mythical",
        "legendary"
      ],
      "aspects": [
        "psychic"
      ],
      "height": 32,
      "weight": 3200,
      "evolutions": [],
      "cannotDynamax": false,
      "battleOnly": false
    },
    {
      "name": "Rock",
      "primaryType": "rock",
      "abilities": [
        "multitype"
      ],
      "baseStats": {
        "hp": 120,
        "attack": 120,
        "defence": 120,
        "special_attack": 120,
        "special_defence": 120,
        "speed": 120
      },
      "catchRate": 3,
      "maleRatio": -1,
      "baseExperienceYield": 324,
      "baseFriendship": 0,
      "evYield": {
        "hp": 3,
        "attack": 0,
        "defence": 0,
        "special_attack": 0,
        "special_defence": 0,
        "speed": 0
      },
      "experienceGroup": "slow",
      "eggCycles": 120,
      "eggGroups": [
        "undiscovered"
      ],
      "labels": [
        "gen4",
        "mythical",
        "legendary"
      ],
      "aspects": [
        "rock"
      ],
      "height": 32,
      "weight": 3200,
      "evolutions": [],
      "cannotDynamax": false,
      "battleOnly": false
    },
    {
      "name": "Steel",
      "primaryType": "steel",
      "abilities": [
        "multitype"
      ],
      "baseStats": {
        "hp": 120,
        "attack": 120,
        "defence": 120,
        "special_attack": 120,
        "special_defence": 120,
        "speed": 120
      },
      "catchRate": 3,
      "maleRatio": -1,
      "baseExperienceYield": 324,
      "baseFriendship": 0,
      "evYield": {
        "hp": 3,
        "attack": 0,
        "defence": 0,
        "special_attack": 0,
        "special_defence": 0,
        "speed": 0
      },
      "experienceGroup": "slow",
      "eggCycles": 120,
      "eggGroups": [
        "undiscovered"
      ],
      "labels": [
        "gen4",
        "mythical",
        "legendary"
      ],
      "aspects": [
        "steel"
      ],
      "height": 32,
      "weight": 3200,
      "evolutions": [],
      "cannotDynamax": false,
      "battleOnly": false
    },
    {
      "name": "Water",
      "primaryType": "water",
      "abilities": [
        "multitype"
      ],
      "baseStats": {
        "hp": 120,
        "attack": 120,
        "defence": 120,
        "special_attack": 120,
        "special_defence": 120,
        "speed": 120
      },
      "catchRate": 3,
      "maleRatio": -1,
      "baseExperienceYield": 324,
      "baseFriendship": 0,
      "evYield": {
        "hp": 3,
        "attack": 0,
        "defence": 0,
        "special_attack": 0,
        "special_defence": 0,
        "speed": 0
      },
      "experienceGroup": "slow",
      "eggCycles": 120,
      "eggGroups": [
        "undiscovered"
      ],
      "labels": [
        "gen4",
        "mythical",
        "legendary"
      ],
      "aspects": [
        "water"
      ],
      "height": 32,
      "weight": 3200,
      "evolutions": [],
      "cannotDynamax": false,
      "battleOnly": false
    }
  ],
  "baseExperienceYield": 324,
  "experienceGroup": "slow",
  "eggCycles": 120,
  "eggGroups": [
    "undiscovered"
  ],
  "moves": [
    "1:cosmicpower",
    "1:naturalgift",
    "1:punishment",
    "1:seismictoss",
    "10:gravity",
    "20:earthpower",
    "30:hypervoice",
    "40:extremespeed",
    "50:healingwish",
    "50:refresh",
    "60:futuresight",
    "70:recover",
    "80:hyperbeam",
    "90:perishsong",
    "100:judgment",
    "100:acidspray",
    "100:aerialace",
    "100:agility",
    "100:airslash",
    "100:aurasphere",
    "100:avalanche",
    "100:blizzard",
    "100:bodypress",
    "100:bodyslam",
    "100:brickbreak",
    "100:brine",
    "100:bugbuzz",
    "100:bulkup",
    "100:bulldoze",
    "100:bulletseed",
    "100:calmmind",
    "100:chargebeam",
    "100:chillingwater",
    "100:confide",
    "100:confuseray",
    "100:cut",
    "100:darkpulse",
    "100:dazzlinggleam",
    "100:defog",
    "100:dive",
    "100:doubleteam",
    "100:dracometeor",
    "100:dragonclaw",
    "100:dragondance",
    "100:dragonpulse",
    "100:dragontail",
    "100:dreameater",
    "100:earthpower",
    "100:earthquake",
    "100:echoedvoice",
    "100:electricterrain",
    "100:endure",
    "100:energyball",
    "100:facade",
    "100:fireblast",
    "100:flamethrower",
    "100:flareblitz",
    "100:flash",
    "100:flashcannon",
    "100:fly",
    "100:focusblast",
    "100:foulplay",
    "100:frustration",
    "100:gigadrain",
    "100:gigaimpact",
    "100:grassknot",
    "100:grassyterrain",
    "100:gunkshot",
    "100:hail",
    "100:heatwave",
    "100:heavyslam",
    "100:hex",
    "100:hiddenpower",
    "100:honeclaws",
    "100:hurricane",
    "100:hydropump",
    "100:hyperbeam",
    "100:hypervoice",
    "100:icebeam",
    "100:icywind",
    "100:imprison",
    "100:incinerate",
    "100:irondefense",
    "100:ironhead",
    "100:irontail",
    "100:lightscreen",
    "100:liquidation",
    "100:magicalleaf",
    "100:mistyterrain",
    "100:naturalgift",
    "100:outrage",
    "100:overheat",
    "100:payback",
    "100:phantomforce",
    "100:poisonjab",
    "100:powergem",
    "100:protect",
    "100:psychic",
    "100:psychicterrain",
    "100:psychup",
    "100:psyshock",
    "100:quash",
    "100:raindance",
    "100:recycle",
    "100:reflect",
    "100:rest",
    "100:retaliate",
    "100:return",
    "100:roar",
    "100:rockclimb",
    "100:rockslide",
    "100:rocksmash",
    "100:rocktomb",
    "100:round",
    "100:safeguard",
    "100:sandstorm",
    "100:scaryface",
    "100:secretpower",
    "100:shadowball",
    "100:shadowclaw",
    "100:shockwave",
    "100:silverwind",
    "100:sleeptalk",
    "100:sludgebomb",
    "100:snarl",
    "100:solarbeam",
    "100:stealthrock",
    "100:steelbeam",
    "100:stompingtantrum",
    "100:stoneedge",
    "100:storedpower",
    "100:strength",
    "100:substitute",
    "100:sunnyday",
    "100:surf",
    "100:swagger",
    "100:swift",
    "100:swordsdance",
    "100:tailwind",
    "100:takedown",
    "100:taunt",
    "100:telekinesis",
    "100:terablast",
    "100:thunder",
    "100:thunderbolt",
    "100:thunderwave",
    "100:toxic",
    "100:trailblaze",
    "100:trick",
    "100:trickroom",
    "100:waterfall",
    "100:waterpulse",
    "100:whirlpool",
    "100:wildcharge",
    "100:willowisp",
    "100:workup",
    "100:xscissor",
    "100:zenheadbutt",
    "100:ancientpower",
    "100:aquatail",
    "100:blastburn",
    "100:darkpulse",
    "100:defog",
    "100:dive",
    "100:dracometeor",
    "100:dragonpulse",
    "100:earthpower",
    "100:extremespeed",
    "100:furycutter",
    "100:gigadrain",
    "100:gravity",
    "100:headbutt",
    "100:heatwave",
    "100:hydrocannon",
    "100:hyperbeam",
    "100:hypervoice",
    "100:icywind",
    "100:irondefense",
    "100:ironhead",
    "100:irontail",
    "100:judgment",
    "100:laserfocus",
    "100:lastresort",
    "100:liquidation",
    "100:magiccoat",
    "100:mudslap",
    "100:ominouswind",
    "100:outrage",
    "100:perishsong",
    "100:recover",
    "100:recycle",
    "100:roaroftime",
    "100:shadowforce",
    "100:shockwave",
    "100:signalbeam",
    "100:sleeptalk",
    "100:snore",
    "100:spacialrend",
    "100:stealthrock",
    "100:swift",
    "100:tailwind",
    "100:telekinesis",
    "100:trick",
    "100:twister",
    "100:waterpulse",
    "100:zenheadbutt"
  ],
  "labels": [
    "gen4",
    "mythical",
    "legendary"
  ],
  "pokedex": [
    "cobblemon.species.arceus.desc"
  ],
  "evolutions": [],
  "baseScale": 1,
  "hitbox": {
    "width": 1,
    "height": 1,
    "fixed": false
  },
  "baseFriendship": 0,
  "evYield": {
    "hp": 3,
    "attack": 0,
    "defence": 0,
    "special_attack": 0,
    "special_defence": 0,
    "speed": 0
  },
  "height": 32,
  "weight": 3200,
  "aspects": [],
  "cannotDynamax": false
}