{
  "implemented": true,
  "name": "Bidoof",
  "nationalPokedexNumber": 399,
  "primaryType": "normal",
  "abilities": [
    "simple",
    "unaware",
    "h:moody"
  ],
  "drops": {
    "amount": 2,
    "entries": [
      {
        "item": "minecraft:stick",
        "quantityRange": "0-1"
      },
      {
        "item": "cobblemon:oran_berry",
        "percentage": 2.5
      }
    ]
  },
  "baseStats": {
    "hp": 59,
    "attack": 45,
    "defence": 40,
    "special_attack": 35,
    "special_defence": 40,
    "speed": 31
  },
  "catchRate": 255,
  "maleRatio": 0.5,
  "shoulderMountable": false,
  "baseExperienceYield": 50,
  "experienceGroup": "medium_fast",
  "eggCycles": 15,
  "eggGroups": [
    "water_1",
    "field"
  ],
  "behaviour": {
    "moving": {
      "walk": {
        "walkSpeed": 0.28
      },
      "swim": {
        "swimSpeed": 0.17,
        "canSwimInWater": true,
        "canBreatheUnderwater": true,
        "canWalkOnWater": true
      }
    },
    "resting": {
      "canSleep": true,
      "willSleepOnBed": true,
      "depth": "normal",
      "light": "0-4"
    }
  },
  "moves": [
    "1:growl",
    "1:tackle",
    "5:defensecurl",
    "5:growl",
    "9:defensecurl",
    "9:rollout",
    "13:headbutt",
    "13:rollout",
    "17:headbutt",
    "17:hyperfang",
    "21:hyperfang",
    "21:yawn",
    "25:crunch",
    "25:yawn",
    "29:amnesia",
    "29:takedown",
    "33:superfang",
    "33:takedown",
    "37:superfang",
    "37:swordsdance",
    "41:amnesia",
    "41:superpower",
    "45:curse",
    "45:superpower",
    "49:curse",
    "100:aquatail",
    "100:defensecurl",
    "100:doubleedge",
    "100:endure",
    "100:furyswipes",
    "100:mudsport",
    "100:odorsleuth",
    "100:quickattack",
    "100:rockclimb",
    "100:rollout",
    "100:skullbash",
    "100:sleeptalk",
    "100:watersport",
    "100:attract",
    "100:blizzard",
    "100:captivate",
    "100:chargebeam",
    "100:confide",
    "100:cut",
    "100:dig",
    "100:doubleteam",
    "100:echoedvoice",
    "100:endure",
    "100:facade",
    "100:frustration",
    "100:grassknot",
    "100:hiddenpower",
    "100:icebeam",
    "100:irontail",
    "100:naturalgift",
    "100:pluck",
    "100:protect",
    "100:raindance",
    "100:rest",
    "100:retaliate",
    "100:return",
    "100:rocksmash",
    "100:round",
    "100:secretpower",
    "100:shadowball",
    "100:shockwave",
    "100:sleeptalk",
    "100:stealthrock",
    "100:substitute",
    "100:sunnyday",
    "100:swagger",
    "100:swordsdance",
    "100:taunt",
    "100:thief",
    "100:thunder",
    "100:thunderbolt",
    "100:thunderwave",
    "100:toxic",
    "100:workup",
    "100:aquatail",
    "100:covet",
    "100:furycutter",
    "100:headbutt",
    "100:icywind",
    "100:irontail",
    "100:lastresort",
    "100:mudslap",
    "100:rollout",
    "100:secretpower",
    "100:shockwave",
    "100:sleeptalk",
    "100:snore",
    "100:stealthrock",
    "100:superfang",
    "100:superpower",
    "100:swift",
    "100:tackle"
  ],
  "labels": [
    "gen4"
  ],
  "pokedex": [
    "cobblemon.species.bidoof.desc"
  ],
  "evolutions": [
    {
      "id": "bidoof_bibarel",
      "variant": "level_up",
      "result": "bibarel",
      "consumeHeldItem": false,
      "learnableMoves": [],
      "requirements": [
        {
          "variant": "level",
          "minLevel": 15
        }
      ]
    }
  ],
  "baseScale": 0.6,
  "hitbox": {
    "width": 1,
    "height": 0.9,
    "fixed": false
  },
  "baseFriendship": 70,
  "evYield": {
    "hp": 1,
    "attack": 0,
    "defence": 0,
    "special_attack": 0,
    "special_defence": 0,
    "speed": 0
  },
  "height": 5,
  "weight": 200,
  "aspects": [],
  "cannotDynamax": false
}