{
  "name": "Bronzor",
  "nationalPokedexNumber": 436,
  "primaryType": "steel",
  "secondaryType": "psychic",
  "abilities": [
    "levitate",
    "heatproof",
    "h:heavymetal"
  ],
  "drops": {
    "amount": 4,
    "entries": [
      {
        "item": "minecraft:raw_iron",
        "quantityRange": "0-1"
      },
      {
        "item": "cobblemon:mental_herb",
        "percentage": 2.5
      },
      {
        "item": "cobblemon:light_clay",
        "percentage": 2.5
      },
      {
        "item": "cobblemon:occa_berry",
        "percentage": 2.5
      }
    ]
  },
  "baseStats": {
    "hp": 57,
    "attack": 24,
    "defence": 86,
    "special_attack": 24,
    "special_defence": 86,
    "speed": 23
  },
  "catchRate": 255,
  "maleRatio": -1,
  "shoulderMountable": false,
  "baseExperienceYield": 60,
  "experienceGroup": "medium_fast",
  "eggCycles": 20,
  "eggGroups": [
    "mineral"
  ],
  "moves": [
    "1:confusion",
    "1:tackle",
    "4:confuseray",
    "5:hypnosis",
    "7:hypnosis",
    "8:payback",
    "9:imprison",
    "11:confuseray",
    "12:imprison",
    "14:confuseray",
    "15:psywave",
    "16:gyroball",
    "19:extrasensory",
    "19:irondefense",
    "20:hypnosis",
    "21:feintattack",
    "24:safeguard",
    "25:safeguard",
    "26:irondefense",
    "28:extrasensory",
    "29:futuresight",
    "30:safeguard",
    "31:metalsound",
    "32:heavyslam",
    "35:gyroball",
    "36:irondefense",
    "37:futuresight",
    "39:extrasensory",
    "40:metalsound",
    "41:feintattack",
    "41:payback",
    "44:futuresight",
    "45:healblock",
    "49:heavyslam",
    "49:payback",
    "52:healblock",
    "100:gravity",
    "100:recycle",
    "100:allyswitch",
    "100:bodyslam",
    "100:bulldoze",
    "100:calmmind",
    "100:chargebeam",
    "100:confide",
    "100:confuseray",
    "100:doubleteam",
    "100:dreameater",
    "100:earthquake",
    "100:endure",
    "100:facade",
    "100:flash",
    "100:flashcannon",
    "100:frustration",
    "100:futuresight",
    "100:grassknot",
    "100:guardswap",
    "100:gyroball",
    "100:heavyslam",
    "100:helpinghand",
    "100:hex",
    "100:hiddenpower",
    "100:icespinner",
    "100:imprison",
    "100:irondefense",
    "100:ironhead",
    "100:lightscreen",
    "100:naturalgift",
    "100:payback",
    "100:powergem",
    "100:powerswap",
    "100:protect",
    "100:psychic",
    "100:psychicterrain",
    "100:psychup",
    "100:psyshock",
    "100:raindance",
    "100:recycle",
    "100:reflect",
    "100:rest",
    "100:return",
    "100:rockblast",
    "100:rockpolish",
    "100:rockslide",
    "100:rocktomb",
    "100:round",
    "100:safeguard",
    "100:sandstorm",
    "100:secretpower",
    "100:shadowball",
    "100:skillswap",
    "100:sleeptalk",
    "100:snore",
    "100:solarbeam",
    "100:speedswap",
    "100:stealthrock",
    "100:steelbeam",
    "100:stompingtantrum",
    "100:storedpower",
    "100:substitute",
    "100:sunnyday",
    "100:swagger",
    "100:takedown",
    "100:telekinesis",
    "100:terablast",
    "100:toxic",
    "100:trick",
    "100:trickroom",
    "100:wonderroom",
    "100:zenheadbutt",
    "100:allyswitch",
    "100:ancientpower",
    "100:expandingforce",
    "100:gravity",
    "100:hypnosis",
    "100:irondefense",
    "100:recycle",
    "100:rollout",
    "100:signalbeam",
    "100:skillswap",
    "100:sleeptalk",
    "100:snore",
    "100:stealthrock",
    "100:steelbeam",
    "100:steelroller",
    "100:telekinesis",
    "100:trick",
    "100:wonderroom"
  ],
  "labels": [
    "gen4"
  ],
  "pokedex": [
    "cobblemon.species.bronzor.desc"
  ],
  "evolutions": [
    {
      "id": "bronzor_bronzong",
      "variant": "level_up",
      "result": "bronzong",
      "consumeHeldItem": false,
      "learnableMoves": [
        "block"
      ],
      "requirements": [
        {
          "variant": "level",
          "minLevel": 33
        }
      ]
    }
  ],
  "baseScale": 1,
  "hitbox": {
    "width": 1,
    "height": 1,
    "fixed": false
  },
  "baseFriendship": 50,
  "evYield": {
    "hp": 0,
    "attack": 0,
    "defence": 1,
    "special_attack": 0,
    "special_defence": 0,
    "speed": 0
  },
  "height": 5,
  "weight": 605,
  "aspects": [],
  "cannotDynamax": false
}