{
  "name": "Budew",
  "nationalPokedexNumber": 406,
  "primaryType": "grass",
  "secondaryType": "poison",
  "abilities": [
    "naturalcure",
    "poisonpoint",
    "h:leafguard"
  ],
  "baseStats": {
    "hp": 40,
    "attack": 30,
    "defence": 35,
    "special_attack": 50,
    "special_defence": 70,
    "speed": 55
  },
  "catchRate": 255,
  "maleRatio": 0.5,
  "shoulderMountable": false,
  "baseExperienceYield": 56,
  "experienceGroup": "medium_slow",
  "eggCycles": 20,
  "eggGroups": [
    "undiscovered"
  ],
  "moves": [
    "1:absorb",
    "1:growth",
    "1:stunspore",
    "1:worryseed",
    "4:growth",
    "7:watersport",
    "10:stunspore",
    "13:megadrain",
    "16:worryseed",
    "100:cottonspore",
    "100:extrasensory",
    "100:gigadrain",
    "100:grasswhistle",
    "100:leafstorm",
    "100:lifedew",
    "100:mindreader",
    "100:naturalgift",
    "100:pinmissile",
    "100:razorleaf",
    "100:seedbomb",
    "100:sleeppowder",
    "100:spikes",
    "100:synthesis",
    "100:attract",
    "100:bulletseed",
    "100:captivate",
    "100:confide",
    "100:cut",
    "100:dazzlinggleam",
    "100:doubleteam",
    "100:endure",
    "100:energyball",
    "100:facade",
    "100:flash",
    "100:frustration",
    "100:gigadrain",
    "100:grassknot",
    "100:hiddenpower",
    "100:leafstorm",
    "100:naturalgift",
    "100:naturepower",
    "100:pinmissile",
    "100:protect",
    "100:psychup",
    "100:raindance",
    "100:rest",
    "100:return",
    "100:round",
    "100:secretpower",
    "100:seedbomb",
    "100:shadowball",
    "100:sleeptalk",
    "100:sludgebomb",
    "100:snore",
    "100:solarbeam",
    "100:spikes",
    "100:substitute",
    "100:sunnyday",
    "100:swagger",
    "100:swift",
    "100:swordsdance",
    "100:toxic",
    "100:uproar",
    "100:venoshock",
    "100:weatherball",
    "100:covet",
    "100:gigadrain",
    "100:grassyglide",
    "100:mudslap",
    "100:seedbomb",
    "100:sleeptalk",
    "100:snore",
    "100:swift",
    "100:synthesis",
    "100:uproar",
    "100:worryseed"
  ],
  "labels": [
    "gen4",
    "baby"
  ],
  "pokedex": [
    "cobblemon.species.budew.desc"
  ],
  "evolutions": [
    {
      "id": "budew_roselia",
      "variant": "level_up",
      "result": "roselia",
      "consumeHeldItem": false,
      "learnableMoves": [],
      "requirements": [
        {
          "variant": "friendship",
          "amount": 160
        },
        {
          "variant": "time_range",
          "range": "day"
        }
      ]
    }
  ],
  "baseScale": 1,
  "hitbox": {
    "width": 1,
    "height": 1,
    "fixed": false
  },
  "baseFriendship": 50,
  "evYield": {
    "hp": 0,
    "attack": 0,
    "defence": 0,
    "special_attack": 1,
    "special_defence": 0,
    "speed": 0
  },
  "height": 2,
  "weight": 12,
  "aspects": [],
  "cannotDynamax": false,
  "drops": {
    "amount": 2,
    "entries": [
      {
        "item": "cobblemon:poison_barb",
        "percentage": 2.5
      },
      {
        "item": "cobblemon:pecha_berry",
        "percentage": 2.5
      }
    ]
  }
}