{
  "implemented": true,
  "name": "Buneary",
  "nationalPokedexNumber": 427,
  "primaryType": "normal",
  "abilities": [
    "runaway",
    "klutz",
    "h:limber"
  ],
  "drops": {
    "amount": 5,
    "entries": [
      {
        "item": "minecraft:rabbit"
      },
      {
        "item": "minecraft:rabbit_hide",
        "quantityRange": "0-1"
      },
      {
        "item": "minecraft:rabbit_foot",
        "percentage": 2.5
      },
      {
        "item": "minecraft:carrot",
        "percentage": 2.5
      },
      {
        "item": "cobblemon:chople_berry",
        "percentage": 2.5
      }
    ]
  },
  "baseStats": {
    "hp": 55,
    "attack": 66,
    "defence": 44,
    "special_attack": 44,
    "special_defence": 56,
    "speed": 85
  },
  "catchRate": 190,
  "maleRatio": 0.5,
  "shoulderMountable": false,
  "baseExperienceYield": 70,
  "experienceGroup": "medium_fast",
  "eggCycles": 20,
  "eggGroups": [
    "field",
    "human_like"
  ],
  "moves": [
    "1:defensecurl",
    "1:foresight",
    "1:frustration",
    "1:pound",
    "1:splash",
    "4:defensecurl",
    "6:endure",
    "8:babydolleyes",
    "10:babydolleyes",
    "12:afteryou",
    "13:babydolleyes",
    "13:frustration",
    "16:quickattack",
    "20:doublekick",
    "23:jumpkick",
    "24:charm",
    "26:batonpass",
    "28:batonpass",
    "32:headbutt",
    "33:agility",
    "36:agility",
    "36:dizzypunch",
    "40:entrainment",
    "43:afteryou",
    "43:charm",
    "44:flatter",
    "46:bounce",
    "46:charm",
    "48:bounce",
    "50:entrainment",
    "52:healingwish",
    "53:entrainment",
    "53:healingwish",
    "56:bounce",
    "63:healingwish",
    "100:attract",
    "100:circlethrow",
    "100:copycat",
    "100:cosmicpower",
    "100:doublehit",
    "100:encore",
    "100:fakeout",
    "100:faketears",
    "100:firepunch",
    "100:flail",
    "100:focuspunch",
    "100:icepunch",
    "100:lowkick",
    "100:mudsport",
    "100:poweruppunch",
    "100:skyuppercut",
    "100:sweetkiss",
    "100:switcheroo",
    "100:teeterdance",
    "100:thunderpunch",
    "100:agility",
    "100:assurance",
    "100:attract",
    "100:batonpass",
    "100:bounce",
    "100:captivate",
    "100:chargebeam",
    "100:charm",
    "100:confide",
    "100:cosmicpower",
    "100:cut",
    "100:dig",
    "100:doubleteam",
    "100:drainpunch",
    "100:encore",
    "100:endure",
    "100:facade",
    "100:faketears",
    "100:firepunch",
    "100:fling",
    "100:focuspunch",
    "100:frustration",
    "100:grassknot",
    "100:helpinghand",
    "100:hiddenpower",
    "100:hypervoice",
    "100:icebeam",
    "100:icepunch",
    "100:irontail",
    "100:lowkick",
    "100:lowsweep",
    "100:megakick",
    "100:megapunch",
    "100:naturalgift",
    "100:payback",
    "100:playrough",
    "100:poweruppunch",
    "100:protect",
    "100:raindance",
    "100:rest",
    "100:retaliate",
    "100:return",
    "100:rocksmash",
    "100:round",
    "100:secretpower",
    "100:shadowball",
    "100:shockwave",
    "100:sleeptalk",
    "100:snore",
    "100:solarbeam",
    "100:substitute",
    "100:sunnyday",
    "100:swagger",
    "100:swift",
    "100:thunderbolt",
    "100:thunderpunch",
    "100:thunderwave",
    "100:toxic",
    "100:uproar",
    "100:waterpulse",
    "100:workup",
    "100:afteryou",
    "100:bounce",
    "100:covet",
    "100:drainpunch",
    "100:endeavor",
    "100:fakeout",
    "100:firepunch",
    "100:focuspunch",
    "100:foresight",
    "100:headbutt",
    "100:healbell",
    "100:helpinghand",
    "100:hypervoice",
    "100:icepunch",
    "100:irontail",
    "100:lastresort",
    "100:lowkick",
    "100:magiccoat",
    "100:mudslap",
    "100:shockwave",
    "100:sleeptalk",
    "100:snore",
    "100:swift",
    "100:thunderpunch",
    "100:tripleaxel",
    "100:uproar",
    "100:waterpulse"
  ],
  "labels": [
    "gen4"
  ],
  "pokedex": [
    "cobblemon.species.buneary.desc"
  ],
  "evolutions": [
    {
      "id": "buneary_lopunny",
      "variant": "level_up",
      "result": "lopunny",
      "consumeHeldItem": false,
      "learnableMoves": [],
      "requirements": [
        {
          "variant": "friendship",
          "amount": 160
        }
      ]
    }
  ],
  "baseScale": 0.5,
  "hitbox": {
    "width": 0.8,
    "height": 1.5,
    "fixed": false
  },
  "baseFriendship": 0,
  "evYield": {
    "hp": 0,
    "attack": 0,
    "defence": 0,
    "special_attack": 0,
    "special_defence": 0,
    "speed": 1
  },
  "height": 4,
  "weight": 55,
  "aspects": [],
  "cannotDynamax": false
}