{
  "implemented": true,
  "name": "Carnivine",
  "nationalPokedexNumber": 455,
  "primaryType": "grass",
  "abilities": [
    "levitate"
  ],
  "drops": {
    "amount": 3,
    "entries": [
      {
        "item": "cobblemon:miracle_seed",
        "percentage": 5.0
      },
      {
        "item": "cobblemon:big_root",
        "percentage": 5.0
      },
      {
        "item": "cobblemon:kebia_berry",
        "percentage": 5.0
      }
    ]
  },
  "baseStats": {
    "hp": 74,
    "attack": 100,
    "defence": 72,
    "special_attack": 90,
    "special_defence": 72,
    "speed": 46
  },
  "catchRate": 200,
  "maleRatio": 0.5,
  "shoulderMountable": false,
  "baseExperienceYield": 159,
  "experienceGroup": "slow",
  "eggCycles": 25,
  "eggGroups": [
    "grass"
  ],
  "moves": [
    "1:bind",
    "1:growth",
    "7:bite",
    "11:vinewhip",
    "17:sweetscent",
    "21:ingrain",
    "27:feintattack",
    "31:leaftornado",
    "31:spitup",
    "31:stockpile",
    "31:swallow",
    "37:crunch",
    "37:spitup",
    "37:stockpile",
    "37:swallow",
    "41:crunch",
    "41:wringout",
    "47:powerwhip",
    "47:wringout",
    "50:powerwhip",
    "51:powerwhip",
    "100:acidspray",
    "100:gigadrain",
    "100:grasswhistle",
    "100:leechseed",
    "100:magicalleaf",
    "100:ragepowder",
    "100:razorleaf",
    "100:slam",
    "100:sleeppowder",
    "100:stunspore",
    "100:synthesis",
    "100:worryseed",
    "100:attract",
    "100:bulletseed",
    "100:captivate",
    "100:confide",
    "100:cut",
    "100:doubleteam",
    "100:endure",
    "100:energyball",
    "100:facade",
    "100:flash",
    "100:fling",
    "100:frustration",
    "100:gigadrain",
    "100:gigaimpact",
    "100:grassknot",
    "100:hiddenpower",
    "100:hyperbeam",
    "100:infestation",
    "100:naturalgift",
    "100:naturepower",
    "100:payback",
    "100:protect",
    "100:rest",
    "100:return",
    "100:round",
    "100:secretpower",
    "100:sleeptalk",
    "100:sludgebomb",
    "100:solarbeam",
    "100:substitute",
    "100:sunnyday",
    "100:swagger",
    "100:swordsdance",
    "100:thief",
    "100:toxic",
    "100:bind",
    "100:bite",
    "100:bugbite",
    "100:defog",
    "100:furycutter",
    "100:gastroacid",
    "100:gigadrain",
    "100:knockoff",
    "100:mudslap",
    "100:ragepowder",
    "100:seedbomb",
    "100:sleeptalk",
    "100:snore",
    "100:synthesis",
    "100:throatchop",
    "100:worryseed"
  ],
  "labels": [
    "gen4"
  ],
  "pokedex": [
    "cobblemon.species.carnivine.desc"
  ],
  "evolutions": [],
  "baseScale": 0.75,
  "hitbox": {
    "width": 1.1,
    "height": 2.1,
    "fixed": false
  },
  "baseFriendship": 70,
  "evYield": {
    "hp": 0,
    "attack": 2,
    "defence": 0,
    "special_attack": 0,
    "special_defence": 0,
    "speed": 0
  },
  "height": 14,
  "weight": 270,
  "aspects": [],
  "cannotDynamax": false
}