{
  "name": "Cherrim",
  "nationalPokedexNumber": 421,
  "primaryType": "grass",
  "abilities": [
    "flowergift"
  ],
  "drops": {
    "amount": 2,
    "entries": [
      {
        "item": "cobblemon:miracle_seed",
        "percentage": 5.0
      },
      {
        "item": "cobblemon:cheri_berry",
        "percentage": 5.0
      }
    ]
  },
  "baseStats": {
    "hp": 70,
    "attack": 60,
    "defence": 70,
    "special_attack": 87,
    "special_defence": 78,
    "speed": 85
  },
  "catchRate": 75,
  "maleRatio": 0.5,
  "shoulderMountable": false,
  "forms": [
    {
      "name": "Sunshine",
      "primaryType": "grass",
      "abilities": [
        "flowergift"
      ],
      "baseStats": {
        "hp": 70,
        "attack": 60,
        "defence": 70,
        "special_attack": 87,
        "special_defence": 78,
        "speed": 85
      },
      "catchRate": 75,
      "maleRatio": 0.5,
      "baseExperienceYield": 158,
      "baseFriendship": 50,
      "evYield": {
        "hp": 0,
        "attack": 0,
        "defence": 0,
        "special_attack": 2,
        "special_defence": 0,
        "speed": 0
      },
      "experienceGroup": "medium_fast",
      "eggCycles": 20,
      "eggGroups": [
        "fairy",
        "grass"
      ],
      "labels": [
        "gen4"
      ],
      "aspects": [
        "sunshine"
      ],
      "height": 5,
      "weight": 93,
      "evolutions": [],
      "cannotDynamax": false,
      "battleOnly": true
    }
  ],
  "baseExperienceYield": 158,
  "experienceGroup": "medium_fast",
  "eggCycles": 20,
  "eggGroups": [
    "fairy",
    "grass"
  ],
  "moves": [
    "1:flowershield",
    "1:growth",
    "1:leafage",
    "1:leechseed",
    "1:morningsun",
    "1:petaldance",
    "1:tackle",
    "10:leechseed",
    "13:helpinghand",
    "15:helpinghand",
    "19:magicalleaf",
    "20:magicalleaf",
    "22:sunnyday",
    "25:petaldance",
    "28:leechseed",
    "30:worryseed",
    "34:takedown",
    "35:takedown",
    "41:petalblizzard",
    "43:solarbeam",
    "48:luckychant",
    "48:worryseed",
    "50:petalblizzard",
    "55:solarbeam",
    "62:petaldance",
    "100:attract",
    "100:bulletseed",
    "100:captivate",
    "100:confide",
    "100:dazzlinggleam",
    "100:doubleteam",
    "100:drainingkiss",
    "100:endure",
    "100:energyball",
    "100:facade",
    "100:flash",
    "100:frustration",
    "100:gigadrain",
    "100:gigaimpact",
    "100:grassknot",
    "100:grassyterrain",
    "100:helpinghand",
    "100:hiddenpower",
    "100:hyperbeam",
    "100:magicalleaf",
    "100:naturalgift",
    "100:naturepower",
    "100:playrough",
    "100:pollenpuff",
    "100:protect",
    "100:rest",
    "100:return",
    "100:round",
    "100:safeguard",
    "100:secretpower",
    "100:seedbomb",
    "100:sleeptalk",
    "100:snore",
    "100:solarbeam",
    "100:solarblade",
    "100:substitute",
    "100:sunnyday",
    "100:swagger",
    "100:swordsdance",
    "100:toxic",
    "100:weatherball",
    "100:gigadrain",
    "100:grassyglide",
    "100:helpinghand",
    "100:laserfocus",
    "100:rollout",
    "100:seedbomb",
    "100:sleeptalk",
    "100:snore",
    "100:synthesis",
    "100:worryseed"
  ],
  "labels": [
    "gen4"
  ],
  "pokedex": [
    "cobblemon.species.cherrim.desc"
  ],
  "preEvolution": "cherubi",
  "evolutions": [],
  "baseScale": 1,
  "hitbox": {
    "width": 1,
    "height": 1,
    "fixed": false
  },
  "baseFriendship": 50,
  "evYield": {
    "hp": 0,
    "attack": 0,
    "defence": 0,
    "special_attack": 2,
    "special_defence": 0,
    "speed": 0
  },
  "height": 5,
  "weight": 93,
  "aspects": [],
  "cannotDynamax": false
}