{
  "name": "Cherubi",
  "nationalPokedexNumber": 420,
  "primaryType": "grass",
  "abilities": [
    "chlorophyll"
  ],
  "drops": {
    "amount": 2,
    "entries": [
      {
        "item": "cobblemon:miracle_seed",
        "percentage": 2.5
      },
      {
        "item": "cobblemon:cheri_berry",
        "percentage": 2.5
      }
    ]
  },
  "baseStats": {
    "hp": 45,
    "attack": 35,
    "defence": 45,
    "special_attack": 62,
    "special_defence": 53,
    "speed": 35
  },
  "catchRate": 190,
  "maleRatio": 0.5,
  "shoulderMountable": false,
  "baseExperienceYield": 55,
  "experienceGroup": "medium_fast",
  "eggCycles": 20,
  "eggGroups": [
    "fairy",
    "grass"
  ],
  "moves": [
    "1:morningsun",
    "1:tackle",
    "5:leafage",
    "7:growth",
    "10:growth",
    "10:leechseed",
    "13:helpinghand",
    "15:helpinghand",
    "19:magicalleaf",
    "20:magicalleaf",
    "22:sunnyday",
    "26:leechseed",
    "28:worryseed",
    "30:takedown",
    "31:takedown",
    "35:petalblizzard",
    "37:solarbeam",
    "40:luckychant",
    "40:worryseed",
    "45:solarbeam",
    "47:petalblizzard",
    "100:aromatherapy",
    "100:defensecurl",
    "100:flowershield",
    "100:grasswhistle",
    "100:grassyterrain",
    "100:healingwish",
    "100:healpulse",
    "100:naturalgift",
    "100:naturepower",
    "100:razorleaf",
    "100:rollout",
    "100:seedbomb",
    "100:sweetscent",
    "100:tickle",
    "100:weatherball",
    "100:attract",
    "100:bulletseed",
    "100:captivate",
    "100:confide",
    "100:dazzlinggleam",
    "100:doubleteam",
    "100:drainingkiss",
    "100:endure",
    "100:energyball",
    "100:facade",
    "100:flash",
    "100:frustration",
    "100:gigadrain",
    "100:grassknot",
    "100:grassyterrain",
    "100:helpinghand",
    "100:hiddenpower",
    "100:magicalleaf",
    "100:naturalgift",
    "100:naturepower",
    "100:pollenpuff",
    "100:protect",
    "100:rest",
    "100:return",
    "100:round",
    "100:safeguard",
    "100:secretpower",
    "100:seedbomb",
    "100:sleeptalk",
    "100:snore",
    "100:solarbeam",
    "100:substitute",
    "100:sunnyday",
    "100:swagger",
    "100:swordsdance",
    "100:toxic",
    "100:weatherball",
    "100:bulletseed",
    "100:gigadrain",
    "100:grassyglide",
    "100:healpulse",
    "100:helpinghand",
    "100:leechseed",
    "100:rollout",
    "100:seedbomb",
    "100:sleeptalk",
    "100:snore",
    "100:synthesis",
    "100:worryseed"
  ],
  "labels": [
    "gen4"
  ],
  "pokedex": [
    "cobblemon.species.cherubi.desc"
  ],
  "evolutions": [
    {
      "id": "cherubi_cherrim",
      "variant": "level_up",
      "result": "cherrim",
      "consumeHeldItem": false,
      "learnableMoves": [
        "sunnyday"
      ],
      "requirements": [
        {
          "variant": "level",
          "minLevel": 25
        }
      ]
    }
  ],
  "baseScale": 1,
  "hitbox": {
    "width": 1,
    "height": 1,
    "fixed": false
  },
  "baseFriendship": 50,
  "evYield": {
    "hp": 0,
    "attack": 0,
    "defence": 0,
    "special_attack": 1,
    "special_defence": 0,
    "speed": 0
  },
  "height": 4,
  "weight": 33,
  "aspects": [],
  "cannotDynamax": false
}