{
  "implemented": true,
  "name": "Chingling",
  "nationalPokedexNumber": 433,
  "primaryType": "psychic",
  "abilities": [
    "levitate"
  ],
  "baseStats": {
    "hp": 45,
    "attack": 30,
    "defence": 50,
    "special_attack": 65,
    "special_defence": 50,
    "speed": 45
  },
  "catchRate": 120,
  "maleRatio": 0.5,
  "shoulderMountable": true,
  "baseExperienceYield": 57,
  "experienceGroup": "fast",
  "eggCycles": 25,
  "eggGroups": [
    "undiscovered"
  ],
  "behaviour": {
    "moving": {
      "fly": {
        "canFly": true
      },
      "walk": {
        "walkSpeed": 0.2
      }
    },
    "resting": {
      "canSleep": true,
      "willSleepOnBed": true,
      "depth": "normal",
      "light": "0-4"
    }
  },
  "moves": [
    "1:wrap",
    "4:growl",
    "6:growl",
    "7:astonish",
    "9:astonish",
    "10:confusion",
    "13:yawn",
    "14:confusion",
    "16:lastresort",
    "17:uproar",
    "19:entrainment",
    "22:lastresort",
    "25:entrainment",
    "32:uproar",
    "100:cosmicpower",
    "100:curse",
    "100:disable",
    "100:dreameater",
    "100:futuresight",
    "100:hypnosis",
    "100:recover",
    "100:skillswap",
    "100:storedpower",
    "100:wish",
    "100:attract",
    "100:calmmind",
    "100:captivate",
    "100:chargebeam",
    "100:confide",
    "100:dazzlinggleam",
    "100:doubleteam",
    "100:dreameater",
    "100:echoedvoice",
    "100:endure",
    "100:facade",
    "100:flash",
    "100:frustration",
    "100:grassknot",
    "100:hiddenpower",
    "100:lightscreen",
    "100:naturalgift",
    "100:protect",
    "100:psychic",
    "100:psychup",
    "100:psyshock",
    "100:raindance",
    "100:recycle",
    "100:reflect",
    "100:rest",
    "100:return",
    "100:round",
    "100:safeguard",
    "100:secretpower",
    "100:shadowball",
    "100:shockwave",
    "100:skillswap",
    "100:sleeptalk",
    "100:snatch",
    "100:substitute",
    "100:sunnyday",
    "100:swagger",
    "100:taunt",
    "100:telekinesis",
    "100:thunderwave",
    "100:torment",
    "100:toxic",
    "100:trickroom",
    "100:allyswitch",
    "100:bind",
    "100:gravity",
    "100:healbell",
    "100:helpinghand",
    "100:hypervoice",
    "100:icywind",
    "100:knockoff",
    "100:lastresort",
    "100:magiccoat",
    "100:recycle",
    "100:rollout",
    "100:shockwave",
    "100:signalbeam",
    "100:skillswap",
    "100:sleeptalk",
    "100:snatch",
    "100:snore",
    "100:swift",
    "100:telekinesis",
    "100:trick",
    "100:uproar",
    "100:zenheadbutt"
  ],
  "labels": [
    "gen4",
    "baby"
  ],
  "pokedex": [
    "cobblemon.species.chingling.desc"
  ],
  "evolutions": [
    {
      "id": "chingling_chimecho",
      "variant": "level_up",
      "result": "chimecho",
      "consumeHeldItem": false,
      "learnableMoves": [],
      "requirements": [
        {
          "variant": "friendship",
          "amount": 160
        },
        {
          "variant": "time_range",
          "range": "night"
        }
      ]
    }
  ],
  "baseScale": 0.7,
  "hitbox": {
    "width": 0.45,
    "height": 0.5,
    "fixed": false
  },
  "baseFriendship": 70,
  "evYield": {
    "hp": 0,
    "attack": 0,
    "defence": 0,
    "special_attack": 1,
    "special_defence": 0,
    "speed": 0
  },
  "height": 2,
  "weight": 6,
  "aspects": [],
  "cannotDynamax": false,
  "drops": {
    "amount": 1,
    "entries": [
      {
        "item": "cobblemon:colbur_berry",
        "percentage": 2.5
      }
    ]
  }
}