{
  "name": "Drifloon",
  "nationalPokedexNumber": 425,
  "primaryType": "ghost",
  "secondaryType": "flying",
  "abilities": [
    "aftermath",
    "unburden",
    "h:flareboost"
  ],
  "drops": {
    "amount": 1,
    "entries": [
      {
        "item": "cobblemon:kasib_berry",
        "percentage": 2.5
      }
    ]
  },
  "baseStats": {
    "hp": 90,
    "attack": 50,
    "defence": 34,
    "special_attack": 60,
    "special_defence": 44,
    "speed": 70
  },
  "catchRate": 125,
  "maleRatio": 0.5,
  "shoulderMountable": false,
  "baseExperienceYield": 70,
  "experienceGroup": "fluctuating",
  "eggCycles": 30,
  "eggGroups": [
    "amorphous"
  ],
  "moves": [
    "1:astonish",
    "1:constrict",
    "1:minimize",
    "4:astonish",
    "4:gust",
    "6:astonish",
    "8:focusenergy",
    "8:gust",
    "11:gust",
    "12:payback",
    "13:focusenergy",
    "14:focusenergy",
    "16:hex",
    "16:payback",
    "17:payback",
    "20:ominouswind",
    "20:shadowball",
    "22:hex",
    "22:stockpile",
    "24:spitup",
    "24:stockpile",
    "24:swallow",
    "25:stockpile",
    "27:hex",
    "27:spitup",
    "27:stockpile",
    "27:swallow",
    "29:selfdestruct",
    "30:ominouswind",
    "30:spitup",
    "30:swallow",
    "32:destinybond",
    "32:spitup",
    "32:swallow",
    "33:batonpass",
    "33:ominouswind",
    "36:batonpass",
    "36:shadowball",
    "38:batonpass",
    "38:shadowball",
    "40:amnesia",
    "40:tailwind",
    "43:explosion",
    "43:shadowball",
    "44:batonpass",
    "44:explosion",
    "46:explosion",
    "50:explosion",
    "100:bodyslam",
    "100:clearsmog",
    "100:defog",
    "100:destinybond",
    "100:disable",
    "100:haze",
    "100:hypnosis",
    "100:memento",
    "100:tailwind",
    "100:weatherball",
    "100:acrobatics",
    "100:aerialace",
    "100:aircutter",
    "100:allyswitch",
    "100:amnesia",
    "100:attract",
    "100:batonpass",
    "100:bodyslam",
    "100:brutalswing",
    "100:calmmind",
    "100:captivate",
    "100:chargebeam",
    "100:confide",
    "100:cut",
    "100:defog",
    "100:doubleteam",
    "100:dreameater",
    "100:embargo",
    "100:endure",
    "100:explosion",
    "100:facade",
    "100:flash",
    "100:fly",
    "100:focusenergy",
    "100:frustration",
    "100:gyroball",
    "100:helpinghand",
    "100:hex",
    "100:hiddenpower",
    "100:icywind",
    "100:imprison",
    "100:naturalgift",
    "100:nightshade",
    "100:payback",
    "100:phantomforce",
    "100:protect",
    "100:psybeam",
    "100:psychic",
    "100:psychup",
    "100:raindance",
    "100:recycle",
    "100:rest",
    "100:return",
    "100:round",
    "100:secretpower",
    "100:selfdestruct",
    "100:shadowball",
    "100:shockwave",
    "100:silverwind",
    "100:skillswap",
    "100:sleeptalk",
    "100:snore",
    "100:storedpower",
    "100:substitute",
    "100:sunnyday",
    "100:swagger",
    "100:swift",
    "100:tailwind",
    "100:telekinesis",
    "100:terablast",
    "100:thief",
    "100:thunder",
    "100:thunderbolt",
    "100:thunderwave",
    "100:toxic",
    "100:trick",
    "100:trickroom",
    "100:weatherball",
    "100:willowisp",
    "100:aircutter",
    "100:allyswitch",
    "100:bind",
    "100:defog",
    "100:hypnosis",
    "100:icywind",
    "100:knockoff",
    "100:magiccoat",
    "100:minimize",
    "100:mudslap",
    "100:ominouswind",
    "100:painsplit",
    "100:recycle",
    "100:rollout",
    "100:shockwave",
    "100:skillswap",
    "100:sleeptalk",
    "100:snore",
    "100:spite",
    "100:suckerpunch",
    "100:swift",
    "100:tailwind",
    "100:telekinesis",
    "100:trick"
  ],
  "labels": [
    "gen4"
  ],
  "pokedex": [
    "cobblemon.species.drifloon.desc"
  ],
  "evolutions": [
    {
      "id": "drifloon_drifblim",
      "variant": "level_up",
      "result": "drifblim",
      "consumeHeldItem": false,
      "learnableMoves": [
        "phantomforce"
      ],
      "requirements": [
        {
          "variant": "level",
          "minLevel": 28
        }
      ]
    }
  ],
  "baseScale": 1,
  "hitbox": {
    "width": 1,
    "height": 1,
    "fixed": false
  },
  "baseFriendship": 50,
  "evYield": {
    "hp": 1,
    "attack": 0,
    "defence": 0,
    "special_attack": 0,
    "special_defence": 0,
    "speed": 0
  },
  "height": 4,
  "weight": 12,
  "aspects": [],
  "cannotDynamax": false
}