{
  "name": "Finneon",
  "nationalPokedexNumber": 456,
  "primaryType": "water",
  "abilities": [
    "swiftswim",
    "stormdrain",
    "h:waterveil"
  ],
  "drops": {
    "amount": 3,
    "entries": [
      {
        "item": "minecraft:cod"
      },
      {
        "item": "minecraft:bone_meal",
        "percentage": 5.0
      },
      {
        "item": "cobblemon:rindo_berry",
        "percentage": 2.5
      }
    ]
  },
  "baseStats": {
    "hp": 49,
    "attack": 49,
    "defence": 56,
    "special_attack": 49,
    "special_defence": 61,
    "speed": 66
  },
  "catchRate": 190,
  "maleRatio": 0.5,
  "shoulderMountable": false,
  "baseExperienceYield": 66,
  "experienceGroup": "erratic",
  "eggCycles": 20,
  "eggGroups": [
    "water_2"
  ],
  "moves": [
    "1:pound",
    "6:watergun",
    "10:attract",
    "13:raindance",
    "17:gust",
    "22:waterpulse",
    "26:attract",
    "26:captivate",
    "29:safeguard",
    "33:aquaring",
    "38:whirlpool",
    "42:uturn",
    "45:bounce",
    "49:silverwind",
    "49:tailwind",
    "54:soak",
    "100:agility",
    "100:aquatail",
    "100:aurorabeam",
    "100:brine",
    "100:charm",
    "100:confuseray",
    "100:flail",
    "100:psybeam",
    "100:signalbeam",
    "100:splash",
    "100:sweetkiss",
    "100:tickle",
    "100:acrobatics",
    "100:agility",
    "100:attract",
    "100:blizzard",
    "100:brine",
    "100:captivate",
    "100:charm",
    "100:chillingwater",
    "100:confide",
    "100:confuseray",
    "100:dazzlinggleam",
    "100:defog",
    "100:dive",
    "100:doubleteam",
    "100:endure",
    "100:facade",
    "100:flash",
    "100:frustration",
    "100:hail",
    "100:helpinghand",
    "100:hiddenpower",
    "100:hydropump",
    "100:icebeam",
    "100:icywind",
    "100:naturalgift",
    "100:naturepower",
    "100:payback",
    "100:protect",
    "100:psybeam",
    "100:psychup",
    "100:raindance",
    "100:rest",
    "100:return",
    "100:round",
    "100:safeguard",
    "100:scald",
    "100:secretpower",
    "100:silverwind",
    "100:sleeptalk",
    "100:substitute",
    "100:surf",
    "100:swagger",
    "100:swift",
    "100:tailwind",
    "100:takedown",
    "100:terablast",
    "100:thief",
    "100:toxic",
    "100:uturn",
    "100:waterfall",
    "100:waterpulse",
    "100:whirlpool",
    "100:aircutter",
    "100:aquatail",
    "100:attract",
    "100:bounce",
    "100:defog",
    "100:dive",
    "100:icywind",
    "100:ominouswind",
    "100:signalbeam",
    "100:sleeptalk",
    "100:snore",
    "100:sweetkiss",
    "100:swift",
    "100:tailwind",
    "100:twister",
    "100:waterpulse"
  ],
  "labels": [
    "gen4"
  ],
  "pokedex": [
    "cobblemon.species.finneon.desc"
  ],
  "evolutions": [
    {
      "id": "finneon_lumineon",
      "variant": "level_up",
      "result": "lumineon",
      "consumeHeldItem": false,
      "learnableMoves": [],
      "requirements": [
        {
          "variant": "level",
          "minLevel": 31
        }
      ]
    }
  ],
  "baseScale": 1,
  "hitbox": {
    "width": 1,
    "height": 1,
    "fixed": false
  },
  "baseFriendship": 70,
  "evYield": {
    "hp": 0,
    "attack": 0,
    "defence": 0,
    "special_attack": 0,
    "special_defence": 0,
    "speed": 1
  },
  "height": 4,
  "weight": 70,
  "aspects": [],
  "cannotDynamax": false
}