{
  "name": "Froslass",
  "nationalPokedexNumber": 478,
  "primaryType": "ice",
  "secondaryType": "ghost",
  "abilities": [
    "snowcloak",
    "h:cursedbody"
  ],
  "baseStats": {
    "hp": 70,
    "attack": 80,
    "defence": 70,
    "special_attack": 80,
    "special_defence": 70,
    "speed": 110
  },
  "catchRate": 75,
  "maleRatio": 0,
  "shoulderMountable": false,
  "baseExperienceYield": 168,
  "experienceGroup": "medium_fast",
  "eggCycles": 20,
  "eggGroups": [
    "fairy",
    "mineral"
  ],
  "moves": [
    "1:astonish",
    "1:bite",
    "1:crunch",
    "1:destinybond",
    "1:doubleteam",
    "1:headbutt",
    "1:icefang",
    "1:iceshard",
    "1:leer",
    "1:ominouswind",
    "1:powdersnow",
    "1:protect",
    "13:icywind",
    "14:icywind",
    "15:iceshard",
    "19:astonish",
    "19:confuseray",
    "20:drainingkiss",
    "22:ominouswind",
    "23:drainingkiss",
    "25:icywind",
    "28:wakeupslap",
    "28:willowisp",
    "30:frostbreath",
    "31:captivate",
    "32:confuseray",
    "35:confuseray",
    "37:iceshard",
    "37:wakeupslap",
    "40:hail",
    "40:snowscape",
    "41:captivate",
    "42:shadowball",
    "47:willowisp",
    "48:blizzard",
    "51:blizzard",
    "54:auroraveil",
    "54:hail",
    "59:destinybond",
    "61:shadowball",
    "68:blizzard",
    "100:allyswitch",
    "100:attract",
    "100:auroraveil",
    "100:avalanche",
    "100:blizzard",
    "100:bodyslam",
    "100:captivate",
    "100:charm",
    "100:chillingwater",
    "100:confide",
    "100:confuseray",
    "100:crunch",
    "100:doubleteam",
    "100:drainingkiss",
    "100:dreameater",
    "100:embargo",
    "100:endure",
    "100:facade",
    "100:faketears",
    "100:flash",
    "100:fling",
    "100:frostbreath",
    "100:frustration",
    "100:gigaimpact",
    "100:hail",
    "100:helpinghand",
    "100:hex",
    "100:hiddenpower",
    "100:hyperbeam",
    "100:icebeam",
    "100:icefang",
    "100:icepunch",
    "100:icespinner",
    "100:iciclespear",
    "100:icywind",
    "100:imprison",
    "100:lightscreen",
    "100:naturalgift",
    "100:nightshade",
    "100:payback",
    "100:protect",
    "100:psychic",
    "100:psychup",
    "100:raindance",
    "100:reflect",
    "100:rest",
    "100:return",
    "100:round",
    "100:safeguard",
    "100:scaryface",
    "100:secretpower",
    "100:shadowball",
    "100:shockwave",
    "100:sleeptalk",
    "100:snatch",
    "100:snore",
    "100:snowscape",
    "100:spikes",
    "100:substitute",
    "100:swagger",
    "100:takedown",
    "100:taunt",
    "100:telekinesis",
    "100:terablast",
    "100:thunder",
    "100:thunderbolt",
    "100:thunderwave",
    "100:torment",
    "100:toxic",
    "100:trick",
    "100:waterpulse",
    "100:weatherball",
    "100:willowisp",
    "100:allyswitch",
    "100:block",
    "100:headbutt",
    "100:icepunch",
    "100:icywind",
    "100:laserfocus",
    "100:mudslap",
    "100:ominouswind",
    "100:painsplit",
    "100:poltergeist",
    "100:rollout",
    "100:shockwave",
    "100:signalbeam",
    "100:sleeptalk",
    "100:snatch",
    "100:snore",
    "100:spite",
    "100:suckerpunch",
    "100:telekinesis",
    "100:trick",
    "100:tripleaxel",
    "100:waterpulse"
  ],
  "labels": [
    "gen4"
  ],
  "pokedex": [
    "cobblemon.species.froslass.desc"
  ],
  "preEvolution": "snorunt",
  "evolutions": [],
  "baseScale": 1,
  "hitbox": {
    "width": 1,
    "height": 1,
    "fixed": false
  },
  "baseFriendship": 50,
  "evYield": {
    "hp": 0,
    "attack": 0,
    "defence": 0,
    "special_attack": 0,
    "special_defence": 0,
    "speed": 2
  },
  "height": 13,
  "weight": 266,
  "aspects": [],
  "cannotDynamax": false,
  "drops": {
    "amount": 5,
    "entries": [
      {
        "item": "minecraft:snowball",
        "quantityRange": "0-2"
      },
      {
        "item": "cobblemon:dawn_stone",
        "percentage": 5.0
      },
      {
        "item": "cobblemon:never_melt_ice",
        "percentage": 5.0
      },
      {
        "item": "cobblemon:babiri_berry",
        "percentage": 5.0
      }
    ]
  }
}