{
  "implemented": true,
  "name": "Garchomp",
  "nationalPokedexNumber": 445,
  "primaryType": "dragon",
  "secondaryType": "ground",
  "abilities": [
    "sandveil",
    "h:roughskin"
  ],
  "drops": {
    "amount": 2,
    "entries": [
      {
        "item": "cobblemon:dragon_fang",
        "percentage": 10.0
      },
      {
        "item": "cobblemon:haban_berry",
        "percentage": 10.0
      }
    ]
  },
  "baseStats": {
    "hp": 108,
    "attack": 130,
    "defence": 95,
    "special_attack": 80,
    "special_defence": 85,
    "speed": 102
  },
  "behaviour": {
    "moving": {
      "walk": {
        "walkSpeed": 0.55
      },
      "fly": {
        "canFly": true
      }
    }
  },
  "catchRate": 45,
  "maleRatio": 0.5,
  "shoulderMountable": false,
  "forms": [
    {
      "name": "Mega",
      "primaryType": "dragon",
      "secondaryType": "ground",
      "abilities": [
        "sandforce"
      ],
      "baseStats": {
        "hp": 108,
        "attack": 170,
        "defence": 115,
        "special_attack": 120,
        "special_defence": 95,
        "speed": 92
      },
      "catchRate": 45,
      "maleRatio": 0.5,
      "baseExperienceYield": 300,
      "baseFriendship": 50,
      "evYield": {
        "hp": 0,
        "attack": 3,
        "defence": 0,
        "special_attack": 0,
        "special_defence": 0,
        "speed": 0
      },
      "experienceGroup": "slow",
      "eggCycles": 40,
      "eggGroups": [
        "monster",
        "dragon"
      ],
      "labels": [
        "gen6",
        "mega",
        "pseudo_legendary"
      ],
      "aspects": [
        "mega"
      ],
      "height": 19,
      "weight": 950,
      "evolutions": [],
      "cannotDynamax": false,
      "battleOnly": true
    }
  ],
  "baseExperienceYield": 300,
  "experienceGroup": "slow",
  "eggCycles": 40,
  "eggGroups": [
    "monster",
    "dragon"
  ],
  "moves": [
    "1:crunch",
    "1:dragonbreath",
    "1:dragonrage",
    "1:dualchop",
    "1:firefang",
    "1:sandattack",
    "1:sandstorm",
    "1:sandtomb",
    "1:tackle",
    "15:takedown",
    "18:bulldoze",
    "19:sandtomb",
    "24:dualchop",
    "27:bite",
    "28:slash",
    "33:dragonclaw",
    "34:slash",
    "40:dig",
    "42:dragonclaw",
    "48:crunch",
    "52:dig",
    "55:dragonrush",
    "62:sandstorm",
    "72:takedown",
    "82:dragonrush",
    "100:aerialace",
    "100:attract",
    "100:bodyslam",
    "100:breakingswipe",
    "100:brickbreak",
    "100:brutalswing",
    "100:bulldoze",
    "100:captivate",
    "100:confide",
    "100:crunch",
    "100:cut",
    "100:dig",
    "100:doubleteam",
    "100:dracometeor",
    "100:dragonclaw",
    "100:dragonpulse",
    "100:dragontail",
    "100:earthpower",
    "100:earthquake",
    "100:endure",
    "100:facade",
    "100:falseswipe",
    "100:fireblast",
    "100:firefang",
    "100:flamethrower",
    "100:fling",
    "100:frustration",
    "100:gigaimpact",
    "100:helpinghand",
    "100:hiddenpower",
    "100:honeclaws",
    "100:hyperbeam",
    "100:incinerate",
    "100:ironhead",
    "100:irontail",
    "100:liquidation",
    "100:metalclaw",
    "100:mudshot",
    "100:naturalgift",
    "100:outrage",
    "100:poisonjab",
    "100:powergem",
    "100:protect",
    "100:raindance",
    "100:rest",
    "100:return",
    "100:roar",
    "100:rockclimb",
    "100:rockslide",
    "100:rocksmash",
    "100:rocktomb",
    "100:round",
    "100:sandstorm",
    "100:sandtomb",
    "100:scaryface",
    "100:secretpower",
    "100:shadowclaw",
    "100:sleeptalk",
    "100:snore",
    "100:spikes",
    "100:stealthrock",
    "100:stompingtantrum",
    "100:stoneedge",
    "100:strength",
    "100:substitute",
    "100:sunnyday",
    "100:surf",
    "100:swagger",
    "100:swift",
    "100:swordsdance",
    "100:takedown",
    "100:terablast",
    "100:thunderfang",
    "100:toxic",
    "100:whirlpool",
    "100:aquatail",
    "100:brickbreak",
    "100:crunch",
    "100:dig",
    "100:dracometeor",
    "100:dragonclaw",
    "100:dragonpulse",
    "100:dragonrush",
    "100:dualchop",
    "100:earthpower",
    "100:earthquake",
    "100:furycutter",
    "100:gigaimpact",
    "100:headbutt",
    "100:ironhead",
    "100:irontail",
    "100:laserfocus",
    "100:mudslap",
    "100:outrage",
    "100:scaleshot",
    "100:scorchingsands",
    "100:slash",
    "100:sleeptalk",
    "100:snore",
    "100:stealthrock",
    "100:stompingtantrum",
    "100:stoneedge",
    "100:swift",
    "100:swordsdance",
    "100:twister"
  ],
  "labels": [
    "gen4",
    "pseudo_legendary"
  ],
  "pokedex": [
    "cobblemon.species.garchomp.desc"
  ],
  "preEvolution": "gabite",
  "evolutions": [],
  "baseScale": 1.2,
  "hitbox": {
    "width": 1.3,
    "height": 2.3,
    "fixed": false
  },
  "baseFriendship": 50,
  "evYield": {
    "hp": 0,
    "attack": 3,
    "defence": 0,
    "special_attack": 0,
    "special_defence": 0,
    "speed": 0
  },
  "height": 19,
  "weight": 950,
  "aspects": [],
  "cannotDynamax": false
}