{
  "implemented": true,
  "name": "Gible",
  "nationalPokedexNumber": 443,
  "primaryType": "dragon",
  "secondaryType": "ground",
  "abilities": [
    "sandveil",
    "h:roughskin"
  ],
  "drops": {
    "amount": 2,
    "entries": [
      {
        "item": "cobblemon:dragon_fang",
        "percentage": 2.5
      },
      {
        "item": "cobblemon:haban_berry",
        "percentage": 2.5
      }
    ]
  },
  "baseStats": {
    "hp": 58,
    "attack": 70,
    "defence": 45,
    "special_attack": 40,
    "special_defence": 45,
    "speed": 42
  },
  "catchRate": 45,
  "maleRatio": 0.5,
  "shoulderMountable": false,
  "baseExperienceYield": 60,
  "experienceGroup": "slow",
  "eggCycles": 40,
  "eggGroups": [
    "monster",
    "dragon"
  ],
  "moves": [
    "1:sandtomb",
    "1:tackle",
    "3:sandattack",
    "6:sandattack",
    "7:dragonrage",
    "12:dragonbreath",
    "13:sandstorm",
    "15:takedown",
    "18:bulldoze",
    "19:sandtomb",
    "25:bite",
    "25:slash",
    "27:dragonclaw",
    "30:slash",
    "31:dig",
    "36:dragonclaw",
    "37:dragonrush",
    "42:dig",
    "48:sandstorm",
    "54:takedown",
    "60:dragonrush",
    "100:bodyslam",
    "100:doubleedge",
    "100:dragonbreath",
    "100:ironhead",
    "100:irontail",
    "100:metalclaw",
    "100:mudshot",
    "100:outrage",
    "100:rockclimb",
    "100:sandtomb",
    "100:scaryface",
    "100:thrash",
    "100:twister",
    "100:aerialace",
    "100:attract",
    "100:bodyslam",
    "100:bulldoze",
    "100:captivate",
    "100:confide",
    "100:cut",
    "100:dig",
    "100:doubleteam",
    "100:dracometeor",
    "100:dragonclaw",
    "100:dragonpulse",
    "100:dragontail",
    "100:earthpower",
    "100:earthquake",
    "100:endure",
    "100:facade",
    "100:falseswipe",
    "100:fireblast",
    "100:firefang",
    "100:flamethrower",
    "100:frustration",
    "100:helpinghand",
    "100:hiddenpower",
    "100:honeclaws",
    "100:incinerate",
    "100:ironhead",
    "100:irontail",
    "100:metalclaw",
    "100:mudshot",
    "100:naturalgift",
    "100:outrage",
    "100:protect",
    "100:raindance",
    "100:rest",
    "100:return",
    "100:roar",
    "100:rockclimb",
    "100:rockslide",
    "100:rocksmash",
    "100:rocktomb",
    "100:round",
    "100:sandstorm",
    "100:sandtomb",
    "100:scaryface",
    "100:secretpower",
    "100:shadowclaw",
    "100:sleeptalk",
    "100:snore",
    "100:stealthrock",
    "100:stoneedge",
    "100:strength",
    "100:substitute",
    "100:sunnyday",
    "100:swagger",
    "100:swift",
    "100:swordsdance",
    "100:takedown",
    "100:terablast",
    "100:thunderfang",
    "100:toxic",
    "100:dracometeor",
    "100:dragonpulse",
    "100:dragonrage",
    "100:earthpower",
    "100:endure",
    "100:furycutter",
    "100:headbutt",
    "100:ironhead",
    "100:irontail",
    "100:mudslap",
    "100:outrage",
    "100:scaleshot",
    "100:scorchingsands",
    "100:sleeptalk",
    "100:snore",
    "100:stealthrock",
    "100:swift",
    "100:twister"
  ],
  "labels": [
    "gen4"
  ],
  "pokedex": [
    "cobblemon.species.gible.desc"
  ],
  "evolutions": [
    {
      "id": "gible_gabite",
      "variant": "level_up",
      "result": "gabite",
      "consumeHeldItem": false,
      "learnableMoves": [],
      "requirements": [
        {
          "variant": "level",
          "minLevel": 24
        }
      ]
    }
  ],
  "baseScale": 0.75,
  "hitbox": {
    "width": 0.93,
    "height": 0.93,
    "fixed": false
  },
  "baseFriendship": 50,
  "evYield": {
    "hp": 0,
    "attack": 1,
    "defence": 0,
    "special_attack": 0,
    "special_defence": 0,
    "speed": 0
  },
  "height": 7,
  "weight": 205,
  "aspects": [],
  "cannotDynamax": false
}