{
  "implemented": true,
  "name": "Glaceon",
  "nationalPokedexNumber": 471,
  "primaryType": "ice",
  "abilities": [
    "snowcloak",
    "h:icebody"
  ],
  "drops": {
    "amount": 2,
    "entries": [
      {
        "item": "cobblemon:ice_stone",
        "percentage": 25.0
      },
      {
        "item": "cobblemon:never_melt_ice",
        "percentage": 10.0
      }
    ]
  },
  "baseStats": {
    "hp": 65,
    "attack": 60,
    "defence": 110,
    "special_attack": 130,
    "special_defence": 95,
    "speed": 65
  },
  "catchRate": 45,
  "maleRatio": 0.875,
  "shoulderMountable": false,
  "baseExperienceYield": 184,
  "experienceGroup": "medium_fast",
  "eggCycles": 35,
  "eggGroups": [
    "field"
  ],
  "moves": [
    "1:batonpass",
    "1:charm",
    "1:copycat",
    "1:covet",
    "1:doubleedge",
    "1:growl",
    "1:helpinghand",
    "1:icywind",
    "1:swift",
    "1:tackle",
    "1:tailwhip",
    "1:takedown",
    "5:sandattack",
    "8:sandattack",
    "9:babydolleyes",
    "9:icywind",
    "10:quickattack",
    "13:quickattack",
    "15:babydolleyes",
    "15:icywind",
    "17:bite",
    "20:icefang",
    "20:iceshard",
    "22:quickattack",
    "25:bite",
    "25:iceshard",
    "29:barrier",
    "29:bite",
    "30:icefang",
    "33:mirrorcoat",
    "35:hail",
    "35:snowscape",
    "36:iceshard",
    "37:hail",
    "40:freezedry",
    "41:lastresort",
    "43:icefang",
    "45:blizzard",
    "45:mirrorcoat",
    "50:blizzard",
    "50:lastresort",
    "55:lastresort",
    "57:mirrorcoat",
    "64:hail",
    "71:blizzard",
    "78:barrier",
    "100:attract",
    "100:auroraveil",
    "100:avalanche",
    "100:batonpass",
    "100:blizzard",
    "100:bodyslam",
    "100:calmmind",
    "100:captivate",
    "100:charm",
    "100:chillingwater",
    "100:confide",
    "100:dig",
    "100:doubleteam",
    "100:echoedvoice",
    "100:endure",
    "100:facade",
    "100:faketears",
    "100:focusenergy",
    "100:frostbreath",
    "100:frustration",
    "100:gigaimpact",
    "100:hail",
    "100:helpinghand",
    "100:hiddenpower",
    "100:hyperbeam",
    "100:hypervoice",
    "100:icebeam",
    "100:icefang",
    "100:iciclespear",
    "100:icywind",
    "100:irontail",
    "100:mudshot",
    "100:mudslap",
    "100:naturalgift",
    "100:payday",
    "100:protect",
    "100:raindance",
    "100:rest",
    "100:retaliate",
    "100:return",
    "100:roar",
    "100:rocksmash",
    "100:round",
    "100:secretpower",
    "100:shadowball",
    "100:sleeptalk",
    "100:snore",
    "100:snowscape",
    "100:storedpower",
    "100:strength",
    "100:substitute",
    "100:sunnyday",
    "100:swagger",
    "100:swift",
    "100:takedown",
    "100:terablast",
    "100:toxic",
    "100:waterpulse",
    "100:weatherball",
    "100:workup",
    "100:aquatail",
    "100:auroraveil",
    "100:blizzard",
    "100:celebrate",
    "100:covet",
    "100:hail",
    "100:headbutt",
    "100:healbell",
    "100:helpinghand",
    "100:hypervoice",
    "100:icywind",
    "100:irontail",
    "100:laserfocus",
    "100:lastresort",
    "100:mudslap",
    "100:sandattack",
    "100:shadowball",
    "100:signalbeam",
    "100:sleeptalk",
    "100:snore",
    "100:swift",
    "100:tackle",
    "100:tailwhip",
    "100:tripleaxel",
    "100:waterpulse"
  ],
  "labels": [
    "gen4"
  ],
  "pokedex": [
    "cobblemon.species.glaceon.desc"
  ],
  "preEvolution": "eevee",
  "evolutions": [],
  "baseScale": 0.8,
  "hitbox": {
    "width": 0.9,
    "height": 1.1,
    "fixed": false
  },
  "baseFriendship": 35,
  "evYield": {
    "hp": 0,
    "attack": 0,
    "defence": 0,
    "special_attack": 2,
    "special_defence": 0,
    "speed": 0
  },
  "height": 8,
  "weight": 259,
  "aspects": [],
  "cannotDynamax": false
}