{
  "name": "Glameow",
  "nationalPokedexNumber": 431,
  "primaryType": "normal",
  "abilities": [
    "limber",
    "owntempo",
    "h:keeneye"
  ],
  "drops": {
    "amount": 1,
    "entries": [
      {
        "item": "cobblemon:cheri_berry",
        "percentage": 2.5
      }
    ]
  },
  "baseStats": {
    "hp": 49,
    "attack": 55,
    "defence": 42,
    "special_attack": 42,
    "special_defence": 37,
    "speed": 85
  },
  "catchRate": 190,
  "maleRatio": 0.25,
  "shoulderMountable": false,
  "baseExperienceYield": 62,
  "experienceGroup": "fast",
  "eggCycles": 20,
  "eggGroups": [
    "field"
  ],
  "moves": [
    "1:fakeout",
    "5:scratch",
    "8:growl",
    "13:hypnosis",
    "17:feintattack",
    "20:furyswipes",
    "25:charm",
    "29:assist",
    "32:captivate",
    "37:slash",
    "41:suckerpunch",
    "44:attract",
    "45:attract",
    "48:honeclaws",
    "50:playrough",
    "100:assurance",
    "100:bite",
    "100:faketears",
    "100:flail",
    "100:lastresort",
    "100:quickattack",
    "100:sandattack",
    "100:snatch",
    "100:tailwhip",
    "100:wakeupslap",
    "100:aerialace",
    "100:attract",
    "100:captivate",
    "100:confide",
    "100:cut",
    "100:dig",
    "100:doubleteam",
    "100:dreameater",
    "100:echoedvoice",
    "100:endure",
    "100:facade",
    "100:flash",
    "100:frustration",
    "100:hiddenpower",
    "100:honeclaws",
    "100:irontail",
    "100:naturalgift",
    "100:payback",
    "100:protect",
    "100:psychup",
    "100:raindance",
    "100:rest",
    "100:retaliate",
    "100:return",
    "100:round",
    "100:secretpower",
    "100:shadowball",
    "100:shadowclaw",
    "100:shockwave",
    "100:sleeptalk",
    "100:snatch",
    "100:substitute",
    "100:sunnyday",
    "100:swagger",
    "100:taunt",
    "100:thief",
    "100:thunder",
    "100:thunderbolt",
    "100:torment",
    "100:toxic",
    "100:uturn",
    "100:waterpulse",
    "100:workup",
    "100:assurance",
    "100:covet",
    "100:fakeout",
    "100:foulplay",
    "100:furycutter",
    "100:headbutt",
    "100:hypervoice",
    "100:irontail",
    "100:knockoff",
    "100:lastresort",
    "100:mudslap",
    "100:secretpower",
    "100:shockwave",
    "100:sleeptalk",
    "100:snatch",
    "100:snore",
    "100:suckerpunch",
    "100:superfang",
    "100:swift",
    "100:waterpulse"
  ],
  "labels": [
    "gen4"
  ],
  "pokedex": [
    "cobblemon.species.glameow.desc"
  ],
  "evolutions": [
    {
      "id": "glameow_purugly",
      "variant": "level_up",
      "result": "purugly",
      "consumeHeldItem": false,
      "learnableMoves": [],
      "requirements": [
        {
          "variant": "level",
          "minLevel": 38
        }
      ]
    }
  ],
  "baseScale": 1,
  "hitbox": {
    "width": 1,
    "height": 1,
    "fixed": false
  },
  "baseFriendship": 70,
  "evYield": {
    "hp": 0,
    "attack": 0,
    "defence": 0,
    "special_attack": 0,
    "special_defence": 0,
    "speed": 1
  },
  "height": 5,
  "weight": 39,
  "aspects": [],
  "cannotDynamax": false
}