{
  "name": "Hippowdon",
  "nationalPokedexNumber": 450,
  "primaryType": "ground",
  "abilities": [
    "sandstream",
    "h:sandforce"
  ],
  "drops": {
    "amount": 2,
    "entries": [
      {
        "item": "cobblemon:soft_sand",
        "percentage": 5.0
      },
      {
        "item": "cobblemon:chesto_berry",
        "percentage": 5.0
      }
    ]
  },
  "baseStats": {
    "hp": 108,
    "attack": 112,
    "defence": 118,
    "special_attack": 68,
    "special_defence": 72,
    "speed": 47
  },
  "catchRate": 60,
  "maleRatio": 0.5,
  "shoulderMountable": false,
  "baseExperienceYield": 184,
  "experienceGroup": "slow",
  "eggCycles": 30,
  "eggGroups": [
    "field"
  ],
  "moves": [
    "1:bite",
    "1:firefang",
    "1:icefang",
    "1:sandattack",
    "1:tackle",
    "1:thunderfang",
    "1:yawn",
    "12:sandtomb",
    "16:dig",
    "19:dig",
    "19:takedown",
    "20:crunch",
    "24:sandstorm",
    "25:sandtomb",
    "28:takedown",
    "31:crunch",
    "32:roar",
    "38:rest",
    "40:earthquake",
    "44:earthquake",
    "50:doubleedge",
    "56:fissure",
    "60:fissure",
    "62:slackoff",
    "100:amnesia",
    "100:attract",
    "100:bodypress",
    "100:bodyslam",
    "100:bulldoze",
    "100:captivate",
    "100:confide",
    "100:crunch",
    "100:dig",
    "100:doubleteam",
    "100:earthpower",
    "100:earthquake",
    "100:endure",
    "100:facade",
    "100:firefang",
    "100:frustration",
    "100:gigaimpact",
    "100:heavyslam",
    "100:helpinghand",
    "100:hiddenpower",
    "100:highhorsepower",
    "100:hyperbeam",
    "100:hypervoice",
    "100:icefang",
    "100:ironhead",
    "100:irontail",
    "100:muddywater",
    "100:mudshot",
    "100:mudslap",
    "100:naturalgift",
    "100:protect",
    "100:rest",
    "100:return",
    "100:revenge",
    "100:roar",
    "100:rockslide",
    "100:rocksmash",
    "100:rocktomb",
    "100:round",
    "100:sandstorm",
    "100:sandtomb",
    "100:secretpower",
    "100:sleeptalk",
    "100:snore",
    "100:stealthrock",
    "100:stompingtantrum",
    "100:stoneedge",
    "100:strength",
    "100:substitute",
    "100:sunnyday",
    "100:superpower",
    "100:swagger",
    "100:takedown",
    "100:terablast",
    "100:thunderfang",
    "100:toxic",
    "100:waterpulse",
    "100:weatherball",
    "100:earthpower",
    "100:headbutt",
    "100:ironhead",
    "100:irontail",
    "100:mudslap",
    "100:scorchingsands",
    "100:sleeptalk",
    "100:snore",
    "100:stealthrock",
    "100:stompingtantrum",
    "100:superpower",
    "100:waterpulse"
  ],
  "labels": [
    "gen4"
  ],
  "pokedex": [
    "cobblemon.species.hippowdon.desc"
  ],
  "preEvolution": "hippopotas",
  "evolutions": [],
  "baseScale": 1,
  "hitbox": {
    "width": 1,
    "height": 1,
    "fixed": false
  },
  "baseFriendship": 50,
  "evYield": {
    "hp": 0,
    "attack": 0,
    "defence": 2,
    "special_attack": 0,
    "special_defence": 0,
    "speed": 0
  },
  "height": 20,
  "weight": 3000,
  "aspects": [],
  "cannotDynamax": false
}