{
  "implemented": true,
  "name": "Honchkrow",
  "nationalPokedexNumber": 430,
  "primaryType": "dark",
  "secondaryType": "flying",
  "abilities": [
    "insomnia",
    "superluck",
    "h:moxie"
  ],
  "baseStats": {
    "hp": 100,
    "attack": 125,
    "defence": 52,
    "special_attack": 105,
    "special_defence": 52,
    "speed": 71
  },
  "behaviour": {
    "moving": {
      "fly": {
        "canFly": true
      }
    },
    "resting": {
      "canSleep": true,
      "times": "day"
    }
  },
  "catchRate": 30,
  "maleRatio": 0.5,
  "shoulderMountable": false,
  "baseExperienceYield": 177,
  "experienceGroup": "medium_slow",
  "eggCycles": 20,
  "eggGroups": [
    "flying"
  ],
  "drops": {
    "amount": 5,
    "entries": [
      {
        "item": "minecraft:feather",
        "quantityRange": "0-3"
      },
      {
        "item": "minecraft:chicken"
      },
      {
        "item": "cobblemon:bluk_berry",
        "percentage": 5.0
      }
    ]
  },
  "moves": [
    "1:astonish",
    "1:haze",
    "1:nightslash",
    "1:pursuit",
    "1:quash",
    "1:suckerpunch",
    "1:wingattack",
    "25:swagger",
    "35:nastyplot",
    "45:foulplay",
    "45:nightslash",
    "55:darkpulse",
    "55:nightslash",
    "65:comeuppance",
    "65:quash",
    "75:darkpulse",
    "100:acrobatics",
    "100:aerialace",
    "100:aircutter",
    "100:airslash",
    "100:attract",
    "100:bravebird",
    "100:calmmind",
    "100:captivate",
    "100:chillingwater",
    "100:confide",
    "100:confuseray",
    "100:darkpulse",
    "100:defog",
    "100:doubleteam",
    "100:dreameater",
    "100:embargo",
    "100:endure",
    "100:facade",
    "100:fly",
    "100:foulplay",
    "100:frustration",
    "100:gigaimpact",
    "100:heatwave",
    "100:helpinghand",
    "100:hex",
    "100:hiddenpower",
    "100:hurricane",
    "100:hyperbeam",
    "100:icywind",
    "100:incinerate",
    "100:mudslap",
    "100:nastyplot",
    "100:naturalgift",
    "100:nightshade",
    "100:payback",
    "100:pluck",
    "100:protect",
    "100:psychic",
    "100:psychup",
    "100:quash",
    "100:raindance",
    "100:rest",
    "100:retaliate",
    "100:return",
    "100:roost",
    "100:round",
    "100:scaryface",
    "100:secretpower",
    "100:shadowball",
    "100:sleeptalk",
    "100:snarl",
    "100:snatch",
    "100:steelwing",
    "100:substitute",
    "100:sunnyday",
    "100:swagger",
    "100:tailwind",
    "100:takedown",
    "100:taunt",
    "100:terablast",
    "100:thief",
    "100:thunderwave",
    "100:torment",
    "100:toxic",
    "100:uturn",
    "100:aircutter",
    "100:darkpulse",
    "100:defog",
    "100:foulplay",
    "100:heatwave",
    "100:icywind",
    "100:mudslap",
    "100:nightslash",
    "100:ominouswind",
    "100:roost",
    "100:skyattack",
    "100:sleeptalk",
    "100:snatch",
    "100:snore",
    "100:spite",
    "100:suckerpunch",
    "100:superpower",
    "100:swift",
    "100:tailwind",
    "100:twister",
    "100:uproar"
  ],
  "labels": [
    "gen4"
  ],
  "pokedex": [
    "cobblemon.species.honchkrow.desc"
  ],
  "preEvolution": "murkrow",
  "evolutions": [],
  "baseScale": 1.3,
  "hitbox": {
    "width": 1,
    "height": 1.2,
    "fixed": false
  },
  "baseFriendship": 35,
  "evYield": {
    "hp": 0,
    "attack": 2,
    "defence": 0,
    "special_attack": 0,
    "special_defence": 0,
    "speed": 0
  },
  "height": 9,
  "weight": 273,
  "aspects": [],
  "cannotDynamax": false
}