{
  "implemented": true,
  "name": "Infernape",
  "nationalPokedexNumber": 392,
  "primaryType": "fire",
  "secondaryType": "fighting",
  "abilities": [
    "blaze",
    "h:ironfist"
  ],
  "drops": {
    "amount": 1,
    "entries": [
      {
        "item": "cobblemon:charcoal_stick",
        "percentage": 25.0
      }
    ]
  },
  "baseStats": {
    "hp": 76,
    "attack": 104,
    "defence": 71,
    "special_attack": 104,
    "special_defence": 71,
    "speed": 108
  },
  "behaviour": {
    "resting": {
      "canSleep": true,
      "willSleepOnBed": false,
      "depth": "normal",
      "light": "0-4"
    }
  },
  "catchRate": 45,
  "maleRatio": 0.875,
  "shoulderMountable": false,
  "baseExperienceYield": 240,
  "experienceGroup": "medium_slow",
  "eggCycles": 20,
  "eggGroups": [
    "field",
    "human_like"
  ],
  "moves": [
    "1:closecombat",
    "1:ember",
    "1:flareblitz",
    "1:leer",
    "1:machpunch",
    "1:scratch",
    "1:taunt",
    "14:machpunch",
    "16:furyswipes",
    "17:furyswipes",
    "19:flamewheel",
    "21:flamewheel",
    "26:feint",
    "29:feint",
    "29:punishment",
    "33:punishment",
    "36:closecombat",
    "41:closecombat",
    "42:firespin",
    "45:firespin",
    "52:acrobatics",
    "53:calmmind",
    "57:flareblitz",
    "58:calmmind",
    "68:flareblitz",
    "100:acrobatics",
    "100:aerialace",
    "100:attract",
    "100:brickbreak",
    "100:bulkup",
    "100:bulldoze",
    "100:calmmind",
    "100:captivate",
    "100:confide",
    "100:cut",
    "100:dig",
    "100:doubleteam",
    "100:earthquake",
    "100:endure",
    "100:facade",
    "100:fireblast",
    "100:flamecharge",
    "100:flamethrower",
    "100:fling",
    "100:focusblast",
    "100:focuspunch",
    "100:frustration",
    "100:gigaimpact",
    "100:grassknot",
    "100:hiddenpower",
    "100:honeclaws",
    "100:hyperbeam",
    "100:incinerate",
    "100:irontail",
    "100:lowsweep",
    "100:naturalgift",
    "100:overheat",
    "100:poisonjab",
    "100:poweruppunch",
    "100:protect",
    "100:rest",
    "100:retaliate",
    "100:return",
    "100:roar",
    "100:rockclimb",
    "100:rockslide",
    "100:rocksmash",
    "100:rocktomb",
    "100:round",
    "100:secretpower",
    "100:shadowclaw",
    "100:sleeptalk",
    "100:solarbeam",
    "100:stealthrock",
    "100:stoneedge",
    "100:strength",
    "100:substitute",
    "100:sunnyday",
    "100:swagger",
    "100:swordsdance",
    "100:taunt",
    "100:torment",
    "100:toxic",
    "100:uturn",
    "100:willowisp",
    "100:workup",
    "100:blastburn",
    "100:closecombat",
    "100:covet",
    "100:dualchop",
    "100:endeavor",
    "100:fireblast",
    "100:firepledge",
    "100:firepunch",
    "100:focuspunch",
    "100:grassknot",
    "100:gunkshot",
    "100:headbutt",
    "100:heatwave",
    "100:helpinghand",
    "100:irontail",
    "100:laserfocus",
    "100:lowkick",
    "100:mudslap",
    "100:roleplay",
    "100:rollout",
    "100:sleeptalk",
    "100:snore",
    "100:stealthrock",
    "100:swift",
    "100:thunderpunch",
    "100:uturn",
    "100:vacuumwave"
  ],
  "labels": [
    "gen4"
  ],
  "pokedex": [
    "cobblemon.species.infernape.desc"
  ],
  "preEvolution": "monferno",
  "evolutions": [],
  "baseScale": 0.65,
  "hitbox": {
    "width": 1.3,
    "height": 2.5,
    "fixed": false
  },
  "baseFriendship": 70,
  "evYield": {
    "hp": 0,
    "attack": 1,
    "defence": 0,
    "special_attack": 1,
    "special_defence": 0,
    "speed": 1
  },
  "height": 12,
  "weight": 550,
  "aspects": [],
  "cannotDynamax": false
}