{
  "implemented": true,
  "name": "Kricketune",
  "nationalPokedexNumber": 402,
  "primaryType": "bug",
  "abilities": [
    "swarm",
    "h:technician"
  ],
  "drops": {
    "amount": 1,
    "entries": [
      {
        "item": "cobblemon:coba_berry",
        "percentage": 5.0
      }
    ]
  },
  "baseStats": {
    "hp": 77,
    "attack": 85,
    "defence": 51,
    "special_attack": 55,
    "special_defence": 51,
    "speed": 65
  },
  "catchRate": 45,
  "maleRatio": 0.5,
  "shoulderMountable": false,
  "baseExperienceYield": 134,
  "experienceGroup": "medium_slow",
  "eggCycles": 15,
  "eggGroups": [
    "bug"
  ],
  "behaviour": {
    "moving": {
      "fly": {
        "canFly": true
      }
    },
    "resting": {
      "canSleep": true,
      "willSleepOnBed": false,
      "depth": "normal",
      "light": "0-4"
    }
  },
  "moves": [
    "1:bide",
    "1:furycutter",
    "1:growl",
    "1:tackle",
    "10:furycutter",
    "14:absorb",
    "14:leechlife",
    "18:sing",
    "22:focusenergy",
    "26:slash",
    "26:xscissor",
    "30:screech",
    "30:xscissor",
    "34:bugbuzz",
    "34:screech",
    "36:fellstinger",
    "38:perishsong",
    "38:taunt",
    "42:nightslash",
    "44:stickyweb",
    "46:bugbuzz",
    "50:perishsong",
    "100:aerialace",
    "100:attract",
    "100:batonpass",
    "100:brickbreak",
    "100:bugbuzz",
    "100:captivate",
    "100:confide",
    "100:cut",
    "100:doubleteam",
    "100:echoedvoice",
    "100:endure",
    "100:facade",
    "100:falseswipe",
    "100:flash",
    "100:frustration",
    "100:gigadrain",
    "100:gigaimpact",
    "100:helpinghand",
    "100:hiddenpower",
    "100:honeclaws",
    "100:hyperbeam",
    "100:hypervoice",
    "100:infestation",
    "100:leechlife",
    "100:naturalgift",
    "100:pounce",
    "100:poweruppunch",
    "100:protect",
    "100:raindance",
    "100:rest",
    "100:return",
    "100:rocksmash",
    "100:round",
    "100:secretpower",
    "100:silverwind",
    "100:sleeptalk",
    "100:strength",
    "100:strugglebug",
    "100:substitute",
    "100:sunnyday",
    "100:swagger",
    "100:swordsdance",
    "100:takedown",
    "100:taunt",
    "100:terablast",
    "100:toxic",
    "100:trailblaze",
    "100:xscissor",
    "100:bugbite",
    "100:endeavor",
    "100:furycutter",
    "100:healbell",
    "100:hypervoice",
    "100:knockoff",
    "100:laserfocus",
    "100:mudslap",
    "100:sleeptalk",
    "100:snore",
    "100:stringshot",
    "100:throatchop",
    "100:uproar"
  ],
  "labels": [
    "gen4"
  ],
  "pokedex": [
    "cobblemon.species.kricketune.desc"
  ],
  "preEvolution": "kricketot",
  "evolutions": [],
  "baseScale": 0.7,
  "hitbox": {
    "width": 0.9,
    "height": 1.7,
    "fixed": false
  },
  "baseFriendship": 70,
  "evYield": {
    "hp": 0,
    "attack": 2,
    "defence": 0,
    "special_attack": 0,
    "special_defence": 0,
    "speed": 0
  },
  "height": 10,
  "weight": 255,
  "aspects": [],
  "cannotDynamax": false
}