{
  "implemented": true,
  "name": "Luxio",
  "nationalPokedexNumber": 404,
  "primaryType": "electric",
  "abilities": [
    "rivalry",
    "intimidate",
    "h:guts"
  ],
  "drops": {
    "amount": 2,
    "entries": [
      {
        "item": "cobblemon:quick_claw",
        "percentage": 5.0
      },
      {
        "item": "cobblemon:shuca_berry",
        "percentage": 5.0
      }
    ]
  },
  "baseStats": {
    "hp": 60,
    "attack": 85,
    "defence": 49,
    "special_attack": 60,
    "special_defence": 49,
    "speed": 60
  },
  "catchRate": 120,
  "maleRatio": 0.5,
  "shoulderMountable": false,
  "baseExperienceYield": 127,
  "experienceGroup": "medium_slow",
  "eggCycles": 20,
  "eggGroups": [
    "field"
  ],
  "behaviour": {
    "resting": {
      "canSleep": true,
      "willSleepOnBed": false,
      "depth": "normal",
      "light": "0-4"
    }
  },
  "moves": [
    "1:charge",
    "1:leer",
    "1:tackle",
    "1:thundershock",
    "9:charge",
    "12:bite",
    "13:bite",
    "13:spark",
    "18:bite",
    "18:spark",
    "23:roar",
    "24:roar",
    "28:swagger",
    "31:voltswitch",
    "33:crunch",
    "33:thunderfang",
    "36:scaryface",
    "38:crunch",
    "42:thunderwave",
    "43:scaryface",
    "48:crunch",
    "48:discharge",
    "53:wildcharge",
    "54:discharge",
    "60:swagger",
    "68:wildcharge",
    "100:attract",
    "100:captivate",
    "100:chargebeam",
    "100:confide",
    "100:confuseray",
    "100:crunch",
    "100:doubleteam",
    "100:eerieimpulse",
    "100:electricterrain",
    "100:electroball",
    "100:endure",
    "100:facade",
    "100:faketears",
    "100:firefang",
    "100:flash",
    "100:frustration",
    "100:helpinghand",
    "100:hiddenpower",
    "100:icefang",
    "100:irontail",
    "100:lightscreen",
    "100:naturalgift",
    "100:playrough",
    "100:protect",
    "100:psychicfangs",
    "100:raindance",
    "100:rest",
    "100:return",
    "100:roar",
    "100:round",
    "100:scaryface",
    "100:secretpower",
    "100:shockwave",
    "100:sleeptalk",
    "100:snarl",
    "100:snore",
    "100:strength",
    "100:substitute",
    "100:sunnyday",
    "100:swagger",
    "100:swift",
    "100:takedown",
    "100:terablast",
    "100:thief",
    "100:thunder",
    "100:thunderbolt",
    "100:thunderfang",
    "100:thunderwave",
    "100:toxic",
    "100:trailblaze",
    "100:voltswitch",
    "100:wildcharge",
    "100:furycutter",
    "100:headbutt",
    "100:helpinghand",
    "100:irontail",
    "100:magnetrise",
    "100:mudslap",
    "100:risingvoltage",
    "100:shockwave",
    "100:signalbeam",
    "100:sleeptalk",
    "100:snore",
    "100:swift"
  ],
  "labels": [
    "gen4"
  ],
  "pokedex": [
    "cobblemon.species.luxio.desc"
  ],
  "preEvolution": "shinx",
  "evolutions": [
    {
      "id": "luxio_luxray",
      "variant": "level_up",
      "result": "luxray",
      "consumeHeldItem": false,
      "learnableMoves": [],
      "requirements": [
        {
          "variant": "level",
          "minLevel": 30
        }
      ]
    }
  ],
  "baseScale": 1,
  "hitbox": {
    "width": 0.9,
    "height": 1.1,
    "fixed": false
  },
  "baseFriendship": 100,
  "evYield": {
    "hp": 0,
    "attack": 2,
    "defence": 0,
    "special_attack": 0,
    "special_defence": 0,
    "speed": 0
  },
  "height": 9,
  "weight": 305,
  "aspects": [],
  "cannotDynamax": false
}