{
  "implemented": true,
  "name": "Magmortar",
  "nationalPokedexNumber": 467,
  "primaryType": "fire",
  "abilities": [
    "flamebody",
    "h:vitalspirit"
  ],
  "drops": {
    "amount": 3,
    "entries": [
      {
        "item": "minecraft:blaze_powder",
        "percentage": 10.0
      },
      {
        "item": "cobblemon:magmarizer",
        "percentage": 10.0
      },
      {
        "item": "cobblemon:rawst_berry",
        "percentage": 10.0
      }
    ]
  },
  "baseStats": {
    "hp": 75,
    "attack": 95,
    "defence": 67,
    "special_attack": 125,
    "special_defence": 95,
    "speed": 83
  },
  "catchRate": 30,
  "maleRatio": 0.75,
  "shoulderMountable": false,
  "baseExperienceYield": 270,
  "experienceGroup": "medium_fast",
  "eggCycles": 25,
  "eggGroups": [
    "human_like"
  ],
  "moves": [
    "1:ember",
    "1:leer",
    "1:smog",
    "1:smokescreen",
    "1:thunderpunch",
    "12:clearsmog",
    "12:feintattack",
    "15:firespin",
    "16:feintattack",
    "16:flamewheel",
    "19:clearsmog",
    "19:firespin",
    "20:confuseray",
    "21:firespin",
    "22:flameburst",
    "24:scaryface",
    "25:confuseray",
    "26:confuseray",
    "28:firepunch",
    "29:firepunch",
    "32:flameburst",
    "34:lavaplume",
    "36:lavaplume",
    "37:lavaplume",
    "38:firepunch",
    "40:lowkick",
    "42:sunnyday",
    "43:flamethrower",
    "44:lavaplume",
    "46:flamethrower",
    "49:flamethrower",
    "50:flamethrower",
    "52:sunnyday",
    "55:fireblast",
    "56:sunnyday",
    "58:fireblast",
    "62:fireblast",
    "62:hyperbeam",
    "64:hyperbeam",
    "67:hyperbeam",
    "68:hyperbeam",
    "100:attract",
    "100:bodyslam",
    "100:brickbreak",
    "100:bulldoze",
    "100:captivate",
    "100:confide",
    "100:doubleteam",
    "100:earthquake",
    "100:endure",
    "100:facade",
    "100:fireblast",
    "100:firepunch",
    "100:firespin",
    "100:flamecharge",
    "100:flamethrower",
    "100:flareblitz",
    "100:fling",
    "100:focusblast",
    "100:focusenergy",
    "100:focuspunch",
    "100:frustration",
    "100:gigaimpact",
    "100:heatwave",
    "100:helpinghand",
    "100:hiddenpower",
    "100:hyperbeam",
    "100:incinerate",
    "100:irontail",
    "100:lowkick",
    "100:lowsweep",
    "100:megakick",
    "100:megapunch",
    "100:mysticalfire",
    "100:naturalgift",
    "100:overheat",
    "100:powerswap",
    "100:poweruppunch",
    "100:protect",
    "100:psychic",
    "100:rest",
    "100:return",
    "100:rockclimb",
    "100:rockslide",
    "100:rocksmash",
    "100:rocktomb",
    "100:round",
    "100:scaryface",
    "100:screech",
    "100:secretpower",
    "100:sleeptalk",
    "100:snore",
    "100:solarbeam",
    "100:stompingtantrum",
    "100:strength",
    "100:substitute",
    "100:sunnyday",
    "100:swagger",
    "100:taunt",
    "100:thief",
    "100:thunderbolt",
    "100:thunderpunch",
    "100:torment",
    "100:toxic",
    "100:uproar",
    "100:weatherball",
    "100:willowisp",
    "100:burningjealousy",
    "100:confuseray",
    "100:covet",
    "100:dualchop",
    "100:firepunch",
    "100:flamethrower",
    "100:focuspunch",
    "100:headbutt",
    "100:heatwave",
    "100:helpinghand",
    "100:hyperbeam",
    "100:irontail",
    "100:lavaplume",
    "100:lowkick",
    "100:mudslap",
    "100:psychic",
    "100:scorchingsands",
    "100:sleeptalk",
    "100:snore",
    "100:solarbeam",
    "100:stompingtantrum",
    "100:thunderpunch"
  ],
  "labels": [
    "gen4"
  ],
  "pokedex": [
    "cobblemon.species.magmortar.desc"
  ],
  "preEvolution": "magmar",
  "evolutions": [],
  "baseScale": 1.25,
  "hitbox": {
    "width": 1.1,
    "height": 2.1,
    "fixed": false
  },
  "baseFriendship": 50,
  "evYield": {
    "hp": 0,
    "attack": 0,
    "defence": 0,
    "special_attack": 3,
    "special_defence": 0,
    "speed": 0
  },
  "height": 16,
  "weight": 680,
  "aspects": [],
  "cannotDynamax": false
}