{
  "name": "Mantyke",
  "nationalPokedexNumber": 458,
  "primaryType": "water",
  "secondaryType": "flying",
  "abilities": [
    "swiftswim",
    "waterabsorb",
    "h:waterveil"
  ],
  "baseStats": {
    "hp": 45,
    "attack": 20,
    "defence": 50,
    "special_attack": 60,
    "special_defence": 120,
    "speed": 50
  },
  "catchRate": 25,
  "maleRatio": 0.5,
  "shoulderMountable": false,
  "baseExperienceYield": 69,
  "experienceGroup": "slow",
  "eggCycles": 25,
  "eggGroups": [
    "undiscovered"
  ],
  "moves": [
    "1:bubble",
    "1:tackle",
    "1:watergun",
    "3:supersonic",
    "4:supersonic",
    "7:bubblebeam",
    "8:wingattack",
    "10:bubblebeam",
    "11:confuseray",
    "12:waterpulse",
    "13:headbutt",
    "14:wingattack",
    "16:headbutt",
    "16:wideguard",
    "19:agility",
    "19:waterpulse",
    "20:agility",
    "22:wingattack",
    "23:wideguard",
    "24:bubblebeam",
    "27:takedown",
    "28:headbutt",
    "28:waterpulse",
    "31:takedown",
    "32:agility",
    "32:airslash",
    "36:airslash",
    "36:aquaring",
    "37:confuseray",
    "39:aquaring",
    "40:bounce",
    "44:takedown",
    "46:aquaring",
    "46:bounce",
    "48:hydropump",
    "49:hydropump",
    "100:amnesia",
    "100:confuseray",
    "100:haze",
    "100:hydropump",
    "100:mirrorcoat",
    "100:mudsport",
    "100:rockslide",
    "100:signalbeam",
    "100:slam",
    "100:splash",
    "100:tailwind",
    "100:twister",
    "100:watersport",
    "100:wideguard",
    "100:acrobatics",
    "100:aerialace",
    "100:agility",
    "100:airslash",
    "100:amnesia",
    "100:attract",
    "100:blizzard",
    "100:bounce",
    "100:bulldoze",
    "100:captivate",
    "100:confide",
    "100:dive",
    "100:doubleteam",
    "100:earthquake",
    "100:endure",
    "100:facade",
    "100:frustration",
    "100:hail",
    "100:helpinghand",
    "100:hiddenpower",
    "100:hydropump",
    "100:icebeam",
    "100:icywind",
    "100:naturalgift",
    "100:protect",
    "100:raindance",
    "100:rest",
    "100:return",
    "100:rockslide",
    "100:round",
    "100:scald",
    "100:secretpower",
    "100:sleeptalk",
    "100:snore",
    "100:substitute",
    "100:surf",
    "100:swagger",
    "100:swift",
    "100:toxic",
    "100:waterfall",
    "100:waterpulse",
    "100:whirlpool",
    "100:aircutter",
    "100:bounce",
    "100:dive",
    "100:headbutt",
    "100:helpinghand",
    "100:icywind",
    "100:mudslap",
    "100:signalbeam",
    "100:sleeptalk",
    "100:snore",
    "100:swift",
    "100:tailwind",
    "100:waterpulse"
  ],
  "labels": [
    "gen4",
    "baby"
  ],
  "pokedex": [
    "cobblemon.species.mantyke.desc"
  ],
  "evolutions": [
    {
      "id": "mantyke_mantine",
      "variant": "level_up",
      "result": "mantine",
      "consumeHeldItem": false,
      "learnableMoves": [],
      "requirements": [
        {
          "variant": "party_member",
          "target": "remoraid",
          "contains": true
        }
      ]
    }
  ],
  "baseScale": 1,
  "hitbox": {
    "width": 1,
    "height": 1,
    "fixed": false
  },
  "baseFriendship": 50,
  "evYield": {
    "hp": 0,
    "attack": 0,
    "defence": 0,
    "special_attack": 0,
    "special_defence": 1,
    "speed": 0
  },
  "height": 10,
  "weight": 650,
  "aspects": [],
  "cannotDynamax": false,
  "drops": {
    "amount": 2,
    "entries": [
      {
        "item": "minecraft:cod",
        "quantityRange": "0-1"
      },
      {
        "item": "cobblemon:wacan_berry",
        "percentage": 2.5
      }
    ]
  }
}