{
  "implemented": true,
  "name": "Monferno",
  "nationalPokedexNumber": 391,
  "primaryType": "fire",
  "secondaryType": "fighting",
  "abilities": [
    "blaze",
    "h:ironfist"
  ],
  "drops": {
    "amount": 1,
    "entries": [
      {
        "item": "cobblemon:charcoal_stick",
        "percentage": 10.0
      }
    ]
  },
  "baseStats": {
    "hp": 64,
    "attack": 78,
    "defence": 52,
    "special_attack": 78,
    "special_defence": 52,
    "speed": 81
  },
  "behaviour": {
    "resting": {
      "canSleep": true,
      "willSleepOnBed": false,
      "depth": "normal",
      "light": "0-4"
    }
  },
  "catchRate": 45,
  "maleRatio": 0.875,
  "shoulderMountable": false,
  "baseExperienceYield": 142,
  "experienceGroup": "medium_slow",
  "eggCycles": 20,
  "eggGroups": [
    "field",
    "human_like"
  ],
  "moves": [
    "1:ember",
    "1:leer",
    "1:machpunch",
    "1:scratch",
    "9:taunt",
    "14:machpunch",
    "16:furyswipes",
    "19:flamewheel",
    "26:feint",
    "29:torment",
    "36:closecombat",
    "39:firespin",
    "46:acrobatics",
    "46:slackoff",
    "49:flareblitz",
    "49:slackoff",
    "56:flareblitz",
    "100:acrobatics",
    "100:aerialace",
    "100:attract",
    "100:brickbreak",
    "100:bulkup",
    "100:captivate",
    "100:confide",
    "100:cut",
    "100:dig",
    "100:doubleteam",
    "100:endure",
    "100:facade",
    "100:fireblast",
    "100:flamecharge",
    "100:flamethrower",
    "100:fling",
    "100:focusblast",
    "100:focuspunch",
    "100:frustration",
    "100:grassknot",
    "100:hiddenpower",
    "100:honeclaws",
    "100:incinerate",
    "100:irontail",
    "100:lowsweep",
    "100:naturalgift",
    "100:overheat",
    "100:poisonjab",
    "100:poweruppunch",
    "100:protect",
    "100:rest",
    "100:retaliate",
    "100:return",
    "100:rockclimb",
    "100:rockslide",
    "100:rocksmash",
    "100:rocktomb",
    "100:round",
    "100:secretpower",
    "100:shadowclaw",
    "100:sleeptalk",
    "100:stealthrock",
    "100:strength",
    "100:substitute",
    "100:sunnyday",
    "100:swagger",
    "100:swordsdance",
    "100:taunt",
    "100:torment",
    "100:toxic",
    "100:uturn",
    "100:willowisp",
    "100:workup",
    "100:covet",
    "100:dualchop",
    "100:endeavor",
    "100:firepledge",
    "100:firepunch",
    "100:focuspunch",
    "100:gunkshot",
    "100:headbutt",
    "100:heatwave",
    "100:helpinghand",
    "100:irontail",
    "100:lowkick",
    "100:mudslap",
    "100:roleplay",
    "100:rollout",
    "100:sleeptalk",
    "100:snore",
    "100:stealthrock",
    "100:swift",
    "100:thunderpunch",
    "100:vacuumwave"
  ],
  "labels": [
    "gen4"
  ],
  "pokedex": [
    "cobblemon.species.monferno.desc"
  ],
  "preEvolution": "chimchar",
  "evolutions": [
    {
      "id": "monferno_infernape",
      "variant": "level_up",
      "result": "infernape",
      "consumeHeldItem": false,
      "learnableMoves": [],
      "requirements": [
        {
          "variant": "level",
          "minLevel": 36
        }
      ]
    }
  ],
  "baseScale": 0.7,
  "hitbox": {
    "width": 0.9,
    "height": 1.6,
    "fixed": false
  },
  "baseFriendship": 70,
  "evYield": {
    "hp": 0,
    "attack": 0,
    "defence": 0,
    "special_attack": 1,
    "special_defence": 0,
    "speed": 1
  },
  "height": 9,
  "weight": 220,
  "aspects": [],
  "cannotDynamax": false
}