{
  "name": "Mothim",
  "nationalPokedexNumber": 414,
  "primaryType": "bug",
  "secondaryType": "flying",
  "abilities": [
    "swarm",
    "h:tintedlens"
  ],
  "drops": {
    "amount": 2,
    "entries": [
      {
        "item": "cobblemon:silver_powder",
        "percentage": 5.0
      },
      {
        "item": "cobblemon:occa_berry",
        "percentage": 5.0
      }
    ]
  },
  "baseStats": {
    "hp": 70,
    "attack": 94,
    "defence": 50,
    "special_attack": 94,
    "special_defence": 50,
    "speed": 66
  },
  "catchRate": 45,
  "maleRatio": 1,
  "shoulderMountable": false,
  "baseExperienceYield": 148,
  "experienceGroup": "medium_fast",
  "eggCycles": 15,
  "eggGroups": [
    "bug"
  ],
  "moves": [
    "1:bugbite",
    "1:protect",
    "1:quiverdance",
    "1:tackle",
    "10:protect",
    "15:bugbite",
    "20:hiddenpower",
    "23:confusion",
    "26:gust",
    "29:poisonpowder",
    "32:psybeam",
    "35:camouflage",
    "38:silverwind",
    "41:airslash",
    "44:psychic",
    "47:bugbuzz",
    "47:lunge",
    "50:bugbuzz",
    "50:quiverdance",
    "100:acrobatics",
    "100:aerialace",
    "100:attract",
    "100:captivate",
    "100:confide",
    "100:defog",
    "100:doubleteam",
    "100:dreameater",
    "100:endure",
    "100:energyball",
    "100:facade",
    "100:flash",
    "100:frustration",
    "100:gigadrain",
    "100:gigaimpact",
    "100:hiddenpower",
    "100:hyperbeam",
    "100:infestation",
    "100:naturalgift",
    "100:protect",
    "100:psychic",
    "100:psychup",
    "100:raindance",
    "100:rest",
    "100:return",
    "100:roost",
    "100:round",
    "100:safeguard",
    "100:secretpower",
    "100:shadowball",
    "100:silverwind",
    "100:skillswap",
    "100:sleeptalk",
    "100:solarbeam",
    "100:strugglebug",
    "100:substitute",
    "100:sunnyday",
    "100:swagger",
    "100:thief",
    "100:toxic",
    "100:uturn",
    "100:venoshock",
    "100:aircutter",
    "100:bugbite",
    "100:defog",
    "100:electroweb",
    "100:gigadrain",
    "100:mudslap",
    "100:ominouswind",
    "100:roost",
    "100:signalbeam",
    "100:skillswap",
    "100:sleeptalk",
    "100:snore",
    "100:stringshot",
    "100:swift",
    "100:tailwind",
    "100:twister"
  ],
  "labels": [
    "gen4"
  ],
  "pokedex": [
    "cobblemon.species.mothim.desc"
  ],
  "preEvolution": "burmy",
  "evolutions": [],
  "baseScale": 1,
  "hitbox": {
    "width": 1,
    "height": 1,
    "fixed": false
  },
  "baseFriendship": 70,
  "evYield": {
    "hp": 0,
    "attack": 1,
    "defence": 0,
    "special_attack": 1,
    "special_defence": 0,
    "speed": 0
  },
  "height": 9,
  "weight": 233,
  "aspects": [],
  "cannotDynamax": false
}