{
  "name": "Phione",
  "nationalPokedexNumber": 489,
  "primaryType": "water",
  "abilities": [
    "hydration"
  ],
  "baseStats": {
    "hp": 80,
    "attack": 80,
    "defence": 80,
    "special_attack": 80,
    "special_defence": 80,
    "speed": 80
  },
  "catchRate": 30,
  "maleRatio": -1,
  "shoulderMountable": false,
  "baseExperienceYield": 216,
  "experienceGroup": "slow",
  "eggCycles": 40,
  "eggGroups": [
    "water_1",
    "fairy"
  ],
  "moves": [
    "1:bubble",
    "1:watersport",
    "9:charm",
    "16:supersonic",
    "24:bubblebeam",
    "31:acidarmor",
    "39:whirlpool",
    "46:waterpulse",
    "54:aquaring",
    "61:dive",
    "69:raindance",
    "100:blizzard",
    "100:brine",
    "100:confide",
    "100:dazzlinggleam",
    "100:dive",
    "100:doubleteam",
    "100:endure",
    "100:facade",
    "100:fling",
    "100:frustration",
    "100:grassknot",
    "100:hail",
    "100:hiddenpower",
    "100:icebeam",
    "100:naturalgift",
    "100:protect",
    "100:psychup",
    "100:raindance",
    "100:rest",
    "100:return",
    "100:round",
    "100:safeguard",
    "100:scald",
    "100:secretpower",
    "100:sleeptalk",
    "100:substitute",
    "100:surf",
    "100:swagger",
    "100:toxic",
    "100:uturn",
    "100:waterfall",
    "100:waterpulse",
    "100:whirlpool",
    "100:ancientpower",
    "100:bounce",
    "100:covet",
    "100:dive",
    "100:grassknot",
    "100:healbell",
    "100:helpinghand",
    "100:icywind",
    "100:knockoff",
    "100:lastresort",
    "100:liquidation",
    "100:mudslap",
    "100:raindance",
    "100:rest",
    "100:signalbeam",
    "100:sleeptalk",
    "100:snore",
    "100:surf",
    "100:swift",
    "100:uproar",
    "100:waterpulse"
  ],
  "labels": [
    "gen4",
    "mythical",
    "legendary"
  ],
  "pokedex": [
    "cobblemon.species.phione.desc"
  ],
  "evolutions": [],
  "baseScale": 1,
  "hitbox": {
    "width": 1,
    "height": 1,
    "fixed": false
  },
  "baseFriendship": 70,
  "evYield": {
    "hp": 1,
    "attack": 0,
    "defence": 0,
    "special_attack": 0,
    "special_defence": 0,
    "speed": 0
  },
  "height": 4,
  "weight": 31,
  "aspects": [],
  "cannotDynamax": false
}