{
  "implemented": true,
  "name": "Piplup",
  "nationalPokedexNumber": 393,
  "primaryType": "water",
  "abilities": [
    "torrent",
    "h:defiant"
  ],
  "drops": {
    "amount": 3,
    "entries": [
      {
        "item": "minecraft:feather",
        "quantityRange": "0-1"
      },
      {
        "item": "minecraft:chicken"
      },
      {
        "item": "cobblemon:mystic_water",
        "percentage": 5.0
      }
    ]
  },
  "baseStats": {
    "hp": 53,
    "attack": 51,
    "defence": 53,
    "special_attack": 61,
    "special_defence": 56,
    "speed": 40
  },
  "catchRate": 45,
  "maleRatio": 0.875,
  "shoulderMountable": false,
  "baseExperienceYield": 63,
  "experienceGroup": "medium_slow",
  "eggCycles": 20,
  "eggGroups": [
    "water_1",
    "field"
  ],
  "behaviour": {
    "moving": {
      "swim": {
        "canSwimInWater": true,
        "canBreatheUnderwater": true
      },
      "walk": {
        "walkSpeed": 0.25
      }
    },
    "resting": {
      "canSleep": true,
      "willSleepOnBed": true,
      "depth": "normal",
      "light": "0-4"
    }
  },
  "moves": [
    "1:pound",
    "4:growl",
    "8:bubble",
    "11:watersport",
    "15:peck",
    "18:bide",
    "18:bubblebeam",
    "22:bide",
    "25:furyattack",
    "29:brine",
    "32:whirlpool",
    "36:mist",
    "39:drillpeck",
    "43:hydropump",
    "100:agility",
    "100:aquaring",
    "100:bide",
    "100:doublehit",
    "100:featherdance",
    "100:flail",
    "100:hydropump",
    "100:icywind",
    "100:mudslap",
    "100:mudsport",
    "100:powertrip",
    "100:snore",
    "100:supersonic",
    "100:yawn",
    "100:aerialace",
    "100:attract",
    "100:blizzard",
    "100:brickbreak",
    "100:brine",
    "100:captivate",
    "100:confide",
    "100:cut",
    "100:defog",
    "100:dig",
    "100:dive",
    "100:doubleteam",
    "100:echoedvoice",
    "100:endure",
    "100:facade",
    "100:fling",
    "100:frustration",
    "100:grassknot",
    "100:hail",
    "100:hiddenpower",
    "100:icebeam",
    "100:naturalgift",
    "100:pluck",
    "100:protect",
    "100:quash",
    "100:raindance",
    "100:rest",
    "100:return",
    "100:rocktomb",
    "100:round",
    "100:scald",
    "100:secretpower",
    "100:sleeptalk",
    "100:stealthrock",
    "100:substitute",
    "100:surf",
    "100:swagger",
    "100:toxic",
    "100:waterfall",
    "100:waterpulse",
    "100:whirlpool",
    "100:workup",
    "100:bubble",
    "100:bubblebeam",
    "100:covet",
    "100:defog",
    "100:dive",
    "100:drillpeck",
    "100:featherdance",
    "100:growl",
    "100:headbutt",
    "100:hydropump",
    "100:icywind",
    "100:mudslap",
    "100:peck",
    "100:pound",
    "100:return",
    "100:round",
    "100:signalbeam",
    "100:sing",
    "100:sleeptalk",
    "100:snore",
    "100:stealthrock",
    "100:waterpledge",
    "100:waterpulse",
    "100:watersport",
    "100:whirlpool"
  ],
  "labels": [
    "gen4"
  ],
  "pokedex": [
    "cobblemon.species.piplup.desc"
  ],
  "evolutions": [
    {
      "id": "piplup_prinplup",
      "variant": "level_up",
      "result": "prinplup",
      "consumeHeldItem": false,
      "learnableMoves": [],
      "requirements": [
        {
          "variant": "level",
          "minLevel": 16
        }
      ]
    }
  ],
  "baseScale": 0.6,
  "hitbox": {
    "width": 0.7,
    "height": 1.1,
    "fixed": false
  },
  "baseFriendship": 70,
  "evYield": {
    "hp": 0,
    "attack": 0,
    "defence": 0,
    "special_attack": 1,
    "special_defence": 0,
    "speed": 0
  },
  "height": 4,
  "weight": 52,
  "aspects": [],
  "cannotDynamax": false
}