{
  "implemented": true,
  "name": "Porygon-Z",
  "nationalPokedexNumber": 474,
  "primaryType": "normal",
  "abilities": [
    "adaptability",
    "download",
    "h:analytic"
  ],
  "drops": {
    "amount": 1,
    "entries": [
      {
        "item": "cobblemon:dubious_disc",
        "percentage": 25
      }
    ]
  },
  "baseStats": {
    "hp": 85,
    "attack": 80,
    "defence": 70,
    "special_attack": 135,
    "special_defence": 75,
    "speed": 90
  },
  "catchRate": 30,
  "maleRatio": -1,
  "shoulderMountable": false,
  "baseExperienceYield": 268,
  "experienceGroup": "medium_fast",
  "eggCycles": 20,
  "eggGroups": [
    "mineral"
  ],
  "behaviour": {
    "moving": {
      "fly": {
        "canFly": true
      },
      "walk": {
        "canWalk": false
      }
    }
  },
  "moves": [
    "1:conversion2",
    "1:conversion",
    "1:defensecurl",
    "1:magiccoat",
    "1:magnetrise",
    "1:nastyplot",
    "1:recycle",
    "1:tackle",
    "1:trickroom",
    "1:zapcannon",
    "7:psybeam",
    "12:agility",
    "15:thundershock",
    "18:recover",
    "20:psybeam",
    "23:magnetrise",
    "25:conversion2",
    "29:signalbeam",
    "30:agility",
    "34:embargo",
    "35:recover",
    "40:discharge",
    "45:lockon",
    "45:triattack",
    "50:magiccoat",
    "50:triattack",
    "51:triattack",
    "55:lockon",
    "56:magiccoat",
    "60:zapcannon",
    "62:zapcannon",
    "65:hyperbeam",
    "67:hyperbeam",
    "100:aerialace",
    "100:agility",
    "100:allyswitch",
    "100:blizzard",
    "100:chargebeam",
    "100:confide",
    "100:darkpulse",
    "100:doubleteam",
    "100:dreameater",
    "100:eerieimpulse",
    "100:electroweb",
    "100:embargo",
    "100:endure",
    "100:facade",
    "100:flash",
    "100:foulplay",
    "100:frustration",
    "100:gigaimpact",
    "100:guardswap",
    "100:hiddenpower",
    "100:hyperbeam",
    "100:icebeam",
    "100:icywind",
    "100:irontail",
    "100:nastyplot",
    "100:naturalgift",
    "100:powerswap",
    "100:protect",
    "100:psychic",
    "100:psychup",
    "100:psyshock",
    "100:raindance",
    "100:recycle",
    "100:rest",
    "100:return",
    "100:round",
    "100:secretpower",
    "100:shadowball",
    "100:shockwave",
    "100:sleeptalk",
    "100:snore",
    "100:solarbeam",
    "100:speedswap",
    "100:substitute",
    "100:sunnyday",
    "100:swagger",
    "100:swift",
    "100:thief",
    "100:thunder",
    "100:thunderbolt",
    "100:thunderwave",
    "100:toxic",
    "100:triattack",
    "100:trick",
    "100:trickroom",
    "100:uproar",
    "100:wonderroom",
    "100:zenheadbutt",
    "100:allyswitch",
    "100:darkpulse",
    "100:electroweb",
    "100:foulplay",
    "100:gravity",
    "100:icywind",
    "100:irontail",
    "100:lastresort",
    "100:magiccoat",
    "100:magnetrise",
    "100:painsplit",
    "100:recycle",
    "100:shockwave",
    "100:signalbeam",
    "100:sleeptalk",
    "100:snore",
    "100:swift",
    "100:telekinesis",
    "100:trick",
    "100:uproar",
    "100:wonderroom",
    "100:zenheadbutt"
  ],
  "labels": [
    "gen4"
  ],
  "pokedex": [
    "cobblemon.species.porygonz.desc"
  ],
  "preEvolution": "porygon2",
  "evolutions": [],
  "baseScale": 0.7,
  "hitbox": {
    "width": 0.9,
    "height": 1.7,
    "fixed": false
  },
  "baseFriendship": 50,
  "evYield": {
    "hp": 0,
    "attack": 0,
    "defence": 0,
    "special_attack": 3,
    "special_defence": 0,
    "speed": 0
  },
  "height": 9,
  "weight": 340,
  "aspects": [],
  "cannotDynamax": false
}