{
  "implemented": true,
  "name": "Prinplup",
  "nationalPokedexNumber": 394,
  "primaryType": "water",
  "abilities": [
    "torrent",
    "h:defiant"
  ],
  "drops": {
    "amount": 4,
    "entries": [
      {
        "item": "minecraft:feather",
        "quantityRange": "0-2"
      },
      {
        "item": "minecraft:chicken"
      },
      {
        "item": "cobblemon:mystic_water",
        "percentage": 10.0
      }
    ]
  },
  "baseStats": {
    "hp": 64,
    "attack": 66,
    "defence": 68,
    "special_attack": 81,
    "special_defence": 76,
    "speed": 50
  },
  "catchRate": 45,
  "maleRatio": 0.875,
  "shoulderMountable": false,
  "baseExperienceYield": 142,
  "experienceGroup": "medium_slow",
  "eggCycles": 20,
  "eggGroups": [
    "water_1",
    "field"
  ],
  "behaviour": {
    "moving": {
      "swim": {
        "canSwimInWater": true,
        "canBreatheUnderwater": true
      },
      "walk": {
        "walkSpeed": 0.3
      }
    },
    "resting": {
      "canSleep": true,
      "willSleepOnBed": false,
      "depth": "normal",
      "light": "0-4"
    }
  },
  "moves": [
    "1:bubble",
    "1:growl",
    "1:metalclaw",
    "1:tackle",
    "8:bubble",
    "11:watersport",
    "15:peck",
    "16:metalclaw",
    "19:bide",
    "19:bubblebeam",
    "24:bide",
    "28:furyattack",
    "33:brine",
    "37:whirlpool",
    "42:mist",
    "46:drillpeck",
    "50:hydropump",
    "51:hydropump",
    "100:aerialace",
    "100:attract",
    "100:blizzard",
    "100:brickbreak",
    "100:brine",
    "100:captivate",
    "100:confide",
    "100:cut",
    "100:defog",
    "100:dig",
    "100:dive",
    "100:doubleteam",
    "100:echoedvoice",
    "100:endure",
    "100:facade",
    "100:fling",
    "100:frustration",
    "100:grassknot",
    "100:hail",
    "100:hiddenpower",
    "100:honeclaws",
    "100:icebeam",
    "100:naturalgift",
    "100:pluck",
    "100:protect",
    "100:quash",
    "100:raindance",
    "100:rest",
    "100:return",
    "100:rocksmash",
    "100:rocktomb",
    "100:round",
    "100:scald",
    "100:secretpower",
    "100:shadowclaw",
    "100:sleeptalk",
    "100:stealthrock",
    "100:strength",
    "100:substitute",
    "100:surf",
    "100:swagger",
    "100:toxic",
    "100:waterfall",
    "100:waterpulse",
    "100:whirlpool",
    "100:workup",
    "100:covet",
    "100:defog",
    "100:dive",
    "100:headbutt",
    "100:icywind",
    "100:mudslap",
    "100:signalbeam",
    "100:sleeptalk",
    "100:snore",
    "100:stealthrock",
    "100:waterpledge",
    "100:waterpulse"
  ],
  "labels": [
    "gen4"
  ],
  "pokedex": [
    "cobblemon.species.prinplup.desc"
  ],
  "preEvolution": "piplup",
  "evolutions": [
    {
      "id": "prinplup_empoleon",
      "variant": "level_up",
      "result": "empoleon",
      "consumeHeldItem": false,
      "learnableMoves": [],
      "requirements": [
        {
          "variant": "level",
          "minLevel": 36
        }
      ]
    }
  ],
  "baseScale": 0.75,
  "hitbox": {
    "width": 0.65,
    "height": 1.45,
    "fixed": false
  },
  "baseFriendship": 70,
  "evYield": {
    "hp": 0,
    "attack": 0,
    "defence": 0,
    "special_attack": 2,
    "special_defence": 0,
    "speed": 0
  },
  "height": 8,
  "weight": 230,
  "aspects": [],
  "cannotDynamax": false
}