{
  "implemented": true,
  "name": "Probopass",
  "nationalPokedexNumber": 476,
  "primaryType": "rock",
  "secondaryType": "steel",
  "abilities": [
    "sturdy",
    "magnetpull",
    "h:sandforce"
  ],
  "baseStats": {
    "hp": 60,
    "attack": 55,
    "defence": 145,
    "special_attack": 75,
    "special_defence": 150,
    "speed": 40
  },
  "behaviour": {
    "resting": {
      "canSleep": true,
      "willSleepOnBed": false,
      "depth": "normal",
      "light": "0-4"
    }
  },
  "catchRate": 60,
  "maleRatio": 0.5,
  "shoulderMountable": false,
  "baseExperienceYield": 184,
  "experienceGroup": "medium_fast",
  "eggCycles": 20,
  "eggGroups": [
    "mineral"
  ],
  "moves": [
    "1:block",
    "1:gravity",
    "1:irondefense",
    "1:magnetbomb",
    "1:magneticflux",
    "1:magnetrise",
    "1:tackle",
    "1:triattack",
    "1:wideguard",
    "13:thunderwave",
    "16:rest",
    "18:rockblast",
    "19:spark",
    "22:rockslide",
    "25:powergem",
    "25:spark",
    "25:thunderwave",
    "28:rockblast",
    "31:discharge",
    "31:rockslide",
    "34:sandstorm",
    "37:earthpower",
    "37:sandstorm",
    "40:stoneedge",
    "43:lockon",
    "43:rest",
    "43:zapcannon",
    "49:discharge",
    "49:powergem",
    "55:discharge",
    "55:stoneedge",
    "61:stoneedge",
    "61:zapcannon",
    "67:lockon",
    "67:zapcannon",
    "73:earthpower",
    "73:lockon",
    "79:earthpower",
    "100:attract",
    "100:bulldoze",
    "100:captivate",
    "100:confide",
    "100:dazzlinggleam",
    "100:doubleteam",
    "100:earthquake",
    "100:endure",
    "100:explosion",
    "100:facade",
    "100:flashcannon",
    "100:frustration",
    "100:gigaimpact",
    "100:hiddenpower",
    "100:hyperbeam",
    "100:naturalgift",
    "100:protect",
    "100:rest",
    "100:return",
    "100:rockpolish",
    "100:rockslide",
    "100:rocksmash",
    "100:rocktomb",
    "100:round",
    "100:sandstorm",
    "100:secretpower",
    "100:shockwave",
    "100:sleeptalk",
    "100:smackdown",
    "100:stealthrock",
    "100:stoneedge",
    "100:strength",
    "100:substitute",
    "100:sunnyday",
    "100:swagger",
    "100:taunt",
    "100:thunder",
    "100:thunderbolt",
    "100:thunderwave",
    "100:torment",
    "100:toxic",
    "100:voltswitch",
    "100:allyswitch",
    "100:ancientpower",
    "100:block",
    "100:earthpower",
    "100:firepunch",
    "100:gravity",
    "100:headbutt",
    "100:icepunch",
    "100:irondefense",
    "100:ironhead",
    "100:magiccoat",
    "100:magnetrise",
    "100:mudslap",
    "100:painsplit",
    "100:rollout",
    "100:shockwave",
    "100:sleeptalk",
    "100:snore",
    "100:stealthrock",
    "100:stompingtantrum",
    "100:telekinesis",
    "100:thunderpunch"
  ],
  "labels": [
    "gen4"
  ],
  "pokedex": [
    "cobblemon.species.probopass.desc"
  ],
  "preEvolution": "nosepass",
  "evolutions": [],
  "baseScale": 1,
  "hitbox": {
    "width": 1.5,
    "height": 2,
    "fixed": false
  },
  "baseFriendship": 70,
  "evYield": {
    "hp": 0,
    "attack": 0,
    "defence": 1,
    "special_attack": 0,
    "special_defence": 2,
    "speed": 0
  },
  "height": 14,
  "weight": 3400,
  "aspects": [],
  "cannotDynamax": false,
  "drops": {
    "amount": 6,
    "entries": [
      {
        "item": "minecraft:flint",
        "quantityRange": "0-3"
      },
      {
        "item": "cobblemon:hard_stone",
        "percentage": 5.0
      },
      {
        "item": "cobblemon:magnet",
        "percentage": 5.0
      },
      {
        "item": "cobblemon:chople_berry",
        "percentage": 5.0
      }
    ]
  }
}