{
  "implemented": true,
  "name": "Rhyperior",
  "nationalPokedexNumber": 464,
  "primaryType": "ground",
  "secondaryType": "rock",
  "abilities": [
    "lightningrod",
    "solidrock",
    "h:reckless"
  ],
  "drops": {
    "amount": 2,
    "entries": [
      {
        "item": "cobblemon:protector",
        "percentage": 10.0
      },
      {
        "item": "cobblemon:passho_berry",
        "percentage": 10.0
      }
    ]
  },
  "baseStats": {
    "hp": 115,
    "attack": 140,
    "defence": 130,
    "special_attack": 55,
    "special_defence": 55,
    "speed": 40
  },
  "catchRate": 30,
  "maleRatio": 0.5,
  "shoulderMountable": false,
  "baseExperienceYield": 268,
  "experienceGroup": "slow",
  "eggCycles": 20,
  "eggGroups": [
    "monster",
    "field"
  ],
  "moves": [
    "1:bulldoze",
    "1:furyattack",
    "1:hammerarm",
    "1:hornattack",
    "1:horndrill",
    "1:megahorn",
    "1:poisonjab",
    "1:rockwrecker",
    "1:scaryface",
    "1:smackdown",
    "1:stomp",
    "1:tackle",
    "1:tailwhip",
    "13:smackdown",
    "15:hornattack",
    "17:stomp",
    "19:scaryface",
    "20:scaryface",
    "21:bulldoze",
    "21:scaryface",
    "23:rockblast",
    "25:chipaway",
    "25:rockblast",
    "25:stomp",
    "29:rockblast",
    "30:chipaway",
    "30:rockblast",
    "33:drillrun",
    "33:takedown",
    "35:drillrun",
    "37:horndrill",
    "37:takedown",
    "40:takedown",
    "41:stoneedge",
    "41:takedown",
    "42:hammerarm",
    "45:stoneedge",
    "47:drillrun",
    "47:earthquake",
    "48:earthquake",
    "49:earthquake",
    "54:stoneedge",
    "55:megahorn",
    "56:stoneedge",
    "57:megahorn",
    "61:megahorn",
    "61:rockwrecker",
    "62:earthquake",
    "68:horndrill",
    "71:horndrill",
    "75:rockwrecker",
    "77:megahorn",
    "86:rockwrecker",
    "100:attract",
    "100:avalanche",
    "100:blizzard",
    "100:bodypress",
    "100:bodyslam",
    "100:breakingswipe",
    "100:brickbreak",
    "100:brutalswing",
    "100:bulldoze",
    "100:captivate",
    "100:confide",
    "100:crunch",
    "100:cut",
    "100:dig",
    "100:doubleteam",
    "100:dragonpulse",
    "100:dragontail",
    "100:drillrun",
    "100:earthpower",
    "100:earthquake",
    "100:endure",
    "100:facade",
    "100:fireblast",
    "100:firefang",
    "100:firepunch",
    "100:flamethrower",
    "100:flashcannon",
    "100:fling",
    "100:focusblast",
    "100:focuspunch",
    "100:frustration",
    "100:gigaimpact",
    "100:heatcrash",
    "100:heavyslam",
    "100:helpinghand",
    "100:hiddenpower",
    "100:highhorsepower",
    "100:hydropump",
    "100:hyperbeam",
    "100:icebeam",
    "100:icefang",
    "100:icepunch",
    "100:icywind",
    "100:incinerate",
    "100:irondefense",
    "100:ironhead",
    "100:irontail",
    "100:megahorn",
    "100:megakick",
    "100:megapunch",
    "100:mudshot",
    "100:naturalgift",
    "100:outrage",
    "100:payback",
    "100:payday",
    "100:poisonjab",
    "100:poweruppunch",
    "100:protect",
    "100:raindance",
    "100:rest",
    "100:return",
    "100:reversal",
    "100:roar",
    "100:rockblast",
    "100:rockclimb",
    "100:rockpolish",
    "100:rockslide",
    "100:rocksmash",
    "100:rocktomb",
    "100:round",
    "100:sandstorm",
    "100:scaryface",
    "100:secretpower",
    "100:shadowclaw",
    "100:shockwave",
    "100:sleeptalk",
    "100:smackdown",
    "100:smartstrike",
    "100:snore",
    "100:stealthrock",
    "100:stompingtantrum",
    "100:stoneedge",
    "100:strength",
    "100:substitute",
    "100:sunnyday",
    "100:superpower",
    "100:surf",
    "100:swagger",
    "100:swordsdance",
    "100:thief",
    "100:thunder",
    "100:thunderbolt",
    "100:thunderfang",
    "100:thunderpunch",
    "100:toxic",
    "100:uproar",
    "100:whirlpool",
    "100:ancientpower",
    "100:aquatail",
    "100:block",
    "100:dragonpulse",
    "100:drillrun",
    "100:earthpower",
    "100:endeavor",
    "100:firepunch",
    "100:focuspunch",
    "100:furycutter",
    "100:headbutt",
    "100:icepunch",
    "100:icywind",
    "100:ironhead",
    "100:irontail",
    "100:meteorbeam",
    "100:mudslap",
    "100:outrage",
    "100:rollout",
    "100:scorchingsands",
    "100:shockwave",
    "100:sleeptalk",
    "100:snore",
    "100:spite",
    "100:stealthrock",
    "100:stompingtantrum",
    "100:superpower",
    "100:thunderpunch",
    "100:uproar"
  ],
  "labels": [
    "gen4"
  ],
  "pokedex": [
    "cobblemon.species.rhyperior.desc"
  ],
  "preEvolution": "rhydon",
  "evolutions": [],
  "baseScale": 1.5,
  "hitbox": {
    "width": 1.3,
    "height": 1.8,
    "fixed": false
  },
  "baseFriendship": 50,
  "evYield": {
    "hp": 0,
    "attack": 3,
    "defence": 0,
    "special_attack": 0,
    "special_defence": 0,
    "speed": 0
  },
  "height": 24,
  "weight": 2828,
  "aspects": [],
  "cannotDynamax": false
}