{
  "name": "Shieldon",
  "nationalPokedexNumber": 410,
  "primaryType": "rock",
  "secondaryType": "steel",
  "abilities": [
    "sturdy",
    "h:soundproof"
  ],
  "drops": {
    "amount": 1,
    "entries": [
      {
        "item": "minecraft:bones",
        "quantityRange": "0-1"
      }
    ]
  },
  "baseStats": {
    "hp": 30,
    "attack": 42,
    "defence": 118,
    "special_attack": 42,
    "special_defence": 88,
    "speed": 30
  },
  "catchRate": 45,
  "maleRatio": 0.875,
  "shoulderMountable": false,
  "baseExperienceYield": 70,
  "experienceGroup": "erratic",
  "eggCycles": 30,
  "eggGroups": [
    "monster"
  ],
  "moves": [
    "1:protect",
    "1:tackle",
    "6:taunt",
    "10:metalsound",
    "15:takedown",
    "19:irondefense",
    "24:swagger",
    "28:ancientpower",
    "33:endure",
    "37:metalburst",
    "42:ironhead",
    "43:ironhead",
    "46:heavyslam",
    "100:bodyslam",
    "100:counter",
    "100:curse",
    "100:doubleedge",
    "100:fissure",
    "100:focusenergy",
    "100:guardsplit",
    "100:headbutt",
    "100:rockblast",
    "100:scaryface",
    "100:screech",
    "100:stealthrock",
    "100:wideguard",
    "100:attract",
    "100:blizzard",
    "100:bulldoze",
    "100:captivate",
    "100:confide",
    "100:dig",
    "100:doubleteam",
    "100:earthquake",
    "100:endure",
    "100:facade",
    "100:fireblast",
    "100:flamethrower",
    "100:flashcannon",
    "100:frustration",
    "100:hiddenpower",
    "100:icebeam",
    "100:incinerate",
    "100:irontail",
    "100:naturalgift",
    "100:protect",
    "100:raindance",
    "100:rest",
    "100:return",
    "100:roar",
    "100:rockpolish",
    "100:rockslide",
    "100:rocksmash",
    "100:rocktomb",
    "100:round",
    "100:sandstorm",
    "100:secretpower",
    "100:shockwave",
    "100:sleeptalk",
    "100:smackdown",
    "100:stealthrock",
    "100:stoneedge",
    "100:strength",
    "100:substitute",
    "100:sunnyday",
    "100:swagger",
    "100:taunt",
    "100:thunder",
    "100:thunderbolt",
    "100:torment",
    "100:toxic",
    "100:ancientpower",
    "100:bodyslam",
    "100:counter",
    "100:earthpower",
    "100:fissure",
    "100:headbutt",
    "100:irondefense",
    "100:ironhead",
    "100:irontail",
    "100:magnetrise",
    "100:metalsound",
    "100:mudslap",
    "100:protect",
    "100:shockwave",
    "100:sleeptalk",
    "100:snore",
    "100:stealthrock",
    "100:takedown"
  ],
  "labels": [
    "gen4"
  ],
  "pokedex": [
    "cobblemon.species.shieldon.desc"
  ],
  "evolutions": [
    {
      "id": "shieldon_bastiodon",
      "variant": "level_up",
      "result": "bastiodon",
      "consumeHeldItem": false,
      "learnableMoves": [],
      "requirements": [
        {
          "variant": "level",
          "minLevel": 30
        }
      ]
    }
  ],
  "baseScale": 1,
  "hitbox": {
    "width": 1,
    "height": 1,
    "fixed": false
  },
  "baseFriendship": 70,
  "evYield": {
    "hp": 0,
    "attack": 0,
    "defence": 1,
    "special_attack": 0,
    "special_defence": 0,
    "speed": 0
  },
  "height": 5,
  "weight": 570,
  "aspects": [],
  "cannotDynamax": false
}