{
  "name": "Snover",
  "nationalPokedexNumber": 459,
  "primaryType": "grass",
  "secondaryType": "ice",
  "abilities": [
    "snowwarning",
    "h:soundproof"
  ],
  "drops": {
    "amount": 3,
    "entries": [
      {
        "item": "minecraft:snowball",
        "quantityRange": "0-1"
      },
      {
        "item": "cobblemon:never_melt_ice",
        "percentage": 2.5
      },
      {
        "item": "cobblemon:occa_berry",
        "percentage": 2.5
      }
    ]
  },
  "baseStats": {
    "hp": 60,
    "attack": 62,
    "defence": 50,
    "special_attack": 62,
    "special_defence": 60,
    "speed": 40
  },
  "catchRate": 120,
  "maleRatio": 0.5,
  "shoulderMountable": false,
  "baseExperienceYield": 67,
  "experienceGroup": "slow",
  "eggCycles": 20,
  "eggGroups": [
    "monster",
    "grass"
  ],
  "moves": [
    "1:leer",
    "1:powdersnow",
    "5:leafage",
    "5:razorleaf",
    "9:icywind",
    "10:mist",
    "13:grasswhistle",
    "15:iceshard",
    "17:swagger",
    "20:razorleaf",
    "21:mist",
    "25:icywind",
    "26:iceshard",
    "30:swagger",
    "31:ingrain",
    "35:ingrain",
    "36:woodhammer",
    "41:blizzard",
    "41:woodhammer",
    "45:blizzard",
    "46:sheercold",
    "50:sheercold",
    "100:avalanche",
    "100:bulletseed",
    "100:doubleedge",
    "100:growth",
    "100:leechseed",
    "100:magicalleaf",
    "100:mist",
    "100:naturalgift",
    "100:seedbomb",
    "100:skullbash",
    "100:stomp",
    "100:weatherball",
    "100:attract",
    "100:avalanche",
    "100:blizzard",
    "100:bodyslam",
    "100:bulletseed",
    "100:captivate",
    "100:chillingwater",
    "100:confide",
    "100:doubleteam",
    "100:endure",
    "100:energyball",
    "100:facade",
    "100:flash",
    "100:frostbreath",
    "100:frustration",
    "100:gigadrain",
    "100:grassknot",
    "100:hail",
    "100:helpinghand",
    "100:hiddenpower",
    "100:icebeam",
    "100:icepunch",
    "100:icespinner",
    "100:icywind",
    "100:irontail",
    "100:leafstorm",
    "100:lightscreen",
    "100:magicalleaf",
    "100:megapunch",
    "100:mudslap",
    "100:naturalgift",
    "100:protect",
    "100:raindance",
    "100:rest",
    "100:return",
    "100:round",
    "100:safeguard",
    "100:secretpower",
    "100:seedbomb",
    "100:shadowball",
    "100:sleeptalk",
    "100:snore",
    "100:snowscape",
    "100:solarbeam",
    "100:substitute",
    "100:swagger",
    "100:swordsdance",
    "100:takedown",
    "100:terablast",
    "100:toxic",
    "100:trailblaze",
    "100:waterpulse",
    "100:weatherball",
    "100:avalanche",
    "100:gigadrain",
    "100:grassyglide",
    "100:headbutt",
    "100:icepunch",
    "100:icywind",
    "100:irontail",
    "100:mudslap",
    "100:razorleaf",
    "100:roleplay",
    "100:seedbomb",
    "100:sleeptalk",
    "100:snore",
    "100:synthesis",
    "100:waterpulse",
    "100:worryseed"
  ],
  "labels": [
    "gen4"
  ],
  "pokedex": [
    "cobblemon.species.snover.desc"
  ],
  "evolutions": [
    {
      "id": "snover_abomasnow",
      "variant": "level_up",
      "result": "abomasnow",
      "consumeHeldItem": false,
      "learnableMoves": [
        "icepunch"
      ],
      "requirements": [
        {
          "variant": "level",
          "minLevel": 40
        }
      ]
    }
  ],
  "baseScale": 1,
  "hitbox": {
    "width": 1,
    "height": 1,
    "fixed": false
  },
  "baseFriendship": 50,
  "evYield": {
    "hp": 0,
    "attack": 1,
    "defence": 0,
    "special_attack": 0,
    "special_defence": 0,
    "speed": 0
  },
  "height": 10,
  "weight": 505,
  "aspects": [],
  "cannotDynamax": false
}