{
  "implemented": true,
  "name": "Spiritomb",
  "nationalPokedexNumber": 442,
  "primaryType": "ghost",
  "secondaryType": "dark",
  "abilities": [
    "pressure",
    "h:infiltrator"
  ],
  "drops": {
    "amount": 1,
    "entries": [
      {
        "item": "cobblemon:spell_tag",
        "percentage": 5.0
      }
    ]
  },
  "baseStats": {
    "hp": 50,
    "attack": 92,
    "defence": 108,
    "special_attack": 92,
    "special_defence": 108,
    "speed": 35
  },
  "catchRate": 100,
  "maleRatio": 0.5,
  "shoulderMountable": false,
  "baseExperienceYield": 170,
  "experienceGroup": "medium_fast",
  "eggCycles": 30,
  "eggGroups": [
    "amorphous"
  ],
  "moves": [
    "1:confuseray",
    "1:curse",
    "1:nightshade",
    "1:pursuit",
    "1:shadowsneak",
    "1:spite",
    "5:shadowsneak",
    "7:feintattack",
    "10:spite",
    "13:hypnosis",
    "15:payback",
    "19:dreameater",
    "20:nastyplot",
    "25:hex",
    "25:ominouswind",
    "30:memento",
    "31:suckerpunch",
    "35:suckerpunch",
    "37:nastyplot",
    "40:curse",
    "43:memento",
    "45:shadowball",
    "49:darkpulse",
    "50:darkpulse",
    "55:hypnosis",
    "60:dreameater",
    "100:allyswitch",
    "100:captivate",
    "100:destinybond",
    "100:disable",
    "100:foulplay",
    "100:grudge",
    "100:imprison",
    "100:nightmare",
    "100:painsplit",
    "100:shadowsneak",
    "100:smokescreen",
    "100:allyswitch",
    "100:attract",
    "100:bodyslam",
    "100:calmmind",
    "100:captivate",
    "100:confide",
    "100:confuseray",
    "100:darkpulse",
    "100:doubleteam",
    "100:dreameater",
    "100:embargo",
    "100:endure",
    "100:facade",
    "100:flash",
    "100:foulplay",
    "100:frustration",
    "100:gigaimpact",
    "100:helpinghand",
    "100:hex",
    "100:hiddenpower",
    "100:hyperbeam",
    "100:icywind",
    "100:imprison",
    "100:infestation",
    "100:nastyplot",
    "100:naturalgift",
    "100:nightshade",
    "100:payback",
    "100:phantomforce",
    "100:protect",
    "100:psybeam",
    "100:psychic",
    "100:psychup",
    "100:psyshock",
    "100:quash",
    "100:raindance",
    "100:rest",
    "100:retaliate",
    "100:return",
    "100:rocktomb",
    "100:round",
    "100:scaryface",
    "100:secretpower",
    "100:shadowball",
    "100:shockwave",
    "100:silverwind",
    "100:skillswap",
    "100:sleeptalk",
    "100:snarl",
    "100:snatch",
    "100:snore",
    "100:storedpower",
    "100:substitute",
    "100:sunnyday",
    "100:swagger",
    "100:taunt",
    "100:telekinesis",
    "100:terablast",
    "100:thief",
    "100:torment",
    "100:toxic",
    "100:trick",
    "100:trickroom",
    "100:uproar",
    "100:waterpulse",
    "100:willowisp",
    "100:wonderroom",
    "100:allyswitch",
    "100:burningjealousy",
    "100:darkpulse",
    "100:embargo",
    "100:foulplay",
    "100:icywind",
    "100:lashout",
    "100:ominouswind",
    "100:painsplit",
    "100:poltergeist",
    "100:psychic",
    "100:shockwave",
    "100:silverwind",
    "100:sleeptalk",
    "100:snatch",
    "100:snore",
    "100:spite",
    "100:suckerpunch",
    "100:telekinesis",
    "100:trick",
    "100:uproar",
    "100:waterpulse",
    "100:wonderroom"
  ],
  "labels": [
    "gen4"
  ],
  "pokedex": [
    "cobblemon.species.spiritomb.desc"
  ],
  "evolutions": [],
  "baseScale": 1,
  "hitbox": {
    "width": 0.8,
    "height": 0.8,
    "fixed": false
  },
  "baseFriendship": 50,
  "evYield": {
    "hp": 0,
    "attack": 0,
    "defence": 1,
    "special_attack": 0,
    "special_defence": 1,
    "speed": 0
  },
  "height": 10,
  "weight": 1080,
  "aspects": [],
  "cannotDynamax": false
}