{
  "implemented": true,
  "name": "Starly",
  "nationalPokedexNumber": 396,
  "primaryType": "normal",
  "secondaryType": "flying",
  "abilities": [
    "keeneye",
    "h:reckless"
  ],
  "drops": {
    "amount": 3,
    "entries": [
      {
        "item": "minecraft:feather",
        "quantityRange": "0-1"
      },
      {
        "item": "minecraft:chicken"
      },
      {
        "item": "cobblemon:yache_berry",
        "percentage": 2.5
      }
    ]
  },
  "baseStats": {
    "hp": 40,
    "attack": 55,
    "defence": 30,
    "special_attack": 30,
    "special_defence": 30,
    "speed": 60
  },
  "catchRate": 255,
  "maleRatio": 0.5,
  "shoulderMountable": false,
  "baseExperienceYield": 49,
  "experienceGroup": "medium_slow",
  "eggCycles": 15,
  "eggGroups": [
    "flying"
  ],
  "behaviour": {
    "moving": {
      "fly": {
        "canFly": true
      }
    }
  },
  "moves": [
    "1:growl",
    "1:tackle",
    "5:quickattack",
    "9:wingattack",
    "13:doubleteam",
    "17:endeavor",
    "21:whirlwind",
    "25:aerialace",
    "29:takedown",
    "33:agility",
    "37:bravebird",
    "41:finalgambit",
    "100:astonish",
    "100:detect",
    "100:doubleedge",
    "100:featherdance",
    "100:foresight",
    "100:furyattack",
    "100:mirrormove",
    "100:pursuit",
    "100:revenge",
    "100:roost",
    "100:sandattack",
    "100:steelwing",
    "100:uproar",
    "100:acrobatics",
    "100:aerialace",
    "100:agility",
    "100:aircutter",
    "100:airslash",
    "100:attract",
    "100:bravebird",
    "100:captivate",
    "100:confide",
    "100:defog",
    "100:doubleteam",
    "100:echoedvoice",
    "100:endure",
    "100:facade",
    "100:fly",
    "100:frustration",
    "100:heatwave",
    "100:helpinghand",
    "100:hiddenpower",
    "100:hurricane",
    "100:naturalgift",
    "100:pluck",
    "100:protect",
    "100:raindance",
    "100:rest",
    "100:return",
    "100:roost",
    "100:round",
    "100:secretpower",
    "100:sleeptalk",
    "100:steelwing",
    "100:substitute",
    "100:sunnyday",
    "100:swagger",
    "100:swift",
    "100:tailwind",
    "100:takedown",
    "100:terablast",
    "100:thief",
    "100:toxic",
    "100:uturn",
    "100:workup",
    "100:aircutter",
    "100:defog",
    "100:endeavor",
    "100:growl",
    "100:heatwave",
    "100:mudslap",
    "100:ominouswind",
    "100:roost",
    "100:sleeptalk",
    "100:snore",
    "100:swift",
    "100:tackle",
    "100:tailwind",
    "100:twister",
    "100:uproar"
  ],
  "labels": [
    "gen4"
  ],
  "pokedex": [
    "cobblemon.species.starly.desc"
  ],
  "evolutions": [
    {
      "id": "starly_staravia",
      "variant": "level_up",
      "result": "staravia",
      "consumeHeldItem": false,
      "learnableMoves": [],
      "requirements": [
        {
          "variant": "level",
          "minLevel": 14
        }
      ]
    }
  ],
  "baseScale": 0.8,
  "hitbox": {
    "width": 0.6,
    "height": 0.7,
    "fixed": false
  },
  "baseFriendship": 70,
  "evYield": {
    "hp": 0,
    "attack": 0,
    "defence": 0,
    "special_attack": 0,
    "special_defence": 0,
    "speed": 1
  },
  "height": 3,
  "weight": 20,
  "aspects": [],
  "cannotDynamax": false
}