{
  "implemented": true,
  "name": "Staravia",
  "nationalPokedexNumber": 397,
  "primaryType": "normal",
  "secondaryType": "flying",
  "abilities": [
    "intimidate",
    "h:reckless"
  ],
  "drops": {
    "amount": 5,
    "entries": [
      {
        "item": "minecraft:feather",
        "quantityRange": "0-2"
      },
      {
        "item": "minecraft:chicken"
      },
      {
        "item": "cobblemon:sharp_beak",
        "percentage": 2.5
      },
      {
        "item": "cobblemon:yache_berry",
        "percentage": 5.0
      }
    ]
  },
  "baseStats": {
    "hp": 55,
    "attack": 75,
    "defence": 50,
    "special_attack": 40,
    "special_defence": 40,
    "speed": 80
  },
  "catchRate": 120,
  "maleRatio": 0.5,
  "shoulderMountable": false,
  "baseExperienceYield": 119,
  "experienceGroup": "medium_slow",
  "eggCycles": 15,
  "eggGroups": [
    "flying"
  ],
  "behaviour": {
    "moving": {
      "fly": {
        "canFly": true
      }
    }
  },
  "moves": [
    "1:growl",
    "1:quickattack",
    "1:tackle",
    "9:wingattack",
    "13:doubleteam",
    "18:endeavor",
    "23:whirlwind",
    "28:aerialace",
    "33:takedown",
    "38:agility",
    "43:bravebird",
    "48:finalgambit",
    "100:acrobatics",
    "100:aerialace",
    "100:agility",
    "100:aircutter",
    "100:airslash",
    "100:attract",
    "100:bravebird",
    "100:captivate",
    "100:confide",
    "100:defog",
    "100:doubleteam",
    "100:echoedvoice",
    "100:endure",
    "100:facade",
    "100:fly",
    "100:frustration",
    "100:heatwave",
    "100:helpinghand",
    "100:hiddenpower",
    "100:hurricane",
    "100:naturalgift",
    "100:pluck",
    "100:protect",
    "100:raindance",
    "100:rest",
    "100:retaliate",
    "100:return",
    "100:roost",
    "100:round",
    "100:secretpower",
    "100:sleeptalk",
    "100:steelwing",
    "100:substitute",
    "100:sunnyday",
    "100:swagger",
    "100:swift",
    "100:tailwind",
    "100:takedown",
    "100:terablast",
    "100:thief",
    "100:toxic",
    "100:uturn",
    "100:workup",
    "100:aircutter",
    "100:defog",
    "100:endeavor",
    "100:featherdance",
    "100:heatwave",
    "100:mudslap",
    "100:ominouswind",
    "100:roost",
    "100:sleeptalk",
    "100:snore",
    "100:swift",
    "100:tailwind",
    "100:twister",
    "100:uproar",
    "100:wingattack"
  ],
  "labels": [
    "gen4"
  ],
  "pokedex": [
    "cobblemon.species.staravia.desc"
  ],
  "preEvolution": "starly",
  "evolutions": [
    {
      "id": "staravia_staraptor",
      "variant": "level_up",
      "result": "staraptor",
      "consumeHeldItem": false,
      "learnableMoves": [
        "closecombat"
      ],
      "requirements": [
        {
          "variant": "level",
          "minLevel": 34
        }
      ]
    }
  ],
  "baseScale": 1,
  "hitbox": {
    "width": 1,
    "height": 1,
    "fixed": false
  },
  "baseFriendship": 70,
  "evYield": {
    "hp": 0,
    "attack": 0,
    "defence": 0,
    "special_attack": 0,
    "special_defence": 0,
    "speed": 2
  },
  "height": 6,
  "weight": 155,
  "aspects": [],
  "cannotDynamax": false
}