{
  "implemented": true,
  "name": "Tangrowth",
  "nationalPokedexNumber": 465,
  "primaryType": "grass",
  "abilities": [
    "chlorophyll",
    "leafguard",
    "h:regenerator"
  ],
  "drops": {
    "amount": 3,
    "entries": [
      {
        "item": "minecraft:vines",
        "quantityRange": "0-2"
      },
      {
        "item": "cobblemon:big_root",
        "percentage": 5.0
      }
    ]
  },
  "baseStats": {
    "hp": 100,
    "attack": 100,
    "defence": 125,
    "special_attack": 110,
    "special_defence": 50,
    "speed": 50
  },
  "catchRate": 30,
  "maleRatio": 0.5,
  "shoulderMountable": false,
  "baseExperienceYield": 187,
  "experienceGroup": "medium_fast",
  "eggCycles": 20,
  "eggGroups": [
    "grass"
  ],
  "moves": [
    "1:absorb",
    "1:bind",
    "1:block",
    "1:constrict",
    "1:growth",
    "1:ingrain",
    "1:stunspore",
    "4:sleeppowder",
    "5:sleeppowder",
    "7:vinewhip",
    "8:absorb",
    "10:absorb",
    "12:growth",
    "12:megadrain",
    "14:poisonpowder",
    "15:poisonpowder",
    "16:vinewhip",
    "17:bind",
    "19:vinewhip",
    "20:growth",
    "20:poisonpowder",
    "22:bind",
    "23:megadrain",
    "24:ancientpower",
    "26:megadrain",
    "27:knockoff",
    "28:knockoff",
    "29:stunspore",
    "30:stunspore",
    "32:gigadrain",
    "33:ancientpower",
    "33:knockoff",
    "33:naturalgift",
    "36:ancientpower",
    "36:gigadrain",
    "36:knockoff",
    "36:sleeppowder",
    "40:ancientpower",
    "40:naturalgift",
    "40:slam",
    "43:slam",
    "44:tickle",
    "46:tickle",
    "47:tickle",
    "48:powerwhip",
    "49:wringout",
    "50:grassyterrain",
    "50:wringout",
    "52:ingrain",
    "53:powerwhip",
    "54:powerwhip",
    "56:grassyterrain",
    "57:block",
    "100:aerialace",
    "100:amnesia",
    "100:attract",
    "100:bodyslam",
    "100:brickbreak",
    "100:brutalswing",
    "100:bulldoze",
    "100:bulletseed",
    "100:captivate",
    "100:confide",
    "100:cut",
    "100:doubleteam",
    "100:earthquake",
    "100:endure",
    "100:energyball",
    "100:facade",
    "100:flash",
    "100:fling",
    "100:focusblast",
    "100:frustration",
    "100:gigadrain",
    "100:gigaimpact",
    "100:grassknot",
    "100:grassyterrain",
    "100:hiddenpower",
    "100:hyperbeam",
    "100:infestation",
    "100:leafstorm",
    "100:naturalgift",
    "100:naturepower",
    "100:payback",
    "100:poisonjab",
    "100:powerswap",
    "100:powerwhip",
    "100:protect",
    "100:psychup",
    "100:reflect",
    "100:rest",
    "100:return",
    "100:rockslide",
    "100:rocksmash",
    "100:rocktomb",
    "100:round",
    "100:secretpower",
    "100:seedbomb",
    "100:shockwave",
    "100:sleeptalk",
    "100:sludgebomb",
    "100:snore",
    "100:solarbeam",
    "100:solarblade",
    "100:stompingtantrum",
    "100:strength",
    "100:substitute",
    "100:sunnyday",
    "100:swagger",
    "100:swordsdance",
    "100:thief",
    "100:toxic",
    "100:ancientpower",
    "100:bind",
    "100:block",
    "100:endeavor",
    "100:gigadrain",
    "100:grassyglide",
    "100:headbutt",
    "100:knockoff",
    "100:morningsun",
    "100:mudslap",
    "100:naturalgift",
    "100:painsplit",
    "100:seedbomb",
    "100:shockwave",
    "100:sleeptalk",
    "100:snore",
    "100:stompingtantrum",
    "100:sunnyday",
    "100:synthesis",
    "100:worryseed"
  ],
  "labels": [
    "gen4"
  ],
  "pokedex": [
    "cobblemon.species.tangrowth.desc"
  ],
  "preEvolution": "tangela",
  "evolutions": [],
  "baseScale": 2,
  "hitbox": {
    "width": 0.9,
    "height": 1.2,
    "fixed": false
  },
  "baseFriendship": 50,
  "evYield": {
    "hp": 0,
    "attack": 0,
    "defence": 2,
    "special_attack": 0,
    "special_defence": 0,
    "speed": 0
  },
  "height": 20,
  "weight": 1286,
  "aspects": [],
  "cannotDynamax": false
}