{
  "name": "Uxie",
  "nationalPokedexNumber": 480,
  "primaryType": "psychic",
  "abilities": [
    "levitate"
  ],
  "baseStats": {
    "hp": 75,
    "attack": 75,
    "defence": 130,
    "special_attack": 75,
    "special_defence": 130,
    "speed": 95
  },
  "catchRate": 3,
  "maleRatio": -1,
  "shoulderMountable": false,
  "baseExperienceYield": 290,
  "experienceGroup": "slow",
  "eggCycles": 80,
  "eggGroups": [
    "undiscovered"
  ],
  "moves": [
    "1:confusion",
    "1:flail",
    "1:memento",
    "1:naturalgift",
    "1:rest",
    "6:imprison",
    "7:swift",
    "14:endure",
    "16:endure",
    "21:psybeam",
    "21:swift",
    "28:imprison",
    "31:yawn",
    "35:extrasensory",
    "36:futuresight",
    "42:amnesia",
    "46:amnesia",
    "49:psychic",
    "50:extrasensory",
    "51:extrasensory",
    "56:yawn",
    "61:flail",
    "63:futuresight",
    "66:naturalgift",
    "70:flail",
    "76:memento",
    "77:memento",
    "84:mysticalpower",
    "100:acrobatics",
    "100:allyswitch",
    "100:amnesia",
    "100:batonpass",
    "100:calmmind",
    "100:chargebeam",
    "100:confide",
    "100:confuseray",
    "100:dazzlinggleam",
    "100:doubleteam",
    "100:drainingkiss",
    "100:drainpunch",
    "100:dreameater",
    "100:encore",
    "100:endure",
    "100:energyball",
    "100:facade",
    "100:firepunch",
    "100:flash",
    "100:fling",
    "100:foulplay",
    "100:frustration",
    "100:futuresight",
    "100:gigadrain",
    "100:gigaimpact",
    "100:grassknot",
    "100:helpinghand",
    "100:hiddenpower",
    "100:hyperbeam",
    "100:icepunch",
    "100:imprison",
    "100:irontail",
    "100:lightscreen",
    "100:magicroom",
    "100:metronome",
    "100:mudslap",
    "100:nastyplot",
    "100:naturalgift",
    "100:playrough",
    "100:poweruppunch",
    "100:protect",
    "100:psybeam",
    "100:psychic",
    "100:psychocut",
    "100:psychup",
    "100:psyshock",
    "100:raindance",
    "100:recycle",
    "100:reflect",
    "100:rest",
    "100:return",
    "100:round",
    "100:safeguard",
    "100:sandstorm",
    "100:secretpower",
    "100:shadowball",
    "100:shockwave",
    "100:skillswap",
    "100:sleeptalk",
    "100:snore",
    "100:solarbeam",
    "100:stealthrock",
    "100:storedpower",
    "100:substitute",
    "100:sunnyday",
    "100:swagger",
    "100:swift",
    "100:telekinesis",
    "100:terablast",
    "100:thunder",
    "100:thunderbolt",
    "100:thunderpunch",
    "100:thunderwave",
    "100:toxic",
    "100:triattack",
    "100:trick",
    "100:trickroom",
    "100:uturn",
    "100:waterpulse",
    "100:wonderroom",
    "100:zenheadbutt",
    "100:allyswitch",
    "100:amnesia",
    "100:confusion",
    "100:expandingforce",
    "100:extrasensory",
    "100:firepunch",
    "100:flail",
    "100:foulplay",
    "100:futuresight",
    "100:gigadrain",
    "100:headbutt",
    "100:healbell",
    "100:helpinghand",
    "100:icepunch",
    "100:irontail",
    "100:knockoff",
    "100:laserfocus",
    "100:magiccoat",
    "100:magicroom",
    "100:mudslap",
    "100:psychic",
    "100:recycle",
    "100:roleplay",
    "100:shadowball",
    "100:shockwave",
    "100:signalbeam",
    "100:skillswap",
    "100:sleeptalk",
    "100:snore",
    "100:stealthrock",
    "100:swift",
    "100:telekinesis",
    "100:thunderpunch",
    "100:trick",
    "100:waterpulse",
    "100:wonderroom",
    "100:yawn",
    "100:zenheadbutt"
  ],
  "labels": [
    "gen4",
    "legendary"
  ],
  "pokedex": [
    "cobblemon.species.uxie.desc"
  ],
  "evolutions": [],
  "baseScale": 1,
  "hitbox": {
    "width": 1,
    "height": 1,
    "fixed": false
  },
  "baseFriendship": 140,
  "evYield": {
    "hp": 0,
    "attack": 0,
    "defence": 2,
    "special_attack": 0,
    "special_defence": 1,
    "speed": 0
  },
  "height": 3,
  "weight": 3,
  "aspects": [],
  "cannotDynamax": false
}