{
  "name": "Salazzle",
  "nationalPokedexNumber": 758,
  "primaryType": "poison",
  "secondaryType": "fire",
  "abilities": [
    "corrosion",
    "h:oblivious"
  ],
  "baseStats": {
    "hp": 68,
    "attack": 64,
    "defence": 60,
    "special_attack": 111,
    "special_defence": 60,
    "speed": 117
  },
    "behaviour": {
     "moving": {
     	"walk": {
        "walkSpeed": 0.25
	}
      },
    "resting": {
      "canSleep": true,
      "willSleepOnBed": false,
      "depth": "normal",
      "light": "0-4"
    }
  },
  "catchRate": 45,
  "maleRatio": 0,
  "shoulderMountable": false,
  "forms": [
    {
      "name": "Totem",
      "primaryType": "poison",
      "secondaryType": "fire",
      "abilities": [
        "corrosion"
      ],
      "baseStats": {
        "hp": 68,
        "attack": 64,
        "defence": 60,
        "special_attack": 111,
        "special_defence": 60,
        "speed": 117
      },
      "catchRate": 45,
      "maleRatio": 0,
      "baseExperienceYield": 168,
      "baseFriendship": 50,
      "evYield": {
        "hp": 0,
        "attack": 0,
        "defence": 0,
        "special_attack": 0,
        "special_defence": 0,
        "speed": 2
      },
      "experienceGroup": "medium_fast",
      "eggCycles": 20,
      "eggGroups": [
        "monster",
        "dragon"
      ],
      "moves": [
        "1:captivate",
        "1:disable",
        "1:ember",
        "1:encore",
        "1:poisongas",
        "1:pound",
        "1:swagger",
        "1:sweetscent",
        "1:torment",
        "13:dragonrage",
        "16:smog",
        "21:doubleslap",
        "24:flameburst",
        "29:toxic",
        "32:nastyplot",
        "39:venoshock",
        "44:flamethrower",
        "51:venomdrench",
        "56:dragonpulse",
        "tm:acrobatics",
        "tm:attract",
        "tm:confide",
        "tm:doubleteam",
        "tm:dragonclaw",
        "tm:dragontail",
        "tm:facade",
        "tm:fireblast",
        "tm:flamecharge",
        "tm:flamethrower",
        "tm:fling",
        "tm:frustration",
        "tm:hiddenpower",
        "tm:leechlife",
        "tm:overheat",
        "tm:payback",
        "tm:poisonjab",
        "tm:protect",
        "tm:rest",
        "tm:return",
        "tm:round",
        "tm:shadowclaw",
        "tm:sleeptalk",
        "tm:sludgebomb",
        "tm:sludgewave",
        "tm:substitute",
        "tm:swagger",
        "tm:taunt",
        "tm:thief",
        "tm:torment",
        "tm:toxic",
        "tm:venoshock",
        "tm:willowisp",
        "tutor:covet",
        "tutor:doubleslap",
        "tutor:dragonpulse",
        "tutor:flameburst",
        "tutor:foulplay",
        "tutor:gunkshot",
        "tutor:heatwave",
        "tutor:helpinghand",
        "tutor:irontail",
        "tutor:knockoff",
        "tutor:laserfocus",
        "tutor:smog",
        "tutor:snatch",
        "tutor:snore",
        "tutor:toxic"
      ],
      "labels": [
        "gen7",
        "totem"
      ],
      "aspects": [
        "totem"
      ],
      "height": 21,
      "weight": 810,
      "evolutions": [],
      "cannotDynamax": false,
      "battleOnly": false
    }
  ],
  "baseExperienceYield": 168,
  "experienceGroup": "medium_fast",
  "eggCycles": 20,
  "eggGroups": [
    "monster",
    "dragon"
  ],
  "moves": [
    "1:captivate",
    "1:disable",
    "1:ember",
    "1:encore",
    "1:endeavor",
    "1:knockoff",
    "1:poisongas",
    "1:pound",
    "1:scratch",
    "1:smog",
    "1:swagger",
    "1:torment",
    "13:dragonrage",
    "15:poisonfang",
    "20:sweetscent",
    "21:doubleslap",
    "24:flameburst",
    "25:nastyplot",
    "30:incinerate",
    "37:venoshock",
    "44:dragonpulse",
    "51:flamethrower",
    "51:venomdrench",
    "58:toxic",
    "tm:acidspray",
    "tm:acrobatics",
    "tm:agility",
    "tm:attract",
    "tm:beatup",
    "tm:bodyslam",
    "tm:breakingswipe",
    "tm:confide",
    "tm:crosspoison",
    "tm:doubleteam",
    "tm:dragonclaw",
    "tm:dragondance",
    "tm:dragonpulse",
    "tm:dragontail",
    "tm:encore",
    "tm:endure",
    "tm:facade",
    "tm:faketears",
    "tm:fireblast",
    "tm:firefang",
    "tm:flamecharge",
    "tm:flamethrower",
    "tm:flareblitz",
    "tm:fling",
    "tm:foulplay",
    "tm:frustration",
    "tm:gigaimpact",
    "tm:gunkshot",
    "tm:heatwave",
    "tm:helpinghand",
    "tm:hiddenpower",
    "tm:hyperbeam",
    "tm:hypervoice",
    "tm:irontail",
    "tm:leechlife",
    "tm:mudslap",
    "tm:nastyplot",
    "tm:overheat",
    "tm:payback",
    "tm:poisonjab",
    "tm:poisontail",
    "tm:protect",
    "tm:rest",
    "tm:return",
    "tm:round",
    "tm:scaryface",
    "tm:shadowclaw",
    "tm:sleeptalk",
    "tm:sludgebomb",
    "tm:sludgewave",
    "tm:snore",
    "tm:substitute",
    "tm:sunnyday",
    "tm:swagger",
    "tm:swift",
    "tm:takedown",
    "tm:taunt",
    "tm:terablast",
    "tm:thief",
    "tm:thunderwave",
    "tm:torment",
    "tm:toxic",
    "tm:toxicspikes",
    "tm:trailblaze",
    "tm:venomdrench",
    "tm:venoshock",
    "tm:willowisp",
    "tutor:corrosivegas",
    "tutor:covet",
    "tutor:dragonpulse",
    "tutor:fakeout",
    "tutor:flamethrower",
    "tutor:foulplay",
    "tutor:gunkshot",
    "tutor:heatwave",
    "tutor:helpinghand",
    "tutor:irontail",
    "tutor:knockoff",
    "tutor:laserfocus",
    "tutor:scaleshot",
    "tutor:skittersmack",
    "tutor:sludgebomb",
    "tutor:snatch",
    "tutor:snore",
    "tutor:toxic"
  ],
  "labels": [
    "gen7"
  ],
  "pokedex": [
    "cobblemon.species.salazzle.desc"
  ],
  "preEvolution": "salandit",
  "evolutions": [],
  "baseScale": 0.8,
  "hitbox": {
    "width": 1,
    "height": 1.8,
    "fixed": false
  },
  "baseFriendship": 50,
  "evYield": {
    "hp": 0,
    "attack": 0,
    "defence": 0,
    "special_attack": 0,
    "special_defence": 0,
    "speed": 2
  },
  "height": 12,
  "weight": 222,
  "aspects": [],
  "cannotDynamax": false,
  "drops": {
    "amount": 3,
    "entries": [
      {
        "item": "minecraft:blaze_powder",
        "quantityRange": "1-3"
      },
      {
        "item": "cobblemon:shuca_berry",
        "percentage": 5.0
      }
    ]
  }
}