{
  "species": "cobblemon:marowak",
  "order": 2,
  "variations": [
    {
      "aspects": ["alolan"],
      "poser": "cobblemon:marowak_alolan",
      "model": "cobblemon:marowak_alolan.geo",
      "texture": "cobblemon:textures/pokemon/marowak/marowak_alolan.png",
      "layers": [
	  {
			"name": "glow",
			"texture": {
            "frames": [
              "cobblemon:textures/pokemon/marowak/marowak_alolan_emissive.png",
              "cobblemon:textures/pokemon/marowak/marowak_alolan_emissive_2.png",
              "cobblemon:textures/pokemon/marowak/marowak_alolan_emissive_3.png"
            ],
            "fps": 10,
            "loop": true
          },
          "emissive": true
	  }
	  ]
    },
    {
      "aspects": [
        "shiny","alolan"
      ],
      "texture": "cobblemon:textures/pokemon/marowak/marowak_alolan_shiny.png"
    }
  ]
}