{
  "species": "cobblemon:partnerlatiosgreen",
  "order": 0,
  "variations": [
    {
      "aspects": [],
      "poser": "cobblemon:latios",
      "model": "cobblemon:latios.geo",
      "texture": "cobblemon:textures/pokemon/latios/latios.png",
      "layers": [
        {
          "name": "scarf_colour",
          "texture": "cobblemon:textures/pokemon/latios/scarves/green.png",
          "emissive": false
        }
      ]
    },
    {
      "aspects": [ "shiny" ],
      "texture": "cobblemon:textures/pokemon/latios/latios_shiny.png"
    }
  ]
}
