{
	"name": "spacedplum:village_cobblemon/roadacc",
	"fallback": "minecraft:empty",
	"elements": [{
		"weight": 3,
		"element": {
			"location": "spacedplum:village_cobblemon/roadacc/lamp1",
			"processors": "minecraft:empty",
			"projection": "rigid",
			"element_type": "minecraft:single_pool_element"
		}
	},{
		"weight": 3,
		"element": {
			"location": "spacedplum:village_cobblemon/roadacc/lamp2",
			"processors": "minecraft:empty",
			"projection": "rigid",
			"element_type": "minecraft:single_pool_element"
		}
	}]
} 