{
	"name": "spacedplum:village_cobblemon/roads",
	"fallback": "minecraft:empty",
	"elements": [{
		"weight": 1,
		"element": {
			"element_type": "minecraft:empty_pool_element"
		}
	},{
		"weight": 3,
		"element": {
			"location": "spacedplum:village_cobblemon/roads/straight",
			"processors": "minecraft:empty",
			"projection": "terrain_matching",
			"element_type": "minecraft:single_pool_element"
		}
	},{
		"weight": 2,
		"element": {
			"location": "spacedplum:village_cobblemon/roads/corner",
			"processors": "minecraft:empty",
			"projection": "terrain_matching",
			"element_type": "minecraft:single_pool_element"
		}
	},{
		"weight": 2,
		"element": {
			"location": "spacedplum:village_cobblemon/roads/tjunction",
			"processors": "minecraft:empty",
			"projection": "terrain_matching",
			"element_type": "minecraft:single_pool_element"
		}
	},{
		"weight": 2,
		"element": {
			"location": "spacedplum:village_cobblemon/roads/tjunction2",
			"processors": "minecraft:empty",
			"projection": "terrain_matching",
			"element_type": "minecraft:single_pool_element"
		}
	},{
		"weight": 1,
		"element": {
			"location": "spacedplum:village_cobblemon/roads/xjunction",
			"processors": "minecraft:empty",
			"projection": "terrain_matching",
			"element_type": "minecraft:single_pool_element"
		}
	},{
		"weight": 3,
		"element": {
			"location": "spacedplum:village_cobblemon/roads/long1",
			"processors": "minecraft:empty",
			"projection": "terrain_matching",
			"element_type": "minecraft:single_pool_element"
		}
	},{
		"weight": 3,
		"element": {
			"location": "spacedplum:village_cobblemon/roads/long2",
			"processors": "minecraft:empty",
			"projection": "terrain_matching",
			"element_type": "minecraft:single_pool_element"
		}
	},{
		"weight": 2,
		"element": {
			"location": "spacedplum:village_cobblemon/roads/countrywallroad",
			"processors": "minecraft:empty",
			"projection": "terrain_matching",
			"element_type": "minecraft:single_pool_element"
		}
	}]
}