{
	"name": "spacedplum:village_cobblemon/town_centers",
	"fallback": "minecraft:empty",
	"elements": [{
		"weight": 2,
		"element": {
			"location": "spacedplum:village_cobblemon/town_center/pokecenter",
			"processors": "minecraft:empty",
			"projection": "rigid",
			"element_type": "minecraft:single_pool_element"
		}
	},{
		"weight": 1,
		"element": {
			"location": "spacedplum:village_cobblemon/town_center/pokecenter2",
			"processors": "minecraft:empty",
			"projection": "rigid",
			"element_type": "minecraft:single_pool_element"
		}
	}]
}