{
  "name": "Salandit",
  "nationalPokedexNumber": 757,
  "primaryType": "poison",
  "secondaryType": "fire",
  "abilities": [
    "corrosion",
    "h:oblivious"
  ],
  "baseStats": {
    "hp": 48,
    "attack": 44,
    "defence": 40,
    "special_attack": 71,
    "special_defence": 40,
    "speed": 77
  },
    "behaviour": {
      "moving": {
       	"walk": {
        "walkSpeed": 0.3
	}
      },
    "resting": {
      "canSleep": true,
      "willSleepOnBed": true,
      "depth": "normal",
      "light": "0-4"
    }
  },
  "catchRate": 120,
  "maleRatio": 0.875,
  "shoulderMountable": false,
  "baseExperienceYield": 64,
  "experienceGroup": "medium_fast",
  "eggCycles": 20,
  "eggGroups": [
    "monster",
    "dragon"
  ],
  "moves": [
    "1:poisongas",
    "1:scratch",
    "5:smog",
    "10:ember",
    "13:dragonrage",
    "15:poisonfang",
    "20:sweetscent",
    "21:doubleslap",
    "24:flameburst",
    "25:nastyplot",
    "30:incinerate",
    "35:venoshock",
    "40:dragonpulse",
    "45:flamethrower",
    "45:venomdrench",
    "50:toxic",
    "55:endeavor",
    "egg:belch",
    "egg:fakeout",
    "egg:knockoff",
    "egg:mudslap",
    "egg:sandattack",
    "egg:snatch",
    "tm:acidspray",
    "tm:agility",
    "tm:attract",
    "tm:beatup",
    "tm:confide",
    "tm:doubleteam",
    "tm:dragonclaw",
    "tm:dragonpulse",
    "tm:endure",
    "tm:facade",
    "tm:fireblast",
    "tm:firefang",
    "tm:flamecharge",
    "tm:flamethrower",
    "tm:flareblitz",
    "tm:fling",
    "tm:foulplay",
    "tm:frustration",
    "tm:gunkshot",
    "tm:heatwave",
    "tm:helpinghand",
    "tm:hiddenpower",
    "tm:irontail",
    "tm:leechlife",
    "tm:mudslap",
    "tm:nastyplot",
    "tm:overheat",
    "tm:payback",
    "tm:poisonjab",
    "tm:poisontail",
    "tm:protect",
    "tm:rest",
    "tm:return",
    "tm:round",
    "tm:scaryface",
    "tm:shadowclaw",
    "tm:sleeptalk",
    "tm:sludgebomb",
    "tm:sludgewave",
    "tm:snore",
    "tm:substitute",
    "tm:sunnyday",
    "tm:swagger",
    "tm:swift",
    "tm:takedown",
    "tm:taunt",
    "tm:terablast",
    "tm:thief",
    "tm:thunderwave",
    "tm:torment",
    "tm:toxic",
    "tm:toxicspikes",
    "tm:trailblaze",
    "tm:venomdrench",
    "tm:venoshock",
    "tm:willowisp",
    "tutor:covet",
    "tutor:dragonpulse",
    "tutor:foulplay",
    "tutor:gunkshot",
    "tutor:heatwave",
    "tutor:helpinghand",
    "tutor:irontail",
    "tutor:knockoff",
    "tutor:scaleshot",
    "tutor:skittersmack",
    "tutor:snatch",
    "tutor:snore"
  ],
  "labels": [
    "gen7"
  ],
  "pokedex": [
    "cobblemon.species.salandit.desc"
  ],
  "evolutions": [
    {
      "id": "salandit_salazzle",
      "variant": "level_up",
      "result": "salazzle",
      "consumeHeldItem": false,
      "learnableMoves": [
        "firelash"
      ],
      "requirements": [
        {
          "variant": "level",
          "minLevel": 33
        },
        {
          "variant": "properties",
          "target": "gender=female"
        }
      ]
    }
  ],
  "baseScale": 0.9,
  "hitbox": {
    "width": 0.6,
    "height": 0.6,
    "fixed": false
  },
  "baseFriendship": 50,
  "evYield": {
    "hp": 0,
    "attack": 0,
    "defence": 0,
    "special_attack": 0,
    "special_defence": 0,
    "speed": 1
  },
  "height": 6,
  "weight": 48,
  "aspects": [],
  "cannotDynamax": false,
  "drops": {
    "amount": 2,
    "entries": [
      {
        "item": "minecraft:blaze_powder",
        "quantityRange": "0-1"
      },
      {
        "item": "cobblemon:shuca_berry",
        "percentage": 2.5
      }
    ]
  }
}