{
	"format_version": "1.12.0",
	"minecraft:geometry": [
		{
			"description": {
				"identifier": "geometry.Lartvitar",
				"texture_width": 64,
				"texture_height": 64,
				"visible_bounds_width": 3,
				"visible_bounds_height": 2.5,
				"visible_bounds_offset": [0, 0.75, 0]
			},
			"bones": [
				{
					"name": "larvitar",
					"pivot": [1, 0, -2]
				},
				{
					"name": "body",
					"parent": "larvitar",
					"pivot": [1, 0, -2]
				},
				{
					"name": "torso",
					"parent": "body",
					"pivot": [1, 4, 2],
					"cubes": [
						{"origin": [-3, 1, -2], "size": [6, 6, 7], "uv": [0, 14]}
					]
				},
				{
					"name": "chest",
					"parent": "torso",
					"pivot": [0, 7, 3],
					"cubes": [
						{"origin": [-2.5, 3.5, -1.5], "size": [5, 7, 6], "inflate": -0.01, "uv": [0, 50]}
					]
				},
				{
					"name": "arm_right",
					"parent": "chest",
					"pivot": [-3, 9, 1],
					"cubes": [
						{"origin": [-5, 7, 0], "size": [3, 2, 2], "uv": [40, 32]}
					]
				},
				{
					"name": "arm_right2",
					"parent": "arm_right",
					"pivot": [-5, 8, 1],
					"cubes": [
						{"origin": [-6, 7, 0.5], "size": [2, 1, 1], "inflate": -0.01, "uv": [0, 2]}
					]
				},
				{
					"name": "arm_left",
					"parent": "chest",
					"pivot": [3, 9, 1],
					"cubes": [
						{"origin": [2, 7, 0], "size": [3, 2, 2], "uv": [40, 32], "mirror": true}
					]
				},
				{
					"name": "arm_left2",
					"parent": "arm_left",
					"pivot": [5, 8, 1],
					"cubes": [
						{"origin": [4, 7, 0.5], "size": [2, 1, 1], "inflate": -0.01, "uv": [0, 2], "mirror": true}
					]
				},
				{
					"name": "head",
					"parent": "chest",
					"pivot": [0, 9, 3],
					"cubes": [
						{"origin": [-3, 9, -2.5], "size": [6, 6, 7], "uv": [1, 1]},
						{"origin": [-2, 9.5, -4.5], "size": [4, 4, 8], "uv": [18, 19]},
						{"origin": [-1, 9.5, -4.5], "size": [2, 1, 0], "inflate": 0.01, "uv": [5, 31]},
						{"origin": [-1, 9.5, -4.5], "size": [2, 1, 0], "inflate": 0.01, "uv": [5, 32]},
						{"origin": [-0.5, 11, -12.5], "size": [1, 6, 3], "pivot": [1, -1, -2], "rotation": [-45, 0, 0], "uv": [0, 39]}
					]
				},
				{
					"name": "bone",
					"parent": "head",
					"pivot": [1, -1, -2],
					"cubes": [
						{"origin": [-1, 9.5, -3.5], "size": [2, 1, 0], "inflate": 0.011, "uv": [4, 34]}
					]
				},
				{
					"name": "tail",
					"parent": "torso",
					"pivot": [0, 4, 5],
					"cubes": [
						{"origin": [-1, 3, -0.5], "size": [2, 2, 7], "uv": [2, 41]},
						{"origin": [-0.5, 3.5, 0.5], "size": [1, 1, 7], "uv": [2, 41]}
					]
				},
				{
					"name": "bone9",
					"parent": "tail",
					"pivot": [1, 0, -1],
					"cubes": [
						{"origin": [-1, 1.25, 5.5], "size": [2, 1, 5], "pivot": [1, 0, -1], "rotation": [30, 0, 0], "uv": [38, 0]}
					]
				},
				{
					"name": "bone10",
					"parent": "tail",
					"pivot": [-2, 0, -1],
					"rotation": [0, 0, 45],
					"cubes": [
						{"origin": [-4, 1.5, 5.5], "size": [2, 1, 5], "pivot": [-2, 0, -1], "rotation": [30, 0, 0], "uv": [17, 37]}
					]
				},
				{
					"name": "bone18",
					"parent": "tail",
					"pivot": [2, 0, -1],
					"rotation": [0, 0, -45],
					"cubes": [
						{"origin": [2, 1.5, 5.5], "size": [2, 1, 5], "pivot": [2, 0, -1], "rotation": [30, 0, 0], "uv": [29, 3]}
					]
				},
				{
					"name": "bone12",
					"parent": "tail",
					"pivot": [1, 0, -1],
					"cubes": [
						{"origin": [-1, 4.5, 1], "size": [2, 1, 5], "pivot": [1, 0, -1], "rotation": [-30, 0, 0], "uv": [37, 26]}
					]
				},
				{
					"name": "bone14",
					"parent": "tail",
					"pivot": [3, 0, -1],
					"rotation": [0, 0, -45],
					"cubes": [
						{"origin": [3, 5.5, 1], "size": [2, 1, 5], "pivot": [3, 0, -1], "rotation": [-30, 0, 0], "uv": [34, 19]}
					]
				},
				{
					"name": "bone16",
					"parent": "tail",
					"pivot": [-3, 0, -1],
					"rotation": [0, 0, 45],
					"cubes": [
						{"origin": [-5, 5.5, 1], "size": [2, 1, 5], "pivot": [-3, 0, -1], "rotation": [-30, 0, 0], "uv": [31, 32]}
					]
				},
				{
					"name": "bone17",
					"parent": "tail",
					"pivot": [-5, 3, -1],
					"rotation": [0, 0, 90],
					"cubes": [
						{"origin": [-7, 8.5, 1], "size": [2, 1, 5], "pivot": [-5, 3, -1], "rotation": [-30, 0, 0], "uv": [22, 31]}
					]
				},
				{
					"name": "bone15",
					"parent": "tail",
					"pivot": [5, 3, -1],
					"rotation": [0, 0, -90],
					"cubes": [
						{"origin": [5, 8.5, 1], "size": [2, 1, 5], "pivot": [5, 3, -1], "rotation": [-30, 0, 0], "uv": [33, 13]}
					]
				},
				{
					"name": "leg_left",
					"parent": "body",
					"pivot": [3, 5, 2],
					"cubes": [
						{"origin": [2.5, 1, 0], "size": [3, 4, 4], "uv": [20, 0]}
					]
				},
				{
					"name": "foot_left",
					"parent": "leg_left",
					"pivot": [4, 1, 2],
					"cubes": [
						{"origin": [3, 0, -1], "size": [2, 1, 4], "uv": [31, 38]}
					]
				},
				{
					"name": "leg_right",
					"parent": "body",
					"pivot": [-3, 5, 2],
					"cubes": [
						{"origin": [-5.5, 1, 0], "size": [3, 4, 4], "uv": [24, 10]}
					]
				},
				{
					"name": "foot_right",
					"parent": "leg_right",
					"pivot": [-4, 1, 2],
					"cubes": [
						{"origin": [-5, 0, -1], "size": [2, 1, 4], "uv": [39, 6]}
					]
				}
			]
		}
	]
}