{
  "implemented": true,
  "name": "partnerlatiasgray",
  "labels": [ "custom" ],
  "pokedex": [
    "cobblemon.species.latias.desc1",
    "cobblemon.species.latias.desc2"
  ],
  "height": 11,
  "weight": 300,
  "forms": [],
  "primaryType": "dragon",
  "secondaryType": "psychic",
  "baseStats": {
    "hp": 80,
    "attack": 10,
    "defence": 10,
    "special_attack": 10,
    "special_defence": 10,
    "speed": 110
  },
  "catchRate": 3,
  "maleRatio": 0,
  "baseExperienceYield": 270,
  "experienceGroup": "slow",
  "eggCycles": 120,
  "eggGroups": [],
  "baseFriendship": 90,
  "evYield": {
    "special_defence": 3
  },
  "moves": [
    "1:fly"
  ],
  "abilities": [
    "levitate"
  ],
  "evolutions": [
    {
      "id": "partner_latias_white",
      "variant": "item_interact",
      "result": "partnerlatiaswhite",
      "consumeHeldItem": true,
      "learnableMoves": [],
      "requirements": [],
      "requiredContext": "minecraft:white_dye"
    },
    {
      "id": "partner_latias_light_gray",
      "variant": "item_interact",
      "result": "partnerlatiaslightgray",
      "consumeHeldItem": true,
      "learnableMoves": [],
      "requirements": [],
      "requiredContext": "minecraft:light_gray_dye"
    },
    {
      "id": "partner_latias_black",
      "variant": "item_interact",
      "result": "partnerlatiasblack",
      "consumeHeldItem": true,
      "learnableMoves": [],
      "requirements": [],
      "requiredContext": "minecraft:black_dye"
    },
    {
      "id": "partner_latias_brown",
      "variant": "item_interact",
      "result": "partnerlatiasbrown",
      "consumeHeldItem": true,
      "learnableMoves": [],
      "requirements": [],
      "requiredContext": "minecraft:brown_dye"
    },
    {
      "id": "partner_latias_red",
      "variant": "item_interact",
      "result": "partnerlatiasred",
      "consumeHeldItem": true,
      "learnableMoves": [],
      "requirements": [],
      "requiredContext": "minecraft:red_dye"
    },
    {
      "id": "partner_latias_orange",
      "variant": "item_interact",
      "result": "partnerlatiasorange",
      "consumeHeldItem": true,
      "learnableMoves": [],
      "requirements": [],
      "requiredContext": "minecraft:orange_dye"
    },
    {
      "id": "partner_latias_yellow",
      "variant": "item_interact",
      "result": "partnerlatiasyellow",
      "consumeHeldItem": true,
      "learnableMoves": [],
      "requirements": [],
      "requiredContext": "minecraft:yellow_dye"
    },
    {
      "id": "partner_latias_lime",
      "variant": "item_interact",
      "result": "partnerlatiaslime",
      "consumeHeldItem": true,
      "learnableMoves": [],
      "requirements": [],
      "requiredContext": "minecraft:lime_dye"
    },
    {
      "id": "partner_latias_green",
      "variant": "item_interact",
      "result": "partnerlatiasgreen",
      "consumeHeldItem": true,
      "learnableMoves": [],
      "requirements": [],
      "requiredContext": "minecraft:green_dye"
    },
    {
      "id": "partner_latias_cyan",
      "variant": "item_interact",
      "result": "partnerlatiascyan",
      "consumeHeldItem": true,
      "learnableMoves": [],
      "requirements": [],
      "requiredContext": "minecraft:cyan_dye"
    },
    {
      "id": "partner_latias_light_blue",
      "variant": "item_interact",
      "result": "partnerlatiaslightblue",
      "consumeHeldItem": true,
      "learnableMoves": [],
      "requirements": [],
      "requiredContext": "minecraft:light_blue_dye"
    },
    {
      "id": "partner_latias_blue",
      "variant": "item_interact",
      "result": "partnerlatiasblue",
      "consumeHeldItem": true,
      "learnableMoves": [],
      "requirements": [],
      "requiredContext": "minecraft:blue_dye"
    },
    {
      "id": "partner_latias_purple",
      "variant": "item_interact",
      "result": "partnerlatiaspurple",
      "consumeHeldItem": true,
      "learnableMoves": [],
      "requirements": [],
      "requiredContext": "minecraft:purple_dye"
    },
    {
      "id": "partner_latias_magenta",
      "variant": "item_interact",
      "result": "partnerlatiasmagenta",
      "consumeHeldItem": true,
      "learnableMoves": [],
      "requirements": [],
      "requiredContext": "minecraft:magenta_dye"
    },
    {
      "id": "partner_latias_pink",
      "variant": "item_interact",
      "result": "partnerlatiaspink",
      "consumeHeldItem": true,
      "learnableMoves": [],
      "requirements": [],
      "requiredContext": "minecraft:pink_dye"
    },
    {
      "id": "swap_partner",
      "variant": "item_interact",
      "result": "partnerlatiosgray",
      "consumeHeldItem": false,
      "learnableMoves": [],
      "requirements": [],
      "requiredContext": "mysterygift:eon_flute"
    }
  ],
  "baseScale": 1,
  "hitbox": {
    "width": 2,
    "height": 1.8,
    "fixed": false
  },
  "drops": {},
  "behaviour": {
    "moving": {
      "canLook": false,
      "fly": {
        "canFly": true
      },
      "swim": {
        "swimSpeed": 0.2,
        "canSwimInWater": false,
        "canBreatheUnderwater": false
      }
    }
  }
}
