{
  "species": "cobblemon:partnerlatiasorange",
  "order": 0,
  "variations": [
    {
      "aspects": [],
      "poser": "cobblemon:latias",
      "model": "cobblemon:latias.geo",
      "texture": "cobblemon:textures/pokemon/latias/latias.png",
      "layers": [
        {
          "name": "scarf_colour",
          "texture": "cobblemon:textures/pokemon/latias/scarves/orange.png",
          "emissive": false
        }
      ]
    },
    {
      "aspects": [ "shiny" ],
      "texture": "cobblemon:textures/pokemon/latias/latias_shiny.png"
    }
  ]
}
