{
  "enabled": true,
  "neededInstalledMods": [],
  "neededUninstalledMods": [],
  "spawns": [
    {
      "id": "genesect-1",
      "pokemon": "genesect",
      "type": "pokemon",
      "context": "grounded",
      "bucket": "ultra-rare",
      "level": "48-80",
      "weight": 3.2,
      "condition": {
        "canSeeSky": true,
		"structures": [
	  "#minecraft:village"
	]
      }
    },
    {
      "id": "genesect-2",
      "pokemon": "genesect",
      "type": "pokemon",
      "context": "grounded",
      "bucket": "ultra-rare",
      "level": "48-60",
      "weight": 4.2,
      "condition": {
        "canSeeSky": true,
        "biomes": [
          "#cobblemon:is_plains"
        ]
      }
    }
  ]
}