{
  "name": "Samurott-Hisui",
  "nationalPokedexNumber": 503,
  "primaryType": "water",
  "secondaryType": "dark",
  "abilities": [
    "torrent",
    "h:sharpness"
  ],
  "baseStats": {
    "hp": 90,
    "attack": 108,
    "defence": 80,
    "special_attack": 100,
    "special_defence": 65,
    "speed": 85
  },
  "catchRate": 45,
  "maleRatio": 0.875,
  "shoulderMountable": false,
  "baseExperienceYield": 238,
  "experienceGroup": "medium_slow",
  "eggCycles": 20,
  "eggGroups": [
    "field"
  ],
  "moves": [
    "1:ceaselessedge",
    "1:megahorn",
    "1:slash",
    "1:suckerpunch",
    "1:tackle",
    "1:tailwhip",
    "1:watergun",
    "13:focusenergy",
    "18:razorshell",
    "21:furycutter",
    "25:waterpulse",
    "29:aerialace",
    "34:aquajet",
    "39:encore",
    "46:aquatail",
    "51:retaliate",
    "58:swordsdance",
    "63:hydropump",
    "tm:aerialace",
    "tm:airslash",
    "tm:avalanche",
    "tm:blizzard",
    "tm:bodyslam",
    "tm:brickbreak",
    "tm:bulldoze",
    "tm:chillingwater",
    "tm:darkpulse",
    "tm:dig",
    "tm:drillrun",
    "tm:encore",
    "tm:endure",
    "tm:facade",
    "tm:falseswipe",
    "tm:fling",
    "tm:gigaimpact",
    "tm:grassknot",
    "tm:helpinghand",
    "tm:hydrocannon",
    "tm:hydropump",
    "tm:hyperbeam",
    "tm:icebeam",
    "tm:icywind",
    "tm:liquidation",
    "tm:protect",
    "tm:raindance",
    "tm:rest",
    "tm:scaryface",
    "tm:sleeptalk",
    "tm:smartstrike",
    "tm:snarl",
    "tm:snowscape",
    "tm:substitute",
    "tm:surf",
    "tm:swift",
    "tm:swordsdance",
    "tm:takedown",
    "tm:taunt",
    "tm:terablast",
    "tm:thief",
    "tm:waterfall",
    "tm:waterpledge",
    "tm:waterpulse",
    "tm:xscissor"
  ],
  "labels": [
    "gen5",
    "hisui_regional"
  ],
  "pokedex": [
    "cobblemon.species.samurotthisui.desc"
  ],
  "evolutions": [],
  "baseScale": 1,
  "hitbox": {
    "width": 1.6,
    "height": 2.2,
    "fixed": false
  },
  "baseFriendship": 70,
  "evYield": {
    "hp": 0,
    "attack": 0,
    "defence": 0,
    "special_attack": 3,
    "special_defence": 0,
    "speed": 0
  },
  "height": 15,
  "weight": 582,
  "aspects": [
    "hisuian"
  ],
  "preEvolution": "dewott",
  "cannotDynamax": false
}