{
	"format_version": "1.12.0",
	"minecraft:geometry": [
		{
			"description": {
				"identifier": "geometry.gastrodon",
				"texture_width": 64,
				"texture_height": 64,
				"visible_bounds_width": 3,
				"visible_bounds_height": 2.5,
				"visible_bounds_offset": [0, 0.75, 0]
			},
			"bones": [
				{
					"name": "bone",
					"pivot": [0, 0, 0]
				},
				{
					"name": "neck",
					"parent": "bone",
					"pivot": [0, 5, -2],
					"cubes": [
						{"origin": [-3, 6, -4], "size": [5, 6, 5], "uv": [2, 51]}
					]
				},
				{
					"name": "head",
					"parent": "bone",
					"pivot": [0, 14, -1],
					"cubes": [
						{"origin": [-4, 11, -5], "size": [7, 6, 7], "uv": [0, 21]}
					]
				},
				{
					"name": "things",
					"parent": "head",
					"pivot": [0, 0, 0]
				},
				{
					"name": "right_e",
					"parent": "things",
					"pivot": [0, 0, 0],
					"cubes": [
						{"origin": [2, 14, -3], "size": [3, 4, 4], "uv": [0, 34]}
					]
				},
				{
					"name": "r_e",
					"parent": "right_e",
					"pivot": [4, 15, 0],
					"cubes": [
						{"origin": [3, 15, 0], "size": [2, 3, 3], "uv": [11, 40]}
					]
				},
				{
					"name": "left_e",
					"parent": "things",
					"pivot": [0, 0, 0],
					"cubes": [
						{"origin": [-6, 14, -3], "size": [3, 4, 4], "uv": [0, 0]}
					]
				},
				{
					"name": "l_e",
					"parent": "left_e",
					"pivot": [-5, 15, 0],
					"cubes": [
						{"origin": [-6, 15, 0], "size": [2, 3, 3], "uv": [23, 38]}
					]
				},
				{
					"name": "body",
					"parent": "bone",
					"pivot": [0, 0, 0],
					"cubes": [
						{"origin": [-6, 0, -5], "size": [11, 7, 14], "uv": [0, 0]},
						{"origin": [5, 2, 6], "size": [1, 1, 3], "uv": [29, 46]},
						{"origin": [5, 3, 2], "size": [1, 1, 5], "uv": [36, 0]},
						{"origin": [5, 6, 3], "size": [1, 1, 4], "uv": [39, 41]},
						{"origin": [9, 2, -6], "size": [1, 1, 4], "pivot": [0, 0, 0], "rotation": [0, -90, 0], "uv": [43, 0]},
						{"origin": [9, 3, -3], "size": [1, 1, 7], "pivot": [0, 0, 0], "rotation": [0, -90, 0], "uv": [21, 30]},
						{"origin": [5, 3, -4], "size": [1, 1, 3], "uv": [37, 46]},
						{"origin": [5, 6, -2], "size": [1, 1, 3], "uv": [35, 41]},
						{"origin": [5, 2, -2], "size": [1, 1, 5], "uv": [36, 6]},
						{"origin": [5, 5, 0], "size": [1, 1, 4], "uv": [0, 42]},
						{"origin": [5, 5, 6], "size": [1, 1, 2], "uv": [0, 24]},
						{"origin": [-7, 5, 0], "size": [1, 1, 4], "uv": [37, 30]},
						{"origin": [-7, 6, -2], "size": [1, 1, 3], "uv": [10, 34]},
						{"origin": [-7, 6, 3], "size": [1, 1, 4], "uv": [29, 41]},
						{"origin": [-7, 5, 6], "size": [1, 1, 2], "uv": [0, 21]},
						{"origin": [-7, 3, -4], "size": [1, 1, 3], "uv": [45, 38]},
						{"origin": [-7, 2, -2], "size": [1, 1, 5], "uv": [30, 30]},
						{"origin": [-7, 3, 2], "size": [1, 1, 5], "uv": [14, 34]},
						{"origin": [-7, 2, 6], "size": [1, 1, 3], "uv": [7, 46]},
						{"origin": [9, 2, 3], "size": [1, 1, 4], "pivot": [0, 0, 0], "rotation": [0, -90, 0], "uv": [17, 42]},
						{"origin": [3, 7, 2], "size": [0, 3, 6], "pivot": [3, 7, 5], "rotation": [0, 0, 22.5], "uv": [0, 5]},
						{"origin": [-4, 7, 2], "size": [0, 3, 6], "pivot": [-4, 7, 5], "rotation": [0, 0, -22.5], "uv": [0, 2]}
					]
				},
				{
					"name": "legs",
					"parent": "bone",
					"pivot": [0, 0, 0]
				},
				{
					"name": "front_right",
					"parent": "legs",
					"pivot": [4, 0, -4],
					"cubes": [
						{"origin": [4, 0, -5], "size": [3, 2, 3], "uv": [43, 6]}
					]
				},
				{
					"name": "middle_left",
					"parent": "legs",
					"pivot": [-5, 0, 2],
					"cubes": [
						{"origin": [-8, 0, 1], "size": [3, 2, 3], "uv": [44, 32]}
					]
				},
				{
					"name": "middle_right",
					"parent": "legs",
					"pivot": [4, 0, 2],
					"cubes": [
						{"origin": [4, 0, 1], "size": [3, 2, 3], "uv": [43, 21]}
					]
				},
				{
					"name": "back_left",
					"parent": "legs",
					"pivot": [-5, 0, 8],
					"cubes": [
						{"origin": [-8, 0, 7], "size": [3, 2, 3], "uv": [34, 36]}
					]
				},
				{
					"name": "back_right",
					"parent": "legs",
					"pivot": [4, 0, 8],
					"cubes": [
						{"origin": [4, 0, 7], "size": [3, 2, 3], "uv": [21, 21]}
					]
				},
				{
					"name": "front_left",
					"parent": "legs",
					"pivot": [-5, 0, -3],
					"cubes": [
						{"origin": [-8, 0, -5], "size": [3, 2, 3], "uv": [45, 27]}
					]
				}
			]
		}
	]
}