{
  "head": "head",
  "portraitScale": 1.5,
  "portraitTranslation": [
    -0.7,
    0,
    0
  ],
  "profileScale": 1,
  "profileTranslation": [
    0,
    0.3,
    0
  ],
  "poses": {
    "standing": {
      "poseName": "standing",
      "transformTicks": 10,
      "poseTypes": [
        "STAND",
        "NONE",
        "PORTRAIT",
        "PROFILE"
      ],
      "animations": [
        "look",
        "bedrock(salamence, ground_idle)"
      ]
    },
    "flying": {
      "poseName": "flying",
      "transformTicks": 10,
      "poseTypes": [
        "FLY"
      ],
      "animations": [
        "bedrock(salamence, air_fly)"
      ]
    },
    "hovering": {
      "poseName": "hovering",
      "transformTicks": 10,
      "poseTypes": [
        "HOVER"
      ],
      "animations": [
        "bedrock(salamence, air_idle)"
      ]
    },
    "walking": {
      "poseName": "walking",
      "transformTicks": 10,
      "poseTypes": [
        "WALK"
      ],
      "animations": [
        "bedrock(salamence, ground_walk)"
      ]
    }
  }
}