{
	"format_version": "1.12.0",
	"minecraft:geometry": [
		{
			"description": {
				"identifier": "geometry.unknown",
				"texture_width": 256,
				"texture_height": 256,
				"visible_bounds_width": 6,
				"visible_bounds_height": 3.5,
				"visible_bounds_offset": [0, 1.25, 0]
			},
			"bones": [
				{
					"name": "latios",
					"pivot": [0, 0, 0]
				},
				{
					"name": "torso_back",
					"parent": "latios",
					"pivot": [0, 15, 0],
					"cubes": [
						{"origin": [-7.5, 3, 6], "size": [15, 12, 12], "inflate": 0.01, "uv": [0, 0]},
						{"origin": [-5.5, 1, 6], "size": [11, 2, 10], "inflate": 0.01, "uv": [129, 45]}
					]
				},
				{
					"name": "rear",
					"parent": "torso_back",
					"pivot": [0, 8, 4],
					"cubes": [
						{"origin": [-4.5, 4.5, 17], "size": [9, 9, 4], "uv": [134, 83]},
						{"origin": [-2.5, 6, 21], "size": [5, 6, 4], "uv": [27, 132]}
					]
				},
				{
					"name": "tail",
					"parent": "rear",
					"pivot": [0, 5.5, 24]
				},
				{
					"name": "tail_right",
					"parent": "tail",
					"pivot": [-1.5, 5.5, 24],
					"rotation": [0, 0, -25],
					"cubes": [
						{"origin": [-13.5, 6, 21], "size": [12, 0, 11], "uv": [0, 45]}
					]
				},
				{
					"name": "tail_left",
					"parent": "tail",
					"pivot": [1.5, 5.5, 24],
					"rotation": [0, 0, 25],
					"cubes": [
						{"origin": [1.5, 6, 21], "size": [12, 0, 11], "uv": [139, 29]}
					]
				},
				{
					"name": "torso_front",
					"parent": "torso_back",
					"pivot": [-0.5, 13.5, 4],
					"cubes": [
						{"origin": [-4.5, 6.5, -10], "size": [9, 2, 13], "inflate": 0.01, "pivot": [0, 6.5, -10], "rotation": [-22.62, 0, 0], "uv": [94, 29]},
						{"origin": [-4.5, 1.5, -10], "size": [9, 12, 16], "uv": [55, 0]},
						{"origin": [-6.5, 8.5, -5], "size": [13, 6, 11], "uv": [106, 0]}
					]
				},
				{
					"name": "neck_2",
					"parent": "torso_front",
					"pivot": [0, 8, -6],
					"cubes": [
						{"origin": [-3.5, 6, -14], "size": [7, 8, 9], "uv": [119, 64]}
					]
				},
				{
					"name": "scarf",
					"parent": "neck_2",
					"pivot": [0, 6, -6],
					"cubes": [
						{"origin": [-4.5, 6, -11.75], "size": [9, 0, 7], "inflate": 0.25, "pivot": [0, 5.75, -11], "rotation": [-12.5, 0, 0], "uv": [101, 83]},
						{"origin": [-3.5, 6, -13], "size": [7, 8, 4], "inflate": 0.25, "uv": [23, 100]},
						{"origin": [-5, 14, -13], "size": [3, 0, 5], "pivot": [-3.5, 14, -13], "rotation": [57.12416, -18.37414, -47.78466], "uv": [42, 145]},
						{"origin": [-5, 14.1, -13], "size": [3, 0, 4], "pivot": [-3.5, 14, -13], "rotation": [65.21493, 12.31064, 24.78507], "uv": [59, 148]},
						{"origin": [-4, 13.5, -13.5], "size": [1, 1, 1], "uv": [10, 153]}
					]
				},
				{
					"name": "neck_1",
					"parent": "neck_2",
					"pivot": [0, 13.5, -14],
					"rotation": [-15, 0, 0],
					"cubes": [
						{"origin": [-3, 6.5, -20], "size": [6, 7, 9], "uv": [0, 83]}
					]
				},
				{
					"name": "head",
					"parent": "neck_1",
					"pivot": [0, 13.5, -18],
					"cubes": [
						{"origin": [-3.5, 6.5, -22.1], "size": [7, 7, 4], "inflate": 0.01, "uv": [69, 100]}
					]
				},
				{
					"name": "ears",
					"parent": "head",
					"pivot": [-4.2, 10.9, -24],
					"rotation": [-10, 0, 0],
					"cubes": [
						{"origin": [-4.1, 6.9, -26], "size": [0, 12, 6], "pivot": [-4.2, 10.9, -24], "rotation": [0, 0, -25], "uv": [97, 113]},
						{"origin": [4.1, 6.9, -26], "size": [0, 12, 6], "pivot": [4.2, 10.9, -24], "rotation": [0, 0, 25], "uv": [84, 113]}
					]
				},
				{
					"name": "head_front",
					"parent": "head",
					"pivot": [0, 12.5, -20.5],
					"rotation": [30, 0, 0],
					"cubes": [
						{"origin": [-4, 7.66807, -30.06091], "size": [8, 7, 10], "uv": [82, 64]},
						{"origin": [0, 14.76807, -28.86091], "size": [5, 0, 5], "inflate": 0.01, "pivot": [0, 14.66807, -28.86091], "rotation": [0, -45, 0], "uv": [0, 145]},
						{"origin": [0.7, 7.66807, -29.96091], "size": [2, 7, 5], "inflate": -0.01, "pivot": [1.7, 11.16807, -27.46091], "rotation": [0, 36.87, 0], "uv": [88, 132]},
						{"origin": [-2.7, 7.66807, -29.96091], "size": [2, 7, 5], "inflate": -0.01, "pivot": [-1.7, 11.16807, -27.46091], "rotation": [0, -36.87, 0], "uv": [73, 132]}
					]
				},
				{
					"name": "eyes",
					"parent": "head_front",
					"pivot": [1.7, 11.16807, -27.46091],
					"cubes": [
						{"origin": [-4, 10.26807, -26.06091], "size": [8, 2, 2], "inflate": 0.01, "uv": [21, 145]},
						{"origin": [-2.7, 10.26807, -28.96091], "size": [0, 3, 4], "pivot": [-1.7, 11.16807, -27.46091], "rotation": [0, -36.87, 0], "uv": [102, 145]},
						{"origin": [2.7, 10.26807, -28.96091], "size": [0, 3, 4], "pivot": [1.7, 11.16807, -27.46091], "rotation": [0, 36.87, 0], "uv": [93, 145]}
					]
				},
				{
					"name": "wing_right",
					"parent": "torso_front",
					"pivot": [-4, 13.5, 11],
					"rotation": [0, -10, 47.5],
					"cubes": [
						{"origin": [-31.57115, 13.06418, 13], "size": [12, 0, 10], "uv": [37, 64]},
						{"origin": [-22.57115, 12.56418, 9], "size": [8, 1, 9], "uv": [66, 83]},
						{"origin": [-14.57115, 12.06418, 5], "size": [11, 2, 12], "uv": [47, 29]},
						{"origin": [-8.22312, 12.06418, 5.59984], "size": [12, 2, 2], "inflate": 0.01, "pivot": [-3, 10, 23], "rotation": [0, 25, 0], "uv": [92, 105]},
						{"origin": [-17.22312, 12.56418, 5.59984], "size": [10, 1, 2], "inflate": 0.01, "pivot": [-3, 10, 23], "rotation": [0, 25, 0], "uv": [46, 139]},
						{"origin": [-27.22312, 13.06418, 5.59984], "size": [11, 0, 2], "inflate": 0.01, "pivot": [-3, 10, 23], "rotation": [0, 25, 0], "uv": [46, 132]},
						{"origin": [-8, 10.5, 4.5], "size": [5, 5, 13], "pivot": [-5.5, 13.5, 10.5], "rotation": [0, 10, 0], "uv": [0, 64]}
					]
				},
				{
					"name": "wing_left",
					"parent": "torso_front",
					"pivot": [4, 13.5, 11],
					"rotation": [0, 10, -47.5],
					"cubes": [
						{"origin": [19.57115, 13.06418, 13], "size": [12, 0, 10], "uv": [84, 45]},
						{"origin": [14.57115, 12.56418, 9], "size": [8, 1, 9], "uv": [31, 83]},
						{"origin": [3.57115, 12.06418, 5], "size": [11, 2, 12], "uv": [0, 29]},
						{"origin": [-3.77688, 12.06418, 5.59984], "size": [12, 2, 2], "inflate": 0.01, "pivot": [3, 10, 23], "rotation": [0, -25, 0], "uv": [92, 100]},
						{"origin": [7.22312, 12.56418, 5.59984], "size": [10, 1, 2], "inflate": 0.01, "pivot": [3, 10, 23], "rotation": [0, -25, 0], "uv": [46, 135]},
						{"origin": [16.22312, 13.06418, 5.59984], "size": [11, 0, 2], "inflate": 0.01, "pivot": [3, 10, 23], "rotation": [0, -25, 0], "uv": [0, 132]},
						{"origin": [3, 10.5, 4.5], "size": [5, 5, 13], "pivot": [5.5, 13.5, 10.5], "rotation": [0, -10, 0], "uv": [47, 45]}
					]
				},
				{
					"name": "arm_mount_right",
					"parent": "torso_front",
					"pivot": [-7.5, 10, -1.5],
					"cubes": [
						{"origin": [-5.54645, 6.33934, -2], "size": [2, 3, 8], "pivot": [-6.64645, 7.93934, 1], "rotation": [0, -7.5, 0], "uv": [42, 113]}
					]
				},
				{
					"name": "arm_upper_right",
					"parent": "arm_mount_right",
					"pivot": [-5.5, 7, 2.5],
					"cubes": [
						{"origin": [-11.9, 6.5, 2], "size": [7, 1, 1], "uv": [76, 145]}
					]
				},
				{
					"name": "arm_lower_right",
					"parent": "arm_upper_right",
					"pivot": [-11, 7, 2.5],
					"cubes": [
						{"origin": [-11.9, 6.5, -5], "size": [1, 2, 10], "uv": [46, 100]},
						{"origin": [-12.8, 6, -4], "size": [2, 3, 8], "inflate": 0.01, "uv": [63, 113]}
					]
				},
				{
					"name": "hand_right",
					"parent": "arm_lower_right",
					"pivot": [-11.4, 8.5, -4.5],
					"cubes": [
						{"origin": [-11.4, 8, -6.5], "size": [0, 1, 2], "pivot": [-10.9, 8.5, -4.5], "rotation": [-22.5, 0, 0], "uv": [5, 153]},
						{"origin": [-11.4, 7, -6.5], "size": [0, 1, 2], "uv": [0, 153]},
						{"origin": [-11.4, 6, -6.5], "size": [0, 1, 2], "pivot": [-10.9, 6.5, -4.5], "rotation": [22.5, 0, 0], "uv": [116, 149]}
					]
				},
				{
					"name": "arm_mount_left",
					"parent": "torso_front",
					"pivot": [7.5, 10, -1.5],
					"cubes": [
						{"origin": [3.54645, 6.33934, -2], "size": [2, 3, 8], "pivot": [6.64645, 7.93934, 1], "rotation": [0, 7.5, 0], "uv": [21, 113]}
					]
				},
				{
					"name": "arm_upper_left",
					"parent": "arm_mount_left",
					"pivot": [5.5, 7, 2.5],
					"cubes": [
						{"origin": [4.9, 6.5, 2], "size": [7, 1, 1], "uv": [59, 145]}
					]
				},
				{
					"name": "arm_lower_left",
					"parent": "arm_upper_left",
					"pivot": [11, 7, 2.5],
					"cubes": [
						{"origin": [10.9, 6.5, -5], "size": [1, 2, 10], "uv": [0, 100]},
						{"origin": [10.8, 6, -4], "size": [2, 3, 8], "inflate": 0.01, "uv": [0, 113]}
					]
				},
				{
					"name": "hand_left",
					"parent": "arm_lower_left",
					"pivot": [11.4, 8.5, -4.5],
					"cubes": [
						{"origin": [11.4, 8, -6.5], "size": [0, 1, 2], "pivot": [10.9, 8.5, -4.5], "rotation": [-22.5, 0, 0], "uv": [116, 145]},
						{"origin": [11.4, 7, -6.5], "size": [0, 1, 2], "uv": [111, 149]},
						{"origin": [11.4, 6, -6.5], "size": [0, 1, 2], "pivot": [10.9, 6.5, -4.5], "rotation": [22.5, 0, 0], "uv": [111, 145]}
					]
				}
			]
		}
	]
}