{
   "type": "minecraft:tree",
   "config": {
     "ignore_vines": true,
     "force_dirt": false,
     "minimum_size": {
       "type": "minecraft:two_layers_feature_size",
       "limit": 1,
       "lower_size": 0,
       "upper_size": 1
     },
     "dirt_provider": {
       "type": "minecraft:simple_state_provider",
       "state": {
         "Name": "minecraft:dirt"
       }
     },
     "trunk_provider": {
       "type": "minecraft:simple_state_provider",
       "state": {
         "Name": "minecraft:oak_log",
         "Properties": {
           "axis": "y"
         }
       }
     },
     "foliage_provider": {
       "type": "minecraft:simple_state_provider",
       "state": {
         "Name": "minecraft:oak_leaves",
         "Properties": {
           "distance": "7",
           "persistent": "false",
           "waterlogged": "false"
         }
       }
     },
     "trunk_placer": {
       "type": "minecraft:straight_trunk_placer",
       "base_height": 5,
       "height_rand_a": 2,
       "height_rand_b": 1
     },
     "foliage_placer": {
       "type": "minecraft:blob_foliage_placer",
       "radius": 2,
       "offset": 0,
       "height": 3
     },
     "decorators": []
   }
 }
 