{
    "target": "cobblemon:shaymin",
 "behaviour": {
        "resting": {
            "canSleep": true,
            "depth": "normal",
            "light": "0-4"
        },
        "moving": {
            "canLook": false,
            "walk": {
				"walkSpeed": 0.250,
                "canWalk": true,
                "avoidsLand": false
            },
            "swim": {
                "swimSpeed": 0.1,
                "canSwimInWater": false,
                "canBreatheUnderwater": false
            }
        }
    },
	  "baseScale": 0.4,
  "hitbox": {
    "width": 0.6,
    "height": 1,
    "fixed": false
  }
}