{
	"format_version": "1.12.0",
	"minecraft:geometry": [
		{
			"description": {
				"identifier": "geometry.gastrodon",
				"texture_width": 64,
				"texture_height": 64,
				"visible_bounds_width": 3,
				"visible_bounds_height": 2.5,
				"visible_bounds_offset": [0, 0.75, 0]
			},
			"bones": [
				{
					"name": "bone",
					"pivot": [0, 0, 0]
				},
				{
					"name": "head",
					"parent": "bone",
					"pivot": [0, 14, -1],
					"cubes": [
						{"origin": [-4, 11, -5], "size": [7, 6, 7], "uv": [0, 22]}
					]
				},
				{
					"name": "horns",
					"parent": "head",
					"pivot": [0, 0, 0]
				},
				{
					"name": "left",
					"parent": "horns",
					"pivot": [2, 14, -1],
					"cubes": [
						{"origin": [2, 14, -3], "size": [3, 4, 3], "uv": [20, 40]},
						{"origin": [4, 15, -3], "size": [2, 4, 3], "uv": [33, 43]}
					]
				},
				{
					"name": "right",
					"parent": "horns",
					"pivot": [-4, 14, -1],
					"cubes": [
						{"origin": [-6, 14, -3], "size": [3, 4, 3], "uv": [42, 35]},
						{"origin": [-7, 15, -3], "size": [2, 4, 3], "uv": [47, 45]}
					]
				},
				{
					"name": "neck",
					"parent": "bone",
					"pivot": [0, 6, -1],
					"cubes": [
						{"origin": [2, 9, -3], "size": [1, 1, 1], "uv": [1, 43]},
						{"origin": [-4, 9, -3], "size": [1, 1, 1], "uv": [1, 43]},
						{"origin": [-3, 6, -4], "size": [5, 6, 5], "uv": [29, 22]}
					]
				},
				{
					"name": "body",
					"parent": "bone",
					"pivot": [0, 0, 0],
					"cubes": [
						{"origin": [-6, 0, -5], "size": [11, 7, 14], "uv": [0, 0]},
						{"origin": [-1, 7, 2], "size": [2, 1, 2], "uv": [22, 36]},
						{"origin": [-2, 7, 6], "size": [2, 1, 2], "uv": [22, 22]},
						{"origin": [5, 2, 6], "size": [1, 1, 3], "uv": [55, 17]},
						{"origin": [5, 3, 2], "size": [1, 1, 5], "uv": [50, 28]},
						{"origin": [9, 2, -6], "size": [1, 1, 4], "pivot": [0, 0, 0], "rotation": [0, -90, 0], "uv": [2, 42]},
						{"origin": [9, 3, -3], "size": [1, 1, 7], "pivot": [0, 0, 0], "rotation": [0, -90, 0], "uv": [45, 15]},
						{"origin": [5, 3, -4], "size": [1, 1, 3], "uv": [46, 3]},
						{"origin": [5, 2, -2], "size": [1, 1, 5], "uv": [50, 3]},
						{"origin": [-7, 3, -4], "size": [1, 1, 3], "uv": [46, 3]},
						{"origin": [-7, 2, -2], "size": [1, 1, 5], "uv": [50, 3]},
						{"origin": [-7, 3, 2], "size": [1, 1, 5], "uv": [50, 38]},
						{"origin": [-7, 2, 6], "size": [1, 1, 3], "uv": [52, 10]},
						{"origin": [9, 2, 3], "size": [1, 1, 4], "pivot": [0, 0, 0], "rotation": [0, -90, 0], "uv": [40, 8]},
						{"origin": [5, 3, -4], "size": [1, 1, 3], "uv": [46, 3]}
					]
				},
				{
					"name": "legs",
					"parent": "bone",
					"pivot": [0, 0, 0]
				},
				{
					"name": "front_left",
					"parent": "legs",
					"pivot": [-5, 0, -4],
					"cubes": [
						{"origin": [-8, 0, -5], "size": [3, 2, 3], "uv": [37, 0]}
					]
				},
				{
					"name": "middle_left",
					"parent": "legs",
					"pivot": [-5, 0, 2],
					"cubes": [
						{"origin": [-8, 0, 1], "size": [3, 2, 3], "uv": [11, 36]}
					]
				},
				{
					"name": "back_left",
					"parent": "legs",
					"pivot": [-5, 0, 8],
					"cubes": [
						{"origin": [-8, 0, 7], "size": [3, 2, 3], "uv": [0, 6]}
					]
				},
				{
					"name": "front_right",
					"parent": "legs",
					"pivot": [4, 0, -4],
					"cubes": [
						{"origin": [4, 0, -5], "size": [3, 2, 3], "uv": [29, 33]}
					]
				},
				{
					"name": "middle_right",
					"parent": "legs",
					"pivot": [4, 0, 2],
					"cubes": [
						{"origin": [4, 0, 1], "size": [3, 2, 3], "uv": [0, 36]}
					]
				},
				{
					"name": "back_right",
					"parent": "legs",
					"pivot": [4, 0, 8],
					"cubes": [
						{"origin": [4, 0, 7], "size": [3, 2, 3], "uv": [0, 0]}
					]
				}
			]
		}
	]
}