{
	"type": "minecraft:simple_random_selector",
	"config": {
		"features": [
			{
				"feature": {
					"type": "minecraft:block_column",
					"config": {
						"direction": "north",
						"allowed_placement": {
							"type": "minecraft:all_of",
							"predicates": [
								{
									"type": "minecraft:replaceable"
								},
								{
									"type": "minecraft:any_of",
									"predicates": [
										{
											"type": "minecraft:matching_blocks",
											"offset": [
												0,
												-1,
												0
											],
											"blocks": "#minecraft:dirt"
										},
										{
											"type": "minecraft:matching_blocks",
											"offset": [
												0,
												-2,
												0
											],
											"blocks": "#minecraft:dirt"
										},
										{
											"type": "minecraft:matching_blocks",
											"offset": [
												0,
												-1,
												0
											],
											"blocks": "#minecraft:moss_replaceable"
										},
										{
											"type": "minecraft:matching_blocks",
											"offset": [
												0,
												-2,
												0
											],
											"blocks": "#minecraft:moss_replaceable"
										}
									]
								}
							]
						},
						"prioritize_tip": false,
						"layers": [
							{
								"height": {
									"type": "minecraft:uniform",
									"value": {
										"min_inclusive": 3,
										"max_inclusive": 7
									}
								},
								"provider": {
									"type": "minecraft:simple_state_provider",
									"state": {
										"Name": "minecraft:oak_log",
										"Properties": {
											"axis": "z"
										}
									}
								}
							}
						]
					}
				},
				"placement": [
					{
						"type": "minecraft:block_predicate_filter",
						"predicate": {
							"type": "minecraft:matching_blocks",
							"offset": [
								0,
								-1,
								0
							],
							"blocks": "#minecraft:dirt"
						}
					}
				]
			},
			{
				"feature": {
					"type": "minecraft:block_column",
					"config": {
						"direction": "west",
						"allowed_placement": {
							"type": "minecraft:all_of",
							"predicates": [
								{
									"type": "minecraft:replaceable"
								},
								{
									"type": "minecraft:any_of",
									"predicates": [
										{
											"type": "minecraft:matching_blocks",
											"offset": [
												0,
												-1,
												0
											],
											"blocks": "#minecraft:dirt"
										},
										{
											"type": "minecraft:matching_blocks",
											"offset": [
												0,
												-2,
												0
											],
											"blocks": "#minecraft:dirt"
										},
										{
											"type": "minecraft:matching_blocks",
											"offset": [
												0,
												-1,
												0
											],
											"blocks": "#minecraft:moss_replaceable"
										},
										{
											"type": "minecraft:matching_blocks",
											"offset": [
												0,
												-2,
												0
											],
											"blocks": "#minecraft:moss_replaceable"
										}
									]
								}
							]
						},
						"prioritize_tip": false,
						"layers": [
							{
								"height": {
									"type": "minecraft:uniform",
									"value": {
										"min_inclusive": 3,
										"max_inclusive": 7
									}
								},
								"provider": {
									"type": "minecraft:simple_state_provider",
									"state": {
										"Name": "minecraft:oak_log",
										"Properties": {
											"axis": "x"
										}
									}
								}
							}
						]
					}
				},
				"placement": [
					{
						"type": "minecraft:block_predicate_filter",
						"predicate": {
							"type": "minecraft:matching_blocks",
							"offset": [
								0,
								-1,
								0
							],
							"blocks": "#minecraft:dirt"
						}
					}
				]
			}
		]
	}
}