{
	"format_version": "1.8.0",
	"animations": {
		"animation.ironbundle.pose": {
			"loop": true,
			"bones": {
				"LeftArm": {
					"rotation": [-7.5, 0, 55]
				},
				"RightArm": {
					"rotation": [-10, 0, -2.5]
				},
				"Tail1": {
					"rotation": [19.30857, 26.48829, 7.6734]
				},
				"Tail2": {
					"rotation": [10, -7.5, 0]
				},
				"Tail3": {
					"rotation": [2.68789, -27.48982, -0.48922]
				},
				"Tail4": {
					"rotation": [-8.05689, -32.43127, 1.15661]
				},
				"Tail5": {
					"rotation": [-9.42205, -37.12482, 5.71946]
				},
				"Tail6": {
					"rotation": [-9.0127, -42.34755, 2.61988]
				},
				"Tail7": {
					"rotation": [2.5, -20, 0]
				},
				"Tail8": {
					"rotation": [10, -27.5, 0]
				},
				"Tail9": {
					"rotation": [10, 0, 0]
				},
				"Bundle": {
					"rotation": [0, 0, -12.5]
				},
				"RightFoot": {
					"rotation": [0, 22.5, 0]
				},
				"LeftFoot": {
					"rotation": [0, -20, 0]
				},
				"head_nonmoving": {
					"position": [0, -5, 0]
				},
				"neck1": {
					"position": [0, -1.75, 0]
				},
				"neck3": {
					"position": [0, -4, 0]
				},
				"neck4": {
					"position": [0, -5, 0]
				},
				"sleep_bundle": {
					"scale": 0
				}
			}
		},
		"animation.ironbundle.ground_idle": {
			"loop": true,
			"animation_length": 3,
			"bones": {
				"LeftArm": {
					"rotation": {
						"0.0": [0, 0, 60],
						"0.7083": [0, 0, 60],
						"0.75": [0, 0, 55],
						"0.7917": [0, 0, 60],
						"0.875": [0, 0, 60],
						"0.9167": [0, 0, 55],
						"0.9583": [0, 0, 60]
					},
					"position": [0.25, 0.25, 0]
				},
				"RightArm": {
					"rotation": {
						"0.0": [0, 0, -60],
						"0.7083": [0, 0, -60.28],
						"0.75": [0, 0, -55],
						"0.7917": [0, 0, -60],
						"0.875": [0, 0, -60.28],
						"0.9167": [0, 0, -55],
						"0.9583": [0, 0, -60]
					},
					"position": [-0.25, 0.5, 0]
				},
				"Tail1": {
					"position": [0, 2.25, -0.75]
				},
				"Tail2": {
					"position": [0, 0, -5]
				},
				"Tail3": {
					"position": [0, 0, -5]
				},
				"Tail4": {
					"position": [0, 0, -5]
				},
				"Tail5": {
					"position": [0, 0, -5]
				},
				"Tail6": {
					"position": [0, 0, -5]
				},
				"Tail7": {
					"position": [0, 0, -5]
				},
				"Tail8": {
					"position": [0, 0, -5]
				},
				"Tail9": {
					"position": [0, 0, -5]
				},
				"Bundle": {
					"rotation": [5, 0, 0],
					"position": [0, 0, -3]
				},
				"neck1": {
					"position": [0, -4, 0]
				},
				"neck2": {
					"position": [0, -4, 0]
				},
				"neck3": {
					"position": [0, -4, 0]
				},
				"neck4": {
					"position": [0, -4, 0]
				},
				"RightFoot": {
					"rotation": [0, 25, 0]
				},
				"LeftFoot": {
					"rotation": [0, -25, 0]
				},
				"up_light1": {
					"position": ["0-math.sin((query.anim_time-0.2)*120)*0.2", 0, "0-math.sin((query.anim_time)*120)*0.2"]
				},
				"up_light2": {
					"position": ["0-math.sin((query.anim_time-0.2)*120)*0.2", 0, "0-math.sin((query.anim_time+0.5)*120)*0.2"]
				},
				"up_light3": {
					"position": ["0-math.sin((query.anim_time-0.9)*120)*0.2", 0, "0-math.sin((query.anim_time+0.3)*120)*0.2"]
				},
				"up_light4": {
					"position": ["0-math.sin((query.anim_time-0.8)*120)*0.2", 0, "0-math.sin((query.anim_time-0.3)*120)*0.2"]
				},
				"up_light5": {
					"position": ["0-math.sin((query.anim_time-0.2)*120)*0.2", 0, "0-math.sin((query.anim_time+0.8)*120)*0.2"]
				},
				"up_light6": {
					"position": ["0-math.sin((query.anim_time+0.1)*120)*0.2", 0, "0-math.sin((query.anim_time+0.7)*120)*0.2"]
				},
				"up_light7": {
					"position": ["0-math.sin((query.anim_time-0.5)*120)*0.2", 0, "00-math.sin((query.anim_time)*120)*0.2"]
				},
				"up_light8": {
					"position": ["0-math.sin((query.anim_time-0.2)*120)*0.2", 0, "00-math.sin((query.anim_time+0.6)*120)*0.2"]
				},
				"up_light9": {
					"position": ["0-math.sin((query.anim_time+0.5)*120)*0.2", 0, "0-math.sin((query.anim_time-0.2)*120)*0.2"]
				},
				"back_light1": {
					"position": ["0-math.sin((query.anim_time)*120)*0.20", "0-math.sin((query.anim_time)*120)*0.20", 0]
				},
				"back_light2": {
					"position": ["0-math.sin((query.anim_time-0.2)*120)*0.20", "0-math.sin((query.anim_time+0.9)*120)*0.20", 0]
				},
				"back_light3": {
					"position": ["0-math.sin((query.anim_time+0.2)*120)*0.20", "0-math.sin((query.anim_time-0.3)*120)*0.20", 0]
				},
				"back_light4": {
					"position": ["0-math.sin((query.anim_time-0.1)*120)*0.20", "0-math.sin((query.anim_time+0.9)*120)*0.20", 0]
				},
				"back_light5": {
					"position": ["0-math.sin((query.anim_time+0.4)*120)*0.20", "0-math.sin((query.anim_time-0.8)*120)*0.20", 0]
				},
				"back_light6": {
					"position": ["0-math.sin((query.anim_time-0.2)*120)*0.20", "0-math.sin((query.anim_time+0.3)*120)*0.20", 0]
				},
				"back_light7": {
					"position": ["0-math.sin((query.anim_time)*120)*0.20", "0-math.sin((query.anim_time+0.4)*120)*0.20", 0]
				},
				"back_light8": {
					"position": ["0-math.sin((query.anim_time+0.3)*120)*0.20", "0-math.sin((query.anim_time+0.7)*120)*0.20", 0]
				},
				"back_light9": {
					"position": ["0-math.sin((query.anim_time-0.2)*120)*0.20", "0-math.sin((query.anim_time+0.8)*120)*0.20", 0]
				},
				"left_light1": {
					"position": [0, "0-math.sin((query.anim_time+0.5)*120)*0.2", "0-math.sin((query.anim_time+0.5)*120)*0.2"]
				},
				"left_light2": {
					"position": [0, "0-math.sin((query.anim_time+0.3)*120)*0.20", "0-math.sin((query.anim_time-0.9)*120)*0.20"]
				},
				"left_light3": {
					"position": [0, "0-math.sin((query.anim_time+0.3)*120)*0.20", "0-math.sin((query.anim_time-0.5)*120)*0.20"]
				},
				"left_light4": {
					"position": [0, "0-math.sin((query.anim_time-0.2)*120)*0.20", "0-math.sin((query.anim_time+0.4)*120)*0.20"]
				},
				"left_light5": {
					"position": [0, "0-math.sin((query.anim_time-0.3)*120)*0.20", "0-math.sin((query.anim_time-0.2)*120)*0.20"]
				},
				"left_light6": {
					"position": [0, "0-math.sin((query.anim_time+0.4)*120)*0.20", "0-math.sin((query.anim_time+0.9)*120)*0.20"]
				},
				"left_light7": {
					"position": [0, "0-math.sin((query.anim_time-0.3)*120)*0.20", "0-math.sin((query.anim_time-0.9)*120)*0.20"]
				},
				"left_light8": {
					"position": [0, "0-math.sin((query.anim_time+0.4)*120)*0.20", "0-math.sin((query.anim_time-0.6)*120)*0.20"]
				},
				"left_light9": {
					"position": [0, "0-math.sin((query.anim_time-0.2)*120)*0.20", "0-math.sin((query.anim_time)*120)*0.20"]
				},
				"right_light1": {
					"position": [0, "0-math.sin((query.anim_time-0.5)*120)*0.2", "0-math.sin((query.anim_time)*120)*0.2"],
					"scale": {
						"0.0": [1, 1, 1],
						"3.0": [1, 1, 1]
					}
				},
				"right_light2": {
					"position": [0, "0-math.sin((query.anim_time-0.3)*120)*0.2", "0-math.sin((query.anim_time-0.4)*120)*0.2"],
					"scale": {
						"0.0": [1, 1, 1],
						"3.0": [1, 1, 1]
					}
				},
				"right_light3": {
					"position": [0, "0-math.sin((query.anim_time-0.1)*120)*0.2", "0.5-math.sin((query.anim_time+0.8)*120)*0.2"],
					"scale": {
						"0.0": [1, 1, 1],
						"3.0": [1, 1, 1]
					}
				},
				"right_light4": {
					"position": [0, "0-math.sin((query.anim_time-0.8)*120)*0.2", "0-math.sin((query.anim_time-0.3)*120)*0.2"],
					"scale": {
						"0.0": [1, 1, 1],
						"3.0": [1, 1, 1]
					}
				},
				"right_light5": {
					"position": [0, "0-math.sin((query.anim_time+0.2)*120)*0.2", "0-math.sin((query.anim_time-0.6)*120)*0.2"],
					"scale": {
						"0.0": [1, 1, 1],
						"3.0": [1, 1, 1]
					}
				},
				"right_light6": {
					"position": [0, "0-math.sin((query.anim_time+0.7)*120)*0.2", "0-math.sin((query.anim_time-0.5)*120)*0.2"],
					"scale": {
						"0.0": [1, 1, 1],
						"3.0": [1, 1, 1]
					}
				},
				"right_light7": {
					"position": [0, "0-math.sin((query.anim_time-0.7)*120)*0.2", "0-math.sin((query.anim_time+0.6)*120)*0.2"],
					"scale": {
						"0.0": [1, 1, 1],
						"3.0": [1, 1, 1]
					}
				},
				"right_light8": {
					"position": [0, "0-math.sin((query.anim_time-0.8)*120)*0.2", "0-math.sin((query.anim_time+0.2)*120)*0.2"],
					"scale": {
						"0.0": [1, 1, 1],
						"3.0": [1, 1, 1]
					}
				},
				"right_light9": {
					"position": [0, "0-math.sin((query.anim_time-0.4)*120)*0.2", "0-math.sin((query.anim_time-0.6)*120)*0.2"],
					"scale": {
						"0.0": [1, 1, 1],
						"3.0": [1, 1, 1]
					}
				},
				"head_nonmoving": {
					"rotation": {
						"1.25": [0, 0, 0],
						"1.2917": [0, -2.5, 0],
						"1.3333": [0, 0, 0]
					}
				},
				"sleep_bundle": {
					"scale": 0
				},
				"RightLeg": {
					"rotation": [0, 0, 0],
					"position": [0, 0, 0]
				},
				"LeftLeg": {
					"rotation": [0, 0, 0],
					"position": [0, 0, 0]
				}
			}
		},
		"animation.ironbundle.ground_walk": {
			"loop": true,
			"animation_length": 3,
			"bones": {
				"LeftArm": {
					"rotation": {
						"0.0": [3.61644, -19.6835, 49.37242],
						"0.5": [3.68016, -22.17563, 49.20011],
						"0.625": [3.62, -19.68, 49.37],
						"0.6667": [5.38471, -19.28721, 44.08246],
						"0.7083": [3.62, -19.68, 49.37],
						"1.0": {
							"pre": [3.62, -19.68, 49.37],
							"post": [3.62, -19.68, 49.37],
							"lerp_mode": "catmullrom"
						},
						"1.375": {
							"post": [3.75108, -23.66968, 49.02304],
							"lerp_mode": "catmullrom"
						},
						"1.6667": [3.62, -19.68, 49.37],
						"1.7083": [5.38471, -19.28721, 44.08246],
						"1.75": [3.62, -19.68, 49.37],
						"2.0": {
							"pre": [3.62, -19.68, 49.37],
							"post": [3.62, -19.68, 49.37],
							"lerp_mode": "catmullrom"
						},
						"2.5": {
							"post": [3.68088, -24.17493, 49.1996],
							"lerp_mode": "catmullrom"
						},
						"3.0": [3.61644, -19.6835, 49.37242]
					},
					"position": [0.25, 0.25, 0]
				},
				"RightArm": {
					"rotation": {
						"0.0": [3.61644, 19.6835, -49.37242],
						"0.5": [3.68088, 22.17493, -49.1996],
						"0.625": [3.62, 19.68, -49.37],
						"0.6667": [6.24905, 19.03378, -41.44945],
						"0.7083": [3.62, 19.68, -49.37],
						"1.0": {
							"pre": [3.62, 19.68, -49.37],
							"post": [3.62, 19.68, -49.37],
							"lerp_mode": "catmullrom"
						},
						"1.375": {
							"post": [3.75108, 22.66968, -49.02304],
							"lerp_mode": "catmullrom"
						},
						"1.6667": [3.62, 19.68, -49.37],
						"1.7083": [6.24905, 19.03378, -41.44945],
						"1.75": [3.62, 19.68, -49.37],
						"2.0": {
							"pre": [3.62, 19.68, -49.37],
							"post": [3.62, 19.68, -49.37],
							"lerp_mode": "catmullrom"
						},
						"2.5": {
							"post": [3.68088, 22.17493, -49.1996],
							"lerp_mode": "catmullrom"
						},
						"3.0": [3.62, 19.68, -49.37]
					},
					"position": [-0.25, 0.5, 0]
				},
				"Tail1": {
					"position": [0, 2.25, -0.75]
				},
				"Tail2": {
					"position": [0, 0, -5]
				},
				"Tail3": {
					"position": [0, 0, -5]
				},
				"Tail4": {
					"position": [0, 0, -5]
				},
				"Tail5": {
					"position": [0, 0, -5]
				},
				"Tail6": {
					"position": [0, 0, -5]
				},
				"Tail7": {
					"position": [0, 0, -5]
				},
				"Tail8": {
					"position": [0, 0, -5]
				},
				"Tail9": {
					"position": [0, 0, -5]
				},
				"Bundle": {
					"rotation": [-2.5, 0, 0],
					"position": [0, 0, -3]
				},
				"neck1": {
					"position": [0, -4, 0]
				},
				"neck2": {
					"position": [0, -4, 0]
				},
				"neck3": {
					"position": [0, -4, 0]
				},
				"neck4": {
					"position": [0, -4, 0]
				},
				"RightFoot": {
					"rotation": [0, 0, 0],
					"position": {
						"0.0": [0, 0, 0],
						"0.5": [0, 0, 0],
						"0.5417": [0, -0.25, 0],
						"0.5833": [0, 0, 0],
						"1.5417": [0, 0, 0],
						"1.5833": [0, -0.25, 0],
						"1.625": [0, 0, 0]
					}
				},
				"LeftFoot": {
					"rotation": [0, 0, 0],
					"position": {
						"0.0": [0, 0, 0],
						"0.5": [0, 0, 0],
						"0.5417": [0, -0.25, 0],
						"0.5833": [0, 0, 0],
						"1.5417": [0, 0, 0],
						"1.5833": [0, -0.25, 0],
						"1.625": [0, 0, 0]
					}
				},
				"up_light1": {
					"position": ["0-math.sin((query.anim_time-0.2)*120)*0.2", 0, "0-math.sin((query.anim_time)*120)*0.2"]
				},
				"up_light2": {
					"position": ["0-math.sin((query.anim_time-0.2)*120)*0.2", 0, "0-math.sin((query.anim_time+0.5)*120)*0.2"]
				},
				"up_light3": {
					"position": ["0-math.sin((query.anim_time-0.9)*120)*0.2", 0, "0-math.sin((query.anim_time+0.3)*120)*0.2"]
				},
				"up_light4": {
					"position": ["0-math.sin((query.anim_time-0.8)*120)*0.2", 0, "0-math.sin((query.anim_time-0.3)*120)*0.2"]
				},
				"up_light5": {
					"position": ["0-math.sin((query.anim_time-0.2)*120)*0.2", 0, "0-math.sin((query.anim_time+0.8)*120)*0.2"]
				},
				"up_light6": {
					"position": ["0-math.sin((query.anim_time+0.1)*120)*0.2", 0, "0-math.sin((query.anim_time+0.7)*120)*0.2"]
				},
				"up_light7": {
					"position": ["0-math.sin((query.anim_time-0.5)*120)*0.2", 0, "00-math.sin((query.anim_time)*120)*0.2"]
				},
				"up_light8": {
					"position": ["0-math.sin((query.anim_time-0.2)*120)*0.2", 0, "00-math.sin((query.anim_time+0.6)*120)*0.2"]
				},
				"up_light9": {
					"position": ["0-math.sin((query.anim_time+0.5)*120)*0.2", 0, "0-math.sin((query.anim_time-0.2)*120)*0.2"]
				},
				"back_light1": {
					"position": ["0-math.sin((query.anim_time)*120)*0.20", "0-math.sin((query.anim_time)*120)*0.20", 0]
				},
				"back_light2": {
					"position": ["0-math.sin((query.anim_time-0.2)*120)*0.20", "0-math.sin((query.anim_time+0.9)*120)*0.20", 0]
				},
				"back_light3": {
					"position": ["0-math.sin((query.anim_time+0.2)*120)*0.20", "0-math.sin((query.anim_time-0.3)*120)*0.20", 0]
				},
				"back_light4": {
					"position": ["0-math.sin((query.anim_time-0.1)*120)*0.20", "0-math.sin((query.anim_time+0.9)*120)*0.20", 0]
				},
				"back_light5": {
					"position": ["0-math.sin((query.anim_time+0.4)*120)*0.20", "0-math.sin((query.anim_time-0.8)*120)*0.20", 0]
				},
				"back_light6": {
					"position": ["0-math.sin((query.anim_time-0.2)*120)*0.20", "0-math.sin((query.anim_time+0.3)*120)*0.20", 0]
				},
				"back_light7": {
					"position": ["0-math.sin((query.anim_time)*120)*0.20", "0-math.sin((query.anim_time+0.4)*120)*0.20", 0]
				},
				"back_light8": {
					"position": ["0-math.sin((query.anim_time+0.3)*120)*0.20", "0-math.sin((query.anim_time+0.7)*120)*0.20", 0]
				},
				"back_light9": {
					"position": ["0-math.sin((query.anim_time-0.2)*120)*0.20", "0-math.sin((query.anim_time+0.8)*120)*0.20", 0]
				},
				"left_light1": {
					"position": [0, "0-math.sin((query.anim_time+0.5)*120)*0.2", "0-math.sin((query.anim_time+0.5)*120)*0.2"]
				},
				"left_light2": {
					"position": [0, "0-math.sin((query.anim_time+0.3)*120)*0.20", "0-math.sin((query.anim_time-0.9)*120)*0.20"]
				},
				"left_light3": {
					"position": [0, "0-math.sin((query.anim_time+0.3)*120)*0.20", "0-math.sin((query.anim_time-0.5)*120)*0.20"]
				},
				"left_light4": {
					"position": [0, "0-math.sin((query.anim_time-0.2)*120)*0.20", "0-math.sin((query.anim_time+0.4)*120)*0.20"]
				},
				"left_light5": {
					"position": [0, "0-math.sin((query.anim_time-0.3)*120)*0.20", "0-math.sin((query.anim_time-0.2)*120)*0.20"]
				},
				"left_light6": {
					"position": [0, "0-math.sin((query.anim_time+0.4)*120)*0.20", "0-math.sin((query.anim_time+0.9)*120)*0.20"]
				},
				"left_light7": {
					"position": [0, "0-math.sin((query.anim_time-0.3)*120)*0.20", "0-math.sin((query.anim_time-0.9)*120)*0.20"]
				},
				"left_light8": {
					"position": [0, "0-math.sin((query.anim_time+0.4)*120)*0.20", "0-math.sin((query.anim_time-0.6)*120)*0.20"]
				},
				"left_light9": {
					"position": [0, "0-math.sin((query.anim_time-0.2)*120)*0.20", "0-math.sin((query.anim_time)*120)*0.20"]
				},
				"right_light1": {
					"position": [0, "0-math.sin((query.anim_time-0.5)*120)*0.2", "0-math.sin((query.anim_time)*120)*0.2"],
					"scale": {
						"0.0": [1, 1, 1],
						"3.0": [1, 1, 1]
					}
				},
				"right_light2": {
					"position": [0, "0-math.sin((query.anim_time-0.3)*120)*0.2", "0-math.sin((query.anim_time-0.4)*120)*0.2"],
					"scale": {
						"0.0": [1, 1, 1],
						"3.0": [1, 1, 1]
					}
				},
				"right_light3": {
					"position": [0, "0-math.sin((query.anim_time-0.1)*120)*0.2", "0.5-math.sin((query.anim_time+0.8)*120)*0.2"],
					"scale": {
						"0.0": [1, 1, 1],
						"3.0": [1, 1, 1]
					}
				},
				"right_light4": {
					"position": [0, "0-math.sin((query.anim_time-0.8)*120)*0.2", "0-math.sin((query.anim_time-0.3)*120)*0.2"],
					"scale": {
						"0.0": [1, 1, 1],
						"3.0": [1, 1, 1]
					}
				},
				"right_light5": {
					"position": [0, "0-math.sin((query.anim_time+0.2)*120)*0.2", "0-math.sin((query.anim_time-0.6)*120)*0.2"],
					"scale": {
						"0.0": [1, 1, 1],
						"3.0": [1, 1, 1]
					}
				},
				"right_light6": {
					"position": [0, "0-math.sin((query.anim_time+0.7)*120)*0.2", "0-math.sin((query.anim_time-0.5)*120)*0.2"],
					"scale": {
						"0.0": [1, 1, 1],
						"3.0": [1, 1, 1]
					}
				},
				"right_light7": {
					"position": [0, "0-math.sin((query.anim_time-0.7)*120)*0.2", "0-math.sin((query.anim_time+0.6)*120)*0.2"],
					"scale": {
						"0.0": [1, 1, 1],
						"3.0": [1, 1, 1]
					}
				},
				"right_light8": {
					"position": [0, "0-math.sin((query.anim_time-0.8)*120)*0.2", "0-math.sin((query.anim_time+0.2)*120)*0.2"],
					"scale": {
						"0.0": [1, 1, 1],
						"3.0": [1, 1, 1]
					}
				},
				"right_light9": {
					"position": [0, "0-math.sin((query.anim_time-0.4)*120)*0.2", "0-math.sin((query.anim_time-0.6)*120)*0.2"],
					"scale": {
						"0.0": [1, 1, 1],
						"3.0": [1, 1, 1]
					}
				},
				"head_nonmoving": {
					"position": {
						"0.0": [0, 0, 0],
						"0.625": [0, 0, 0],
						"0.6667": [0, 0.25, 0],
						"0.7083": [0, 0, 0],
						"1.6667": [0, 0, 0],
						"1.7083": [0, 0.25, 0],
						"1.75": [0, 0, 0]
					}
				},
				"body": {
					"rotation": [22.5, 0, 0],
					"position": {
						"0.0": [0, 0.25, -1.5],
						"0.5417": [0, 0.25, -1.5],
						"0.5833": [0, 0.75, -1.5],
						"0.625": [0, 0.25, -1.5],
						"1.5833": [0, 0.25, -1.5],
						"1.625": [0, 0.75, -1.5],
						"1.6667": [0, 0.25, -1.5]
					}
				},
				"RightLeg": {
					"position": {
						"0.0": [0, 0, 0],
						"0.5": [0, 0, 0],
						"0.5417": [0, 0.25, 0],
						"0.5833": [0, 0, 0],
						"1.5417": [0, 0, 0],
						"1.5833": [0, 0.25, 0],
						"1.625": [0, 0, 0]
					}
				},
				"LeftLeg": {
					"position": {
						"0.0": [0, 0, 0],
						"0.5": [0, 0, 0],
						"0.5417": [0, 0.25, 0],
						"0.5833": [0, 0, 0],
						"1.5417": [0, 0, 0],
						"1.5833": [0, 0.25, 0],
						"1.625": [0, 0, 0]
					}
				},
				"sleep_bundle": {
					"scale": 0
				}
			}
		},
		"animation.ironbundle.sleep": {
			"loop": true,
			"animation_length": 3,
			"bones": {
				"LeftArm": {
					"rotation": [2.66399, 14.76689, 70.34527],
					"position": [0.25, 0.25, 0]
				},
				"RightArm": {
					"rotation": [2.66399, -14.76689, -70.34527],
					"position": [-0.25, 0.5, 0]
				},
				"Tail1": {
					"position": [0, 0.5, -0.75]
				},
				"Tail2": {
					"position": [0, 0, -5]
				},
				"Tail3": {
					"position": [0, 0, -5]
				},
				"Tail4": {
					"position": [0, 0, -5]
				},
				"Tail5": {
					"position": [0, 0, -5]
				},
				"Tail6": {
					"position": [0, 0, -5]
				},
				"Tail7": {
					"position": [0, 0, -5]
				},
				"Tail8": {
					"position": [0, 0, -5]
				},
				"Tail9": {
					"position": [0, 0, -5]
				},
				"Bundle": {
					"rotation": [5, 0, 0],
					"position": [0, 0, -3],
					"scale": 0
				},
				"neck1": {
					"position": [0, -4, 0]
				},
				"neck2": {
					"position": [0, -4, 0]
				},
				"neck3": {
					"position": [0, -4, 0]
				},
				"neck4": {
					"position": [0, -4, 0]
				},
				"RightFoot": {
					"rotation": [0, 15, 0],
					"position": [0, 0, -0.75]
				},
				"LeftFoot": {
					"rotation": [0, -15, 0],
					"position": [0, 0, -0.75]
				},
				"up_light1": {
					"position": ["0-math.sin((query.anim_time-0.2)*120)*0.2", 0, "0-math.sin((query.anim_time)*120)*0.2"]
				},
				"up_light2": {
					"position": ["0-math.sin((query.anim_time-0.2)*120)*0.2", 0, "0-math.sin((query.anim_time+0.5)*120)*0.2"]
				},
				"up_light3": {
					"position": ["0-math.sin((query.anim_time-0.9)*120)*0.2", 0, "0-math.sin((query.anim_time+0.3)*120)*0.2"]
				},
				"up_light4": {
					"position": ["0-math.sin((query.anim_time-0.8)*120)*0.2", 0, "0-math.sin((query.anim_time-0.3)*120)*0.2"]
				},
				"up_light5": {
					"position": ["0-math.sin((query.anim_time-0.2)*120)*0.2", 0, "0-math.sin((query.anim_time+0.8)*120)*0.2"]
				},
				"up_light6": {
					"position": ["0-math.sin((query.anim_time+0.1)*120)*0.2", 0, "0-math.sin((query.anim_time+0.7)*120)*0.2"]
				},
				"up_light7": {
					"position": ["0-math.sin((query.anim_time-0.5)*120)*0.2", 0, "00-math.sin((query.anim_time)*120)*0.2"]
				},
				"up_light8": {
					"position": ["0-math.sin((query.anim_time-0.2)*120)*0.2", 0, "00-math.sin((query.anim_time+0.6)*120)*0.2"]
				},
				"up_light9": {
					"position": ["0-math.sin((query.anim_time+0.5)*120)*0.2", 0, "0-math.sin((query.anim_time-0.2)*120)*0.2"]
				},
				"back_light1": {
					"position": ["0-math.sin((query.anim_time)*120)*0.20", "0-math.sin((query.anim_time)*120)*0.20", 0]
				},
				"back_light2": {
					"position": ["0-math.sin((query.anim_time-0.2)*120)*0.20", "0-math.sin((query.anim_time+0.9)*120)*0.20", 0]
				},
				"back_light3": {
					"position": ["0-math.sin((query.anim_time+0.2)*120)*0.20", "0-math.sin((query.anim_time-0.3)*120)*0.20", 0]
				},
				"back_light4": {
					"position": ["0-math.sin((query.anim_time-0.1)*120)*0.20", "0-math.sin((query.anim_time+0.9)*120)*0.20", 0]
				},
				"back_light5": {
					"position": ["0-math.sin((query.anim_time+0.4)*120)*0.20", "0-math.sin((query.anim_time-0.8)*120)*0.20", 0]
				},
				"back_light6": {
					"position": ["0-math.sin((query.anim_time-0.2)*120)*0.20", "0-math.sin((query.anim_time+0.3)*120)*0.20", 0]
				},
				"back_light7": {
					"position": ["0-math.sin((query.anim_time)*120)*0.20", "0-math.sin((query.anim_time+0.4)*120)*0.20", 0]
				},
				"back_light8": {
					"position": ["0-math.sin((query.anim_time+0.3)*120)*0.20", "0-math.sin((query.anim_time+0.7)*120)*0.20", 0]
				},
				"back_light9": {
					"position": ["0-math.sin((query.anim_time-0.2)*120)*0.20", "0-math.sin((query.anim_time+0.8)*120)*0.20", 0]
				},
				"left_light1": {
					"position": [0, "0-math.sin((query.anim_time+0.5)*120)*0.2", "0-math.sin((query.anim_time+0.5)*120)*0.2"]
				},
				"left_light2": {
					"position": [0, "0-math.sin((query.anim_time+0.3)*120)*0.20", "0-math.sin((query.anim_time-0.9)*120)*0.20"]
				},
				"left_light3": {
					"position": [0, "0-math.sin((query.anim_time+0.3)*120)*0.20", "0-math.sin((query.anim_time-0.5)*120)*0.20"]
				},
				"left_light4": {
					"position": [0, "0-math.sin((query.anim_time-0.2)*120)*0.20", "0-math.sin((query.anim_time+0.4)*120)*0.20"]
				},
				"left_light5": {
					"position": [0, "0-math.sin((query.anim_time-0.3)*120)*0.20", "0-math.sin((query.anim_time-0.2)*120)*0.20"]
				},
				"left_light6": {
					"position": [0, "0-math.sin((query.anim_time+0.4)*120)*0.20", "0-math.sin((query.anim_time+0.9)*120)*0.20"]
				},
				"left_light7": {
					"position": [0, "0-math.sin((query.anim_time-0.3)*120)*0.20", "0-math.sin((query.anim_time-0.9)*120)*0.20"]
				},
				"left_light8": {
					"position": [0, "0-math.sin((query.anim_time+0.4)*120)*0.20", "0-math.sin((query.anim_time-0.6)*120)*0.20"]
				},
				"left_light9": {
					"position": [0, "0-math.sin((query.anim_time-0.2)*120)*0.20", "0-math.sin((query.anim_time)*120)*0.20"]
				},
				"right_light1": {
					"position": [0, "0-math.sin((query.anim_time-0.5)*120)*0.2", "0-math.sin((query.anim_time)*120)*0.2"],
					"scale": {
						"0.0": [1, 1, 1],
						"3.0": [1, 1, 1]
					}
				},
				"right_light2": {
					"position": [0, "0-math.sin((query.anim_time-0.3)*120)*0.2", "0-math.sin((query.anim_time-0.4)*120)*0.2"],
					"scale": {
						"0.0": [1, 1, 1],
						"3.0": [1, 1, 1]
					}
				},
				"right_light3": {
					"position": [0, "0-math.sin((query.anim_time-0.1)*120)*0.2", "0.5-math.sin((query.anim_time+0.8)*120)*0.2"],
					"scale": {
						"0.0": [1, 1, 1],
						"3.0": [1, 1, 1]
					}
				},
				"right_light4": {
					"position": [0, "0-math.sin((query.anim_time-0.8)*120)*0.2", "0-math.sin((query.anim_time-0.3)*120)*0.2"],
					"scale": {
						"0.0": [1, 1, 1],
						"3.0": [1, 1, 1]
					}
				},
				"right_light5": {
					"position": [0, "0-math.sin((query.anim_time+0.2)*120)*0.2", "0-math.sin((query.anim_time-0.6)*120)*0.2"],
					"scale": {
						"0.0": [1, 1, 1],
						"3.0": [1, 1, 1]
					}
				},
				"right_light6": {
					"position": [0, "0-math.sin((query.anim_time+0.7)*120)*0.2", "0-math.sin((query.anim_time-0.5)*120)*0.2"],
					"scale": {
						"0.0": [1, 1, 1],
						"3.0": [1, 1, 1]
					}
				},
				"right_light7": {
					"position": [0, "0-math.sin((query.anim_time-0.7)*120)*0.2", "0-math.sin((query.anim_time+0.6)*120)*0.2"],
					"scale": {
						"0.0": [1, 1, 1],
						"3.0": [1, 1, 1]
					}
				},
				"right_light8": {
					"position": [0, "0-math.sin((query.anim_time-0.8)*120)*0.2", "0-math.sin((query.anim_time+0.2)*120)*0.2"],
					"scale": {
						"0.0": [1, 1, 1],
						"3.0": [1, 1, 1]
					}
				},
				"right_light9": {
					"position": [0, "0-math.sin((query.anim_time-0.4)*120)*0.2", "0-math.sin((query.anim_time-0.6)*120)*0.2"],
					"scale": {
						"0.0": [1, 1, 1],
						"3.0": [1, 1, 1]
					}
				},
				"body": {
					"rotation": [15, 0, 0],
					"position": [0, -1.75, 0]
				},
				"sleep_bundle": {
					"rotation": [-7.5, 0, 0],
					"position": [0, 0, -2.75]
				},
				"openeyes": {
					"position": [0, 0, 1]
				},
				"sleepingeyes": {
					"position": [0, 0, -1]
				},
				"RightLeg": {
					"rotation": [-60, 0, 0],
					"position": [0, 0.25, -6]
				},
				"LeftLeg": {
					"rotation": [-60, 0, 0],
					"position": [0, 0.25, -6]
				},
				"tummylight_sleeping": {
					"position": [0, 0, -0.5]
				}
			}
		},
		"animation.ironbundle.faint": {
			"loop": true,
			"animation_length": 3,
			"bones": {
				"LeftArm": {
					"rotation": {
						"0.0": [0, 0, 60],
						"1.0833": [0, 0, 42.5],
						"1.1667": [0, 0, 32.5],
						"1.25": [0, 0, 45]
					},
					"position": {
						"0.0": [0.25, 0.25, 0],
						"1.0833": [0.25, 0.25, 0],
						"1.1667": [0.75, 0.25, 0]
					}
				},
				"RightArm": {
					"rotation": {
						"0.0": [0, 0, -60],
						"1.0833": [0, 0, -42.5],
						"1.1667": [0, 0, -32.5],
						"1.25": [0, 0, -45]
					},
					"position": {
						"0.0": [-0.25, 0.5, 0],
						"1.0833": [-0.25, 0.5, 0],
						"1.1667": [-0.75, 0.5, 0]
					}
				},
				"Tail1": {
					"position": [0, 2.25, -0.75]
				},
				"Tail2": {
					"position": [0, 0, -5]
				},
				"Tail3": {
					"position": [0, 0, -5]
				},
				"Tail4": {
					"position": [0, 0, -5]
				},
				"Tail5": {
					"position": [0, 0, -5]
				},
				"Tail6": {
					"position": [0, 0, -5]
				},
				"Tail7": {
					"position": [0, 0, -5]
				},
				"Tail8": {
					"position": [0, 0, -5]
				},
				"Tail9": {
					"position": [0, 0, -5]
				},
				"Bundle": {
					"relative_to": {
						"rotation": "entity"
					},
					"rotation": {
						"0.0": [5, 0, 0],
						"2.5417": [-2.5, 0, 0],
						"2.7083": [47.5, 0, 0],
						"2.9167": [87.5, 0, 0]
					},
					"position": [0, 0, -3]
				},
				"neck1": {
					"rotation": {
						"0.0": [0, 0, 0],
						"1.125": [0, 0, 0],
						"1.4583": [7.47178, -0.65182, 4.95744],
						"1.7083": [-2.34909, -0.85474, -10.03931],
						"2.0": [7.54828, -1.5164, -5.08219],
						"2.375": [-17.51543, -0.01337, -0.31289],
						"2.5": [-12.51543, -0.01337, -0.31289],
						"2.9167": [34.98457, -0.01337, -0.31289]
					},
					"position": {
						"0.0": [0, -4, 0],
						"1.125": [0, -4, 0],
						"1.2083": [0, -3, 0],
						"1.3333": [0, -1, 0],
						"1.4583": [0, -1.75, 0],
						"1.625": [0, 0.25, 0],
						"1.7083": [0, -0.75, 0],
						"1.9167": [0, 0.25, 0],
						"2.0": [0, -2, 0],
						"2.2917": [0, 0, 0],
						"2.375": [0, -1.25, 0],
						"2.5": [0, -1.5, 0]
					}
				},
				"neck2": {
					"rotation": {
						"0.0": [0, 0, 0],
						"1.125": [0, 0, 0],
						"1.3333": [0, 0, 2.5],
						"1.4583": [7.47864, -0.32621, 9.99294],
						"1.7083": [-2.35119, -0.9675, -4.99438],
						"2.0": [22.43268, -1.84707, 4.94127],
						"2.375": [-7.40603, -1.84591, -0.06133],
						"2.4167": [-9.90603, -1.84591, -0.06133],
						"2.9167": [-17.40603, -1.84591, -0.06133]
					},
					"position": {
						"0.0": [0, -4, 0],
						"1.125": [0, -4, 0],
						"1.2083": [0, 0, 0]
					}
				},
				"neck3": {
					"rotation": {
						"0.0": [0, 0, 0],
						"1.125": [0, 0, 0],
						"1.3333": [0, 0, 2.5],
						"1.4583": [4.96207, -0.43399, 12.49067],
						"1.7083": [-14.63709, -2.44758, -9.83377],
						"2.0": [20.00152, 2.05806, -5.13066],
						"2.0417": [22.50152, 2.05806, -5.13066],
						"2.125": [20.00152, 2.05806, -5.13066],
						"2.375": [-17.26451, 3.55259, -0.35339],
						"2.4167": [-22.26451, 3.55259, -0.35339],
						"2.5": [-9.76451, 3.55259, -0.35339]
					},
					"position": {
						"0.0": [0, -4, 0],
						"1.125": [0, -4, 0],
						"1.2083": [0, 0, 0]
					}
				},
				"neck4": {
					"rotation": {
						"0.0": [0, 0, 0],
						"1.125": [0, 0, 0],
						"1.3333": [0, 0, 2.5],
						"1.4583": [4.99527, -0.21782, 4.9905],
						"1.7083": [-2.36316, -0.85849, -9.99656],
						"2.0": [7.60167, -0.75463, -7.49847],
						"2.0417": [15.10167, -0.75463, -7.49847],
						"2.125": [10.10167, -0.75463, -7.49847],
						"2.375": [-22.58005, -2.06019, -0.11058],
						"2.5": [-17.58005, -2.06019, -0.11058],
						"2.5417": [-27.58005, -2.06019, -0.11058],
						"2.9167": [-25.08005, -2.06019, -0.11058]
					},
					"position": {
						"0.0": [0, -4, 0],
						"1.125": [0, -4, 0],
						"1.2083": [0, 0, 0]
					}
				},
				"RightFoot": {
					"rotation": [0, 25, 0]
				},
				"LeftFoot": {
					"rotation": [0, -25, 0]
				},
				"up_light1": {
					"position": ["0-math.sin((query.anim_time-0.2)*120)*0.2", 0, "0-math.sin((query.anim_time)*120)*0.2"]
				},
				"up_light2": {
					"position": ["0-math.sin((query.anim_time-0.2)*120)*0.2", 0, "0-math.sin((query.anim_time+0.5)*120)*0.2"]
				},
				"up_light3": {
					"position": ["0-math.sin((query.anim_time-0.9)*120)*0.2", 0, "0-math.sin((query.anim_time+0.3)*120)*0.2"]
				},
				"up_light4": {
					"position": ["0-math.sin((query.anim_time-0.8)*120)*0.2", 0, "0-math.sin((query.anim_time-0.3)*120)*0.2"]
				},
				"up_light5": {
					"position": ["0-math.sin((query.anim_time-0.2)*120)*0.2", 0, "0-math.sin((query.anim_time+0.8)*120)*0.2"]
				},
				"up_light6": {
					"position": ["0-math.sin((query.anim_time+0.1)*120)*0.2", 0, "0-math.sin((query.anim_time+0.7)*120)*0.2"]
				},
				"up_light7": {
					"position": ["0-math.sin((query.anim_time-0.5)*120)*0.2", 0, "00-math.sin((query.anim_time)*120)*0.2"]
				},
				"up_light8": {
					"position": ["0-math.sin((query.anim_time-0.2)*120)*0.2", 0, "00-math.sin((query.anim_time+0.6)*120)*0.2"]
				},
				"up_light9": {
					"position": ["0-math.sin((query.anim_time+0.5)*120)*0.2", 0, "0-math.sin((query.anim_time-0.2)*120)*0.2"]
				},
				"back_light1": {
					"position": ["0-math.sin((query.anim_time)*120)*0.20", "0-math.sin((query.anim_time)*120)*0.20", 0]
				},
				"back_light2": {
					"position": ["0-math.sin((query.anim_time-0.2)*120)*0.20", "0-math.sin((query.anim_time+0.9)*120)*0.20", 0]
				},
				"back_light3": {
					"position": ["0-math.sin((query.anim_time+0.2)*120)*0.20", "0-math.sin((query.anim_time-0.3)*120)*0.20", 0]
				},
				"back_light4": {
					"position": ["0-math.sin((query.anim_time-0.1)*120)*0.20", "0-math.sin((query.anim_time+0.9)*120)*0.20", 0]
				},
				"back_light5": {
					"position": ["0-math.sin((query.anim_time+0.4)*120)*0.20", "0-math.sin((query.anim_time-0.8)*120)*0.20", 0]
				},
				"back_light6": {
					"position": ["0-math.sin((query.anim_time-0.2)*120)*0.20", "0-math.sin((query.anim_time+0.3)*120)*0.20", 0]
				},
				"back_light7": {
					"position": ["0-math.sin((query.anim_time)*120)*0.20", "0-math.sin((query.anim_time+0.4)*120)*0.20", 0]
				},
				"back_light8": {
					"position": ["0-math.sin((query.anim_time+0.3)*120)*0.20", "0-math.sin((query.anim_time+0.7)*120)*0.20", 0]
				},
				"back_light9": {
					"position": ["0-math.sin((query.anim_time-0.2)*120)*0.20", "0-math.sin((query.anim_time+0.8)*120)*0.20", 0]
				},
				"left_light1": {
					"position": [0, "0-math.sin((query.anim_time+0.5)*120)*0.2", "0-math.sin((query.anim_time+0.5)*120)*0.2"]
				},
				"left_light2": {
					"position": [0, "0-math.sin((query.anim_time+0.3)*120)*0.20", "0-math.sin((query.anim_time-0.9)*120)*0.20"]
				},
				"left_light3": {
					"position": [0, "0-math.sin((query.anim_time+0.3)*120)*0.20", "0-math.sin((query.anim_time-0.5)*120)*0.20"]
				},
				"left_light4": {
					"position": [0, "0-math.sin((query.anim_time-0.2)*120)*0.20", "0-math.sin((query.anim_time+0.4)*120)*0.20"]
				},
				"left_light5": {
					"position": [0, "0-math.sin((query.anim_time-0.3)*120)*0.20", "0-math.sin((query.anim_time-0.2)*120)*0.20"]
				},
				"left_light6": {
					"position": [0, "0-math.sin((query.anim_time+0.4)*120)*0.20", "0-math.sin((query.anim_time+0.9)*120)*0.20"]
				},
				"left_light7": {
					"position": [0, "0-math.sin((query.anim_time-0.3)*120)*0.20", "0-math.sin((query.anim_time-0.9)*120)*0.20"]
				},
				"left_light8": {
					"position": [0, "0-math.sin((query.anim_time+0.4)*120)*0.20", "0-math.sin((query.anim_time-0.6)*120)*0.20"]
				},
				"left_light9": {
					"position": [0, "0-math.sin((query.anim_time-0.2)*120)*0.20", "0-math.sin((query.anim_time)*120)*0.20"]
				},
				"right_light1": {
					"position": [0, "0-math.sin((query.anim_time-0.5)*120)*0.2", "0-math.sin((query.anim_time)*120)*0.2"],
					"scale": {
						"0.0": [1, 1, 1],
						"3.0": [1, 1, 1]
					}
				},
				"right_light2": {
					"position": [0, "0-math.sin((query.anim_time-0.3)*120)*0.2", "0-math.sin((query.anim_time-0.4)*120)*0.2"],
					"scale": {
						"0.0": [1, 1, 1],
						"3.0": [1, 1, 1]
					}
				},
				"right_light3": {
					"position": [0, "0-math.sin((query.anim_time-0.1)*120)*0.2", "0.5-math.sin((query.anim_time+0.8)*120)*0.2"],
					"scale": {
						"0.0": [1, 1, 1],
						"3.0": [1, 1, 1]
					}
				},
				"right_light4": {
					"position": [0, "0-math.sin((query.anim_time-0.8)*120)*0.2", "0-math.sin((query.anim_time-0.3)*120)*0.2"],
					"scale": {
						"0.0": [1, 1, 1],
						"3.0": [1, 1, 1]
					}
				},
				"right_light5": {
					"position": [0, "0-math.sin((query.anim_time+0.2)*120)*0.2", "0-math.sin((query.anim_time-0.6)*120)*0.2"],
					"scale": {
						"0.0": [1, 1, 1],
						"3.0": [1, 1, 1]
					}
				},
				"right_light6": {
					"position": [0, "0-math.sin((query.anim_time+0.7)*120)*0.2", "0-math.sin((query.anim_time-0.5)*120)*0.2"],
					"scale": {
						"0.0": [1, 1, 1],
						"3.0": [1, 1, 1]
					}
				},
				"right_light7": {
					"position": [0, "0-math.sin((query.anim_time-0.7)*120)*0.2", "0-math.sin((query.anim_time+0.6)*120)*0.2"],
					"scale": {
						"0.0": [1, 1, 1],
						"3.0": [1, 1, 1]
					}
				},
				"right_light8": {
					"position": [0, "0-math.sin((query.anim_time-0.8)*120)*0.2", "0-math.sin((query.anim_time+0.2)*120)*0.2"],
					"scale": {
						"0.0": [1, 1, 1],
						"3.0": [1, 1, 1]
					}
				},
				"right_light9": {
					"position": [0, "0-math.sin((query.anim_time-0.4)*120)*0.2", "0-math.sin((query.anim_time-0.6)*120)*0.2"],
					"scale": {
						"0.0": [1, 1, 1],
						"3.0": [1, 1, 1]
					}
				},
				"head_nonmoving": {
					"rotation": {
						"0.0": [0, 0, 0],
						"1.125": [0, 0, 0],
						"1.3333": [0, 0, 5],
						"1.4583": [12.39638, -1.61888, 12.32417],
						"1.7083": [9.8271, 2.36775, -4.72571],
						"2.0417": [14.8271, 2.36775, -4.72571],
						"2.125": [9.8271, 2.36775, -4.72571],
						"2.375": [-0.1729, 2.36775, -4.72571],
						"2.4167": [-5.1729, 2.36775, -4.72571],
						"2.5417": [-15.1729, 2.36775, -4.72571],
						"2.9167": [-55.1729, 2.36775, -4.72571]
					},
					"position": {
						"0.0": [0, 0, 0],
						"1.125": [0, 0, 0],
						"1.2083": [0, 0, 0]
					}
				},
				"sleep_bundle": {
					"scale": 0
				},
				"body": {
					"rotation": {
						"0.0": [0, 0, 0],
						"0.2083": [10, 0, 0],
						"0.5417": [15, 0, 0],
						"0.625": [15, 0, 0],
						"0.7917": [-7.5, 0, 0],
						"1.2083": [-12.5, 0, 0],
						"2.4167": [-20, 0, 0],
						"2.5": [15, 0, 0],
						"2.875": [95, 0, 0]
					},
					"position": {
						"0.0": [0, 0, 0],
						"2.4167": [0, 0.25, 1],
						"2.875": [0, -2, -6]
					}
				},
				"openeyes": {
					"position": {
						"0.0": [0, 0, 0],
						"0.0833": [0, 0, 0],
						"0.125": [0, 0, 1]
					}
				},
				"hurteyes": {
					"position": {
						"0.0": [0, 0, 0],
						"0.0833": [0, 0, 0],
						"0.125": [0, 0, -1]
					}
				},
				"RightLeg": {
					"rotation": {
						"0.0": [0, 0, 0],
						"0.625": [0, 0, 0],
						"0.9167": [-62.5, 0, 0],
						"1.0833": [-62.5, 0, 0],
						"1.25": [-62.5, 0, 0],
						"2.4167": [-70, 0, 0],
						"2.875": [0, 0, 0]
					},
					"position": {
						"0.0": [0, 0, 0],
						"0.625": [0, 0, 0],
						"0.9167": [-1, 2, -6.75],
						"1.0833": [-1, 2, -6.75],
						"1.1667": [-1, 2, -7.75],
						"1.25": [-1, 2, -6.75],
						"2.4167": [-1, 2.75, -6.75],
						"2.6667": [0.3, 0.5, -3.07],
						"2.875": [0, 0, 0]
					}
				}
			}
		},
		"animation.ironbundle.blink": {
			"animation_length": 0.16667,
			"bones": {
				"openeyes": {
					"position": {
						"0.0": [0, 0, 0],
						"0.0417": [0, 0, 1],
						"0.125": [0, 0, 1],
						"0.1667": [0, 0, 0]
					}
				},
				"sleepingeyes": {
					"position": {
						"0.0": [0, 0, 0],
						"0.0417": [0, 0, -1],
						"0.125": [0, 0, -1],
						"0.1667": [0, 0, 0]
					}
				}
			}
		},
		"animation.ironbundle.headspin": {
			"animation_length": 0.625,
			"bones": {
				"neck1": {
					"position": {
						"0.0": [0, 0, 0],
						"0.0417": [0, 1, 0],
						"0.25": [0, 2, 0],
						"0.5417": [0, 1, 0],
						"0.5833": [0, 0, 0]
					}
				},
				"head_nonmoving": {
					"rotation": {
						"0.0": [0, 0, 0],
						"0.125": [0, 90, 0],
						"0.3333": [0, 270, 0],
						"0.5": [0, 360, 0]
					}
				}
			}
		}
	}
}