{
  "implemented": true,
  "name": "Arcanine",
  "nationalPokedexNumber": 59,
  "primaryType": "fire",
  "abilities": [
    "intimidate",
    "flashfire",
    "h:justified"
  ],
  "baseStats": {
    "hp": 90,
    "attack": 110,
    "defence": 80,
    "special_attack": 100,
    "special_defence": 80,
    "speed": 95
  },
  "catchRate": 75,
  "maleRatio": 0.75,
  "shoulderMountable": false,
  "forms": [
    {
      "name": "Hisui",
      "primaryType": "fire",
      "secondaryType": "rock",
      "abilities": [
        "intimidate",
        "flashfire",
        "h:rockhead"
      ],
      "baseStats": {
        "hp": 95,
        "attack": 115,
        "defence": 80,
        "special_attack": 95,
        "special_defence": 80,
        "speed": 90
      },
      "catchRate": 75,
      "maleRatio": 0.75,
      "baseExperienceYield": 194,
      "baseFriendship": 50,
      "evYield": {
        "hp": 0,
        "attack": 2,
        "defence": 0,
        "special_attack": 0,
        "special_defence": 0,
        "speed": 0
      },
      "experienceGroup": "slow",
      "eggCycles": 20,
      "eggGroups": [
        "field"
      ],
      "moves": [
        "1:agility",
        "1:bite",
        "1:crunch",
        "1:ember",
        "1:firefang",
        "1:flamewheel",
        "1:flareblitz",
        "1:helpinghand",
        "1:howl",
        "1:leer",
        "1:retaliate",
        "1:reversal",
        "1:roar",
        "1:rockslide",
        "1:rockthrow",
        "1:takedown",
        "5:flamethrower",
        "64:ragingfury",
        "100:aerialace",
        "100:agility",
        "100:bodyslam",
        "100:bulldoze",
        "100:closecombat",
        "100:crunch",
        "100:dig",
        "100:dragonpulse",
        "100:endure",
        "100:facade",
        "100:fireblast",
        "100:firefang",
        "100:firespin",
        "100:flamecharge",
        "100:flamethrower",
        "100:flareblitz",
        "100:gigaimpact",
        "100:heatwave",
        "100:helpinghand",
        "100:hyperbeam",
        "100:hypervoice",
        "100:ironhead",
        "100:outrage",
        "100:overheat",
        "100:powergem",
        "100:protect",
        "100:psychicfangs",
        "100:rest",
        "100:reversal",
        "100:rockblast",
        "100:rockslide",
        "100:rocktomb",
        "100:sandstorm",
        "100:scaryface",
        "100:sleeptalk",
        "100:smartstrike",
        "100:snarl",
        "100:solarbeam",
        "100:stealthrock",
        "100:stoneedge",
        "100:substitute",
        "100:sunnyday",
        "100:takedown",
        "100:terablast",
        "100:thief",
        "100:thunderfang",
        "100:wildcharge",
        "100:willowisp"
      ],
      "labels": [
        "gen8",
        "hisui_regional"
      ],
      "aspects": [
        "hisuian"
      ],
      "height": 20,
      "weight": 1680,
      "preEvolution": "growlithe form=hisui",
      "evolutions": [],
      "cannotDynamax": false,
      "battleOnly": false
    }
  ],
  "baseExperienceYield": 194,
  "experienceGroup": "slow",
  "eggCycles": 20,
  "eggGroups": [
    "field"
  ],
  "drops": {
    "amount": 3,
    "entries": [
      {
        "item": "minecraft:bone",
        "quantityRange": "0-2"
      },
      {
        "item": "cobblemon:rawst_berry",
        "percentage": 5.0
      }
    ]
  },
  "moves": [
    "1:agility",
    "1:bite",
    "1:burnup",
    "1:crunch",
    "1:ember",
    "1:firefang",
    "1:flamewheel",
    "1:flareblitz",
    "1:helpinghand",
    "1:howl",
    "1:leer",
    "1:odorsleuth",
    "1:playrough",
    "1:retaliate",
    "1:reversal",
    "1:roar",
    "1:takedown",
    "1:thunderfang",
    "5:flamethrower",
    "34:extremespeed",
    "100:aerialace",
    "100:agility",
    "100:attract",
    "100:bodyslam",
    "100:bulldoze",
    "100:captivate",
    "100:charm",
    "100:closecombat",
    "100:confide",
    "100:crunch",
    "100:dig",
    "100:doubleteam",
    "100:dragonpulse",
    "100:endure",
    "100:facade",
    "100:fireblast",
    "100:firefang",
    "100:firespin",
    "100:flamecharge",
    "100:flamethrower",
    "100:flareblitz",
    "100:frustration",
    "100:gigaimpact",
    "100:heatwave",
    "100:helpinghand",
    "100:hiddenpower",
    "100:hyperbeam",
    "100:hypervoice",
    "100:incinerate",
    "100:ironhead",
    "100:irontail",
    "100:naturalgift",
    "100:outrage",
    "100:overheat",
    "100:playrough",
    "100:protect",
    "100:psychicfangs",
    "100:rest",
    "100:retaliate",
    "100:return",
    "100:reversal",
    "100:roar",
    "100:rockclimb",
    "100:rocksmash",
    "100:round",
    "100:safeguard",
    "100:scaryface",
    "100:secretpower",
    "100:sleeptalk",
    "100:snarl",
    "100:snore",
    "100:solarbeam",
    "100:strength",
    "100:substitute",
    "100:sunnyday",
    "100:swagger",
    "100:swift",
    "100:takedown",
    "100:terablast",
    "100:thief",
    "100:thunderfang",
    "100:toxic",
    "100:wildcharge",
    "100:willowisp",
    "100:attract",
    "100:bide",
    "100:bite",
    "100:bodyslam",
    "100:covet",
    "100:crunch",
    "100:curse",
    "100:dig",
    "100:doubleedge",
    "100:doubleteam",
    "100:dragonbreath",
    "100:dragonpulse",
    "100:dragonrage",
    "100:ember",
    "100:endure",
    "100:extremespeed",
    "100:facade",
    "100:fireblast",
    "100:flamethrower",
    "100:flamewheel",
    "100:flareblitz",
    "100:frustration",
    "100:headbutt",
    "100:heatwave",
    "100:helpinghand",
    "100:hiddenpower",
    "100:hyperbeam",
    "100:ironhead",
    "100:irontail",
    "100:laserfocus",
    "100:leer",
    "100:mimic",
    "100:mudslap",
    "100:outrage",
    "100:playrough",
    "100:protect",
    "100:rage",
    "100:reflect",
    "100:rest",
    "100:return",
    "100:roar",
    "100:rocksmash",
    "100:scorchingsands",
    "100:skullbash",
    "100:sleeptalk",
    "100:snore",
    "100:solarbeam",
    "100:substitute",
    "100:sunnyday",
    "100:superpower",
    "100:swagger",
    "100:swift",
    "100:takedown",
    "100:teleport",
    "100:thunderfang",
    "100:toxic",
    "100:willowisp"
  ],
  "labels": [
    "gen1",
    "kanto_regional"
  ],
  "pokedex": [
    "cobblemon.species.arcanine.desc"
  ],
  "preEvolution": "growlithe",
  "evolutions": [],
  "baseScale": 1.5,
  "hitbox": {
    "width": 1.2,
    "height": 1.7,
    "fixed": false
  },
  "baseFriendship": 50,
  "evYield": {
    "hp": 0,
    "attack": 2,
    "defence": 0,
    "special_attack": 0,
    "special_defence": 0,
    "speed": 0
  },
  "height": 19,
  "weight": 1550,
  "aspects": [],
  "cannotDynamax": false
}