{
  "implemented": true,
  "name": "Blastoise",
  "nationalPokedexNumber": 9,
  "primaryType": "water",
  "abilities": [
    "torrent",
    "h:raindish"
  ],
  "baseStats": {
    "hp": 79,
    "attack": 83,
    "defence": 100,
    "special_attack": 85,
    "special_defence": 105,
    "speed": 78
  },
  "catchRate": 45,
  "maleRatio": 0.875,
  "shoulderMountable": false,
  "forms": [
    {
      "name": "Mega",
      "primaryType": "water",
      "abilities": [
        "megalauncher"
      ],
      "baseStats": {
        "hp": 79,
        "attack": 103,
        "defence": 120,
        "special_attack": 135,
        "special_defence": 115,
        "speed": 78
      },
      "catchRate": 45,
      "maleRatio": 0.875,
      "baseExperienceYield": 265,
      "baseFriendship": 50,
      "evYield": {
        "hp": 0,
        "attack": 0,
        "defence": 0,
        "special_attack": 0,
        "special_defence": 3,
        "speed": 0
      },
      "experienceGroup": "medium_slow",
      "eggCycles": 20,
      "eggGroups": [
        "monster",
        "water_1"
      ],
      "labels": [
        "gen6",
        "mega"
      ],
      "aspects": [
        "mega"
      ],
      "height": 16,
      "weight": 1011,
      "evolutions": [],
      "cannotDynamax": false,
      "battleOnly": true
    },
    {
      "name": "Gmax",
      "primaryType": "water",
      "abilities": [
        "torrent",
        "h:raindish"
      ],
      "baseStats": {
        "hp": 79,
        "attack": 83,
        "defence": 100,
        "special_attack": 85,
        "special_defence": 105,
        "speed": 78
      },
      "catchRate": 45,
      "maleRatio": 0.875,
      "baseExperienceYield": 265,
      "baseFriendship": 50,
      "evYield": {
        "hp": 0,
        "attack": 0,
        "defence": 0,
        "special_attack": 0,
        "special_defence": 3,
        "speed": 0
      },
      "experienceGroup": "medium_slow",
      "eggCycles": 20,
      "eggGroups": [
        "monster",
        "water_1"
      ],
      "labels": [
        "gen8",
        "gmax"
      ],
      "aspects": [
        "gmax"
      ],
      "height": 16,
      "weight": 0,
      "evolutions": [],
      "cannotDynamax": false,
      "battleOnly": false
    }
  ],
  "baseExperienceYield": 265,
  "experienceGroup": "medium_slow",
  "eggCycles": 20,
  "eggGroups": [
    "monster",
    "water_1"
  ],
  "drops": {
    "amount": 4,
    "entries": [
      {
        "item": "minecraft:scute",
        "quantityRange": "0-3"
      },
      {
        "item": "cobblemon:mystic_water",
        "percentage": 25.0
      }
    ]
  },
  "behaviour": {
    "resting": {
      "canSleep": true,
      "depth": "normal",
      "light": "0-4"
    },
    "moving": {
      "moving": {
        "walk": {
          "walkSpeed": 0.3
        }
      },
      "swim": {
        "canSwimInWater": true,
        "canBreatheUnderwater": true
      }
    }
  },
  "moves": [
    "1:flashcannon",
    "1:tackle",
    "1:tailwhip",
    "1:watergun",
    "1:withdraw",
    "9:rapidspin",
    "12:bite",
    "13:bubble",
    "15:waterpulse",
    "20:protect",
    "25:raindance",
    "30:aquatail",
    "35:shellsmash",
    "42:irondefense",
    "49:hydropump",
    "56:skullbash",
    "100:attract",
    "100:aurasphere",
    "100:avalanche",
    "100:blizzard",
    "100:bodypress",
    "100:bodyslam",
    "100:brickbreak",
    "100:brine",
    "100:bulldoze",
    "100:captivate",
    "100:confide",
    "100:crunch",
    "100:darkpulse",
    "100:dig",
    "100:dive",
    "100:doubleteam",
    "100:dragonpulse",
    "100:dragontail",
    "100:earthquake",
    "100:endure",
    "100:facade",
    "100:falseswipe",
    "100:flashcannon",
    "100:fling",
    "100:focusblast",
    "100:focuspunch",
    "100:frustration",
    "100:gigaimpact",
    "100:gyroball",
    "100:hail",
    "100:helpinghand",
    "100:hiddenpower",
    "100:hydropump",
    "100:hyperbeam",
    "100:icebeam",
    "100:icepunch",
    "100:icywind",
    "100:irondefense",
    "100:irontail",
    "100:liquidation",
    "100:megakick",
    "100:megapunch",
    "100:muddywater",
    "100:naturalgift",
    "100:outrage",
    "100:poweruppunch",
    "100:protect",
    "100:raindance",
    "100:rest",
    "100:return",
    "100:roar",
    "100:rockclimb",
    "100:rockslide",
    "100:rocksmash",
    "100:rocktomb",
    "100:round",
    "100:scald",
    "100:secretpower",
    "100:sleeptalk",
    "100:smackdown",
    "100:snore",
    "100:strength",
    "100:substitute",
    "100:surf",
    "100:swagger",
    "100:toxic",
    "100:waterfall",
    "100:waterpulse",
    "100:weatherball",
    "100:whirlpool",
    "100:workup",
    "100:zenheadbutt",
    "100:aquajet",
    "100:aquatail",
    "100:attract",
    "100:bide",
    "100:bite",
    "100:blizzard",
    "100:bodyslam",
    "100:brickbreak",
    "100:bubble",
    "100:bubblebeam",
    "100:counter",
    "100:curse",
    "100:darkpulse",
    "100:defensecurl",
    "100:dig",
    "100:dive",
    "100:doubleedge",
    "100:doubleteam",
    "100:dragonpulse",
    "100:dragontail",
    "100:dynamicpunch",
    "100:earthquake",
    "100:endure",
    "100:facade",
    "100:fakeout",
    "100:fissure",
    "100:flashcannon",
    "100:flipturn",
    "100:focuspunch",
    "100:frustration",
    "100:headbutt",
    "100:hiddenpower",
    "100:hydrocannon",
    "100:hydropump",
    "100:hyperbeam",
    "100:icebeam",
    "100:icepunch",
    "100:icywind",
    "100:irondefense",
    "100:irontail",
    "100:liquidation",
    "100:megakick",
    "100:megapunch",
    "100:mimic",
    "100:mudslap",
    "100:outrage",
    "100:protect",
    "100:rage",
    "100:raindance",
    "100:rapidspin",
    "100:reflect",
    "100:rest",
    "100:return",
    "100:roar",
    "100:rockslide",
    "100:rocksmash",
    "100:rollout",
    "100:scald",
    "100:seismictoss",
    "100:signalbeam",
    "100:skullbash",
    "100:sleeptalk",
    "100:snore",
    "100:strength",
    "100:submission",
    "100:substitute",
    "100:surf",
    "100:swagger",
    "100:tackle",
    "100:tailwhip",
    "100:takedown",
    "100:terrainpulse",
    "100:toxic",
    "100:waterfall",
    "100:watergun",
    "100:waterpledge",
    "100:waterpulse",
    "100:whirlpool",
    "100:withdraw",
    "100:zenheadbutt"
  ],
  "labels": [
    "gen1"
  ],
  "pokedex": [
    "cobblemon.species.blastoise.desc"
  ],
  "preEvolution": "wartortle",
  "evolutions": [],
  "baseScale": 1.3,
  "hitbox": {
    "width": 1.1,
    "height": 2.1,
    "fixed": false
  },
  "baseFriendship": 50,
  "evYield": {
    "hp": 0,
    "attack": 0,
    "defence": 0,
    "special_attack": 0,
    "special_defence": 3,
    "speed": 0
  },
  "height": 16,
  "weight": 855,
  "aspects": [],
  "cannotDynamax": false
}