{
  "implemented": true,
  "name": "Butterfree",
  "nationalPokedexNumber": 12,
  "primaryType": "bug",
  "secondaryType": "flying",
  "abilities": [
    "compoundeyes",
    "h:tintedlens"
  ],
  "baseStats": {
    "hp": 60,
    "attack": 45,
    "defence": 50,
    "special_attack": 90,
    "special_defence": 80,
    "speed": 70
  },
  "catchRate": 45,
  "maleRatio": 0.5,
  "shoulderMountable": false,
  "forms": [
    {
      "name": "Gmax",
      "primaryType": "bug",
      "secondaryType": "flying",
      "abilities": [
        "compoundeyes",
        "h:tintedlens"
      ],
      "baseStats": {
        "hp": 60,
        "attack": 45,
        "defence": 50,
        "special_attack": 90,
        "special_defence": 80,
        "speed": 70
      },
      "catchRate": 45,
      "maleRatio": 0.5,
      "baseExperienceYield": 198,
      "baseFriendship": 50,
      "evYield": {
        "hp": 0,
        "attack": 0,
        "defence": 0,
        "special_attack": 2,
        "special_defence": 1,
        "speed": 0
      },
      "experienceGroup": "medium_fast",
      "eggCycles": 15,
      "eggGroups": [
        "bug"
      ],
      "labels": [
        "gen8",
        "gmax"
      ],
      "aspects": [
        "gmax"
      ],
      "height": 170,
      "weight": 0,
      "evolutions": [],
      "cannotDynamax": false,
      "battleOnly": false
    }
  ],
  "features": [
    "valencian"
  ],
  "baseExperienceYield": 198,
  "experienceGroup": "medium_fast",
  "eggCycles": 15,
  "eggGroups": [
    "bug"
  ],
  "behaviour": {
    "resting": {
      "canSleep": true,
      "depth": "normal",
      "light": "0-4"
    },
    "moving": {
      "swim": {
        "canWalkOnWater": true
      },
      "fly": {
        "canFly": true
      },
      "walk": {
        "walkSpeed": 0.4
      }
    }
  },
  "drops": {
    "amount": 2,
    "entries": [
      {
        "item": "cobblemon:silver_powder",
        "percentage": 5.0
      },
      {
        "item": "cobblemon:wepear_berry",
        "percentage": 5.0
      }
    ]
  },
  "moves": [
    "1:bugbite",
    "1:gust",
    "1:harden",
    "1:stringshot",
    "1:tackle",
    "4:supersonic",
    "8:confusion",
    "12:poisonpowder",
    "12:sleeppowder",
    "12:stunspore",
    "16:psybeam",
    "19:silverwind",
    "20:whirlwind",
    "24:airslash",
    "28:safeguard",
    "32:bugbuzz",
    "36:tailwind",
    "37:captivate",
    "40:ragepowder",
    "44:quiverdance",
    "100:acrobatics",
    "100:aerialace",
    "100:airslash",
    "100:attract",
    "100:batonpass",
    "100:bugbuzz",
    "100:captivate",
    "100:confide",
    "100:defog",
    "100:doubleteam",
    "100:drainingkiss",
    "100:dreameater",
    "100:electroweb",
    "100:endure",
    "100:energyball",
    "100:facade",
    "100:flash",
    "100:frustration",
    "100:gigadrain",
    "100:gigaimpact",
    "100:hiddenpower",
    "100:hurricane",
    "100:hyperbeam",
    "100:infestation",
    "100:irondefense",
    "100:naturalgift",
    "100:pollenpuff",
    "100:protect",
    "100:psychic",
    "100:psychup",
    "100:raindance",
    "100:rest",
    "100:return",
    "100:roost",
    "100:round",
    "100:safeguard",
    "100:secretpower",
    "100:shadowball",
    "100:silverwind",
    "100:skillswap",
    "100:sleeptalk",
    "100:snore",
    "100:solarbeam",
    "100:strugglebug",
    "100:substitute",
    "100:sunnyday",
    "100:swagger",
    "100:swift",
    "100:thief",
    "100:toxic",
    "100:uturn",
    "100:venoshock",
    "100:aerialace",
    "100:aircutter",
    "100:airslash",
    "100:attract",
    "100:bide",
    "100:bugbite",
    "100:bugbuzz",
    "100:confusion",
    "100:curse",
    "100:defog",
    "100:doubleedge",
    "100:doubleteam",
    "100:dreameater",
    "100:dualwingbeat",
    "100:electroweb",
    "100:endure",
    "100:facade",
    "100:flash",
    "100:frustration",
    "100:gigadrain",
    "100:gust",
    "100:headbutt",
    "100:hiddenpower",
    "100:hyperbeam",
    "100:megadrain",
    "100:mimic",
    "100:morningsun",
    "100:nightmare",
    "100:ominouswind",
    "100:poisonpowder",
    "100:protect",
    "100:psybeam",
    "100:psychic",
    "100:psywave",
    "100:quiverdance",
    "100:rage",
    "100:razorwind",
    "100:reflect",
    "100:rest",
    "100:return",
    "100:roost",
    "100:safeguard",
    "100:shadowball",
    "100:signalbeam",
    "100:skillswap",
    "100:sleeppowder",
    "100:sleeptalk",
    "100:snore",
    "100:solarbeam",
    "100:stringshot",
    "100:stunspore",
    "100:substitute",
    "100:sunnyday",
    "100:supersonic",
    "100:swagger",
    "100:sweetscent",
    "100:swift",
    "100:tailwind",
    "100:takedown",
    "100:teleport",
    "100:toxic",
    "100:twister",
    "100:uturn",
    "100:whirlwind"
  ],
  "labels": [
    "gen1"
  ],
  "pokedex": [
    "cobblemon.species.butterfree.desc"
  ],
  "preEvolution": "metapod",
  "evolutions": [],
  "baseScale": 0.6,
  "hitbox": {
    "width": 0.5,
    "height": 1.3,
    "fixed": false
  },
  "baseFriendship": 50,
  "evYield": {
    "hp": 0,
    "attack": 0,
    "defence": 0,
    "special_attack": 2,
    "special_defence": 1,
    "speed": 0
  },
  "height": 11,
  "weight": 320,
  "aspects": [],
  "cannotDynamax": false
}