{
  "implemented": true,
  "name": "Clefairy",
  "nationalPokedexNumber": 35,
  "primaryType": "fairy",
  "abilities": [
    "cutecharm",
    "magicguard",
    "h:friendguard"
  ],
  "baseStats": {
    "hp": 70,
    "attack": 45,
    "defence": 48,
    "special_attack": 60,
    "special_defence": 65,
    "speed": 35
  },
  "behaviour": {
    "resting": {
      "canSleep": true,
      "willSleepOnBed": false,
      "depth": "normal",
      "light": "0-4"
    }
  },
  "catchRate": 150,
  "maleRatio": 0.25,
  "shoulderMountable": false,
  "baseExperienceYield": 113,
  "experienceGroup": "fast",
  "eggCycles": 10,
  "eggGroups": [
    "fairy"
  ],
  "drops": {
    "amount": 2,
    "entries": [
      {
        "item": "cobblemon:moon_stone",
        "percentage": 5.0
      },
      {
        "item": "cobblemon:babiri_berry",
        "percentage": 5.0
      }
    ]
  },
  "moves": [
    "1:charm",
    "1:copycat",
    "1:defensecurl",
    "1:disarmingvoice",
    "1:encore",
    "1:growl",
    "1:pound",
    "1:sing",
    "1:splash",
    "1:spotlight",
    "1:sweetkiss",
    "4:storedpower",
    "8:minimize",
    "10:doubleslap",
    "12:afteryou",
    "16:lifedew",
    "19:bestow",
    "20:metronome",
    "22:wakeupslap",
    "24:moonlight",
    "28:gravity",
    "32:meteormash",
    "36:followme",
    "37:luckychant",
    "40:bodyslam",
    "40:cosmicpower",
    "44:moonblast",
    "46:lightscreen",
    "48:healingwish",
    "100:allyswitch",
    "100:amnesia",
    "100:attract",
    "100:batonpass",
    "100:blizzard",
    "100:bodyslam",
    "100:bounce",
    "100:brickbreak",
    "100:calmmind",
    "100:captivate",
    "100:chargebeam",
    "100:charm",
    "100:confide",
    "100:cosmicpower",
    "100:dazzlinggleam",
    "100:dig",
    "100:doubleteam",
    "100:drainingkiss",
    "100:drainpunch",
    "100:dreameater",
    "100:echoedvoice",
    "100:encore",
    "100:endure",
    "100:facade",
    "100:faketears",
    "100:fireblast",
    "100:firepunch",
    "100:flamethrower",
    "100:flash",
    "100:fling",
    "100:focuspunch",
    "100:frustration",
    "100:grassknot",
    "100:helpinghand",
    "100:hiddenpower",
    "100:hypervoice",
    "100:icebeam",
    "100:icepunch",
    "100:icywind",
    "100:imprison",
    "100:incinerate",
    "100:irontail",
    "100:lightscreen",
    "100:magicalleaf",
    "100:megakick",
    "100:megapunch",
    "100:metronome",
    "100:mistyterrain",
    "100:mysticalfire",
    "100:naturalgift",
    "100:playrough",
    "100:poweruppunch",
    "100:protect",
    "100:psychic",
    "100:psychup",
    "100:psyshock",
    "100:raindance",
    "100:recycle",
    "100:reflect",
    "100:rest",
    "100:retaliate",
    "100:return",
    "100:rocksmash",
    "100:round",
    "100:safeguard",
    "100:secretpower",
    "100:shadowball",
    "100:shockwave",
    "100:sleeptalk",
    "100:snatch",
    "100:snore",
    "100:solarbeam",
    "100:stealthrock",
    "100:storedpower",
    "100:strength",
    "100:substitute",
    "100:sunnyday",
    "100:swagger",
    "100:telekinesis",
    "100:thunder",
    "100:thunderbolt",
    "100:thunderpunch",
    "100:thunderwave",
    "100:toxic",
    "100:triattack",
    "100:trick",
    "100:uproar",
    "100:waterpulse",
    "100:wonderroom",
    "100:workup",
    "100:zenheadbutt",
    "100:afteryou",
    "100:amnesia",
    "100:attract",
    "100:bide",
    "100:blizzard",
    "100:bodyslam",
    "100:bounce",
    "100:brickbreak",
    "100:bubblebeam",
    "100:calmmind",
    "100:counter",
    "100:covet",
    "100:curse",
    "100:dazzlinggleam",
    "100:defensecurl",
    "100:detect",
    "100:dig",
    "100:doubleedge",
    "100:doubleslap",
    "100:doubleteam",
    "100:drainpunch",
    "100:dreameater",
    "100:dualwingbeat",
    "100:dynamicpunch",
    "100:encore",
    "100:endeavor",
    "100:endure",
    "100:facade",
    "100:fireblast",
    "100:firepunch",
    "100:flamethrower",
    "100:flash",
    "100:focuspunch",
    "100:followme",
    "100:frustration",
    "100:gravity",
    "100:growl",
    "100:headbutt",
    "100:healbell",
    "100:helpinghand",
    "100:hiddenpower",
    "100:hypervoice",
    "100:icebeam",
    "100:icepunch",
    "100:icywind",
    "100:irontail",
    "100:knockoff",
    "100:lastresort",
    "100:lightscreen",
    "100:magiccoat",
    "100:megakick",
    "100:megapunch",
    "100:meteorbeam",
    "100:metronome",
    "100:mimic",
    "100:minimize",
    "100:mistyexplosion",
    "100:moonblast",
    "100:moonlight",
    "100:mudslap",
    "100:nightmare",
    "100:playrough",
    "100:pound",
    "100:protect",
    "100:psychic",
    "100:psychup",
    "100:psywave",
    "100:rage",
    "100:raindance",
    "100:recycle",
    "100:reflect",
    "100:rest",
    "100:return",
    "100:roleplay",
    "100:rollout",
    "100:seismictoss",
    "100:shadowball",
    "100:shockwave",
    "100:signalbeam",
    "100:sing",
    "100:skullbash",
    "100:sleeptalk",
    "100:snatch",
    "100:snore",
    "100:softboiled",
    "100:solarbeam",
    "100:stealthrock",
    "100:strength",
    "100:submission",
    "100:substitute",
    "100:sunnyday",
    "100:swagger",
    "100:takedown",
    "100:telekinesis",
    "100:teleport",
    "100:thunder",
    "100:thunderbolt",
    "100:thunderpunch",
    "100:thunderwave",
    "100:toxic",
    "100:triattack",
    "100:trick",
    "100:watergun",
    "100:waterpulse",
    "100:wonderroom",
    "100:zapcannon",
    "100:zenheadbutt"
  ],
  "labels": [
    "gen1"
  ],
  "pokedex": [
    "cobblemon.species.clefairy.desc"
  ],
  "preEvolution": "cleffa",
  "evolutions": [
    {
      "id": "clefairy_clefable",
      "variant": "item_interact",
      "result": "clefable",
      "consumeHeldItem": false,
      "learnableMoves": [],
      "requirements": [],
      "requiredContext": "cobblemon:moon_stone"
    }
  ],
  "baseScale": 0.8,
  "hitbox": {
    "width": 0.6,
    "height": 0.8,
    "fixed": false
  },
  "baseFriendship": 140,
  "evYield": {
    "hp": 2,
    "attack": 0,
    "defence": 0,
    "special_attack": 0,
    "special_defence": 0,
    "speed": 0
  },
  "height": 6,
  "weight": 75,
  "aspects": [],
  "cannotDynamax": false
}