{
  "implemented": true,
  "name": "Dragonair",
  "nationalPokedexNumber": 148,
  "primaryType": "dragon",
  "abilities": [
    "shedskin",
    "h:marvelscale"
  ],
  "baseStats": {
    "hp": 61,
    "attack": 84,
    "defence": 65,
    "special_attack": 70,
    "special_defence": 70,
    "speed": 70
  },
  "catchRate": 45,
  "maleRatio": 0.5,
  "shoulderMountable": false,
  "baseExperienceYield": 147,
  "experienceGroup": "slow",
  "eggCycles": 40,
  "eggGroups": [
    "water_1",
    "dragon"
  ],
  "behaviour": {
    "moving": {
      "swim": {
        "canSwimInWater": true,
        "canBreatheUnderwater": true,
        "canWalkOnWater": true
      },
      "fly": {
        "canFly": true
      }
    }
  },
  "drops": {
    "amount": 5,
    "entries": [
      {
        "item": "minecraft:dragon_breath",
        "quantityRange": "0-2"
      },
      {
        "item": "cobblemon:dragon_fang",
        "percentage": 5.0
      },
      {
        "item": "cobblemon:dragon_scale",
        "percentage": 5.0
      },
      {
        "item": "cobblemon:yache_berry",
        "percentage": 5.0
      }
    ]
  },
  "moves": [
    "1:leer",
    "1:thunderwave",
    "1:twister",
    "1:wrap",
    "15:dragonrage",
    "15:dragontail",
    "20:agility",
    "25:slam",
    "33:aquatail",
    "39:dragonrush",
    "46:safeguard",
    "53:raindance",
    "60:dragondance",
    "67:outrage",
    "74:hyperbeam",
    "100:agility",
    "100:attract",
    "100:blizzard",
    "100:bodyslam",
    "100:breakingswipe",
    "100:brutalswing",
    "100:captivate",
    "100:chillingwater",
    "100:confide",
    "100:doubleteam",
    "100:dracometeor",
    "100:dragondance",
    "100:dragonpulse",
    "100:dragontail",
    "100:endure",
    "100:facade",
    "100:fireblast",
    "100:firespin",
    "100:flamethrower",
    "100:frustration",
    "100:gigaimpact",
    "100:hail",
    "100:helpinghand",
    "100:hiddenpower",
    "100:hydropump",
    "100:hyperbeam",
    "100:icebeam",
    "100:icywind",
    "100:incinerate",
    "100:ironhead",
    "100:irontail",
    "100:lightscreen",
    "100:naturalgift",
    "100:outrage",
    "100:protect",
    "100:raindance",
    "100:rest",
    "100:return",
    "100:round",
    "100:safeguard",
    "100:secretpower",
    "100:shockwave",
    "100:sleeptalk",
    "100:snore",
    "100:substitute",
    "100:sunnyday",
    "100:surf",
    "100:swagger",
    "100:swift",
    "100:takedown",
    "100:terablast",
    "100:thunder",
    "100:thunderbolt",
    "100:thunderwave",
    "100:toxic",
    "100:waterfall",
    "100:waterpulse",
    "100:whirlpool",
    "100:agility",
    "100:aquatail",
    "100:attract",
    "100:bide",
    "100:bind",
    "100:blizzard",
    "100:bodyslam",
    "100:bubblebeam",
    "100:curse",
    "100:detect",
    "100:doubleedge",
    "100:doubleteam",
    "100:dracometeor",
    "100:dragonbreath",
    "100:dragonpulse",
    "100:dragonrage",
    "100:dragontail",
    "100:endure",
    "100:facade",
    "100:fireblast",
    "100:flamethrower",
    "100:frustration",
    "100:headbutt",
    "100:hiddenpower",
    "100:horndrill",
    "100:hyperbeam",
    "100:icebeam",
    "100:icywind",
    "100:irontail",
    "100:leer",
    "100:lightscreen",
    "100:mimic",
    "100:outrage",
    "100:protect",
    "100:rage",
    "100:raindance",
    "100:reflect",
    "100:rest",
    "100:return",
    "100:safeguard",
    "100:scaleshot",
    "100:shockwave",
    "100:skullbash",
    "100:slam",
    "100:sleeptalk",
    "100:snore",
    "100:substitute",
    "100:surf",
    "100:swagger",
    "100:swift",
    "100:takedown",
    "100:thunder",
    "100:thunderbolt",
    "100:thunderwave",
    "100:toxic",
    "100:twister",
    "100:waterfall",
    "100:watergun",
    "100:waterpulse",
    "100:wrap",
    "100:zapcannon"
  ],
  "labels": [
    "gen1"
  ],
  "pokedex": [
    "cobblemon.species.dragonair.desc"
  ],
  "preEvolution": "dratini",
  "evolutions": [
    {
      "id": "dragonair_dragonite",
      "variant": "level_up",
      "result": "dragonite",
      "consumeHeldItem": false,
      "learnableMoves": [
        "hurricane"
      ],
      "requirements": [
        {
          "variant": "level",
          "minLevel": 55
        }
      ]
    }
  ],
  "baseScale": 0.9,
  "hitbox": {
    "width": 1.1,
    "height": 2,
    "fixed": false
  },
  "baseFriendship": 35,
  "evYield": {
    "hp": 0,
    "attack": 2,
    "defence": 0,
    "special_attack": 0,
    "special_defence": 0,
    "speed": 0
  },
  "height": 40,
  "weight": 165,
  "aspects": [],
  "cannotDynamax": false
}