{
  "implemented": true,
  "name": "Dratini",
  "nationalPokedexNumber": 147,
  "primaryType": "dragon",
  "abilities": [
    "shedskin",
    "h:marvelscale"
  ],
  "baseStats": {
    "hp": 41,
    "attack": 64,
    "defence": 45,
    "special_attack": 50,
    "special_defence": 50,
    "speed": 50
  },
  "catchRate": 45,
  "maleRatio": 0.5,
  "shoulderMountable": false,
  "baseExperienceYield": 60,
  "experienceGroup": "slow",
  "eggCycles": 40,
  "eggGroups": [
    "water_1",
    "dragon"
  ],
  "behaviour": {
    "moving": {
      "swim": {
        "canSwimInWater": true,
        "canBreatheUnderwater": true
      }
    }
  },
  "drops": {
    "amount": 4,
    "entries": [
      {
        "item": "minecraft:dragon_breath",
        "quantityRange": "0-1"
      },
      {
        "item": "cobblemon:dragon_fang",
        "percentage": 2.5
      },
      {
        "item": "cobblemon:dragon_scale",
        "percentage": 2.5
      },
      {
        "item": "cobblemon:yache_berry",
        "percentage": 2.5
      }
    ]
  },
  "moves": [
    "1:leer",
    "1:wrap",
    "5:twister",
    "10:thunderwave",
    "15:dragonrage",
    "15:dragontail",
    "20:agility",
    "25:slam",
    "31:aquatail",
    "35:dragonrush",
    "40:safeguard",
    "45:raindance",
    "50:dragondance",
    "55:outrage",
    "60:hyperbeam",
    "100:aquajet",
    "100:dragonbreath",
    "100:dragondance",
    "100:dragonpulse",
    "100:dragonrush",
    "100:extremespeed",
    "100:haze",
    "100:irontail",
    "100:lightscreen",
    "100:mist",
    "100:supersonic",
    "100:waterpulse",
    "100:agility",
    "100:attract",
    "100:blizzard",
    "100:bodyslam",
    "100:breakingswipe",
    "100:brutalswing",
    "100:captivate",
    "100:chillingwater",
    "100:confide",
    "100:doubleteam",
    "100:dracometeor",
    "100:dragondance",
    "100:dragonpulse",
    "100:dragontail",
    "100:endure",
    "100:facade",
    "100:fireblast",
    "100:firespin",
    "100:flamethrower",
    "100:frustration",
    "100:gigaimpact",
    "100:hail",
    "100:helpinghand",
    "100:hiddenpower",
    "100:hydropump",
    "100:hyperbeam",
    "100:icebeam",
    "100:icywind",
    "100:incinerate",
    "100:ironhead",
    "100:irontail",
    "100:lightscreen",
    "100:naturalgift",
    "100:outrage",
    "100:protect",
    "100:raindance",
    "100:rest",
    "100:return",
    "100:round",
    "100:safeguard",
    "100:secretpower",
    "100:shockwave",
    "100:sleeptalk",
    "100:snore",
    "100:substitute",
    "100:sunnyday",
    "100:surf",
    "100:swagger",
    "100:swift",
    "100:takedown",
    "100:terablast",
    "100:thunder",
    "100:thunderbolt",
    "100:thunderwave",
    "100:toxic",
    "100:waterfall",
    "100:waterpulse",
    "100:whirlpool",
    "100:agility",
    "100:aquatail",
    "100:attract",
    "100:bide",
    "100:bind",
    "100:blizzard",
    "100:bodyslam",
    "100:bubblebeam",
    "100:curse",
    "100:detect",
    "100:doubleedge",
    "100:doubleteam",
    "100:dracometeor",
    "100:dragonbreath",
    "100:dragonpulse",
    "100:dragonrage",
    "100:dragontail",
    "100:endure",
    "100:extremespeed",
    "100:facade",
    "100:fireblast",
    "100:flamethrower",
    "100:frustration",
    "100:haze",
    "100:headbutt",
    "100:hiddenpower",
    "100:hyperbeam",
    "100:icebeam",
    "100:icywind",
    "100:irontail",
    "100:leer",
    "100:lightscreen",
    "100:mimic",
    "100:mist",
    "100:outrage",
    "100:protect",
    "100:rage",
    "100:raindance",
    "100:reflect",
    "100:rest",
    "100:return",
    "100:safeguard",
    "100:scaleshot",
    "100:shockwave",
    "100:skullbash",
    "100:slam",
    "100:sleeptalk",
    "100:snore",
    "100:substitute",
    "100:supersonic",
    "100:surf",
    "100:swagger",
    "100:swift",
    "100:takedown",
    "100:thunder",
    "100:thunderbolt",
    "100:thunderwave",
    "100:toxic",
    "100:twister",
    "100:waterfall",
    "100:watergun",
    "100:waterpulse",
    "100:wrap",
    "100:zapcannon"
  ],
  "labels": [
    "gen1"
  ],
  "pokedex": [
    "cobblemon.species.dratini.desc"
  ],
  "evolutions": [
    {
      "id": "dratini_dragonair",
      "variant": "level_up",
      "result": "dragonair",
      "consumeHeldItem": false,
      "learnableMoves": [],
      "requirements": [
        {
          "variant": "level",
          "minLevel": 30
        }
      ]
    }
  ],
  "baseScale": 0.6,
  "hitbox": {
    "width": 1,
    "height": 1.5,
    "fixed": false
  },
  "baseFriendship": 35,
  "evYield": {
    "hp": 0,
    "attack": 1,
    "defence": 0,
    "special_attack": 0,
    "special_defence": 0,
    "speed": 0
  },
  "height": 18,
  "weight": 33,
  "aspects": [],
  "cannotDynamax": false
}