{
  "implemented": true,
  "name": "Drowzee",
  "nationalPokedexNumber": 96,
  "primaryType": "psychic",
  "abilities": [
    "insomnia",
    "forewarn",
    "h:innerfocus"
  ],
  "drops": {
    "amount": 1,
    "entries": [
      {
        "item": "cobblemon:chesto_berry",
        "percentage": 2.5
      }
    ]
  },
  "baseStats": {
    "hp": 60,
    "attack": 48,
    "defence": 45,
    "special_attack": 43,
    "special_defence": 90,
    "speed": 42
  },
  "catchRate": 190,
  "maleRatio": 0.5,
  "shoulderMountable": false,
  "baseExperienceYield": 66,
  "experienceGroup": "medium_fast",
  "eggCycles": 20,
  "eggGroups": [
    "human_like"
  ],
  "behaviour": {
    "moving": {
      "walk": {
        "walkSpeed": 0.22
      }
    },
    "resting": {
      "canSleep": true,
      "willSleepOnBed": true,
      "depth": "normal",
      "light": "0-4"
    }
  },
  "moves": [
    "1:hypnosis",
    "1:pound",
    "5:disable",
    "9:confusion",
    "13:headbutt",
    "17:poisongas",
    "21:meditate",
    "21:psybeam",
    "25:psychup",
    "29:wakeupslap",
    "29:zenheadbutt",
    "33:swagger",
    "37:psychic",
    "37:synchronoise",
    "41:nastyplot",
    "45:psyshock",
    "49:futuresight",
    "100:assist",
    "100:barrier",
    "100:firepunch",
    "100:flatter",
    "100:guardswap",
    "100:icepunch",
    "100:nastyplot",
    "100:powersplit",
    "100:psychicterrain",
    "100:psychocut",
    "100:roleplay",
    "100:secretpower",
    "100:skillswap",
    "100:thunderpunch",
    "100:attract",
    "100:bodyslam",
    "100:brickbreak",
    "100:calmmind",
    "100:captivate",
    "100:confide",
    "100:dazzlinggleam",
    "100:doubleteam",
    "100:drainingkiss",
    "100:drainpunch",
    "100:dreameater",
    "100:encore",
    "100:endure",
    "100:facade",
    "100:firepunch",
    "100:flash",
    "100:fling",
    "100:focusblast",
    "100:focuspunch",
    "100:foulplay",
    "100:frustration",
    "100:grassknot",
    "100:helpinghand",
    "100:hiddenpower",
    "100:icepunch",
    "100:imprison",
    "100:lightscreen",
    "100:lowkick",
    "100:lowsweep",
    "100:metronome",
    "100:nastyplot",
    "100:naturalgift",
    "100:nightshade",
    "100:poweruppunch",
    "100:protect",
    "100:psybeam",
    "100:psychic",
    "100:psychicterrain",
    "100:psychup",
    "100:psyshock",
    "100:raindance",
    "100:recycle",
    "100:reflect",
    "100:rest",
    "100:return",
    "100:round",
    "100:safeguard",
    "100:secretpower",
    "100:shadowball",
    "100:skillswap",
    "100:sleeptalk",
    "100:snatch",
    "100:storedpower",
    "100:substitute",
    "100:sunnyday",
    "100:swagger",
    "100:swift",
    "100:takedown",
    "100:taunt",
    "100:telekinesis",
    "100:terablast",
    "100:thief",
    "100:thunderpunch",
    "100:thunderwave",
    "100:torment",
    "100:toxic",
    "100:trailblaze",
    "100:trick",
    "100:trickroom",
    "100:zenheadbutt",
    "100:allyswitch",
    "100:attract",
    "100:barrier",
    "100:bellydrum",
    "100:bide",
    "100:bodyslam",
    "100:brickbreak",
    "100:calmmind",
    "100:confusion",
    "100:counter",
    "100:curse",
    "100:dazzlinggleam",
    "100:disable",
    "100:doubleedge",
    "100:doubleteam",
    "100:drainpunch",
    "100:dreameater",
    "100:dynamicpunch",
    "100:endure",
    "100:facade",
    "100:firepunch",
    "100:flash",
    "100:focuspunch",
    "100:foulplay",
    "100:frustration",
    "100:futuresight",
    "100:headbutt",
    "100:hiddenpower",
    "100:hypnosis",
    "100:icepunch",
    "100:lightscreen",
    "100:lowkick",
    "100:magiccoat",
    "100:magicroom",
    "100:meditate",
    "100:megakick",
    "100:megapunch",
    "100:metronome",
    "100:mimic",
    "100:nastyplot",
    "100:nightmare",
    "100:poisongas",
    "100:pound",
    "100:protect",
    "100:psybeam",
    "100:psychic",
    "100:psychocut",
    "100:psychup",
    "100:psywave",
    "100:rage",
    "100:raindance",
    "100:recycle",
    "100:reflect",
    "100:rest",
    "100:return",
    "100:roleplay",
    "100:seismictoss",
    "100:shadowball",
    "100:signalbeam",
    "100:skillswap",
    "100:skullbash",
    "100:sleeptalk",
    "100:snatch",
    "100:snore",
    "100:submission",
    "100:substitute",
    "100:sunnyday",
    "100:swagger",
    "100:takedown",
    "100:taunt",
    "100:telekinesis",
    "100:teleport",
    "100:thunderpunch",
    "100:thunderwave",
    "100:toxic",
    "100:triattack",
    "100:trick",
    "100:wish",
    "100:zapcannon",
    "100:zenheadbutt"
  ],
  "labels": [
    "gen1"
  ],
  "pokedex": [
    "cobblemon.species.drowzee.desc"
  ],
  "evolutions": [
    {
      "id": "drowzee_hypno",
      "variant": "level_up",
      "result": "hypno",
      "consumeHeldItem": false,
      "learnableMoves": [],
      "requirements": [
        {
          "variant": "level",
          "minLevel": 26
        }
      ]
    }
  ],
  "baseScale": 0.85,
  "hitbox": {
    "width": 0.7,
    "height": 1.1,
    "fixed": false
  },
  "baseFriendship": 70,
  "evYield": {
    "hp": 0,
    "attack": 0,
    "defence": 0,
    "special_attack": 0,
    "special_defence": 1,
    "speed": 0
  },
  "height": 10,
  "weight": 324,
  "aspects": [],
  "cannotDynamax": false
}