{
  "implemented": true,
  "name": "Dugtrio",
  "nationalPokedexNumber": 51,
  "primaryType": "ground",
  "abilities": [
    "sandveil",
    "arenatrap",
    "h:sandforce"
  ],
  "baseStats": {
    "hp": 35,
    "attack": 100,
    "defence": 50,
    "special_attack": 50,
    "special_defence": 70,
    "speed": 120
  },
  "behaviour": {
    "resting": {
      "canSleep": true,
      "willSleepOnBed": false,
      "depth": "normal",
      "light": "0-4"
    },
    "moving": {
      "swim": {
        "canSwimInWater": false
      }
    }
  },
  "catchRate": 50,
  "maleRatio": 0.5,
  "shoulderMountable": false,
  "forms": [
    {
      "name": "Alola",
      "primaryType": "ground",
      "secondaryType": "steel",
      "abilities": [
        "sandveil",
        "tanglinghair",
        "h:sandforce"
      ],
      "baseStats": {
        "hp": 35,
        "attack": 100,
        "defence": 60,
        "special_attack": 50,
        "special_defence": 70,
        "speed": 110
      },
      "catchRate": 50,
      "maleRatio": 0.5,
      "baseExperienceYield": 149,
      "baseFriendship": 50,
      "evYield": {
        "hp": 0,
        "attack": 2,
        "defence": 0,
        "special_attack": 0,
        "special_defence": 0,
        "speed": 0
      },
      "experienceGroup": "medium_fast",
      "eggCycles": 20,
      "eggGroups": [
        "field"
      ],
      "moves": [
        "1:astonish",
        "1:growl",
        "1:metalclaw",
        "1:nightslash",
        "1:rototiller",
        "1:sandattack",
        "1:sandtomb",
        "1:triattack",
        "12:mudslap",
        "14:magnitude",
        "16:bulldoze",
        "20:suckerpunch",
        "24:ironhead",
        "25:mudbomb",
        "30:sandstorm",
        "36:dig",
        "42:earthpower",
        "48:earthquake",
        "54:fissure",
        "100:aerialace",
        "100:agility",
        "100:allyswitch",
        "100:assurance",
        "100:attract",
        "100:beatup",
        "100:bodyslam",
        "100:bulldoze",
        "100:charm",
        "100:confide",
        "100:dig",
        "100:doubleteam",
        "100:earthpower",
        "100:earthquake",
        "100:echoedvoice",
        "100:endure",
        "100:facade",
        "100:flashcannon",
        "100:foulplay",
        "100:frustration",
        "100:gigaimpact",
        "100:helpinghand",
        "100:hiddenpower",
        "100:highhorsepower",
        "100:hyperbeam",
        "100:irondefense",
        "100:ironhead",
        "100:metalclaw",
        "100:mudshot",
        "100:mudslap",
        "100:protect",
        "100:rest",
        "100:return",
        "100:reversal",
        "100:rockblast",
        "100:rockslide",
        "100:rocktomb",
        "100:round",
        "100:sandstorm",
        "100:sandtomb",
        "100:screech",
        "100:shadowclaw",
        "100:sleeptalk",
        "100:sludgebomb",
        "100:sludgewave",
        "100:snore",
        "100:stealthrock",
        "100:steelbeam",
        "100:stompingtantrum",
        "100:stoneedge",
        "100:substitute",
        "100:sunnyday",
        "100:swagger",
        "100:swordsdance",
        "100:takedown",
        "100:terablast",
        "100:thief",
        "100:toxic",
        "100:triattack",
        "100:uproar",
        "100:workup",
        "100:agility",
        "100:dig",
        "100:earthpower",
        "100:earthquake",
        "100:facade",
        "100:fissure",
        "100:flashcannon",
        "100:furyswipes",
        "100:growl",
        "100:headbutt",
        "100:hyperbeam",
        "100:irondefense",
        "100:ironhead",
        "100:protect",
        "100:rest",
        "100:rockslide",
        "100:sandattack",
        "100:scorchingsands",
        "100:scratch",
        "100:screech",
        "100:slash",
        "100:sludgebomb",
        "100:snore",
        "100:stealthrock",
        "100:steelbeam",
        "100:stompingtantrum",
        "100:substitute",
        "100:suckerpunch",
        "100:toxic",
        "100:triattack"
      ],
      "labels": [
        "gen7",
        "alola_regional"
      ],
      "aspects": [
        "alolan"
      ],
      "height": 7,
      "weight": 666,
      "preEvolution": "diglett form=alola",
      "evolutions": [],
      "cannotDynamax": false,
      "battleOnly": false
    }
  ],
  "baseExperienceYield": 149,
  "experienceGroup": "medium_fast",
  "eggCycles": 20,
  "eggGroups": [
    "field"
  ],
  "drops": {
    "amount": 3,
    "entries": [
      {
        "item": "minecraft:potato",
        "percentage": 5.0
      },
      {
        "item": "cobblemon:big_root",
        "percentage": 5.0
      },
      {
        "item": "cobblemon:soft_sand",
        "percentage": 5.0
      }
    ]
  },
  "moves": [
    "1:astonish",
    "1:growl",
    "1:nightslash",
    "1:rototiller",
    "1:sandattack",
    "1:sandtomb",
    "1:scratch",
    "1:triattack",
    "12:mudslap",
    "14:magnitude",
    "16:bulldoze",
    "20:suckerpunch",
    "21:furyswipes",
    "24:slash",
    "25:mudbomb",
    "30:sandstorm",
    "36:dig",
    "42:earthpower",
    "48:earthquake",
    "54:fissure",
    "100:aerialace",
    "100:agility",
    "100:allyswitch",
    "100:assurance",
    "100:attract",
    "100:beatup",
    "100:bodyslam",
    "100:bulldoze",
    "100:captivate",
    "100:charm",
    "100:confide",
    "100:cut",
    "100:dig",
    "100:doubleteam",
    "100:earthpower",
    "100:earthquake",
    "100:echoedvoice",
    "100:endure",
    "100:facade",
    "100:foulplay",
    "100:frustration",
    "100:gigaimpact",
    "100:hiddenpower",
    "100:highhorsepower",
    "100:honeclaws",
    "100:hyperbeam",
    "100:mudshot",
    "100:mudslap",
    "100:naturalgift",
    "100:protect",
    "100:rest",
    "100:return",
    "100:reversal",
    "100:rockblast",
    "100:rockslide",
    "100:rocksmash",
    "100:rocktomb",
    "100:round",
    "100:sandstorm",
    "100:sandtomb",
    "100:scaryface",
    "100:screech",
    "100:secretpower",
    "100:shadowclaw",
    "100:sleeptalk",
    "100:sludgebomb",
    "100:sludgewave",
    "100:snore",
    "100:stealthrock",
    "100:stompingtantrum",
    "100:stoneedge",
    "100:substitute",
    "100:sunnyday",
    "100:swagger",
    "100:swordsdance",
    "100:takedown",
    "100:terablast",
    "100:thief",
    "100:toxic",
    "100:triattack",
    "100:uproar",
    "100:workup",
    "100:agility",
    "100:attract",
    "100:bide",
    "100:bodyslam",
    "100:charm",
    "100:curse",
    "100:cut",
    "100:dig",
    "100:doubleedge",
    "100:doubleteam",
    "100:earthpower",
    "100:earthquake",
    "100:endure",
    "100:facade",
    "100:fissure",
    "100:frustration",
    "100:furyswipes",
    "100:growl",
    "100:headbutt",
    "100:hiddenpower",
    "100:hyperbeam",
    "100:magnitude",
    "100:mimic",
    "100:mudslap",
    "100:protect",
    "100:rage",
    "100:rest",
    "100:return",
    "100:rockslide",
    "100:rocksmash",
    "100:sandattack",
    "100:sandstorm",
    "100:scorchingsands",
    "100:scratch",
    "100:screech",
    "100:slash",
    "100:sleeptalk",
    "100:sludgebomb",
    "100:snore",
    "100:stealthrock",
    "100:stompingtantrum",
    "100:substitute",
    "100:suckerpunch",
    "100:sunnyday",
    "100:swagger",
    "100:takedown",
    "100:thief",
    "100:toxic",
    "100:triattack",
    "100:uproar"
  ],
  "labels": [
    "gen1",
    "kanto_regional"
  ],
  "pokedex": [
    "cobblemon.species.dugtrio.desc"
  ],
  "preEvolution": "diglett",
  "evolutions": [],
  "baseScale": 0.8,
  "hitbox": {
    "width": 0.9,
    "height": 0.8,
    "fixed": false
  },
  "baseFriendship": 50,
  "evYield": {
    "hp": 0,
    "attack": 0,
    "defence": 0,
    "special_attack": 0,
    "special_defence": 0,
    "speed": 2
  },
  "height": 7,
  "weight": 333,
  "aspects": [],
  "cannotDynamax": false
}