{
  "implemented": true,
  "name": "Gengar",
  "nationalPokedexNumber": 94,
  "primaryType": "ghost",
  "secondaryType": "poison",
  "abilities": [
    "cursedbody"
  ],
  "drops": {
    "amount": 3,
    "entries": [
      {
        "item": "cobblemon:spell_tag",
        "percentage": 10.0
      },
      {
        "item": "cobblemon:payapa_berry",
        "percentage": 10.0
      },
      {
        "item": "minecraft:ghast_tear",
        "percentage": 10.0
      }
    ]
  },
  "baseStats": {
    "hp": 60,
    "attack": 65,
    "defence": 60,
    "special_attack": 130,
    "special_defence": 75,
    "speed": 110
  },
  "catchRate": 45,
  "maleRatio": 0.5,
  "shoulderMountable": false,
  "forms": [
    {
      "name": "Mega",
      "primaryType": "ghost",
      "secondaryType": "poison",
      "abilities": [
        "shadowtag"
      ],
      "baseStats": {
        "hp": 60,
        "attack": 65,
        "defence": 80,
        "special_attack": 170,
        "special_defence": 95,
        "speed": 130
      },
      "catchRate": 45,
      "maleRatio": 0.5,
      "baseExperienceYield": 250,
      "baseFriendship": 50,
      "evYield": {
        "hp": 0,
        "attack": 0,
        "defence": 0,
        "special_attack": 3,
        "special_defence": 0,
        "speed": 0
      },
      "experienceGroup": "medium_slow",
      "eggCycles": 20,
      "eggGroups": [
        "amorphous"
      ],
      "labels": [
        "gen6",
        "mega"
      ],
      "aspects": [
        "mega"
      ],
      "height": 14,
      "weight": 405,
      "evolutions": [],
      "cannotDynamax": false,
      "battleOnly": true
    },
    {
      "name": "Gmax",
      "primaryType": "ghost",
      "secondaryType": "poison",
      "abilities": [
        "cursedbody"
      ],
      "baseStats": {
        "hp": 60,
        "attack": 65,
        "defence": 60,
        "special_attack": 130,
        "special_defence": 75,
        "speed": 110
      },
      "catchRate": 45,
      "maleRatio": 0.5,
      "baseExperienceYield": 250,
      "baseFriendship": 50,
      "evYield": {
        "hp": 0,
        "attack": 0,
        "defence": 0,
        "special_attack": 3,
        "special_defence": 0,
        "speed": 0
      },
      "experienceGroup": "medium_slow",
      "eggCycles": 20,
      "eggGroups": [
        "amorphous"
      ],
      "labels": [
        "gen8",
        "gmax"
      ],
      "aspects": [
        "gmax"
      ],
      "height": 200,
      "weight": 0,
      "evolutions": [],
      "cannotDynamax": false,
      "battleOnly": false
    }
  ],
  "baseExperienceYield": 250,
  "experienceGroup": "medium_slow",
  "eggCycles": 20,
  "eggGroups": [
    "amorphous"
  ],
  "behaviour": {
    "moving": {
      "fly": {
        "canFly": true
      }
    }
  },
  "moves": [
    "1:confuseray",
    "1:hypnosis",
    "1:lick",
    "1:meanlook",
    "1:perishsong",
    "1:reflecttype",
    "1:shadowpunch",
    "12:payback",
    "16:spite",
    "20:curse",
    "24:hex",
    "30:nightshade",
    "36:suckerpunch",
    "42:darkpulse",
    "48:shadowball",
    "54:destinybond",
    "60:dreameater",
    "61:nightmare",
    "100:acidspray",
    "100:allyswitch",
    "100:attract",
    "100:bodyslam",
    "100:brickbreak",
    "100:captivate",
    "100:confide",
    "100:confuseray",
    "100:darkpulse",
    "100:dazzlinggleam",
    "100:doubleteam",
    "100:drainpunch",
    "100:dreameater",
    "100:embargo",
    "100:encore",
    "100:endure",
    "100:energyball",
    "100:explosion",
    "100:facade",
    "100:firepunch",
    "100:fling",
    "100:focusblast",
    "100:focuspunch",
    "100:foulplay",
    "100:frustration",
    "100:gigadrain",
    "100:gigaimpact",
    "100:gunkshot",
    "100:hex",
    "100:hiddenpower",
    "100:hyperbeam",
    "100:icepunch",
    "100:icywind",
    "100:imprison",
    "100:infestation",
    "100:megakick",
    "100:megapunch",
    "100:metronome",
    "100:nastyplot",
    "100:naturalgift",
    "100:nightshade",
    "100:payback",
    "100:phantomforce",
    "100:poisonjab",
    "100:poweruppunch",
    "100:protect",
    "100:psychic",
    "100:psychup",
    "100:raindance",
    "100:rest",
    "100:return",
    "100:rocksmash",
    "100:round",
    "100:scaryface",
    "100:secretpower",
    "100:selfdestruct",
    "100:shadowball",
    "100:shadowclaw",
    "100:skillswap",
    "100:sleeptalk",
    "100:sludgebomb",
    "100:sludgewave",
    "100:snatch",
    "100:snore",
    "100:strength",
    "100:substitute",
    "100:sunnyday",
    "100:swagger",
    "100:taunt",
    "100:telekinesis",
    "100:terablast",
    "100:thief",
    "100:thunder",
    "100:thunderbolt",
    "100:thunderpunch",
    "100:thunderwave",
    "100:torment",
    "100:toxic",
    "100:toxicspikes",
    "100:trick",
    "100:trickroom",
    "100:uproar",
    "100:venoshock",
    "100:willowisp",
    "100:wonderroom",
    "100:allyswitch",
    "100:astonish",
    "100:attract",
    "100:bide",
    "100:bodyslam",
    "100:brickbreak",
    "100:confuseray",
    "100:corrosivegas",
    "100:counter",
    "100:curse",
    "100:darkpulse",
    "100:dazzlinggleam",
    "100:destinybond",
    "100:disable",
    "100:doubleedge",
    "100:doubleteam",
    "100:drainpunch",
    "100:dreameater",
    "100:dynamicpunch",
    "100:endure",
    "100:explosion",
    "100:facade",
    "100:firepunch",
    "100:focuspunch",
    "100:foulplay",
    "100:frustration",
    "100:gigadrain",
    "100:haze",
    "100:headbutt",
    "100:hiddenpower",
    "100:hyperbeam",
    "100:hypnosis",
    "100:icepunch",
    "100:icywind",
    "100:knockoff",
    "100:laserfocus",
    "100:lick",
    "100:meanlook",
    "100:megadrain",
    "100:megakick",
    "100:megapunch",
    "100:metronome",
    "100:mimic",
    "100:nightmare",
    "100:nightshade",
    "100:ominouswind",
    "100:painsplit",
    "100:poisongas",
    "100:poisonjab",
    "100:poltergeist",
    "100:protect",
    "100:psychic",
    "100:psychup",
    "100:psywave",
    "100:rage",
    "100:raindance",
    "100:rest",
    "100:return",
    "100:rocksmash",
    "100:roleplay",
    "100:seismictoss",
    "100:selfdestruct",
    "100:shadowball",
    "100:shadowpunch",
    "100:skillswap",
    "100:skittersmack",
    "100:skullbash",
    "100:sleeptalk",
    "100:sludgebomb",
    "100:sludgewave",
    "100:smog",
    "100:snatch",
    "100:snore",
    "100:spite",
    "100:strength",
    "100:submission",
    "100:substitute",
    "100:suckerpunch",
    "100:sunnyday",
    "100:swagger",
    "100:takedown",
    "100:taunt",
    "100:telekinesis",
    "100:thief",
    "100:thunder",
    "100:thunderbolt",
    "100:thunderpunch",
    "100:toxic",
    "100:trick",
    "100:uproar",
    "100:willowisp",
    "100:wonderroom",
    "100:zapcannon"
  ],
  "labels": [
    "gen1"
  ],
  "pokedex": [
    "cobblemon.species.gengar.desc"
  ],
  "preEvolution": "haunter",
  "evolutions": [],
  "baseScale": 0.95,
  "hitbox": {
    "width": 1.3,
    "height": 1.6,
    "fixed": false
  },
  "baseFriendship": 50,
  "evYield": {
    "hp": 0,
    "attack": 0,
    "defence": 0,
    "special_attack": 3,
    "special_defence": 0,
    "speed": 0
  },
  "height": 15,
  "weight": 405,
  "aspects": [],
  "cannotDynamax": false
}