{
  "implemented": true,
  "name": "Golbat",
  "nationalPokedexNumber": 42,
  "primaryType": "poison",
  "secondaryType": "flying",
  "abilities": [
    "innerfocus",
    "h:infiltrator"
  ],
  "drops": {
    "amount": 2,
    "entries": [
      {
        "item": "cobblemon:razor_fang",
        "percentage": 5.0
      },
      {
        "item": "cobblemon:persim_berry",
        "percentage": 5.0
      }
    ]
  },
  "baseStats": {
    "hp": 75,
    "attack": 80,
    "defence": 70,
    "special_attack": 65,
    "special_defence": 75,
    "speed": 90
  },
  "catchRate": 90,
  "maleRatio": 0.5,
  "shoulderMountable": false,
  "baseExperienceYield": 159,
  "experienceGroup": "medium_fast",
  "eggCycles": 15,
  "eggGroups": [
    "flying"
  ],
  "behaviour": {
    "moving": {
      "swim": {
        "canWalkOnWater": true
      },
      "fly": {
        "canFly": true
      }
    },
    "resting": {
      "canSleep": true,
      "willSleepOnBed": false,
      "depth": "normal",
      "light": "0-4"
    }
  },
  "moves": [
    "1:absorb",
    "1:astonish",
    "1:meanlook",
    "1:screech",
    "1:supersonic",
    "13:wingattack",
    "15:poisonfang",
    "20:quickguard",
    "24:swift",
    "27:aircutter",
    "33:acrobatics",
    "34:bite",
    "41:haze",
    "48:venoshock",
    "55:confuseray",
    "62:airslash",
    "69:leechlife",
    "100:acrobatics",
    "100:aerialace",
    "100:agility",
    "100:airslash",
    "100:assurance",
    "100:attract",
    "100:bravebird",
    "100:captivate",
    "100:confide",
    "100:crunch",
    "100:defog",
    "100:doubleteam",
    "100:endure",
    "100:facade",
    "100:fly",
    "100:frustration",
    "100:gigadrain",
    "100:gigaimpact",
    "100:heatwave",
    "100:hiddenpower",
    "100:hyperbeam",
    "100:leechlife",
    "100:nastyplot",
    "100:naturalgift",
    "100:payback",
    "100:pluck",
    "100:protect",
    "100:raindance",
    "100:rest",
    "100:return",
    "100:roost",
    "100:round",
    "100:screech",
    "100:secretpower",
    "100:shadowball",
    "100:sleeptalk",
    "100:sludgebomb",
    "100:snatch",
    "100:snore",
    "100:steelwing",
    "100:substitute",
    "100:sunnyday",
    "100:swagger",
    "100:swift",
    "100:taunt",
    "100:thief",
    "100:torment",
    "100:toxic",
    "100:uproar",
    "100:uturn",
    "100:venomdrench",
    "100:venoshock",
    "100:zenheadbutt",
    "100:absorb",
    "100:aircutter",
    "100:airslash",
    "100:attract",
    "100:bide",
    "100:bite",
    "100:confuseray",
    "100:crunch",
    "100:curse",
    "100:defog",
    "100:detect",
    "100:doubleedge",
    "100:doubleteam",
    "100:dualwingbeat",
    "100:endure",
    "100:facade",
    "100:fly",
    "100:frustration",
    "100:gigadrain",
    "100:haze",
    "100:headbutt",
    "100:heatwave",
    "100:hiddenpower",
    "100:hyperbeam",
    "100:leechlife",
    "100:meanlook",
    "100:megadrain",
    "100:mimic",
    "100:ominouswind",
    "100:protect",
    "100:quickattack",
    "100:rage",
    "100:razorwind",
    "100:rest",
    "100:return",
    "100:roost",
    "100:screech",
    "100:shadowball",
    "100:sleeptalk",
    "100:sludgebomb",
    "100:snatch",
    "100:snore",
    "100:steelwing",
    "100:substitute",
    "100:sunnyday",
    "100:superfang",
    "100:supersonic",
    "100:swagger",
    "100:swift",
    "100:tailwind",
    "100:takedown",
    "100:taunt",
    "100:thief",
    "100:toxic",
    "100:twister",
    "100:uproar",
    "100:uturn",
    "100:whirlwind",
    "100:wingattack",
    "100:zenheadbutt"
  ],
  "labels": [
    "gen1"
  ],
  "pokedex": [
    "cobblemon.species.golbat.desc"
  ],
  "preEvolution": "zubat",
  "evolutions": [
    {
      "id": "golbat_crobat",
      "variant": "level_up",
      "result": "crobat",
      "consumeHeldItem": false,
      "learnableMoves": [],
      "requirements": [
        {
          "variant": "friendship",
          "amount": 160
        }
      ]
    }
  ],
  "baseScale": 1.2,
  "hitbox": {
    "width": 1,
    "height": 0.9,
    "fixed": false
  },
  "baseFriendship": 50,
  "evYield": {
    "hp": 0,
    "attack": 0,
    "defence": 0,
    "special_attack": 0,
    "special_defence": 0,
    "speed": 2
  },
  "height": 16,
  "weight": 550,
  "aspects": [],
  "cannotDynamax": false
}