{
  "implemented": true,
  "name": "Graveler",
  "nationalPokedexNumber": 75,
  "primaryType": "rock",
  "secondaryType": "ground",
  "abilities": [
    "rockhead",
    "sturdy",
    "h:sandveil"
  ],
  "baseStats": {
    "hp": 55,
    "attack": 95,
    "defence": 115,
    "special_attack": 45,
    "special_defence": 45,
    "speed": 35
  },
  "catchRate": 120,
  "maleRatio": 0.5,
  "shoulderMountable": false,
  "forms": [
    {
      "name": "Alola",
      "primaryType": "rock",
      "secondaryType": "electric",
      "abilities": [
        "magnetpull",
        "sturdy",
        "h:galvanize"
      ],
      "baseStats": {
        "hp": 55,
        "attack": 95,
        "defence": 115,
        "special_attack": 45,
        "special_defence": 45,
        "speed": 35
      },
      "catchRate": 120,
      "maleRatio": 0.5,
      "baseExperienceYield": 137,
      "baseFriendship": 70,
      "evYield": {
        "hp": 0,
        "attack": 0,
        "defence": 2,
        "special_attack": 0,
        "special_defence": 0,
        "speed": 0
      },
      "experienceGroup": "medium_slow",
      "eggCycles": 15,
      "eggGroups": [
        "mineral"
      ],
      "moves": [
        "1:charge",
        "1:defensecurl",
        "1:rockpolish",
        "1:tackle",
        "10:rollout",
        "12:spark",
        "16:rockthrow",
        "18:smackdown",
        "22:thunderpunch",
        "24:selfdestruct",
        "30:stealthrock",
        "34:rockblast",
        "40:discharge",
        "44:explosion",
        "50:doubleedge",
        "54:stoneedge",
        "100:attract",
        "100:brickbreak",
        "100:brutalswing",
        "100:bulldoze",
        "100:chargebeam",
        "100:confide",
        "100:doubleteam",
        "100:earthquake",
        "100:explosion",
        "100:facade",
        "100:fireblast",
        "100:flamethrower",
        "100:fling",
        "100:frustration",
        "100:gyroball",
        "100:hiddenpower",
        "100:naturepower",
        "100:protect",
        "100:rest",
        "100:return",
        "100:rockpolish",
        "100:rockslide",
        "100:rocktomb",
        "100:round",
        "100:sandstorm",
        "100:sleeptalk",
        "100:smackdown",
        "100:stoneedge",
        "100:substitute",
        "100:sunnyday",
        "100:swagger",
        "100:thunder",
        "100:thunderbolt",
        "100:toxic",
        "100:voltswitch",
        "100:allyswitch",
        "100:bide",
        "100:block",
        "100:brickbreak",
        "100:defensecurl",
        "100:dig",
        "100:doubleedge",
        "100:earthpower",
        "100:earthquake",
        "100:electroweb",
        "100:explosion",
        "100:facade",
        "100:fireblast",
        "100:firepunch",
        "100:flamethrower",
        "100:focuspunch",
        "100:headbutt",
        "100:irondefense",
        "100:magnetrise",
        "100:protect",
        "100:rest",
        "100:rockslide",
        "100:rockthrow",
        "100:seismictoss",
        "100:selfdestruct",
        "100:shockwave",
        "100:snore",
        "100:stealthrock",
        "100:stompingtantrum",
        "100:substitute",
        "100:superpower",
        "100:tackle",
        "100:takedown",
        "100:thunder",
        "100:thunderbolt",
        "100:thunderpunch",
        "100:thundershock",
        "100:thunderwave",
        "100:toxic"
      ],
      "labels": [
        "gen7",
        "alola_regional"
      ],
      "aspects": [
        "alolan"
      ],
      "height": 10,
      "weight": 1100,
      "preEvolution": "geodude form=alola",
      "evolutions": [
        {
          "id": "graveler_golem",
          "variant": "trade",
          "result": "golem form=alola",
          "consumeHeldItem": false,
          "learnableMoves": [],
          "requirements": []
        }
      ],
      "cannotDynamax": false,
      "battleOnly": false
    }
  ],
  "baseExperienceYield": 137,
  "experienceGroup": "medium_slow",
  "eggCycles": 15,
  "eggGroups": [
    "mineral"
  ],
  "drops": {
    "amount": 5,
    "entries": [
      {
        "item": "minecraft:flint",
        "quantityRange": "0-2"
      },
      {
        "item": "cobblemon:everstone",
        "percentage": 5.0
      },
      {
        "item": "cobblemon:black_augurite",
        "percentage": 5.0
      },
      {
        "item": "cobblemon:rindo_berry",
        "percentage": 5.0
      }
    ]
  },
  "moves": [
    "1:defensecurl",
    "1:mudsport",
    "1:rockpolish",
    "1:tackle",
    "10:rollout",
    "12:magnitude",
    "16:rockthrow",
    "18:smackdown",
    "22:bulldoze",
    "24:selfdestruct",
    "30:stealthrock",
    "34:rockblast",
    "40:earthquake",
    "44:explosion",
    "50:doubleedge",
    "54:stoneedge",
    "100:attract",
    "100:brickbreak",
    "100:bulldoze",
    "100:captivate",
    "100:confide",
    "100:dig",
    "100:doubleteam",
    "100:earthquake",
    "100:endure",
    "100:explosion",
    "100:facade",
    "100:fireblast",
    "100:flamethrower",
    "100:fling",
    "100:focuspunch",
    "100:frustration",
    "100:gyroball",
    "100:hiddenpower",
    "100:incinerate",
    "100:naturalgift",
    "100:naturepower",
    "100:poweruppunch",
    "100:protect",
    "100:rest",
    "100:return",
    "100:rockclimb",
    "100:rockpolish",
    "100:rockslide",
    "100:rocksmash",
    "100:rocktomb",
    "100:round",
    "100:sandstorm",
    "100:secretpower",
    "100:sleeptalk",
    "100:smackdown",
    "100:stealthrock",
    "100:stoneedge",
    "100:strength",
    "100:substitute",
    "100:sunnyday",
    "100:swagger",
    "100:toxic",
    "100:ancientpower",
    "100:attract",
    "100:bide",
    "100:block",
    "100:bodyslam",
    "100:brickbreak",
    "100:counter",
    "100:curse",
    "100:defensecurl",
    "100:dig",
    "100:doubleedge",
    "100:doubleteam",
    "100:dynamicpunch",
    "100:earthpower",
    "100:earthquake",
    "100:endure",
    "100:explosion",
    "100:facade",
    "100:fireblast",
    "100:firepunch",
    "100:fissure",
    "100:flamethrower",
    "100:focuspunch",
    "100:frustration",
    "100:harden",
    "100:headbutt",
    "100:hiddenpower",
    "100:irondefense",
    "100:magnitude",
    "100:megapunch",
    "100:metronome",
    "100:mimic",
    "100:mudslap",
    "100:protect",
    "100:rage",
    "100:rest",
    "100:return",
    "100:rockslide",
    "100:rocksmash",
    "100:rockthrow",
    "100:rollout",
    "100:sandattack",
    "100:sandstorm",
    "100:seismictoss",
    "100:selfdestruct",
    "100:sleeptalk",
    "100:snore",
    "100:stealthrock",
    "100:stompingtantrum",
    "100:strength",
    "100:submission",
    "100:substitute",
    "100:suckerpunch",
    "100:sunnyday",
    "100:superpower",
    "100:swagger",
    "100:tackle",
    "100:takedown",
    "100:thunderpunch",
    "100:toxic"
  ],
  "labels": [
    "gen1",
    "kanto_regional"
  ],
  "pokedex": [
    "cobblemon.species.graveler.desc"
  ],
  "preEvolution": "geodude",
  "evolutions": [
    {
      "id": "graveler_golem",
      "variant": "trade",
      "result": "golem",
      "consumeHeldItem": false,
      "learnableMoves": [],
      "requirements": []
    }
  ],
  "baseScale": 1.1,
  "hitbox": {
    "width": 0.9,
    "height": 1,
    "fixed": false
  },
  "baseFriendship": 70,
  "evYield": {
    "hp": 0,
    "attack": 0,
    "defence": 2,
    "special_attack": 0,
    "special_defence": 0,
    "speed": 0
  },
  "height": 10,
  "weight": 1050,
  "aspects": [],
  "cannotDynamax": false
}