{
  "implemented": true,
  "name": "Growlithe",
  "nationalPokedexNumber": 58,
  "primaryType": "fire",
  "abilities": [
    "intimidate",
    "flashfire",
    "h:justified"
  ],
  "baseStats": {
    "hp": 55,
    "attack": 70,
    "defence": 45,
    "special_attack": 70,
    "special_defence": 50,
    "speed": 60
  },
  "catchRate": 190,
  "maleRatio": 0.75,
  "shoulderMountable": false,
  "forms": [
    {
      "name": "Hisui",
      "primaryType": "fire",
      "secondaryType": "rock",
      "abilities": [
        "intimidate",
        "flashfire",
        "h:rockhead"
      ],
      "baseStats": {
        "hp": 60,
        "attack": 75,
        "defence": 45,
        "special_attack": 65,
        "special_defence": 50,
        "speed": 55
      },
      "catchRate": 190,
      "maleRatio": 0.75,
      "baseExperienceYield": 70,
      "baseFriendship": 50,
      "evYield": {
        "hp": 0,
        "attack": 1,
        "defence": 0,
        "special_attack": 0,
        "special_defence": 0,
        "speed": 0
      },
      "experienceGroup": "slow",
      "eggCycles": 20,
      "eggGroups": [
        "field"
      ],
      "moves": [
        "1:ember",
        "1:leer",
        "4:howl",
        "8:bite",
        "12:flamewheel",
        "16:helpinghand",
        "24:firefang",
        "28:retaliate",
        "32:crunch",
        "36:takedown",
        "40:flamethrower",
        "44:roar",
        "48:rockslide",
        "52:reversal",
        "56:flareblitz",
        "100:covet",
        "100:doubleedge",
        "100:doublekick",
        "100:headsmash",
        "100:morningsun",
        "100:thrash",
        "100:agility",
        "100:bodyslam",
        "100:closecombat",
        "100:crunch",
        "100:dig",
        "100:endure",
        "100:facade",
        "100:fireblast",
        "100:firefang",
        "100:firespin",
        "100:flamecharge",
        "100:flamethrower",
        "100:flareblitz",
        "100:heatwave",
        "100:helpinghand",
        "100:outrage",
        "100:overheat",
        "100:powergem",
        "100:protect",
        "100:psychicfangs",
        "100:rest",
        "100:reversal",
        "100:rockblast",
        "100:rockslide",
        "100:rocktomb",
        "100:sandstorm",
        "100:scaryface",
        "100:sleeptalk",
        "100:smartstrike",
        "100:stealthrock",
        "100:stoneedge",
        "100:substitute",
        "100:sunnyday",
        "100:takedown",
        "100:terablast",
        "100:thunderfang",
        "100:willowisp"
      ],
      "labels": [
        "gen8",
        "hisui_regional"
      ],
      "aspects": [
        "hisuian"
      ],
      "height": 8,
      "weight": 227,
      "evolutions": [
        {
          "id": "growlithe_arcanine",
          "variant": "item_interact",
          "result": "arcanine form=hisui",
          "consumeHeldItem": false,
          "learnableMoves": [
            "extremespeed"
          ],
          "requirements": [],
          "requiredContext": "cobblemon:fire_stone"
        }
      ],
      "cannotDynamax": false,
      "battleOnly": false
    }
  ],
  "baseExperienceYield": 70,
  "experienceGroup": "slow",
  "eggCycles": 20,
  "eggGroups": [
    "field"
  ],
  "drops": {
    "amount": 2,
    "entries": [
      {
        "item": "minecraft:bone",
        "quantityRange": "0-1"
      },
      {
        "item": "cobblemon:rawst_berry",
        "percentage": 2.5
      }
    ]
  },
  "moves": [
    "1:ember",
    "1:leer",
    "4:howl",
    "8:bite",
    "10:odorsleuth",
    "12:flamewheel",
    "16:helpinghand",
    "20:agility",
    "24:firefang",
    "28:flameburst",
    "28:retaliate",
    "32:crunch",
    "36:takedown",
    "40:flamethrower",
    "41:heatwave",
    "43:outrage",
    "44:roar",
    "48:playrough",
    "52:reversal",
    "56:flareblitz",
    "100:bodyslam",
    "100:burnup",
    "100:closecombat",
    "100:covet",
    "100:crunch",
    "100:doubleedge",
    "100:doublekick",
    "100:firespin",
    "100:flareblitz",
    "100:heatwave",
    "100:howl",
    "100:irontail",
    "100:morningsun",
    "100:ragingfury",
    "100:safeguard",
    "100:thrash",
    "100:aerialace",
    "100:agility",
    "100:attract",
    "100:bodyslam",
    "100:captivate",
    "100:charm",
    "100:closecombat",
    "100:confide",
    "100:crunch",
    "100:dig",
    "100:doubleteam",
    "100:endure",
    "100:facade",
    "100:fireblast",
    "100:firefang",
    "100:firespin",
    "100:flamecharge",
    "100:flamethrower",
    "100:flareblitz",
    "100:frustration",
    "100:heatwave",
    "100:helpinghand",
    "100:hiddenpower",
    "100:incinerate",
    "100:irontail",
    "100:naturalgift",
    "100:outrage",
    "100:overheat",
    "100:playrough",
    "100:protect",
    "100:psychicfangs",
    "100:rest",
    "100:retaliate",
    "100:return",
    "100:reversal",
    "100:roar",
    "100:rocksmash",
    "100:round",
    "100:safeguard",
    "100:scaryface",
    "100:secretpower",
    "100:sleeptalk",
    "100:snarl",
    "100:snore",
    "100:strength",
    "100:substitute",
    "100:sunnyday",
    "100:swagger",
    "100:swift",
    "100:takedown",
    "100:terablast",
    "100:thief",
    "100:thunderfang",
    "100:toxic",
    "100:wildcharge",
    "100:willowisp",
    "100:agility",
    "100:attract",
    "100:bide",
    "100:bite",
    "100:bodyslam",
    "100:charm",
    "100:covet",
    "100:crunch",
    "100:curse",
    "100:dig",
    "100:doubleedge",
    "100:doubleteam",
    "100:dragonbreath",
    "100:dragonrage",
    "100:ember",
    "100:endure",
    "100:facade",
    "100:fireblast",
    "100:firespin",
    "100:flamethrower",
    "100:flamewheel",
    "100:flareblitz",
    "100:frustration",
    "100:headbutt",
    "100:heatwave",
    "100:helpinghand",
    "100:hiddenpower",
    "100:irontail",
    "100:leer",
    "100:mimic",
    "100:mudslap",
    "100:odorsleuth",
    "100:outrage",
    "100:playrough",
    "100:protect",
    "100:rage",
    "100:reflect",
    "100:rest",
    "100:return",
    "100:roar",
    "100:rocksmash",
    "100:safeguard",
    "100:skullbash",
    "100:sleeptalk",
    "100:snore",
    "100:substitute",
    "100:sunnyday",
    "100:swagger",
    "100:swift",
    "100:takedown",
    "100:thrash",
    "100:toxic",
    "100:willowisp"
  ],
  "labels": [
    "gen1",
    "kanto_regional"
  ],
  "pokedex": [
    "cobblemon.species.growlithe.desc"
  ],
  "evolutions": [
    {
      "id": "growlithe_arcanine",
      "variant": "item_interact",
      "result": "arcanine",
      "consumeHeldItem": false,
      "learnableMoves": [
        "extremespeed"
      ],
      "requirements": [],
      "requiredContext": "cobblemon:fire_stone"
    }
  ],
  "baseScale": 1,
  "hitbox": {
    "width": 0.7,
    "height": 0.9,
    "fixed": false
  },
  "baseFriendship": 50,
  "evYield": {
    "hp": 0,
    "attack": 1,
    "defence": 0,
    "special_attack": 0,
    "special_defence": 0,
    "speed": 0
  },
  "height": 7,
  "weight": 190,
  "aspects": [],
  "cannotDynamax": false
}