{
  "implemented": true,
  "name": "Horsea",
  "nationalPokedexNumber": 116,
  "primaryType": "water",
  "abilities": [
    "swiftswim",
    "sniper",
    "h:damp"
  ],
  "baseStats": {
    "hp": 30,
    "attack": 40,
    "defence": 70,
    "special_attack": 70,
    "special_defence": 25,
    "speed": 60
  },
  "catchRate": 225,
  "maleRatio": 0.5,
  "shoulderMountable": false,
  "baseExperienceYield": 59,
  "experienceGroup": "medium_fast",
  "eggCycles": 20,
  "eggGroups": [
    "water_1",
    "dragon"
  ],
  "behaviour": {
    "moving": {
      "swim": {
        "canSwimInWater": true,
        "canBreatheUnderwater": true
      }
    }
  },
  "drops": {
    "amount": 2,
    "entries": [
      {
        "item": "minecraft:prismarine_shard",
        "quantityRange": "0-1"
      },
      {
        "item": "cobblemon:dragon_scale",
        "percentage": 2.5
      }
    ]
  },
  "moves": [
    "1:bubble",
    "1:leer",
    "1:watergun",
    "5:smokescreen",
    "10:twister",
    "15:focusenergy",
    "20:dragonbreath",
    "25:bubblebeam",
    "30:agility",
    "31:brine",
    "35:laserfocus",
    "40:dragonpulse",
    "45:hydropump",
    "50:dragondance",
    "55:raindance",
    "100:aurorabeam",
    "100:clearsmog",
    "100:disable",
    "100:dragonbreath",
    "100:dragonrage",
    "100:flail",
    "100:muddywater",
    "100:octazooka",
    "100:outrage",
    "100:razorwind",
    "100:signalbeam",
    "100:splash",
    "100:waterpulse",
    "100:agility",
    "100:attract",
    "100:blizzard",
    "100:bounce",
    "100:brine",
    "100:captivate",
    "100:confide",
    "100:dive",
    "100:doubleteam",
    "100:dragondance",
    "100:dragonpulse",
    "100:endure",
    "100:facade",
    "100:flashcannon",
    "100:focusenergy",
    "100:frustration",
    "100:hail",
    "100:hiddenpower",
    "100:hydropump",
    "100:icebeam",
    "100:icywind",
    "100:liquidation",
    "100:muddywater",
    "100:naturalgift",
    "100:outrage",
    "100:protect",
    "100:raindance",
    "100:rest",
    "100:return",
    "100:round",
    "100:scald",
    "100:secretpower",
    "100:sleeptalk",
    "100:snore",
    "100:substitute",
    "100:surf",
    "100:swagger",
    "100:swift",
    "100:toxic",
    "100:waterfall",
    "100:waterpulse",
    "100:whirlpool",
    "100:agility",
    "100:attract",
    "100:aurorabeam",
    "100:bide",
    "100:blizzard",
    "100:bounce",
    "100:brine",
    "100:bubble",
    "100:bubblebeam",
    "100:curse",
    "100:disable",
    "100:dive",
    "100:doubleedge",
    "100:doubleteam",
    "100:dragonbreath",
    "100:dragonpulse",
    "100:dragonrage",
    "100:endure",
    "100:facade",
    "100:flail",
    "100:flashcannon",
    "100:flipturn",
    "100:focusenergy",
    "100:frustration",
    "100:headbutt",
    "100:hiddenpower",
    "100:hydropump",
    "100:icebeam",
    "100:icywind",
    "100:leer",
    "100:mimic",
    "100:octazooka",
    "100:outrage",
    "100:protect",
    "100:rage",
    "100:raindance",
    "100:rest",
    "100:return",
    "100:scald",
    "100:scaleshot",
    "100:signalbeam",
    "100:skullbash",
    "100:sleeptalk",
    "100:smokescreen",
    "100:snore",
    "100:splash",
    "100:substitute",
    "100:surf",
    "100:swagger",
    "100:swift",
    "100:takedown",
    "100:toxic",
    "100:twister",
    "100:waterfall",
    "100:watergun",
    "100:waterpulse",
    "100:whirlpool"
  ],
  "labels": [
    "gen1"
  ],
  "pokedex": [
    "cobblemon.species.horsea.desc"
  ],
  "evolutions": [
    {
      "id": "horsea_seadra",
      "variant": "level_up",
      "result": "seadra",
      "consumeHeldItem": false,
      "learnableMoves": [],
      "requirements": [
        {
          "variant": "level",
          "minLevel": 32
        }
      ]
    }
  ],
  "baseScale": 0.7,
  "hitbox": {
    "width": 0.5,
    "height": 1.1,
    "fixed": false
  },
  "baseFriendship": 50,
  "evYield": {
    "hp": 0,
    "attack": 0,
    "defence": 0,
    "special_attack": 1,
    "special_defence": 0,
    "speed": 0
  },
  "height": 4,
  "weight": 80,
  "aspects": [],
  "cannotDynamax": false
}