{
  "implemented": true,
  "name": "Ivysaur",
  "nationalPokedexNumber": 2,
  "primaryType": "grass",
  "secondaryType": "poison",
  "abilities": [
    "overgrow",
    "h:chlorophyll"
  ],
  "baseStats": {
    "hp": 60,
    "attack": 62,
    "defence": 63,
    "special_attack": 80,
    "special_defence": 80,
    "speed": 60
  },
  "behaviour": {
    "resting": {
      "canSleep": true,
      "depth": "normal",
      "light": "0-4"
    }
  },
  "catchRate": 45,
  "maleRatio": 0.875,
  "shoulderMountable": false,
  "baseExperienceYield": 142,
  "experienceGroup": "medium_slow",
  "eggCycles": 20,
  "eggGroups": [
    "monster",
    "grass"
  ],
  "drops": {
    "amount": 3,
    "entries": [
      {
        "item": "minecraft:melon_seeds",
        "quantityRange": "0-2"
      },
      {
        "item": "cobblemon:miracle_seed",
        "percentage": 10.0
      }
    ]
  },
  "moves": [
    "1:growl",
    "1:growth",
    "1:tackle",
    "1:vinewhip",
    "9:leechseed",
    "12:razorleaf",
    "15:poisonpowder",
    "15:sleeppowder",
    "20:seedbomb",
    "25:takedown",
    "30:sweetscent",
    "35:synthesis",
    "40:worryseed",
    "45:doubleedge",
    "50:solarbeam",
    "100:amnesia",
    "100:attract",
    "100:bodyslam",
    "100:bulletseed",
    "100:captivate",
    "100:charm",
    "100:confide",
    "100:cut",
    "100:doubleteam",
    "100:echoedvoice",
    "100:endure",
    "100:energyball",
    "100:facade",
    "100:falseswipe",
    "100:flash",
    "100:frustration",
    "100:gigadrain",
    "100:grassknot",
    "100:grassyterrain",
    "100:helpinghand",
    "100:hiddenpower",
    "100:leafstorm",
    "100:lightscreen",
    "100:magicalleaf",
    "100:naturalgift",
    "100:naturepower",
    "100:powerwhip",
    "100:protect",
    "100:rest",
    "100:return",
    "100:rocksmash",
    "100:round",
    "100:safeguard",
    "100:secretpower",
    "100:seedbomb",
    "100:sleeptalk",
    "100:sludgebomb",
    "100:snore",
    "100:solarbeam",
    "100:strength",
    "100:substitute",
    "100:sunnyday",
    "100:swagger",
    "100:swordsdance",
    "100:toxic",
    "100:venoshock",
    "100:weatherball",
    "100:workup",
    "100:attract",
    "100:bide",
    "100:bind",
    "100:bodyslam",
    "100:curse",
    "100:cut",
    "100:defensecurl",
    "100:doubleedge",
    "100:doubleteam",
    "100:endure",
    "100:facade",
    "100:flash",
    "100:frustration",
    "100:furycutter",
    "100:gigadrain",
    "100:grasspledge",
    "100:grassyglide",
    "100:growl",
    "100:growth",
    "100:headbutt",
    "100:hiddenpower",
    "100:knockoff",
    "100:leechseed",
    "100:lightscreen",
    "100:megadrain",
    "100:mimic",
    "100:mudslap",
    "100:outrage",
    "100:poisonpowder",
    "100:protect",
    "100:rage",
    "100:razorleaf",
    "100:reflect",
    "100:rest",
    "100:return",
    "100:seedbomb",
    "100:sleeppowder",
    "100:sleeptalk",
    "100:sludgebomb",
    "100:snore",
    "100:solarbeam",
    "100:stringshot",
    "100:substitute",
    "100:sunnyday",
    "100:swagger",
    "100:sweetscent",
    "100:swordsdance",
    "100:synthesis",
    "100:tackle",
    "100:takedown",
    "100:toxic",
    "100:vinewhip",
    "100:worryseed"
  ],
  "labels": [
    "gen1"
  ],
  "pokedex": [
    "cobblemon.species.ivysaur.desc"
  ],
  "preEvolution": "bulbasaur",
  "evolutions": [
    {
      "id": "ivysaur_venusaur",
      "variant": "level_up",
      "result": "venusaur",
      "consumeHeldItem": false,
      "learnableMoves": [
        "petalblizzard"
      ],
      "requirements": [
        {
          "variant": "level",
          "minLevel": 32
        }
      ]
    }
  ],
  "baseScale": 1,
  "hitbox": {
    "width": 0.7,
    "height": 1,
    "fixed": false
  },
  "baseFriendship": 50,
  "evYield": {
    "hp": 0,
    "attack": 0,
    "defence": 0,
    "special_attack": 1,
    "special_defence": 1,
    "speed": 0
  },
  "height": 10,
  "weight": 130,
  "aspects": [],
  "cannotDynamax": false
}