{
  "implemented": true,
  "name": "Kabutops",
  "nationalPokedexNumber": 141,
  "primaryType": "rock",
  "secondaryType": "water",
  "abilities": [
    "swiftswim",
    "battlearmor",
    "h:weakarmor"
  ],
  "baseStats": {
    "hp": 60,
    "attack": 115,
    "defence": 105,
    "special_attack": 65,
    "special_defence": 70,
    "speed": 80
  },
  "catchRate": 45,
  "maleRatio": 0.875,
  "shoulderMountable": false,
  "baseExperienceYield": 173,
  "experienceGroup": "medium_fast",
  "eggCycles": 30,
  "eggGroups": [
    "water_1",
    "water_3"
  ],
  "behaviour": {
    "moving": {
      "swim": {
        "canSwimInWater": true,
        "canBreatheUnderwater": true
      }
    }
  },
  "drops": {
    "amount": 4,
    "entries": [
      {
        "item": "minecraft:scute",
        "quantityRange": "0-3"
      },
      {
        "item": "minecraft:bone_meal",
        "percentage": 10.0
      }
    ]
  },
  "moves": [
    "1:absorb",
    "1:feint",
    "1:furycutter",
    "1:harden",
    "1:nightslash",
    "1:sandattack",
    "1:scratch",
    "1:slash",
    "15:aquajet",
    "20:leer",
    "25:mudshot",
    "26:endure",
    "30:ancientpower",
    "35:brine",
    "36:megadrain",
    "43:protect",
    "49:leechlife",
    "56:liquidation",
    "63:metalsound",
    "63:wringout",
    "70:stoneedge",
    "100:aerialace",
    "100:attract",
    "100:blizzard",
    "100:bodyslam",
    "100:brickbreak",
    "100:brine",
    "100:captivate",
    "100:confide",
    "100:crosspoison",
    "100:cut",
    "100:dig",
    "100:dive",
    "100:doubleteam",
    "100:earthpower",
    "100:endure",
    "100:facade",
    "100:frustration",
    "100:gigadrain",
    "100:gigaimpact",
    "100:hail",
    "100:hiddenpower",
    "100:honeclaws",
    "100:hydropump",
    "100:hyperbeam",
    "100:icebeam",
    "100:icywind",
    "100:irondefense",
    "100:leechlife",
    "100:liquidation",
    "100:lowkick",
    "100:megakick",
    "100:mudshot",
    "100:naturalgift",
    "100:naturepower",
    "100:protect",
    "100:psychocut",
    "100:raindance",
    "100:razorshell",
    "100:rest",
    "100:return",
    "100:rockblast",
    "100:rockclimb",
    "100:rockpolish",
    "100:rockslide",
    "100:rocksmash",
    "100:rocktomb",
    "100:round",
    "100:sandstorm",
    "100:scald",
    "100:screech",
    "100:secretpower",
    "100:sleeptalk",
    "100:smackdown",
    "100:snore",
    "100:stealthrock",
    "100:stoneedge",
    "100:substitute",
    "100:superpower",
    "100:surf",
    "100:swagger",
    "100:swordsdance",
    "100:thief",
    "100:toxic",
    "100:waterfall",
    "100:waterpulse",
    "100:whirlpool",
    "100:xscissor",
    "100:absorb",
    "100:ancientpower",
    "100:aquajet",
    "100:aquatail",
    "100:attract",
    "100:bide",
    "100:blizzard",
    "100:bodyslam",
    "100:brickbreak",
    "100:bubblebeam",
    "100:confuseray",
    "100:curse",
    "100:cut",
    "100:dig",
    "100:dive",
    "100:doubleedge",
    "100:doubleteam",
    "100:earthpower",
    "100:endure",
    "100:facade",
    "100:feint",
    "100:flipturn",
    "100:frustration",
    "100:furycutter",
    "100:gigadrain",
    "100:harden",
    "100:headbutt",
    "100:hiddenpower",
    "100:hydropump",
    "100:hyperbeam",
    "100:icebeam",
    "100:icywind",
    "100:irondefense",
    "100:knockoff",
    "100:leechlife",
    "100:leer",
    "100:liquidation",
    "100:lowkick",
    "100:megadrain",
    "100:megakick",
    "100:meteorbeam",
    "100:mimic",
    "100:mudslap",
    "100:protect",
    "100:rage",
    "100:raindance",
    "100:razorwind",
    "100:reflect",
    "100:rest",
    "100:return",
    "100:rockslide",
    "100:rocksmash",
    "100:rockthrow",
    "100:rollout",
    "100:sandattack",
    "100:sandstorm",
    "100:scald",
    "100:scratch",
    "100:screech",
    "100:seismictoss",
    "100:skullbash",
    "100:slash",
    "100:sleeptalk",
    "100:snore",
    "100:stealthrock",
    "100:submission",
    "100:substitute",
    "100:superpower",
    "100:surf",
    "100:swagger",
    "100:swordsdance",
    "100:takedown",
    "100:thief",
    "100:toxic",
    "100:waterfall",
    "100:watergun",
    "100:waterpulse",
    "100:whirlpool",
    "100:xscissor"
  ],
  "labels": [
    "gen1"
  ],
  "pokedex": [
    "cobblemon.species.kabutops.desc"
  ],
  "preEvolution": "kabuto",
  "evolutions": [],
  "baseScale": 1.3,
  "hitbox": {
    "width": 0.7,
    "height": 1.5,
    "fixed": false
  },
  "baseFriendship": 50,
  "evYield": {
    "hp": 0,
    "attack": 2,
    "defence": 0,
    "special_attack": 0,
    "special_defence": 0,
    "speed": 0
  },
  "height": 13,
  "weight": 405,
  "aspects": [],
  "cannotDynamax": false
}