{
  "implemented": true,
  "name": "Kadabra",
  "nationalPokedexNumber": 64,
  "primaryType": "psychic",
  "abilities": [
    "synchronize",
    "innerfocus",
    "h:magicguard"
  ],
  "baseStats": {
    "hp": 40,
    "attack": 35,
    "defence": 30,
    "special_attack": 120,
    "special_defence": 70,
    "speed": 105
  },
  "behaviour": {
    "resting": {
      "canSleep": true,
      "willSleepOnBed": false,
      "depth": "normal",
      "light": "0-4"
    }
  },
  "catchRate": 100,
  "maleRatio": 0.75,
  "shoulderMountable": false,
  "baseExperienceYield": 140,
  "experienceGroup": "medium_slow",
  "eggCycles": 20,
  "eggGroups": [
    "human_like"
  ],
  "drops": {
    "amount": 4,
    "entries": [
      {
        "item": "minecraft:ender_pearl",
        "quantityRange": "0-2"
      },
      {
        "item": "cobblemon:twisted_spoon",
        "percentage": 5.0
      },
      {
        "item": "cobblemon:kasib_berry",
        "percentage": 5.0
      }
    ]
  },
  "moves": [
    "1:confusion",
    "1:disable",
    "1:kinesis",
    "1:teleport",
    "5:psybeam",
    "10:reflect",
    "15:allyswitch",
    "20:psychocut",
    "23:miracleeye",
    "25:recover",
    "30:psyshock",
    "33:telekinesis",
    "35:psychic",
    "40:roleplay",
    "45:futuresight",
    "46:trick",
    "50:calmmind",
    "100:allyswitch",
    "100:attract",
    "100:bodyslam",
    "100:calmmind",
    "100:captivate",
    "100:chargebeam",
    "100:confide",
    "100:dazzlinggleam",
    "100:doubleteam",
    "100:drainpunch",
    "100:dreameater",
    "100:embargo",
    "100:encore",
    "100:endure",
    "100:energyball",
    "100:facade",
    "100:firepunch",
    "100:flash",
    "100:fling",
    "100:focuspunch",
    "100:foulplay",
    "100:frustration",
    "100:futuresight",
    "100:grassknot",
    "100:guardswap",
    "100:hiddenpower",
    "100:icepunch",
    "100:irontail",
    "100:lightscreen",
    "100:magicroom",
    "100:megakick",
    "100:megapunch",
    "100:metronome",
    "100:naturalgift",
    "100:powerswap",
    "100:protect",
    "100:psychic",
    "100:psychicterrain",
    "100:psychocut",
    "100:psychup",
    "100:psyshock",
    "100:raindance",
    "100:recycle",
    "100:reflect",
    "100:rest",
    "100:return",
    "100:round",
    "100:safeguard",
    "100:secretpower",
    "100:shadowball",
    "100:shockwave",
    "100:skillswap",
    "100:sleeptalk",
    "100:snatch",
    "100:snore",
    "100:speedswap",
    "100:substitute",
    "100:sunnyday",
    "100:swagger",
    "100:swift",
    "100:taunt",
    "100:telekinesis",
    "100:thief",
    "100:thunderpunch",
    "100:thunderwave",
    "100:torment",
    "100:toxic",
    "100:triattack",
    "100:trick",
    "100:trickroom",
    "100:wonderroom",
    "100:zenheadbutt",
    "100:allyswitch",
    "100:attract",
    "100:bide",
    "100:bodyslam",
    "100:calmmind",
    "100:confusion",
    "100:counter",
    "100:curse",
    "100:dazzlinggleam",
    "100:dig",
    "100:disable",
    "100:doubleedge",
    "100:doubleteam",
    "100:drainpunch",
    "100:dreameater",
    "100:dynamicpunch",
    "100:endure",
    "100:expandingforce",
    "100:facade",
    "100:firepunch",
    "100:flash",
    "100:focuspunch",
    "100:foulplay",
    "100:frustration",
    "100:futuresight",
    "100:gravity",
    "100:headbutt",
    "100:hiddenpower",
    "100:icepunch",
    "100:irontail",
    "100:kinesis",
    "100:knockoff",
    "100:lightscreen",
    "100:magiccoat",
    "100:magicroom",
    "100:megakick",
    "100:megapunch",
    "100:metronome",
    "100:mimic",
    "100:nightmare",
    "100:nightshade",
    "100:protect",
    "100:psybeam",
    "100:psychic",
    "100:psychup",
    "100:psywave",
    "100:rage",
    "100:raindance",
    "100:recover",
    "100:recycle",
    "100:reflect",
    "100:rest",
    "100:return",
    "100:roleplay",
    "100:seismictoss",
    "100:shadowball",
    "100:shockwave",
    "100:signalbeam",
    "100:skillswap",
    "100:skullbash",
    "100:sleeptalk",
    "100:snatch",
    "100:snore",
    "100:submission",
    "100:substitute",
    "100:sunnyday",
    "100:swagger",
    "100:takedown",
    "100:taunt",
    "100:telekinesis",
    "100:teleport",
    "100:thief",
    "100:thunderpunch",
    "100:thunderwave",
    "100:toxic",
    "100:triattack",
    "100:trick",
    "100:wonderroom",
    "100:zapcannon",
    "100:zenheadbutt"
  ],
  "labels": [
    "gen1"
  ],
  "pokedex": [
    "cobblemon.species.kadabra.desc"
  ],
  "preEvolution": "abra",
  "evolutions": [
    {
      "id": "kadabra_alakazam",
      "variant": "trade",
      "result": "alakazam",
      "consumeHeldItem": false,
      "learnableMoves": [],
      "requirements": []
    }
  ],
  "baseScale": 0.85,
  "hitbox": {
    "width": 1,
    "height": 1.4,
    "fixed": false
  },
  "baseFriendship": 50,
  "evYield": {
    "hp": 0,
    "attack": 0,
    "defence": 0,
    "special_attack": 2,
    "special_defence": 0,
    "speed": 0
  },
  "height": 13,
  "weight": 565,
  "aspects": [],
  "cannotDynamax": false
}