{
  "implemented": true,
  "name": "Machop",
  "nationalPokedexNumber": 66,
  "primaryType": "fighting",
  "abilities": [
    "guts",
    "noguard",
    "h:steadfast"
  ],
  "baseStats": {
    "hp": 70,
    "attack": 80,
    "defence": 50,
    "special_attack": 35,
    "special_defence": 35,
    "speed": 35
  },
  "catchRate": 180,
  "maleRatio": 0.75,
  "shoulderMountable": false,
  "baseExperienceYield": 61,
  "experienceGroup": "medium_slow",
  "eggCycles": 20,
  "eggGroups": [
    "human_like"
  ],
  "drops": {
    "amount": 3,
    "entries": [
      {
        "item": "cobblemon:focus_band",
        "percentage": 2.5
      },
      {
        "item": "cobblemon:muscle_band",
        "percentage": 2.5
      },
      {
        "item": "cobblemon:wepear_berry",
        "percentage": 2.5
      }
    ]
  },
  "moves": [
    "1:leer",
    "1:lowkick",
    "4:focusenergy",
    "7:karatechop",
    "8:revenge",
    "9:foresight",
    "12:lowsweep",
    "16:knockoff",
    "20:scaryface",
    "24:vitalthrow",
    "27:wakeupslap",
    "29:strength",
    "32:dualchop",
    "33:submission",
    "36:bulkup",
    "40:seismictoss",
    "44:dynamicpunch",
    "48:crosschop",
    "52:doubleedge",
    "100:bulletpunch",
    "100:closecombat",
    "100:counter",
    "100:encore",
    "100:firepunch",
    "100:heavyslam",
    "100:icepunch",
    "100:knockoff",
    "100:lightscreen",
    "100:meditate",
    "100:powertrick",
    "100:quickguard",
    "100:rockslide",
    "100:rollingkick",
    "100:smellingsalts",
    "100:submission",
    "100:thunderpunch",
    "100:tickle",
    "100:attract",
    "100:bodyslam",
    "100:brickbreak",
    "100:bulkup",
    "100:bulldoze",
    "100:captivate",
    "100:closecombat",
    "100:confide",
    "100:dig",
    "100:doubleteam",
    "100:earthquake",
    "100:encore",
    "100:endure",
    "100:facade",
    "100:fireblast",
    "100:firepunch",
    "100:flamethrower",
    "100:fling",
    "100:focusblast",
    "100:focusenergy",
    "100:focuspunch",
    "100:frustration",
    "100:heavyslam",
    "100:helpinghand",
    "100:hiddenpower",
    "100:icepunch",
    "100:incinerate",
    "100:lightscreen",
    "100:lowkick",
    "100:lowsweep",
    "100:megakick",
    "100:megapunch",
    "100:metronome",
    "100:naturalgift",
    "100:payback",
    "100:poisonjab",
    "100:poweruppunch",
    "100:protect",
    "100:raindance",
    "100:rest",
    "100:retaliate",
    "100:return",
    "100:revenge",
    "100:reversal",
    "100:rockclimb",
    "100:rockslide",
    "100:rocksmash",
    "100:rocktomb",
    "100:round",
    "100:scaryface",
    "100:secretpower",
    "100:sleeptalk",
    "100:smackdown",
    "100:snore",
    "100:strength",
    "100:substitute",
    "100:sunnyday",
    "100:superpower",
    "100:swagger",
    "100:thief",
    "100:thunderpunch",
    "100:toxic",
    "100:workup",
    "100:attract",
    "100:bide",
    "100:bodyslam",
    "100:brickbreak",
    "100:bulkup",
    "100:bulletpunch",
    "100:coaching",
    "100:counter",
    "100:crosschop",
    "100:curse",
    "100:detect",
    "100:dig",
    "100:doubleedge",
    "100:doubleteam",
    "100:dualchop",
    "100:dynamicpunch",
    "100:earthquake",
    "100:encore",
    "100:endure",
    "100:facade",
    "100:fireblast",
    "100:firepunch",
    "100:fissure",
    "100:flamethrower",
    "100:focusenergy",
    "100:focuspunch",
    "100:foresight",
    "100:frustration",
    "100:headbutt",
    "100:helpinghand",
    "100:hiddenpower",
    "100:icepunch",
    "100:karatechop",
    "100:knockoff",
    "100:leer",
    "100:lightscreen",
    "100:lowkick",
    "100:meditate",
    "100:megakick",
    "100:megapunch",
    "100:metronome",
    "100:mimic",
    "100:mudslap",
    "100:poisonjab",
    "100:protect",
    "100:rage",
    "100:rest",
    "100:return",
    "100:rockslide",
    "100:rocksmash",
    "100:roleplay",
    "100:rollingkick",
    "100:scaryface",
    "100:seismictoss",
    "100:skullbash",
    "100:sleeptalk",
    "100:snore",
    "100:strength",
    "100:submission",
    "100:substitute",
    "100:sunnyday",
    "100:superpower",
    "100:swagger",
    "100:takedown",
    "100:thief",
    "100:thunderpunch",
    "100:toxic",
    "100:vacuumwave",
    "100:vitalthrow"
  ],
  "labels": [
    "gen1"
  ],
  "pokedex": [
    "cobblemon.species.machop.desc"
  ],
  "evolutions": [
    {
      "id": "machop_machoke",
      "variant": "level_up",
      "result": "machoke",
      "consumeHeldItem": false,
      "learnableMoves": [],
      "requirements": [
        {
          "variant": "level",
          "minLevel": 28
        }
      ]
    }
  ],
  "baseScale": 0.8,
  "hitbox": {
    "width": 0.7,
    "height": 1.4,
    "fixed": false
  },
  "baseFriendship": 50,
  "evYield": {
    "hp": 0,
    "attack": 1,
    "defence": 0,
    "special_attack": 0,
    "special_defence": 0,
    "speed": 0
  },
  "height": 8,
  "weight": 195,
  "aspects": [],
  "cannotDynamax": false
}