{
  "implemented": true,
  "name": "Magmar",
  "nationalPokedexNumber": 126,
  "primaryType": "fire",
  "abilities": [
    "flamebody",
    "h:vitalspirit"
  ],
  "baseStats": {
    "hp": 65,
    "attack": 95,
    "defence": 57,
    "special_attack": 100,
    "special_defence": 85,
    "speed": 93
  },
  "catchRate": 45,
  "maleRatio": 0.75,
  "shoulderMountable": false,
  "baseExperienceYield": 173,
  "experienceGroup": "medium_fast",
  "eggCycles": 25,
  "eggGroups": [
    "human_like"
  ],
  "drops": {
    "amount": 3,
    "entries": [
      {
        "item": "minecraft:blaze_powder",
        "percentage": 5.0
      },
      {
        "item": "cobblemon:magmarizer",
        "percentage": 5.0
      },
      {
        "item": "cobblemon:rawst_berry",
        "percentage": 5.0
      }
    ]
  },
  "moves": [
    "1:ember",
    "1:leer",
    "1:smog",
    "1:smokescreen",
    "12:clearsmog",
    "12:feintattack",
    "15:firespin",
    "16:flamewheel",
    "20:confuseray",
    "22:flameburst",
    "24:scaryface",
    "28:firepunch",
    "34:lavaplume",
    "40:lowkick",
    "46:flamethrower",
    "52:sunnyday",
    "58:fireblast",
    "64:hyperbeam",
    "100:attract",
    "100:bodyslam",
    "100:brickbreak",
    "100:captivate",
    "100:confide",
    "100:doubleteam",
    "100:endure",
    "100:facade",
    "100:fireblast",
    "100:firepunch",
    "100:firespin",
    "100:flamecharge",
    "100:flamethrower",
    "100:flareblitz",
    "100:fling",
    "100:focusblast",
    "100:focusenergy",
    "100:focuspunch",
    "100:frustration",
    "100:gigaimpact",
    "100:heatwave",
    "100:helpinghand",
    "100:hiddenpower",
    "100:hyperbeam",
    "100:incinerate",
    "100:irontail",
    "100:lowkick",
    "100:lowsweep",
    "100:megakick",
    "100:megapunch",
    "100:naturalgift",
    "100:overheat",
    "100:powerswap",
    "100:poweruppunch",
    "100:protect",
    "100:psychic",
    "100:rest",
    "100:return",
    "100:rockclimb",
    "100:rocksmash",
    "100:round",
    "100:scaryface",
    "100:screech",
    "100:secretpower",
    "100:sleeptalk",
    "100:snore",
    "100:strength",
    "100:substitute",
    "100:sunnyday",
    "100:swagger",
    "100:thief",
    "100:thunderpunch",
    "100:toxic",
    "100:uproar",
    "100:willowisp",
    "100:attract",
    "100:bide",
    "100:bodyslam",
    "100:brickbreak",
    "100:burningjealousy",
    "100:clearsmog",
    "100:confuseray",
    "100:counter",
    "100:covet",
    "100:crosschop",
    "100:curse",
    "100:detect",
    "100:doubleedge",
    "100:doubleteam",
    "100:dualchop",
    "100:dynamicpunch",
    "100:ember",
    "100:endure",
    "100:facade",
    "100:feintattack",
    "100:fireblast",
    "100:firepunch",
    "100:firespin",
    "100:flamethrower",
    "100:focuspunch",
    "100:followme",
    "100:frustration",
    "100:headbutt",
    "100:heatwave",
    "100:helpinghand",
    "100:hiddenpower",
    "100:hyperbeam",
    "100:irontail",
    "100:leer",
    "100:lowkick",
    "100:megakick",
    "100:megapunch",
    "100:metronome",
    "100:mimic",
    "100:mudslap",
    "100:protect",
    "100:psychic",
    "100:psywave",
    "100:rage",
    "100:rest",
    "100:return",
    "100:rocksmash",
    "100:scorchingsands",
    "100:seismictoss",
    "100:skullbash",
    "100:sleeptalk",
    "100:smog",
    "100:smokescreen",
    "100:snore",
    "100:strength",
    "100:submission",
    "100:substitute",
    "100:sunnyday",
    "100:swagger",
    "100:takedown",
    "100:taunt",
    "100:teleport",
    "100:thief",
    "100:thunderpunch",
    "100:toxic",
    "100:willowisp"
  ],
  "labels": [
    "gen1"
  ],
  "pokedex": [
    "cobblemon.species.magmar.desc"
  ],
  "preEvolution": "magby",
  "evolutions": [
    {
      "id": "magmar_magmortar",
      "variant": "trade",
      "result": "magmortar",
      "consumeHeldItem": true,
      "learnableMoves": [],
      "requirements": [
        {
          "variant": "held_item",
          "itemCondition": "cobblemon:magmarizer"
        }
      ]
    }
  ],
  "baseScale": 0.8,
  "hitbox": {
    "width": 0.7,
    "height": 1.5,
    "fixed": false
  },
  "baseFriendship": 50,
  "evYield": {
    "hp": 0,
    "attack": 0,
    "defence": 0,
    "special_attack": 2,
    "special_defence": 0,
    "speed": 0
  },
  "height": 13,
  "weight": 445,
  "aspects": [],
  "cannotDynamax": false
}