{
  "implemented": true,
  "name": "Mewtwo",
  "nationalPokedexNumber": 150,
  "primaryType": "psychic",
  "abilities": [
    "pressure",
    "h:unnerve"
  ],
  "drops": {
    "amount": 1,
    "entries": [
      {
        "item": "cobblemon:twisted_spoon"
      }
    ]
  },
  "baseStats": {
    "hp": 106,
    "attack": 110,
    "defence": 90,
    "special_attack": 154,
    "special_defence": 90,
    "speed": 130
  },
  "catchRate": 3,
  "maleRatio": -1,
  "shoulderMountable": false,
  "forms": [
    {
      "name": "Mega-X",
      "primaryType": "psychic",
      "secondaryType": "fighting",
      "abilities": [
        "steadfast"
      ],
      "baseStats": {
        "hp": 106,
        "attack": 190,
        "defence": 100,
        "special_attack": 154,
        "special_defence": 100,
        "speed": 130
      },
      "catchRate": 3,
      "maleRatio": -1,
      "baseExperienceYield": 340,
      "baseFriendship": 0,
      "evYield": {
        "hp": 0,
        "attack": 0,
        "defence": 0,
        "special_attack": 3,
        "special_defence": 0,
        "speed": 0
      },
      "experienceGroup": "slow",
      "eggCycles": 120,
      "eggGroups": [
        "undiscovered"
      ],
      "labels": [
        "gen6",
        "mega",
        "legendary"
      ],
      "aspects": [
        "mega-x"
      ],
      "height": 23,
      "weight": 1270,
      "evolutions": [],
      "cannotDynamax": false,
      "battleOnly": true
    },
    {
      "name": "Mega-Y",
      "primaryType": "psychic",
      "abilities": [
        "insomnia"
      ],
      "baseStats": {
        "hp": 106,
        "attack": 150,
        "defence": 70,
        "special_attack": 194,
        "special_defence": 120,
        "speed": 140
      },
      "catchRate": 3,
      "maleRatio": -1,
      "baseExperienceYield": 340,
      "baseFriendship": 0,
      "evYield": {
        "hp": 0,
        "attack": 0,
        "defence": 0,
        "special_attack": 3,
        "special_defence": 0,
        "speed": 0
      },
      "experienceGroup": "slow",
      "eggCycles": 120,
      "eggGroups": [
        "undiscovered"
      ],
      "labels": [
        "gen6",
        "mega",
        "legendary"
      ],
      "aspects": [
        "mega-y"
      ],
      "height": 15,
      "weight": 330,
      "evolutions": [],
      "cannotDynamax": false,
      "battleOnly": true
    }
  ],
  "baseExperienceYield": 340,
  "experienceGroup": "slow",
  "eggCycles": 120,
  "eggGroups": [
    "undiscovered"
  ],
  "behaviour": {
    "moving": {
      "fly": {
        "canFly": true
      }
    }
  },
  "moves": [
    "1:confusion",
    "1:disable",
    "1:laserfocus",
    "1:lifedew",
    "1:psywave",
    "1:swift",
    "8:ancientpower",
    "16:psychocut",
    "22:psychup",
    "24:safeguard",
    "29:miracleeye",
    "32:amnesia",
    "40:aurasphere",
    "48:psychic",
    "56:guardswap",
    "56:powerswap",
    "64:barrier",
    "64:mist",
    "72:psystrike",
    "80:recover",
    "88:futuresight",
    "93:mefirst",
    "100:aerialace",
    "100:agility",
    "100:allyswitch",
    "100:amnesia",
    "100:aurasphere",
    "100:avalanche",
    "100:blizzard",
    "100:bodyslam",
    "100:brickbreak",
    "100:brutalswing",
    "100:bulkup",
    "100:bulldoze",
    "100:calmmind",
    "100:chargebeam",
    "100:chillingwater",
    "100:confide",
    "100:confuseray",
    "100:darkpulse",
    "100:dive",
    "100:doubleteam",
    "100:drainpunch",
    "100:dreameater",
    "100:earthpower",
    "100:earthquake",
    "100:electroball",
    "100:embargo",
    "100:endure",
    "100:energyball",
    "100:facade",
    "100:fireblast",
    "100:firepunch",
    "100:flamethrower",
    "100:flash",
    "100:fling",
    "100:focusblast",
    "100:focuspunch",
    "100:foulplay",
    "100:frustration",
    "100:futuresight",
    "100:gigaimpact",
    "100:grassknot",
    "100:guardswap",
    "100:hail",
    "100:helpinghand",
    "100:hex",
    "100:hiddenpower",
    "100:hurricane",
    "100:hyperbeam",
    "100:icebeam",
    "100:icepunch",
    "100:icywind",
    "100:imprison",
    "100:incinerate",
    "100:irontail",
    "100:lightscreen",
    "100:lowkick",
    "100:lowsweep",
    "100:magicroom",
    "100:megakick",
    "100:megapunch",
    "100:metronome",
    "100:nastyplot",
    "100:naturalgift",
    "100:nightshade",
    "100:payday",
    "100:poisonjab",
    "100:powergem",
    "100:powerswap",
    "100:poweruppunch",
    "100:protect",
    "100:psybeam",
    "100:psychic",
    "100:psychicterrain",
    "100:psychocut",
    "100:psychup",
    "100:psyshock",
    "100:raindance",
    "100:recycle",
    "100:reflect",
    "100:rest",
    "100:return",
    "100:reversal",
    "100:rockclimb",
    "100:rockslide",
    "100:rocksmash",
    "100:rocktomb",
    "100:round",
    "100:safeguard",
    "100:sandstorm",
    "100:scaryface",
    "100:secretpower",
    "100:selfdestruct",
    "100:shadowball",
    "100:shockwave",
    "100:skillswap",
    "100:sleeptalk",
    "100:snatch",
    "100:snore",
    "100:solarbeam",
    "100:speedswap",
    "100:stompingtantrum",
    "100:stoneedge",
    "100:storedpower",
    "100:strength",
    "100:substitute",
    "100:sunnyday",
    "100:swagger",
    "100:swift",
    "100:takedown",
    "100:taunt",
    "100:telekinesis",
    "100:terablast",
    "100:thunder",
    "100:thunderbolt",
    "100:thunderpunch",
    "100:thunderwave",
    "100:torment",
    "100:toxic",
    "100:trailblaze",
    "100:triattack",
    "100:trick",
    "100:trickroom",
    "100:waterpulse",
    "100:willowisp",
    "100:wonderroom",
    "100:zenheadbutt",
    "100:agility",
    "100:amnesia",
    "100:aquatail",
    "100:aurasphere",
    "100:barrier",
    "100:bide",
    "100:blizzard",
    "100:bodyslam",
    "100:brickbreak",
    "100:bubblebeam",
    "100:bulkup",
    "100:calmmind",
    "100:confuseray",
    "100:confusion",
    "100:counter",
    "100:curse",
    "100:detect",
    "100:disable",
    "100:doubleedge",
    "100:doubleteam",
    "100:drainpunch",
    "100:dreameater",
    "100:dynamicpunch",
    "100:earthquake",
    "100:electroball",
    "100:endure",
    "100:expandingforce",
    "100:facade",
    "100:fireblast",
    "100:firepunch",
    "100:flamethrower",
    "100:flash",
    "100:focuspunch",
    "100:foulplay",
    "100:frustration",
    "100:futuresight",
    "100:gravity",
    "100:guardswap",
    "100:headbutt",
    "100:healpulse",
    "100:hiddenpower",
    "100:hurricane",
    "100:hyperbeam",
    "100:icebeam",
    "100:icepunch",
    "100:icywind",
    "100:irontail",
    "100:laserfocus",
    "100:lightscreen",
    "100:lowkick",
    "100:magiccoat",
    "100:magicroom",
    "100:megakick",
    "100:megapunch",
    "100:metronome",
    "100:mimic",
    "100:mist",
    "100:mudslap",
    "100:nightmare",
    "100:payday",
    "100:poisonjab",
    "100:powerswap",
    "100:protect",
    "100:psybeam",
    "100:psychic",
    "100:psychocut",
    "100:psychup",
    "100:psystrike",
    "100:psywave",
    "100:rage",
    "100:raindance",
    "100:recover",
    "100:recycle",
    "100:reflect",
    "100:rest",
    "100:return",
    "100:rockslide",
    "100:rocksmash",
    "100:roleplay",
    "100:safeguard",
    "100:seismictoss",
    "100:selfdestruct",
    "100:shadowball",
    "100:shockwave",
    "100:signalbeam",
    "100:skillswap",
    "100:skullbash",
    "100:sleeptalk",
    "100:snatch",
    "100:snore",
    "100:solarbeam",
    "100:strength",
    "100:submission",
    "100:substitute",
    "100:sunnyday",
    "100:swagger",
    "100:swift",
    "100:takedown",
    "100:taunt",
    "100:telekinesis",
    "100:teleport",
    "100:thunder",
    "100:thunderbolt",
    "100:thunderpunch",
    "100:thunderwave",
    "100:toxic",
    "100:triattack",
    "100:trick",
    "100:watergun",
    "100:waterpulse",
    "100:willowisp",
    "100:wonderroom",
    "100:zapcannon",
    "100:zenheadbutt"
  ],
  "labels": [
    "gen1",
    "legendary"
  ],
  "pokedex": [
    "cobblemon.species.mewtwo.desc"
  ],
  "evolutions": [],
  "baseScale": 1.2,
  "hitbox": {
    "width": 0.75,
    "height": 1.7,
    "fixed": false
  },
  "baseFriendship": 0,
  "evYield": {
    "hp": 0,
    "attack": 0,
    "defence": 0,
    "special_attack": 3,
    "special_defence": 0,
    "speed": 0
  },
  "height": 20,
  "weight": 1220,
  "aspects": [],
  "cannotDynamax": false
}