{
  "implemented": true,
  "name": "Moltres",
  "nationalPokedexNumber": 146,
  "primaryType": "fire",
  "secondaryType": "flying",
  "abilities": [
    "pressure",
    "h:flamebody"
  ],
  "baseStats": {
    "hp": 90,
    "attack": 100,
    "defence": 90,
    "special_attack": 125,
    "special_defence": 85,
    "speed": 90
  },
  "catchRate": 3,
  "maleRatio": -1,
  "shoulderMountable": false,
  "forms": [
    {
      "name": "Galar",
      "primaryType": "dark",
      "secondaryType": "flying",
      "abilities": [
        "berserk"
      ],
      "baseStats": {
        "hp": 90,
        "attack": 85,
        "defence": 90,
        "special_attack": 100,
        "special_defence": 125,
        "speed": 90
      },
      "catchRate": 3,
      "maleRatio": -1,
      "baseExperienceYield": 290,
      "baseFriendship": 35,
      "evYield": {
        "hp": 0,
        "attack": 0,
        "defence": 0,
        "special_attack": 0,
        "special_defence": 3,
        "speed": 0
      },
      "experienceGroup": "slow",
      "eggCycles": 80,
      "eggGroups": [
        "undiscovered"
      ],
      "moves": [
        "1:gust",
        "1:leer",
        "5:payback",
        "10:safeguard",
        "15:wingattack",
        "20:agility",
        "25:ancientpower",
        "30:suckerpunch",
        "35:airslash",
        "40:afteryou",
        "45:fierywrath",
        "50:nastyplot",
        "55:hurricane",
        "60:endure",
        "65:memento",
        "70:skyattack",
        "100:acrobatics",
        "100:aerialace",
        "100:agility",
        "100:airslash",
        "100:assurance",
        "100:bravebird",
        "100:darkpulse",
        "100:endure",
        "100:facade",
        "100:fly",
        "100:foulplay",
        "100:gigaimpact",
        "100:helpinghand",
        "100:hex",
        "100:hurricane",
        "100:hyperbeam",
        "100:hypervoice",
        "100:imprison",
        "100:nastyplot",
        "100:payback",
        "100:protect",
        "100:raindance",
        "100:rest",
        "100:round",
        "100:safeguard",
        "100:sandstorm",
        "100:scaryface",
        "100:shadowball",
        "100:sleeptalk",
        "100:snarl",
        "100:snore",
        "100:steelwing",
        "100:substitute",
        "100:sunnyday",
        "100:swift",
        "100:tailwind",
        "100:takedown",
        "100:taunt",
        "100:terablast",
        "100:thief",
        "100:uturn",
        "100:dualwingbeat",
        "100:fierywrath",
        "100:hurricane",
        "100:lashout",
        "100:nastyplot",
        "100:suckerpunch"
      ],
      "labels": [
        "gen8",
        "legendary",
        "galar_regional"
      ],
      "aspects": [
        "galarian"
      ],
      "height": 20,
      "weight": 660,
      "evolutions": [],
      "cannotDynamax": false,
      "battleOnly": false
    }
  ],
  "baseExperienceYield": 290,
  "experienceGroup": "slow",
  "eggCycles": 80,
  "eggGroups": [
    "undiscovered"
  ],
  "behaviour": {
    "moving": {
      "fly": {
        "canFly": true
      }
    }
  },
  "moves": [
    "1:gust",
    "1:leer",
    "5:ember",
    "8:firespin",
    "10:safeguard",
    "15:wingattack",
    "20:agility",
    "25:ancientpower",
    "30:incinerate",
    "35:airslash",
    "36:flamethrower",
    "40:roost",
    "45:heatwave",
    "50:sunnyday",
    "55:hurricane",
    "60:endure",
    "65:burnup",
    "65:overheat",
    "70:skyattack",
    "71:solarbeam",
    "100:acrobatics",
    "100:aerialace",
    "100:agility",
    "100:aircutter",
    "100:airslash",
    "100:bravebird",
    "100:confide",
    "100:defog",
    "100:doubleteam",
    "100:endure",
    "100:facade",
    "100:fireblast",
    "100:firespin",
    "100:flamecharge",
    "100:flamethrower",
    "100:flareblitz",
    "100:fly",
    "100:frustration",
    "100:gigaimpact",
    "100:heatwave",
    "100:helpinghand",
    "100:hiddenpower",
    "100:hurricane",
    "100:hyperbeam",
    "100:incinerate",
    "100:mysticalfire",
    "100:naturalgift",
    "100:overheat",
    "100:pluck",
    "100:protect",
    "100:raindance",
    "100:rest",
    "100:return",
    "100:roar",
    "100:rocksmash",
    "100:roost",
    "100:round",
    "100:safeguard",
    "100:sandstorm",
    "100:secretpower",
    "100:skydrop",
    "100:sleeptalk",
    "100:snore",
    "100:solarbeam",
    "100:steelwing",
    "100:substitute",
    "100:sunnyday",
    "100:swagger",
    "100:swift",
    "100:tailwind",
    "100:takedown",
    "100:terablast",
    "100:toxic",
    "100:uturn",
    "100:weatherball",
    "100:willowisp",
    "100:agility",
    "100:aircutter",
    "100:airslash",
    "100:ancientpower",
    "100:bide",
    "100:burningjealousy",
    "100:curse",
    "100:defog",
    "100:detect",
    "100:doubleedge",
    "100:doubleteam",
    "100:dualwingbeat",
    "100:ember",
    "100:endure",
    "100:extrasensory",
    "100:facade",
    "100:fireblast",
    "100:firespin",
    "100:flamethrower",
    "100:fly",
    "100:frustration",
    "100:headbutt",
    "100:heatwave",
    "100:hiddenpower",
    "100:hyperbeam",
    "100:laserfocus",
    "100:leer",
    "100:mimic",
    "100:morningsun",
    "100:mudslap",
    "100:ominouswind",
    "100:peck",
    "100:protect",
    "100:rage",
    "100:raindance",
    "100:razorwind",
    "100:reflect",
    "100:rest",
    "100:return",
    "100:roar",
    "100:rocksmash",
    "100:roost",
    "100:safeguard",
    "100:sandstorm",
    "100:scorchingsands",
    "100:skyattack",
    "100:sleeptalk",
    "100:snore",
    "100:solarbeam",
    "100:steelwing",
    "100:substitute",
    "100:sunnyday",
    "100:swagger",
    "100:swift",
    "100:tailwind",
    "100:takedown",
    "100:toxic",
    "100:twister",
    "100:uturn",
    "100:whirlwind",
    "100:willowisp",
    "100:wingattack"
  ],
  "labels": [
    "gen1",
    "legendary",
    "kanto_regional"
  ],
  "pokedex": [
    "cobblemon.species.moltres.desc"
  ],
  "evolutions": [],
  "baseScale": 1.6,
  "hitbox": {
    "width": 0.8,
    "height": 1.7,
    "fixed": false
  },
  "baseFriendship": 35,
  "evYield": {
    "hp": 0,
    "attack": 0,
    "defence": 0,
    "special_attack": 3,
    "special_defence": 0,
    "speed": 0
  },
  "height": 20,
  "weight": 600,
  "aspects": [],
  "cannotDynamax": false,
  "drops": {
    "amount": 6,
    "entries": [
      {
        "item": "minecraft:feather",
        "quantityRange": "2-4"
      },
      {
        "item": "minecraft:cooked_chicken"
      },
      {
        "item": "cobblemon:charcoal_stick"
      }
    ]
  }
}