{
  "implemented": true,
  "name": "Nidoqueen",
  "nationalPokedexNumber": 31,
  "primaryType": "poison",
  "secondaryType": "ground",
  "abilities": [
    "poisonpoint",
    "rivalry",
    "h:sheerforce"
  ],
  "baseStats": {
    "hp": 90,
    "attack": 92,
    "defence": 87,
    "special_attack": 75,
    "special_defence": 85,
    "speed": 76
  },
  "behaviour": {
    "resting": {
      "canSleep": true,
      "willSleepOnBed": false,
      "depth": "normal",
      "light": "0-4"
    }
  },
  "catchRate": 45,
  "maleRatio": 0,
  "shoulderMountable": false,
  "baseExperienceYield": 253,
  "experienceGroup": "medium_slow",
  "eggCycles": 20,
  "eggGroups": [
    "undiscovered"
  ],
  "drops": {
    "amount": 2,
    "entries": [
      {
        "item": "cobblemon:poison_barb",
        "percentage": 10.0
      },
      {
        "item": "cobblemon:pecha_berry",
        "percentage": 10.0
      }
    ]
  },
  "moves": [
    "1:bite",
    "1:crunch",
    "1:doublekick",
    "1:earthpower",
    "1:flatter",
    "1:furyswipes",
    "1:growl",
    "1:helpinghand",
    "1:poisonsting",
    "1:scratch",
    "1:superpower",
    "1:tailwhip",
    "1:toxic",
    "1:toxicspikes",
    "23:chipaway",
    "35:bodyslam",
    "100:aerialace",
    "100:attract",
    "100:avalanche",
    "100:beatup",
    "100:blizzard",
    "100:bodypress",
    "100:bodyslam",
    "100:brickbreak",
    "100:bulldoze",
    "100:captivate",
    "100:charm",
    "100:confide",
    "100:crunch",
    "100:cut",
    "100:dig",
    "100:doubleteam",
    "100:dragonpulse",
    "100:dragontail",
    "100:drillrun",
    "100:earthpower",
    "100:earthquake",
    "100:echoedvoice",
    "100:endure",
    "100:facade",
    "100:fireblast",
    "100:firepunch",
    "100:flamethrower",
    "100:fling",
    "100:focusblast",
    "100:focusenergy",
    "100:focuspunch",
    "100:frustration",
    "100:gigaimpact",
    "100:helpinghand",
    "100:hex",
    "100:hiddenpower",
    "100:highhorsepower",
    "100:honeclaws",
    "100:hyperbeam",
    "100:icebeam",
    "100:icepunch",
    "100:icywind",
    "100:incinerate",
    "100:irontail",
    "100:megakick",
    "100:megapunch",
    "100:mudshot",
    "100:naturalgift",
    "100:outrage",
    "100:payday",
    "100:poisonjab",
    "100:poweruppunch",
    "100:protect",
    "100:quash",
    "100:raindance",
    "100:rest",
    "100:return",
    "100:roar",
    "100:rockblast",
    "100:rockclimb",
    "100:rockslide",
    "100:rocksmash",
    "100:rocktomb",
    "100:round",
    "100:sandstorm",
    "100:sandtomb",
    "100:secretpower",
    "100:shadowball",
    "100:shadowclaw",
    "100:shockwave",
    "100:sleeptalk",
    "100:sludgebomb",
    "100:sludgewave",
    "100:smackdown",
    "100:snore",
    "100:stealthrock",
    "100:stompingtantrum",
    "100:stoneedge",
    "100:strength",
    "100:substitute",
    "100:sunnyday",
    "100:superpower",
    "100:surf",
    "100:swagger",
    "100:taunt",
    "100:thief",
    "100:throatchop",
    "100:thunder",
    "100:thunderbolt",
    "100:thunderpunch",
    "100:torment",
    "100:toxic",
    "100:toxicspikes",
    "100:uproar",
    "100:venomdrench",
    "100:venoshock",
    "100:waterpulse",
    "100:whirlpool",
    "100:aquatail",
    "100:attract",
    "100:bide",
    "100:blizzard",
    "100:bodyslam",
    "100:brickbreak",
    "100:bubblebeam",
    "100:counter",
    "100:curse",
    "100:defensecurl",
    "100:detect",
    "100:dig",
    "100:doubleedge",
    "100:doublekick",
    "100:doubleteam",
    "100:dragonpulse",
    "100:dragontail",
    "100:drillrun",
    "100:dynamicpunch",
    "100:earthpower",
    "100:earthquake",
    "100:endure",
    "100:facade",
    "100:fireblast",
    "100:firepunch",
    "100:fissure",
    "100:flamethrower",
    "100:focuspunch",
    "100:frustration",
    "100:furycutter",
    "100:growl",
    "100:headbutt",
    "100:helpinghand",
    "100:hiddenpower",
    "100:horndrill",
    "100:hyperbeam",
    "100:icebeam",
    "100:icepunch",
    "100:icywind",
    "100:irontail",
    "100:megakick",
    "100:megapunch",
    "100:mimic",
    "100:mudslap",
    "100:outrage",
    "100:payday",
    "100:poisonjab",
    "100:poisonsting",
    "100:protect",
    "100:rage",
    "100:raindance",
    "100:reflect",
    "100:rest",
    "100:return",
    "100:roar",
    "100:rockslide",
    "100:rocksmash",
    "100:sandstorm",
    "100:scorchingsands",
    "100:scratch",
    "100:seismictoss",
    "100:shadowball",
    "100:shockwave",
    "100:skullbash",
    "100:sleeptalk",
    "100:sludgebomb",
    "100:snore",
    "100:stealthrock",
    "100:stompingtantrum",
    "100:strength",
    "100:submission",
    "100:substitute",
    "100:sunnyday",
    "100:superfang",
    "100:superpower",
    "100:supersonic",
    "100:surf",
    "100:swagger",
    "100:tackle",
    "100:tailwhip",
    "100:takedown",
    "100:taunt",
    "100:thief",
    "100:throatchop",
    "100:thunder",
    "100:thunderbolt",
    "100:thunderpunch",
    "100:toxic",
    "100:uproar",
    "100:watergun",
    "100:waterpulse"
  ],
  "labels": [
    "gen1"
  ],
  "pokedex": [
    "cobblemon.species.nidoqueen.desc"
  ],
  "preEvolution": "nidorina",
  "evolutions": [],
  "baseScale": 1.2,
  "hitbox": {
    "width": 1.2,
    "height": 1.6,
    "fixed": false
  },
  "baseFriendship": 50,
  "evYield": {
    "hp": 3,
    "attack": 0,
    "defence": 0,
    "special_attack": 0,
    "special_defence": 0,
    "speed": 0
  },
  "height": 13,
  "weight": 600,
  "aspects": [],
  "cannotDynamax": false
}