{
  "implemented": true,
  "name": "Ninetales",
  "nationalPokedexNumber": 38,
  "primaryType": "fire",
  "abilities": [
    "flashfire",
    "h:drought"
  ],
  "baseStats": {
    "hp": 73,
    "attack": 76,
    "defence": 75,
    "special_attack": 81,
    "special_defence": 100,
    "speed": 100
  },
  "behaviour": {
    "resting": {
      "canSleep": true,
      "willSleepOnBed": false,
      "depth": "normal",
      "light": "0-4"
    }
  },
  "catchRate": 75,
  "maleRatio": 0.25,
  "shoulderMountable": false,
  "forms": [
    {
      "name": "Alola",
      "primaryType": "ice",
      "secondaryType": "fairy",
      "abilities": [
        "snowcloak",
        "h:snowwarning"
      ],
      "baseStats": {
        "hp": 73,
        "attack": 67,
        "defence": 75,
        "special_attack": 81,
        "special_defence": 100,
        "speed": 109
      },
      "catchRate": 75,
      "maleRatio": 0.25,
      "baseExperienceYield": 177,
      "baseFriendship": 50,
      "evYield": {
        "hp": 0,
        "attack": 0,
        "defence": 0,
        "special_attack": 0,
        "special_defence": 0,
        "speed": 2
      },
      "experienceGroup": "medium_fast",
      "eggCycles": 20,
      "eggGroups": [
        "field"
      ],
      "moves": [
        "1:aurorabeam",
        "1:auroraveil",
        "1:blizzard",
        "1:confuseray",
        "1:dazzlinggleam",
        "1:disable",
        "1:extrasensory",
        "1:grudge",
        "1:icebeam",
        "1:iceshard",
        "1:icywind",
        "1:imprison",
        "1:mist",
        "1:nastyplot",
        "1:powdersnow",
        "1:safeguard",
        "1:sheercold",
        "1:spite",
        "1:tailwhip",
        "100:agility",
        "100:attract",
        "100:auroraveil",
        "100:avalanche",
        "100:blizzard",
        "100:bodyslam",
        "100:calmmind",
        "100:charm",
        "100:confide",
        "100:darkpulse",
        "100:dazzlinggleam",
        "100:dig",
        "100:doubleteam",
        "100:drainingkiss",
        "100:dreameater",
        "100:encore",
        "100:endure",
        "100:facade",
        "100:faketears",
        "100:foulplay",
        "100:frostbreath",
        "100:frustration",
        "100:gigaimpact",
        "100:hail",
        "100:hex",
        "100:hiddenpower",
        "100:hyperbeam",
        "100:icebeam",
        "100:icywind",
        "100:imprison",
        "100:irontail",
        "100:mistyterrain",
        "100:nastyplot",
        "100:payback",
        "100:powerswap",
        "100:protect",
        "100:psychup",
        "100:psyshock",
        "100:raindance",
        "100:rest",
        "100:return",
        "100:roar",
        "100:round",
        "100:safeguard",
        "100:sleeptalk",
        "100:snore",
        "100:solarbeam",
        "100:storedpower",
        "100:substitute",
        "100:swagger",
        "100:swift",
        "100:tailslap",
        "100:toxic",
        "100:weatherball",
        "100:wonderroom",
        "100:zenheadbutt",
        "100:aquatail",
        "100:blizzard",
        "100:calmmind",
        "100:covet",
        "100:darkpulse",
        "100:dazzlinggleam",
        "100:dig",
        "100:dreameater",
        "100:facade",
        "100:foulplay",
        "100:headbutt",
        "100:healbell",
        "100:hyperbeam",
        "100:hypnosis",
        "100:icebeam",
        "100:iceshard",
        "100:icywind",
        "100:irontail",
        "100:laserfocus",
        "100:mist",
        "100:nastyplot",
        "100:painsplit",
        "100:protect",
        "100:reflect",
        "100:rest",
        "100:roleplay",
        "100:snore",
        "100:spite",
        "100:substitute",
        "100:tackle",
        "100:tailwhip",
        "100:toxic",
        "100:tripleaxel",
        "100:wonderroom",
        "100:zenheadbutt"
      ],
      "labels": [
        "gen7",
        "alola_regional"
      ],
      "aspects": [
        "alolan"
      ],
      "height": 11,
      "weight": 199,
      "preEvolution": "vulpix form=alola",
      "evolutions": [],
      "cannotDynamax": false,
      "battleOnly": false
    }
  ],
  "baseExperienceYield": 177,
  "experienceGroup": "medium_fast",
  "eggCycles": 20,
  "eggGroups": [
    "field"
  ],
  "drops": {
    "amount": 6,
    "entries": [
      {
        "item": "minecraft:sweet_berries",
        "quantityRange": "2-4"
      },
      {
        "item": "minecraft:charcoal",
        "percentage": 5.0
      },
      {
        "item": "cobblemon:rawst_berry",
        "percentage": 5.0
      }
    ]
  },
  "moves": [
    "1:confuseray",
    "1:disable",
    "1:ember",
    "1:extrasensory",
    "1:fireblast",
    "1:firespin",
    "1:flamethrower",
    "1:grudge",
    "1:imprison",
    "1:incinerate",
    "1:inferno",
    "1:nastyplot",
    "1:quickattack",
    "1:safeguard",
    "1:spite",
    "1:tailwhip",
    "1:willowisp",
    "100:agility",
    "100:attract",
    "100:bodyslam",
    "100:calmmind",
    "100:captivate",
    "100:confide",
    "100:darkpulse",
    "100:dig",
    "100:doubleteam",
    "100:dreameater",
    "100:encore",
    "100:endure",
    "100:energyball",
    "100:facade",
    "100:faketears",
    "100:fireblast",
    "100:firespin",
    "100:flamecharge",
    "100:flamethrower",
    "100:flareblitz",
    "100:foulplay",
    "100:frustration",
    "100:gigaimpact",
    "100:heatwave",
    "100:hex",
    "100:hiddenpower",
    "100:hyperbeam",
    "100:imprison",
    "100:incinerate",
    "100:irontail",
    "100:mysticalfire",
    "100:nastyplot",
    "100:naturalgift",
    "100:overheat",
    "100:payback",
    "100:powerswap",
    "100:protect",
    "100:psychup",
    "100:psyshock",
    "100:rest",
    "100:return",
    "100:roar",
    "100:round",
    "100:safeguard",
    "100:secretpower",
    "100:shadowball",
    "100:sleeptalk",
    "100:snore",
    "100:solarbeam",
    "100:storedpower",
    "100:substitute",
    "100:sunnyday",
    "100:swagger",
    "100:swift",
    "100:tailslap",
    "100:toxic",
    "100:weatherball",
    "100:willowisp",
    "100:zenheadbutt",
    "100:attract",
    "100:bide",
    "100:bodyslam",
    "100:burningjealousy",
    "100:calmmind",
    "100:confuseray",
    "100:covet",
    "100:curse",
    "100:darkpulse",
    "100:dig",
    "100:doubleedge",
    "100:doubleteam",
    "100:dreameater",
    "100:ember",
    "100:endure",
    "100:facade",
    "100:fireblast",
    "100:firespin",
    "100:flamethrower",
    "100:foulplay",
    "100:frustration",
    "100:headbutt",
    "100:heatwave",
    "100:hiddenpower",
    "100:hyperbeam",
    "100:hypnosis",
    "100:irontail",
    "100:laserfocus",
    "100:mimic",
    "100:nastyplot",
    "100:ominouswind",
    "100:painsplit",
    "100:protect",
    "100:psyshock",
    "100:quickattack",
    "100:rage",
    "100:reflect",
    "100:rest",
    "100:return",
    "100:roar",
    "100:roleplay",
    "100:safeguard",
    "100:scorchingsands",
    "100:skullbash",
    "100:sleeptalk",
    "100:snore",
    "100:solarbeam",
    "100:spite",
    "100:substitute",
    "100:sunnyday",
    "100:swagger",
    "100:swift",
    "100:tackle",
    "100:tailwhip",
    "100:takedown",
    "100:toxic",
    "100:willowisp",
    "100:zenheadbutt"
  ],
  "labels": [
    "gen1",
    "kanto_regional"
  ],
  "pokedex": [
    "cobblemon.species.ninetales.desc"
  ],
  "features": [
    "alolan"
  ],
  "preEvolution": "vulpix",
  "evolutions": [],
  "baseScale": 0.8,
  "hitbox": {
    "width": 1.1,
    "height": 1.5,
    "fixed": false
  },
  "baseFriendship": 50,
  "evYield": {
    "hp": 0,
    "attack": 0,
    "defence": 0,
    "special_attack": 0,
    "special_defence": 1,
    "speed": 1
  },
  "height": 11,
  "weight": 199,
  "aspects": [],
  "cannotDynamax": false
}