{
  "implemented": true,
  "name": "Oddish",
  "nationalPokedexNumber": 43,
  "primaryType": "grass",
  "secondaryType": "poison",
  "abilities": [
    "chlorophyll",
    "h:runaway"
  ],
  "drops": {
    "amount": 1,
    "entries": [
      {
        "item": "cobblemon:pecha_berry",
        "percentage": 2.5
      }
    ]
  },
  "baseStats": {
    "hp": 45,
    "attack": 50,
    "defence": 55,
    "special_attack": 75,
    "special_defence": 65,
    "speed": 30
  },
  "behaviour": {
    "resting": {
      "canSleep": true,
      "willSleepOnBed": false,
      "depth": "normal",
      "light": "0-4"
    }
  },
  "catchRate": 255,
  "maleRatio": 0.5,
  "shoulderMountable": false,
  "features": [
    "valencian"
  ],
  "baseExperienceYield": 64,
  "experienceGroup": "medium_slow",
  "eggCycles": 20,
  "eggGroups": [
    "grass"
  ],
  "moves": [
    "1:absorb",
    "1:growth",
    "4:acid",
    "8:sweetscent",
    "12:megadrain",
    "14:poisonpowder",
    "16:stunspore",
    "18:sleeppowder",
    "20:gigadrain",
    "23:luckychant",
    "24:toxic",
    "28:moonblast",
    "32:grassyterrain",
    "36:moonlight",
    "39:naturalgift",
    "40:petaldance",
    "100:afteryou",
    "100:charm",
    "100:flail",
    "100:ingrain",
    "100:leechseed",
    "100:naturepower",
    "100:razorleaf",
    "100:secretpower",
    "100:strengthsap",
    "100:swordsdance",
    "100:synthesis",
    "100:teeterdance",
    "100:tickle",
    "100:attract",
    "100:bulletseed",
    "100:captivate",
    "100:charm",
    "100:confide",
    "100:cut",
    "100:dazzlinggleam",
    "100:doubleteam",
    "100:endure",
    "100:energyball",
    "100:facade",
    "100:flash",
    "100:frustration",
    "100:gigadrain",
    "100:grassknot",
    "100:grassyterrain",
    "100:hiddenpower",
    "100:infestation",
    "100:naturalgift",
    "100:naturepower",
    "100:protect",
    "100:rest",
    "100:return",
    "100:round",
    "100:secretpower",
    "100:seedbomb",
    "100:sleeptalk",
    "100:sludgebomb",
    "100:snore",
    "100:solarbeam",
    "100:substitute",
    "100:sunnyday",
    "100:swagger",
    "100:swordsdance",
    "100:toxic",
    "100:venoshock",
    "100:absorb",
    "100:acid",
    "100:afteryou",
    "100:attract",
    "100:bide",
    "100:curse",
    "100:cut",
    "100:dazzlinggleam",
    "100:doubleedge",
    "100:doubleteam",
    "100:endure",
    "100:facade",
    "100:flail",
    "100:flash",
    "100:frustration",
    "100:gastroacid",
    "100:gigadrain",
    "100:grassyglide",
    "100:growth",
    "100:headbutt",
    "100:hiddenpower",
    "100:leechseed",
    "100:megadrain",
    "100:mimic",
    "100:moonblast",
    "100:moonlight",
    "100:petaldance",
    "100:poisonpowder",
    "100:protect",
    "100:rage",
    "100:razorleaf",
    "100:reflect",
    "100:rest",
    "100:return",
    "100:seedbomb",
    "100:sleeppowder",
    "100:sleeptalk",
    "100:sludgebomb",
    "100:snore",
    "100:solarbeam",
    "100:stunspore",
    "100:substitute",
    "100:sunnyday",
    "100:swagger",
    "100:sweetscent",
    "100:swordsdance",
    "100:synthesis",
    "100:takedown",
    "100:teeterdance",
    "100:toxic",
    "100:worryseed"
  ],
  "labels": [
    "gen1"
  ],
  "pokedex": [
    "cobblemon.species.oddish.desc"
  ],
  "evolutions": [
    {
      "id": "oddish_gloom",
      "variant": "level_up",
      "result": "gloom",
      "consumeHeldItem": false,
      "learnableMoves": [],
      "requirements": [
        {
          "variant": "level",
          "minLevel": 21
        }
      ]
    }
  ],
  "baseScale": 0.7,
  "hitbox": {
    "width": 0.6,
    "height": 1.1,
    "fixed": false
  },
  "baseFriendship": 50,
  "evYield": {
    "hp": 0,
    "attack": 0,
    "defence": 0,
    "special_attack": 1,
    "special_defence": 0,
    "speed": 0
  },
  "height": 5,
  "weight": 54,
  "aspects": [],
  "cannotDynamax": false
}