{
  "implemented": true,
  "name": "Paras",
  "nationalPokedexNumber": 46,
  "primaryType": "bug",
  "secondaryType": "grass",
  "abilities": [
    "effectspore",
    "dryskin",
    "h:damp"
  ],
  "baseStats": {
    "hp": 35,
    "attack": 70,
    "defence": 55,
    "special_attack": 45,
    "special_defence": 55,
    "speed": 25
  },
  "behaviour": {
    "resting": {
      "canSleep": true,
      "willSleepOnBed": false,
      "depth": "normal",
      "light": "0-4"
    }
  },
  "catchRate": 190,
  "maleRatio": 0.5,
  "shoulderMountable": false,
  "baseExperienceYield": 57,
  "experienceGroup": "medium_fast",
  "eggCycles": 20,
  "eggGroups": [
    "bug",
    "grass"
  ],
  "drops": {
    "amount": 3,
    "entries": [
      {
        "item": "minecraft:red_mushroom",
        "quantityRange": "0-2"
      },
      {
        "item": "cobblemon:coba_berry",
        "percentage": 2.5
      }
    ]
  },
  "moves": [
    "1:scratch",
    "6:poisonpowder",
    "6:stunspore",
    "11:absorb",
    "11:leechlife",
    "17:furycutter",
    "22:spore",
    "27:slash",
    "33:growth",
    "38:gigadrain",
    "43:aromatherapy",
    "49:ragepowder",
    "54:xscissor",
    "100:agility",
    "100:bugbite",
    "100:counter",
    "100:crosspoison",
    "100:endure",
    "100:falseswipe",
    "100:fellstinger",
    "100:flail",
    "100:grassyterrain",
    "100:leechseed",
    "100:lightscreen",
    "100:metalclaw",
    "100:naturalgift",
    "100:psybeam",
    "100:pursuit",
    "100:rototiller",
    "100:screech",
    "100:sweetscent",
    "100:wideguard",
    "100:aerialace",
    "100:attract",
    "100:brickbreak",
    "100:bulletseed",
    "100:captivate",
    "100:confide",
    "100:cut",
    "100:dig",
    "100:doubleteam",
    "100:endure",
    "100:energyball",
    "100:facade",
    "100:falseswipe",
    "100:flash",
    "100:frustration",
    "100:gigadrain",
    "100:grassknot",
    "100:hiddenpower",
    "100:honeclaws",
    "100:leechlife",
    "100:lightscreen",
    "100:naturalgift",
    "100:naturepower",
    "100:protect",
    "100:rest",
    "100:return",
    "100:rocksmash",
    "100:round",
    "100:secretpower",
    "100:sleeptalk",
    "100:sludgebomb",
    "100:solarbeam",
    "100:strugglebug",
    "100:substitute",
    "100:sunnyday",
    "100:swagger",
    "100:swordsdance",
    "100:thief",
    "100:toxic",
    "100:venoshock",
    "100:xscissor",
    "100:absorb",
    "100:afteryou",
    "100:attract",
    "100:bide",
    "100:bodyslam",
    "100:brickbreak",
    "100:bugbite",
    "100:counter",
    "100:crosspoison",
    "100:curse",
    "100:cut",
    "100:dig",
    "100:doubleedge",
    "100:doubleteam",
    "100:endure",
    "100:facade",
    "100:falseswipe",
    "100:flail",
    "100:flash",
    "100:frustration",
    "100:furycutter",
    "100:furyswipes",
    "100:gigadrain",
    "100:growth",
    "100:headbutt",
    "100:hiddenpower",
    "100:knockoff",
    "100:leechlife",
    "100:lightscreen",
    "100:megadrain",
    "100:mimic",
    "100:poisonpowder",
    "100:protect",
    "100:psybeam",
    "100:pursuit",
    "100:rage",
    "100:reflect",
    "100:refresh",
    "100:rest",
    "100:return",
    "100:rocksmash",
    "100:scratch",
    "100:screech",
    "100:seedbomb",
    "100:skullbash",
    "100:slash",
    "100:sleeppowder",
    "100:sleeptalk",
    "100:sludgebomb",
    "100:snore",
    "100:solarbeam",
    "100:spore",
    "100:stringshot",
    "100:stunspore",
    "100:substitute",
    "100:sunnyday",
    "100:swagger",
    "100:sweetscent",
    "100:swordsdance",
    "100:synthesis",
    "100:takedown",
    "100:thief",
    "100:toxic",
    "100:worryseed",
    "100:xscissor"
  ],
  "labels": [
    "gen1"
  ],
  "pokedex": [
    "cobblemon.species.paras.desc"
  ],
  "evolutions": [
    {
      "id": "paras_parasect",
      "variant": "level_up",
      "result": "parasect",
      "consumeHeldItem": false,
      "learnableMoves": [],
      "requirements": [
        {
          "variant": "level",
          "minLevel": 24
        }
      ]
    }
  ],
  "baseScale": 0.7,
  "hitbox": {
    "width": 1,
    "height": 0.5,
    "fixed": false
  },
  "baseFriendship": 70,
  "evYield": {
    "hp": 0,
    "attack": 1,
    "defence": 0,
    "special_attack": 0,
    "special_defence": 0,
    "speed": 0
  },
  "height": 3,
  "weight": 54,
  "aspects": [],
  "cannotDynamax": false
}