{
  "implemented": true,
  "name": "Parasect",
  "nationalPokedexNumber": 47,
  "primaryType": "bug",
  "secondaryType": "grass",
  "abilities": [
    "effectspore",
    "dryskin",
    "h:damp"
  ],
  "baseStats": {
    "hp": 60,
    "attack": 95,
    "defence": 80,
    "special_attack": 60,
    "special_defence": 80,
    "speed": 30
  },
  "behaviour": {
    "moving": {
      "canLook": false,
      "wanderChance": 20,
      "walking": {
        "walkSpeed": 0.45
      }
    },
    "resting": {
      "canSleep": true,
      "willSleepOnBed": false,
      "depth": "normal",
      "light": "0-4"
    }
  },
  "catchRate": 75,
  "maleRatio": 0.5,
  "shoulderMountable": false,
  "baseExperienceYield": 142,
  "experienceGroup": "medium_fast",
  "eggCycles": 20,
  "eggGroups": [
    "bug",
    "grass"
  ],
  "drops": {
    "amount": 2,
    "entries": [
      {
        "item": "minecraft:red_mushroom"
      },
      {
        "item": "cobblemon:coba_berry",
        "percentage": 5.0
      }
    ]
  },
  "moves": [
    "1:absorb",
    "1:crosspoison",
    "1:leechlife",
    "1:poisonpowder",
    "1:scratch",
    "1:stunspore",
    "17:furycutter",
    "22:spore",
    "29:slash",
    "37:growth",
    "44:gigadrain",
    "51:aromatherapy",
    "59:ragepowder",
    "66:xscissor",
    "100:aerialace",
    "100:attract",
    "100:brickbreak",
    "100:bulletseed",
    "100:captivate",
    "100:confide",
    "100:cut",
    "100:dig",
    "100:doubleteam",
    "100:endure",
    "100:energyball",
    "100:facade",
    "100:falseswipe",
    "100:flash",
    "100:frustration",
    "100:gigadrain",
    "100:gigaimpact",
    "100:grassknot",
    "100:hiddenpower",
    "100:honeclaws",
    "100:hyperbeam",
    "100:leechlife",
    "100:lightscreen",
    "100:naturalgift",
    "100:naturepower",
    "100:protect",
    "100:rest",
    "100:return",
    "100:rocksmash",
    "100:round",
    "100:secretpower",
    "100:sleeptalk",
    "100:sludgebomb",
    "100:solarbeam",
    "100:strugglebug",
    "100:substitute",
    "100:sunnyday",
    "100:swagger",
    "100:swordsdance",
    "100:thief",
    "100:toxic",
    "100:venoshock",
    "100:xscissor",
    "100:absorb",
    "100:afteryou",
    "100:attract",
    "100:bide",
    "100:bodyslam",
    "100:brickbreak",
    "100:bugbite",
    "100:counter",
    "100:curse",
    "100:cut",
    "100:dig",
    "100:doubleedge",
    "100:doubleteam",
    "100:endure",
    "100:facade",
    "100:flash",
    "100:frustration",
    "100:furycutter",
    "100:furyswipes",
    "100:gigadrain",
    "100:growth",
    "100:headbutt",
    "100:hiddenpower",
    "100:hyperbeam",
    "100:knockoff",
    "100:leechlife",
    "100:leechseed",
    "100:lightscreen",
    "100:megadrain",
    "100:mimic",
    "100:poisonpowder",
    "100:protect",
    "100:rage",
    "100:reflect",
    "100:rest",
    "100:return",
    "100:rocksmash",
    "100:scratch",
    "100:screech",
    "100:seedbomb",
    "100:skullbash",
    "100:slash",
    "100:sleeppowder",
    "100:sleeptalk",
    "100:sludgebomb",
    "100:snore",
    "100:solarbeam",
    "100:spore",
    "100:stringshot",
    "100:stunspore",
    "100:substitute",
    "100:sunnyday",
    "100:swagger",
    "100:sweetscent",
    "100:swordsdance",
    "100:synthesis",
    "100:takedown",
    "100:thief",
    "100:throatchop",
    "100:toxic",
    "100:worryseed",
    "100:xscissor"
  ],
  "labels": [
    "gen1"
  ],
  "pokedex": [
    "cobblemon.species.parasect.desc"
  ],
  "preEvolution": "paras",
  "evolutions": [],
  "baseScale": 0.8,
  "hitbox": {
    "width": 1.2,
    "height": 1.3,
    "fixed": false
  },
  "baseFriendship": 70,
  "evYield": {
    "hp": 0,
    "attack": 2,
    "defence": 1,
    "special_attack": 0,
    "special_defence": 0,
    "speed": 0
  },
  "height": 10,
  "weight": 295,
  "aspects": [],
  "cannotDynamax": false
}