{
  "implemented": true,
  "name": "Poliwag",
  "nationalPokedexNumber": 60,
  "primaryType": "water",
  "abilities": [
    "waterabsorb",
    "damp",
    "h:swiftswim"
  ],
  "drops": {
    "amount": 2,
    "entries": [
      {
        "item": "cobblemon:kings_rock",
        "percentage": 2.5
      },
      {
        "item": "cobblemon:chesto_berry",
        "percentage": 2.5
      }
    ]
  },
  "baseStats": {
    "hp": 40,
    "attack": 50,
    "defence": 40,
    "special_attack": 40,
    "special_defence": 40,
    "speed": 90
  },
  "catchRate": 255,
  "maleRatio": 0.5,
  "shoulderMountable": false,
  "baseExperienceYield": 60,
  "experienceGroup": "medium_slow",
  "eggCycles": 20,
  "eggGroups": [
    "water_1"
  ],
  "behaviour": {
    "moving": {
      "swim": {
        "canSwimInWater": true,
        "canBreatheUnderwater": true
      }
    },
    "resting": {
      "canSleep": true,
      "willSleepOnBed": false,
      "depth": "normal",
      "light": "0-4"
    }
  },
  "moves": [
    "1:hypnosis",
    "1:watergun",
    "1:watersport",
    "6:pound",
    "11:bubble",
    "12:mudshot",
    "15:doubleslap",
    "18:bubblebeam",
    "24:raindance",
    "30:bodyslam",
    "35:wakeupslap",
    "36:earthpower",
    "41:mudbomb",
    "42:hydropump",
    "48:bellydrum",
    "54:doubleedge",
    "100:bubblebeam",
    "100:encore",
    "100:endeavor",
    "100:endure",
    "100:haze",
    "100:iceball",
    "100:mindreader",
    "100:mist",
    "100:mudshot",
    "100:refresh",
    "100:splash",
    "100:waterpulse",
    "100:watersport",
    "100:attract",
    "100:blizzard",
    "100:bodyslam",
    "100:bulldoze",
    "100:captivate",
    "100:confide",
    "100:dig",
    "100:dive",
    "100:doubleteam",
    "100:earthpower",
    "100:encore",
    "100:endure",
    "100:facade",
    "100:frustration",
    "100:hail",
    "100:helpinghand",
    "100:hiddenpower",
    "100:hydropump",
    "100:icebeam",
    "100:icywind",
    "100:muddywater",
    "100:mudshot",
    "100:naturalgift",
    "100:protect",
    "100:psychic",
    "100:raindance",
    "100:rest",
    "100:return",
    "100:round",
    "100:scald",
    "100:secretpower",
    "100:sleeptalk",
    "100:snore",
    "100:substitute",
    "100:surf",
    "100:swagger",
    "100:thief",
    "100:toxic",
    "100:waterfall",
    "100:waterpulse",
    "100:whirlpool",
    "100:amnesia",
    "100:attract",
    "100:bellydrum",
    "100:bide",
    "100:blizzard",
    "100:bodyslam",
    "100:bubble",
    "100:bubblebeam",
    "100:curse",
    "100:defensecurl",
    "100:dig",
    "100:dive",
    "100:doubleedge",
    "100:doubleslap",
    "100:doubleteam",
    "100:endeavor",
    "100:endure",
    "100:facade",
    "100:frustration",
    "100:haze",
    "100:headbutt",
    "100:helpinghand",
    "100:hiddenpower",
    "100:hydropump",
    "100:hypnosis",
    "100:icebeam",
    "100:icywind",
    "100:lowkick",
    "100:mimic",
    "100:mindreader",
    "100:mist",
    "100:pound",
    "100:protect",
    "100:psychic",
    "100:psywave",
    "100:rage",
    "100:raindance",
    "100:rest",
    "100:return",
    "100:scald",
    "100:skullbash",
    "100:sleeptalk",
    "100:snore",
    "100:splash",
    "100:substitute",
    "100:surf",
    "100:swagger",
    "100:sweetkiss",
    "100:takedown",
    "100:thief",
    "100:toxic",
    "100:waterfall",
    "100:watergun",
    "100:waterpulse",
    "100:whirlpool"
  ],
  "labels": [
    "gen1"
  ],
  "pokedex": [
    "cobblemon.species.poliwag.desc"
  ],
  "evolutions": [
    {
      "id": "poliwag_poliwhirl",
      "variant": "level_up",
      "result": "poliwhirl",
      "consumeHeldItem": false,
      "learnableMoves": [],
      "requirements": [
        {
          "variant": "level",
          "minLevel": 25
        }
      ]
    }
  ],
  "baseScale": 0.8,
  "hitbox": {
    "width": 0.6,
    "height": 0.8,
    "fixed": false
  },
  "baseFriendship": 50,
  "evYield": {
    "hp": 0,
    "attack": 0,
    "defence": 0,
    "special_attack": 0,
    "special_defence": 0,
    "speed": 1
  },
  "height": 6,
  "weight": 124,
  "aspects": [],
  "cannotDynamax": false
}