{
  "implemented": true,
  "name": "Primeape",
  "nationalPokedexNumber": 57,
  "primaryType": "fighting",
  "abilities": [
    "vitalspirit",
    "angerpoint",
    "h:defiant"
  ],
  "baseStats": {
    "hp": 65,
    "attack": 105,
    "defence": 60,
    "special_attack": 60,
    "special_defence": 70,
    "speed": 95
  },
  "behaviour": {
    "resting": {
      "canSleep": true,
      "willSleepOnBed": false,
      "depth": "normal",
      "light": "0-4"
    }
  },
  "catchRate": 75,
  "maleRatio": 0.5,
  "shoulderMountable": false,
  "baseExperienceYield": 159,
  "experienceGroup": "medium_fast",
  "eggCycles": 20,
  "eggGroups": [
    "field"
  ],
  "drops": {
    "amount": 2,
    "entries": [
      {
        "item": "cobblemon:muscle_band",
        "percentage": 5.0
      },
      {
        "item": "cobblemon:payapa_berry",
        "percentage": 5.0
      }
    ]
  },
  "moves": [
    "1:fling",
    "1:focusenergy",
    "1:leer",
    "1:rage",
    "1:scratch",
    "5:furyswipes",
    "8:karatechop",
    "8:lowkick",
    "12:pursuit",
    "15:seismictoss",
    "17:swagger",
    "22:crosschop",
    "26:assurance",
    "30:punishment",
    "30:thrash",
    "35:ragefist",
    "39:closecombat",
    "44:screech",
    "48:stompingtantrum",
    "53:outrage",
    "57:finalgambit",
    "100:acrobatics",
    "100:aerialace",
    "100:attract",
    "100:bodyslam",
    "100:brickbreak",
    "100:bulkup",
    "100:bulldoze",
    "100:captivate",
    "100:closecombat",
    "100:confide",
    "100:dig",
    "100:doubleteam",
    "100:drainpunch",
    "100:earthquake",
    "100:encore",
    "100:endure",
    "100:facade",
    "100:firepunch",
    "100:fling",
    "100:focusblast",
    "100:focuspunch",
    "100:frustration",
    "100:gigaimpact",
    "100:gunkshot",
    "100:helpinghand",
    "100:hiddenpower",
    "100:honeclaws",
    "100:hyperbeam",
    "100:icepunch",
    "100:irontail",
    "100:lowkick",
    "100:lowsweep",
    "100:metronome",
    "100:naturalgift",
    "100:outrage",
    "100:overheat",
    "100:payback",
    "100:poisonjab",
    "100:poweruppunch",
    "100:protect",
    "100:raindance",
    "100:rest",
    "100:retaliate",
    "100:return",
    "100:reversal",
    "100:rockclimb",
    "100:rockslide",
    "100:rocksmash",
    "100:rocktomb",
    "100:round",
    "100:scaryface",
    "100:secretpower",
    "100:seedbomb",
    "100:shadowclaw",
    "100:sleeptalk",
    "100:smackdown",
    "100:stealthrock",
    "100:stompingtantrum",
    "100:stoneedge",
    "100:strength",
    "100:substitute",
    "100:sunnyday",
    "100:swagger",
    "100:swift",
    "100:takedown",
    "100:taunt",
    "100:terablast",
    "100:thief",
    "100:thunder",
    "100:thunderbolt",
    "100:thunderpunch",
    "100:toxic",
    "100:uturn",
    "100:workup",
    "100:attract",
    "100:bide",
    "100:bodyslam",
    "100:brickbreak",
    "100:bulkup",
    "100:counter",
    "100:covet",
    "100:crosschop",
    "100:curse",
    "100:defensecurl",
    "100:detect",
    "100:dig",
    "100:doubleedge",
    "100:doubleteam",
    "100:dualchop",
    "100:dynamicpunch",
    "100:earthquake",
    "100:encore",
    "100:endeavor",
    "100:endure",
    "100:facade",
    "100:firepunch",
    "100:focusenergy",
    "100:focuspunch",
    "100:frustration",
    "100:furyswipes",
    "100:gunkshot",
    "100:headbutt",
    "100:helpinghand",
    "100:hiddenpower",
    "100:hyperbeam",
    "100:icepunch",
    "100:irontail",
    "100:karatechop",
    "100:leer",
    "100:lowkick",
    "100:megakick",
    "100:megapunch",
    "100:metronome",
    "100:mimic",
    "100:mudslap",
    "100:outrage",
    "100:payday",
    "100:poisonjab",
    "100:protect",
    "100:psychup",
    "100:rage",
    "100:rest",
    "100:return",
    "100:reversal",
    "100:rockslide",
    "100:rocksmash",
    "100:roleplay",
    "100:scratch",
    "100:screech",
    "100:seedbomb",
    "100:seismictoss",
    "100:skullbash",
    "100:sleeptalk",
    "100:snore",
    "100:spite",
    "100:stompingtantrum",
    "100:strength",
    "100:submission",
    "100:substitute",
    "100:sunnyday",
    "100:swagger",
    "100:swift",
    "100:takedown",
    "100:taunt",
    "100:thief",
    "100:thrash",
    "100:throatchop",
    "100:thunder",
    "100:thunderbolt",
    "100:thunderpunch",
    "100:toxic",
    "100:uproar",
    "100:uturn",
    "100:vacuumwave"
  ],
  "labels": [
    "gen1"
  ],
  "pokedex": [
    "cobblemon.species.primeape.desc"
  ],
  "preEvolution": "mankey",
  "evolutions": [
    {
      "id": "primeape_annihilape",
      "variant": "level_up",
      "result": "annihilape",
      "consumeHeldItem": false,
      "learnableMoves": [],
      "requirements": [
        {
          "variant": "use_move",
          "move": "ragefist",
          "amount": 20
        }
      ]
    }
  ],
  "baseScale": 1.1,
  "hitbox": {
    "width": 0.7,
    "height": 1.1,
    "fixed": false
  },
  "baseFriendship": 70,
  "evYield": {
    "hp": 0,
    "attack": 2,
    "defence": 0,
    "special_attack": 0,
    "special_defence": 0,
    "speed": 0
  },
  "height": 10,
  "weight": 320,
  "aspects": [],
  "cannotDynamax": false
}