{
  "implemented": true,
  "name": "Rhydon",
  "nationalPokedexNumber": 112,
  "primaryType": "ground",
  "secondaryType": "rock",
  "abilities": [
    "lightningrod",
    "rockhead",
    "h:reckless"
  ],
  "baseStats": {
    "hp": 105,
    "attack": 130,
    "defence": 120,
    "special_attack": 45,
    "special_defence": 45,
    "speed": 40
  },
  "catchRate": 60,
  "maleRatio": 0.5,
  "shoulderMountable": false,
  "baseExperienceYield": 170,
  "experienceGroup": "slow",
  "eggCycles": 20,
  "eggGroups": [
    "monster",
    "field"
  ],
  "drops": {
    "amount": 2,
    "entries": [
      {
        "item": "cobblemon:protector",
        "percentage": 5.0
      },
      {
        "item": "cobblemon:passho_berry",
        "percentage": 5.0
      }
    ]
  },
  "moves": [
    "1:bulldoze",
    "1:furyattack",
    "1:hammerarm",
    "1:smackdown",
    "1:tackle",
    "1:tailwhip",
    "15:hornattack",
    "20:scaryface",
    "25:chipaway",
    "25:stomp",
    "30:rockblast",
    "35:drillrun",
    "40:takedown",
    "47:earthquake",
    "54:stoneedge",
    "61:megahorn",
    "68:horndrill",
    "100:attract",
    "100:avalanche",
    "100:blizzard",
    "100:bodypress",
    "100:bodyslam",
    "100:breakingswipe",
    "100:brickbreak",
    "100:brutalswing",
    "100:bulldoze",
    "100:captivate",
    "100:confide",
    "100:crunch",
    "100:cut",
    "100:dig",
    "100:doubleteam",
    "100:dragonpulse",
    "100:dragontail",
    "100:drillrun",
    "100:earthpower",
    "100:earthquake",
    "100:endure",
    "100:facade",
    "100:fireblast",
    "100:firefang",
    "100:firepunch",
    "100:flamethrower",
    "100:fling",
    "100:focusblast",
    "100:focuspunch",
    "100:frustration",
    "100:gigaimpact",
    "100:heatcrash",
    "100:heavyslam",
    "100:helpinghand",
    "100:hiddenpower",
    "100:highhorsepower",
    "100:hydropump",
    "100:hyperbeam",
    "100:icebeam",
    "100:icefang",
    "100:icepunch",
    "100:icywind",
    "100:incinerate",
    "100:irondefense",
    "100:irontail",
    "100:megahorn",
    "100:megakick",
    "100:megapunch",
    "100:mudshot",
    "100:naturalgift",
    "100:outrage",
    "100:payback",
    "100:payday",
    "100:poisonjab",
    "100:poweruppunch",
    "100:protect",
    "100:raindance",
    "100:rest",
    "100:return",
    "100:reversal",
    "100:roar",
    "100:rockblast",
    "100:rockclimb",
    "100:rockpolish",
    "100:rockslide",
    "100:rocksmash",
    "100:rocktomb",
    "100:round",
    "100:sandstorm",
    "100:scaryface",
    "100:secretpower",
    "100:shadowclaw",
    "100:shockwave",
    "100:sleeptalk",
    "100:smackdown",
    "100:smartstrike",
    "100:snore",
    "100:stealthrock",
    "100:stompingtantrum",
    "100:stoneedge",
    "100:strength",
    "100:substitute",
    "100:sunnyday",
    "100:superpower",
    "100:surf",
    "100:swagger",
    "100:swordsdance",
    "100:thief",
    "100:thunder",
    "100:thunderbolt",
    "100:thunderfang",
    "100:thunderpunch",
    "100:toxic",
    "100:uproar",
    "100:whirlpool",
    "100:ancientpower",
    "100:aquatail",
    "100:attract",
    "100:bide",
    "100:blizzard",
    "100:block",
    "100:bodyslam",
    "100:brickbreak",
    "100:bubblebeam",
    "100:counter",
    "100:crunch",
    "100:curse",
    "100:dig",
    "100:doubleedge",
    "100:doubleteam",
    "100:dragonpulse",
    "100:dragontail",
    "100:drillrun",
    "100:dynamicpunch",
    "100:earthpower",
    "100:earthquake",
    "100:endeavor",
    "100:endure",
    "100:facade",
    "100:fireblast",
    "100:firepunch",
    "100:fissure",
    "100:flamethrower",
    "100:focuspunch",
    "100:frustration",
    "100:furyattack",
    "100:furycutter",
    "100:headbutt",
    "100:helpinghand",
    "100:hiddenpower",
    "100:hornattack",
    "100:horndrill",
    "100:hyperbeam",
    "100:icebeam",
    "100:icepunch",
    "100:icywind",
    "100:irontail",
    "100:leer",
    "100:megahorn",
    "100:megakick",
    "100:megapunch",
    "100:meteorbeam",
    "100:mimic",
    "100:mudslap",
    "100:outrage",
    "100:payday",
    "100:poisonjab",
    "100:protect",
    "100:rage",
    "100:rest",
    "100:return",
    "100:roar",
    "100:rockslide",
    "100:rocksmash",
    "100:rockthrow",
    "100:rollout",
    "100:sandattack",
    "100:sandstorm",
    "100:scaryface",
    "100:scorchingsands",
    "100:seismictoss",
    "100:shockwave",
    "100:skullbash",
    "100:sleeptalk",
    "100:snore",
    "100:spite",
    "100:stealthrock",
    "100:stomp",
    "100:stompingtantrum",
    "100:strength",
    "100:submission",
    "100:substitute",
    "100:sunnyday",
    "100:superpower",
    "100:surf",
    "100:swagger",
    "100:swordsdance",
    "100:tailwhip",
    "100:takedown",
    "100:thunder",
    "100:thunderbolt",
    "100:thunderpunch",
    "100:toxic",
    "100:uproar",
    "100:watergun",
    "100:zapcannon"
  ],
  "labels": [
    "gen1"
  ],
  "pokedex": [
    "cobblemon.species.rhydon.desc"
  ],
  "preEvolution": "rhyhorn",
  "evolutions": [
    {
      "id": "rhydon_rhyperior",
      "variant": "trade",
      "result": "rhyperior",
      "consumeHeldItem": true,
      "learnableMoves": [],
      "requirements": [
        {
          "variant": "held_item",
          "itemCondition": "cobblemon:protector"
        }
      ]
    }
  ],
  "baseScale": 1.3,
  "hitbox": {
    "width": 1.1,
    "height": 1.7,
    "fixed": false
  },
  "baseFriendship": 50,
  "evYield": {
    "hp": 0,
    "attack": 2,
    "defence": 0,
    "special_attack": 0,
    "special_defence": 0,
    "speed": 0
  },
  "height": 19,
  "weight": 1200,
  "aspects": [],
  "cannotDynamax": false
}