{
  "implemented": true,
  "name": "Sandshrew",
  "nationalPokedexNumber": 27,
  "primaryType": "ground",
  "abilities": [
    "sandveil",
    "h:sandrush"
  ],
  "drops": {
    "amount": 2,
    "entries": [
      {
        "item": "cobblemon:quick_claw",
        "percentage": 2.5
      },
      {
        "item": "cobblemon:soft_sand",
        "percentage": 2.5
      }
    ]
  },
  "baseStats": {
    "hp": 50,
    "attack": 75,
    "defence": 85,
    "special_attack": 20,
    "special_defence": 30,
    "speed": 40
  },
  "behaviour": {
    "moving": {
      "walk": {
        "walkSpeed": 0.29
      }
    },
    "resting": {
      "canSleep": true,
      "willSleepOnBed": false,
      "depth": "normal",
      "light": "0-4"
    }
  },
  "catchRate": 255,
  "maleRatio": 0.5,
  "shoulderMountable": false,
  "forms": [
    {
      "name": "Alola",
      "primaryType": "ice",
      "secondaryType": "steel",
      "abilities": [
        "snowcloak",
        "h:slushrush"
      ],
      "baseStats": {
        "hp": 50,
        "attack": 75,
        "defence": 90,
        "special_attack": 10,
        "special_defence": 35,
        "speed": 40
      },
      "catchRate": 255,
      "maleRatio": 0.5,
      "baseExperienceYield": 60,
      "baseFriendship": 50,
      "evYield": {
        "hp": 0,
        "attack": 0,
        "defence": 1,
        "special_attack": 0,
        "special_defence": 0,
        "speed": 0
      },
      "experienceGroup": "medium_fast",
      "eggCycles": 20,
      "eggGroups": [
        "field"
      ],
      "moves": [
        "1:defensecurl",
        "1:scratch",
        "3:bide",
        "3:mist",
        "6:powdersnow",
        "7:iceball",
        "9:rollout",
        "12:furycutter",
        "15:rapidspin",
        "18:metalclaw",
        "21:swift",
        "24:furyswipes",
        "27:irondefense",
        "30:slash",
        "33:ironhead",
        "36:gyroball",
        "39:swordsdance",
        "42:hail",
        "45:blizzard",
        "100:amnesia",
        "100:chipaway",
        "100:counter",
        "100:crushclaw",
        "100:curse",
        "100:endure",
        "100:flail",
        "100:honeclaws",
        "100:iciclecrash",
        "100:iciclespear",
        "100:metalclaw",
        "100:nightslash",
        "100:aerialace",
        "100:amnesia",
        "100:attract",
        "100:auroraveil",
        "100:avalanche",
        "100:blizzard",
        "100:bodyslam",
        "100:brickbreak",
        "100:bulldoze",
        "100:confide",
        "100:dig",
        "100:doubleteam",
        "100:earthquake",
        "100:endure",
        "100:facade",
        "100:fling",
        "100:frostbreath",
        "100:frustration",
        "100:gyroball",
        "100:hail",
        "100:hiddenpower",
        "100:icepunch",
        "100:iciclespear",
        "100:icywind",
        "100:irondefense",
        "100:ironhead",
        "100:irontail",
        "100:leechlife",
        "100:poisonjab",
        "100:protect",
        "100:rest",
        "100:return",
        "100:rockslide",
        "100:rocktomb",
        "100:round",
        "100:safeguard",
        "100:shadowclaw",
        "100:sleeptalk",
        "100:snore",
        "100:stealthrock",
        "100:substitute",
        "100:sunnyday",
        "100:swagger",
        "100:swift",
        "100:swordsdance",
        "100:thief",
        "100:throatchop",
        "100:toxic",
        "100:workup",
        "100:xscissor",
        "100:aquatail",
        "100:bide",
        "100:blizzard",
        "100:brickbreak",
        "100:covet",
        "100:defensecurl",
        "100:dig",
        "100:earthquake",
        "100:facade",
        "100:focuspunch",
        "100:furyswipes",
        "100:headbutt",
        "100:iceball",
        "100:icebeam",
        "100:icepunch",
        "100:iceshard",
        "100:icywind",
        "100:irondefense",
        "100:ironhead",
        "100:irontail",
        "100:knockoff",
        "100:mirrorcoat",
        "100:poisonjab",
        "100:powdersnow",
        "100:protect",
        "100:rapidspin",
        "100:rest",
        "100:rockslide",
        "100:scratch",
        "100:seismictoss",
        "100:slash",
        "100:snore",
        "100:stealthrock",
        "100:steelbeam",
        "100:steelroller",
        "100:substitute",
        "100:superfang",
        "100:swift",
        "100:swordsdance",
        "100:throatchop",
        "100:toxic",
        "100:tripleaxel",
        "100:xscissor"
      ],
      "labels": [
        "gen7",
        "alola_regional"
      ],
      "aspects": [
        "alolan"
      ],
      "height": 7,
      "weight": 400,
      "evolutions": [
        {
          "id": "sandshrew_sandslash",
          "variant": "item_interact",
          "result": "sandslash form=alola",
          "consumeHeldItem": false,
          "learnableMoves": [
            "iciclespear"
          ],
          "requirements": [],
          "requiredContext": "cobblemon:ice_stone"
        }
      ],
      "cannotDynamax": false,
      "battleOnly": false
    }
  ],
  "baseExperienceYield": 60,
  "experienceGroup": "medium_fast",
  "eggCycles": 20,
  "eggGroups": [
    "field"
  ],
  "moves": [
    "1:defensecurl",
    "1:scratch",
    "3:poisonsting",
    "6:sandattack",
    "9:rollout",
    "12:furycutter",
    "14:magnitude",
    "15:rapidspin",
    "18:bulldoze",
    "21:swift",
    "23:sandtomb",
    "24:furyswipes",
    "27:agility",
    "30:slash",
    "33:dig",
    "36:gyroball",
    "39:swordsdance",
    "42:sandstorm",
    "45:earthquake",
    "100:chipaway",
    "100:counter",
    "100:crushclaw",
    "100:endure",
    "100:flail",
    "100:honeclaws",
    "100:metalclaw",
    "100:mudshot",
    "100:mudslap",
    "100:nightslash",
    "100:rapidspin",
    "100:rockclimb",
    "100:rockslide",
    "100:rototiller",
    "100:safeguard",
    "100:swordsdance",
    "100:aerialace",
    "100:agility",
    "100:amnesia",
    "100:attract",
    "100:bodyslam",
    "100:brickbreak",
    "100:bulldoze",
    "100:captivate",
    "100:confide",
    "100:cut",
    "100:dig",
    "100:doubleteam",
    "100:earthpower",
    "100:earthquake",
    "100:endure",
    "100:facade",
    "100:fling",
    "100:focuspunch",
    "100:frustration",
    "100:gyroball",
    "100:hiddenpower",
    "100:honeclaws",
    "100:irontail",
    "100:leechlife",
    "100:mudshot",
    "100:naturalgift",
    "100:poisonjab",
    "100:protect",
    "100:rest",
    "100:return",
    "100:rockclimb",
    "100:rockslide",
    "100:rocksmash",
    "100:rocktomb",
    "100:round",
    "100:safeguard",
    "100:sandstorm",
    "100:sandtomb",
    "100:secretpower",
    "100:shadowclaw",
    "100:sleeptalk",
    "100:snore",
    "100:stealthrock",
    "100:stompingtantrum",
    "100:strength",
    "100:substitute",
    "100:sunnyday",
    "100:swagger",
    "100:swift",
    "100:swordsdance",
    "100:thief",
    "100:throatchop",
    "100:toxic",
    "100:workup",
    "100:xscissor",
    "100:attract",
    "100:bide",
    "100:bodyslam",
    "100:brickbreak",
    "100:counter",
    "100:covet",
    "100:curse",
    "100:cut",
    "100:defensecurl",
    "100:detect",
    "100:dig",
    "100:doubleedge",
    "100:doubleteam",
    "100:dynamicpunch",
    "100:earthpower",
    "100:earthquake",
    "100:endure",
    "100:facade",
    "100:fissure",
    "100:flail",
    "100:focuspunch",
    "100:frustration",
    "100:furycutter",
    "100:furyswipes",
    "100:headbutt",
    "100:hiddenpower",
    "100:irontail",
    "100:knockoff",
    "100:metalclaw",
    "100:mimic",
    "100:mudslap",
    "100:poisonjab",
    "100:poisonsting",
    "100:protect",
    "100:rage",
    "100:rapidspin",
    "100:rest",
    "100:return",
    "100:rockslide",
    "100:rocksmash",
    "100:rollout",
    "100:safeguard",
    "100:sandattack",
    "100:sandstorm",
    "100:scorchingsands",
    "100:scratch",
    "100:seismictoss",
    "100:skullbash",
    "100:slash",
    "100:sleeptalk",
    "100:snore",
    "100:stealthrock",
    "100:steelroller",
    "100:stompingtantrum",
    "100:strength",
    "100:submission",
    "100:substitute",
    "100:sunnyday",
    "100:superfang",
    "100:swagger",
    "100:swift",
    "100:swordsdance",
    "100:takedown",
    "100:thief",
    "100:toxic",
    "100:xscissor"
  ],
  "labels": [
    "gen1",
    "kanto_regional"
  ],
  "pokedex": [
    "cobblemon.species.sandshrew.desc"
  ],
  "evolutions": [
    {
      "id": "sandshrew_sandslash",
      "variant": "level_up",
      "result": "sandslash",
      "consumeHeldItem": false,
      "learnableMoves": [],
      "requirements": [
        {
          "variant": "level",
          "minLevel": 22
        }
      ]
    }
  ],
  "baseScale": 0.7,
  "hitbox": {
    "width": 0.8,
    "height": 1,
    "fixed": false
  },
  "baseFriendship": 50,
  "evYield": {
    "hp": 0,
    "attack": 0,
    "defence": 1,
    "special_attack": 0,
    "special_defence": 0,
    "speed": 0
  },
  "height": 6,
  "weight": 120,
  "aspects": [],
  "cannotDynamax": false
}