{
  "implemented": true,
  "name": "Scyther",
  "nationalPokedexNumber": 123,
  "primaryType": "bug",
  "secondaryType": "flying",
  "abilities": [
    "swarm",
    "technician",
    "h:steadfast"
  ],
  "baseStats": {
    "hp": 70,
    "attack": 110,
    "defence": 80,
    "special_attack": 55,
    "special_defence": 80,
    "speed": 105
  },
  "catchRate": 45,
  "maleRatio": 0.5,
  "shoulderMountable": false,
  "baseExperienceYield": 100,
  "experienceGroup": "medium_fast",
  "eggCycles": 25,
  "eggGroups": [
    "bug"
  ],
  "behaviour": {
    "moving": {
      "fly": {
        "canFly": true
      }
    }
  },
  "moves": [
    "1:leer",
    "1:quickattack",
    "1:vacuumwave",
    "4:furycutter",
    "8:falseswipe",
    "9:pursuit",
    "12:wingattack",
    "16:doubleteam",
    "20:doublehit",
    "24:slash",
    "28:focusenergy",
    "32:agility",
    "33:razorwind",
    "36:airslash",
    "40:xscissor",
    "44:laserfocus",
    "44:swordsdance",
    "45:nightslash",
    "61:feint",
    "100:batonpass",
    "100:bugbuzz",
    "100:counter",
    "100:defog",
    "100:endure",
    "100:feint",
    "100:lightscreen",
    "100:nightslash",
    "100:quickguard",
    "100:razorwind",
    "100:reversal",
    "100:safeguard",
    "100:silverwind",
    "100:steelwing",
    "100:acrobatics",
    "100:aerialace",
    "100:agility",
    "100:aircutter",
    "100:airslash",
    "100:assurance",
    "100:attract",
    "100:batonpass",
    "100:brickbreak",
    "100:brutalswing",
    "100:bugbuzz",
    "100:captivate",
    "100:closecombat",
    "100:confide",
    "100:crosspoison",
    "100:cut",
    "100:defog",
    "100:doubleteam",
    "100:endure",
    "100:facade",
    "100:falseswipe",
    "100:focusenergy",
    "100:frustration",
    "100:gigaimpact",
    "100:helpinghand",
    "100:hiddenpower",
    "100:hyperbeam",
    "100:lightscreen",
    "100:naturalgift",
    "100:pounce",
    "100:protect",
    "100:psychocut",
    "100:raindance",
    "100:rest",
    "100:return",
    "100:reversal",
    "100:rocksmash",
    "100:roost",
    "100:round",
    "100:safeguard",
    "100:scaryface",
    "100:secretpower",
    "100:silverwind",
    "100:sleeptalk",
    "100:snore",
    "100:steelwing",
    "100:strugglebug",
    "100:substitute",
    "100:sunnyday",
    "100:swagger",
    "100:swift",
    "100:swordsdance",
    "100:tailwind",
    "100:takedown",
    "100:terablast",
    "100:thief",
    "100:toxic",
    "100:trailblaze",
    "100:uturn",
    "100:xscissor",
    "100:agility",
    "100:airslash",
    "100:attract",
    "100:batonpass",
    "100:bide",
    "100:brickbreak",
    "100:bugbite",
    "100:counter",
    "100:curse",
    "100:cut",
    "100:defog",
    "100:detect",
    "100:doubleedge",
    "100:doubleteam",
    "100:dualwingbeat",
    "100:endure",
    "100:facade",
    "100:falseswipe",
    "100:feint",
    "100:focusenergy",
    "100:frustration",
    "100:furycutter",
    "100:headbutt",
    "100:hiddenpower",
    "100:hyperbeam",
    "100:knockoff",
    "100:laserfocus",
    "100:leer",
    "100:lightscreen",
    "100:mimic",
    "100:morningsun",
    "100:ominouswind",
    "100:protect",
    "100:pursuit",
    "100:quickattack",
    "100:rage",
    "100:razorwind",
    "100:rest",
    "100:return",
    "100:reversal",
    "100:rocksmash",
    "100:roost",
    "100:safeguard",
    "100:silverwind",
    "100:skullbash",
    "100:slash",
    "100:sleeptalk",
    "100:snore",
    "100:steelwing",
    "100:substitute",
    "100:sunnyday",
    "100:swagger",
    "100:swift",
    "100:swordsdance",
    "100:tailwind",
    "100:takedown",
    "100:thief",
    "100:toxic",
    "100:uturn",
    "100:wingattack",
    "100:xscissor"
  ],
  "labels": [
    "gen1"
  ],
  "pokedex": [
    "cobblemon.species.scyther.desc"
  ],
  "evolutions": [
    {
      "id": "scyther_scizor",
      "variant": "trade",
      "result": "scizor",
      "consumeHeldItem": true,
      "learnableMoves": [],
      "requirements": [
        {
          "variant": "held_item",
          "itemCondition": "cobblemon:metal_coat"
        }
      ]
    },
    {
      "id": "scyther_kleavor",
      "variant": "item_interact",
      "result": "kleavor",
      "consumeHeldItem": false,
      "learnableMoves": [],
      "requirements": [],
      "requiredContext": "cobblemon:black_augurite"
    }
  ],
  "baseScale": 0.8,
  "hitbox": {
    "width": 0.9,
    "height": 2,
    "fixed": false
  },
  "baseFriendship": 50,
  "evYield": {
    "hp": 0,
    "attack": 1,
    "defence": 0,
    "special_attack": 0,
    "special_defence": 0,
    "speed": 0
  },
  "height": 15,
  "weight": 560,
  "aspects": [],
  "cannotDynamax": false,
  "drops": {
    "amount": 1,
    "entries": [
      {
        "item": "cobblemon:wepear_berry",
        "percentage": 2.5
      }
    ]
  }
}