{
  "implemented": true,
  "name": "Slowbro",
  "nationalPokedexNumber": 80,
  "primaryType": "water",
  "secondaryType": "psychic",
  "abilities": [
    "oblivious",
    "owntempo",
    "h:regenerator"
  ],
  "drops": {
    "amount": 2,
    "entries": [
      {
        "item": "cobblemon:kings_rock",
        "percentage": 5.0
      },
      {
        "item": "cobblemon:chesto_berry",
        "percentage": 5.0
      }
    ]
  },
  "baseStats": {
    "hp": 95,
    "attack": 75,
    "defence": 110,
    "special_attack": 100,
    "special_defence": 80,
    "speed": 30
  },
  "catchRate": 75,
  "maleRatio": 0.5,
  "shoulderMountable": false,
  "forms": [
    {
      "name": "Mega",
      "primaryType": "water",
      "secondaryType": "psychic",
      "abilities": [
        "shellarmor"
      ],
      "baseStats": {
        "hp": 95,
        "attack": 75,
        "defence": 180,
        "special_attack": 130,
        "special_defence": 80,
        "speed": 30
      },
      "catchRate": 75,
      "maleRatio": 0.5,
      "baseExperienceYield": 172,
      "baseFriendship": 50,
      "evYield": {
        "hp": 0,
        "attack": 0,
        "defence": 2,
        "special_attack": 0,
        "special_defence": 0,
        "speed": 0
      },
      "experienceGroup": "medium_fast",
      "eggCycles": 20,
      "eggGroups": [
        "monster",
        "water_1"
      ],
      "labels": [
        "gen6",
        "mega"
      ],
      "aspects": [
        "mega"
      ],
      "height": 20,
      "weight": 1200,
      "evolutions": [],
      "cannotDynamax": false,
      "battleOnly": true
    },
    {
      "name": "Galar",
      "primaryType": "poison",
      "secondaryType": "psychic",
      "abilities": [
        "quickdraw",
        "owntempo",
        "h:regenerator"
      ],
      "baseStats": {
        "hp": 95,
        "attack": 100,
        "defence": 95,
        "special_attack": 100,
        "special_defence": 70,
        "speed": 30
      },
      "catchRate": 75,
      "maleRatio": 0.5,
      "baseExperienceYield": 172,
      "baseFriendship": 50,
      "evYield": {
        "hp": 0,
        "attack": 2,
        "defence": 0,
        "special_attack": 0,
        "special_defence": 0,
        "speed": 0
      },
      "experienceGroup": "medium_fast",
      "eggCycles": 20,
      "eggGroups": [
        "monster",
        "water_1"
      ],
      "moves": [
        "1:acid",
        "1:curse",
        "1:growl",
        "1:tackle",
        "1:watergun",
        "1:withdraw",
        "9:yawn",
        "12:confusion",
        "15:disable",
        "18:waterpulse",
        "21:headbutt",
        "24:zenheadbutt",
        "27:amnesia",
        "30:surf",
        "33:slackoff",
        "36:psychic",
        "39:psychup",
        "42:raindance",
        "45:healpulse",
        "100:acidspray",
        "100:amnesia",
        "100:attract",
        "100:avalanche",
        "100:blizzard",
        "100:bodypress",
        "100:bodyslam",
        "100:brickbreak",
        "100:brine",
        "100:brutalswing",
        "100:bulldoze",
        "100:calmmind",
        "100:chillingwater",
        "100:dig",
        "100:dive",
        "100:drainpunch",
        "100:earthquake",
        "100:endure",
        "100:facade",
        "100:fireblast",
        "100:flamethrower",
        "100:fling",
        "100:focusblast",
        "100:foulplay",
        "100:futuresight",
        "100:gigaimpact",
        "100:grassknot",
        "100:gunkshot",
        "100:hail",
        "100:helpinghand",
        "100:hydropump",
        "100:hyperbeam",
        "100:icebeam",
        "100:icefang",
        "100:icepunch",
        "100:icywind",
        "100:imprison",
        "100:irondefense",
        "100:irontail",
        "100:lightscreen",
        "100:liquidation",
        "100:megakick",
        "100:megapunch",
        "100:metronome",
        "100:muddywater",
        "100:mudshot",
        "100:nastyplot",
        "100:payday",
        "100:poisonjab",
        "100:powergem",
        "100:protect",
        "100:psybeam",
        "100:psychic",
        "100:psychicterrain",
        "100:psyshock",
        "100:raindance",
        "100:razorshell",
        "100:rest",
        "100:rockblast",
        "100:round",
        "100:safeguard",
        "100:sandstorm",
        "100:scald",
        "100:scaryface",
        "100:shadowball",
        "100:skillswap",
        "100:sleeptalk",
        "100:sludgebomb",
        "100:sludgewave",
        "100:snore",
        "100:snowscape",
        "100:storedpower",
        "100:substitute",
        "100:sunnyday",
        "100:surf",
        "100:swift",
        "100:takedown",
        "100:terablast",
        "100:thunderwave",
        "100:triattack",
        "100:trick",
        "100:trickroom",
        "100:venoshock",
        "100:waterfall",
        "100:waterpulse",
        "100:weatherball",
        "100:whirlpool",
        "100:wonderroom",
        "100:zenheadbutt",
        "100:expandingforce"
      ],
      "labels": [
        "gen8",
        "galar_regional"
      ],
      "aspects": [
        "galarian"
      ],
      "height": 16,
      "weight": 705,
      "preEvolution": "slowpoke form=galar",
      "evolutions": [],
      "cannotDynamax": false,
      "battleOnly": false
    }
  ],
  "baseExperienceYield": 172,
  "experienceGroup": "medium_fast",
  "eggCycles": 20,
  "eggGroups": [
    "monster",
    "water_1"
  ],
  "behaviour": {
    "moving": {
      "swim": {
        "swimSpeed": 0.08,
        "canSwimInWater": true,
        "canBreatheUnderwater": true
      },
      "walk": {
        "walkSpeed": 0.15
      }
    }
  },
  "moves": [
    "1:curse",
    "1:futuresight",
    "1:growl",
    "1:tackle",
    "1:watergun",
    "1:withdraw",
    "9:yawn",
    "12:confusion",
    "15:disable",
    "18:waterpulse",
    "21:headbutt",
    "24:zenheadbutt",
    "27:amnesia",
    "30:surf",
    "33:slackoff",
    "36:psychic",
    "41:psychup",
    "46:raindance",
    "51:healpulse",
    "100:aerialace",
    "100:amnesia",
    "100:attract",
    "100:avalanche",
    "100:blizzard",
    "100:bodypress",
    "100:bodyslam",
    "100:brickbreak",
    "100:brine",
    "100:bulldoze",
    "100:calmmind",
    "100:captivate",
    "100:chillingwater",
    "100:confide",
    "100:dig",
    "100:dive",
    "100:doubleteam",
    "100:drainpunch",
    "100:dreameater",
    "100:earthquake",
    "100:echoedvoice",
    "100:endure",
    "100:facade",
    "100:fireblast",
    "100:flamethrower",
    "100:flash",
    "100:fling",
    "100:focusblast",
    "100:focuspunch",
    "100:foulplay",
    "100:frustration",
    "100:futuresight",
    "100:gigaimpact",
    "100:grassknot",
    "100:hail",
    "100:helpinghand",
    "100:hiddenpower",
    "100:hydropump",
    "100:hyperbeam",
    "100:icebeam",
    "100:icepunch",
    "100:icywind",
    "100:imprison",
    "100:incinerate",
    "100:irondefense",
    "100:irontail",
    "100:lightscreen",
    "100:liquidation",
    "100:megakick",
    "100:megapunch",
    "100:metronome",
    "100:muddywater",
    "100:mudshot",
    "100:nastyplot",
    "100:naturalgift",
    "100:payday",
    "100:protect",
    "100:psybeam",
    "100:psychic",
    "100:psychicterrain",
    "100:psychup",
    "100:psyshock",
    "100:raindance",
    "100:razorshell",
    "100:recycle",
    "100:rest",
    "100:return",
    "100:rocksmash",
    "100:round",
    "100:safeguard",
    "100:scald",
    "100:secretpower",
    "100:shadowball",
    "100:skillswap",
    "100:sleeptalk",
    "100:snore",
    "100:snowscape",
    "100:storedpower",
    "100:strength",
    "100:substitute",
    "100:sunnyday",
    "100:surf",
    "100:swagger",
    "100:swift",
    "100:takedown",
    "100:telekinesis",
    "100:terablast",
    "100:thunderwave",
    "100:toxic",
    "100:triattack",
    "100:trick",
    "100:trickroom",
    "100:waterfall",
    "100:waterpulse",
    "100:weatherball",
    "100:whirlpool",
    "100:wonderroom",
    "100:zenheadbutt",
    "100:afteryou",
    "100:amnesia",
    "100:aquatail",
    "100:attract",
    "100:bide",
    "100:blizzard",
    "100:block",
    "100:bodyslam",
    "100:brickbreak",
    "100:bubblebeam",
    "100:calmmind",
    "100:confusion",
    "100:counter",
    "100:curse",
    "100:dig",
    "100:disable",
    "100:dive",
    "100:doubleedge",
    "100:doubleteam",
    "100:drainpunch",
    "100:dreameater",
    "100:dynamicpunch",
    "100:earthquake",
    "100:endure",
    "100:expandingforce",
    "100:facade",
    "100:fireblast",
    "100:fissure",
    "100:flamethrower",
    "100:flash",
    "100:focuspunch",
    "100:foulplay",
    "100:frustration",
    "100:furycutter",
    "100:growl",
    "100:headbutt",
    "100:hiddenpower",
    "100:hyperbeam",
    "100:icebeam",
    "100:icepunch",
    "100:icywind",
    "100:irondefense",
    "100:irontail",
    "100:lightscreen",
    "100:magiccoat",
    "100:megakick",
    "100:megapunch",
    "100:mimic",
    "100:mudslap",
    "100:nightmare",
    "100:payday",
    "100:protect",
    "100:psychic",
    "100:psychup",
    "100:psywave",
    "100:rage",
    "100:raindance",
    "100:recycle",
    "100:reflect",
    "100:rest",
    "100:return",
    "100:rocksmash",
    "100:scald",
    "100:seismictoss",
    "100:shadowball",
    "100:signalbeam",
    "100:skillswap",
    "100:skullbash",
    "100:slackoff",
    "100:sleeptalk",
    "100:snore",
    "100:stomp",
    "100:strength",
    "100:submission",
    "100:substitute",
    "100:sunnyday",
    "100:surf",
    "100:swagger",
    "100:swift",
    "100:tackle",
    "100:takedown",
    "100:telekinesis",
    "100:teleport",
    "100:thunderwave",
    "100:toxic",
    "100:triattack",
    "100:trick",
    "100:trickroom",
    "100:watergun",
    "100:waterpulse",
    "100:withdraw",
    "100:wonderroom",
    "100:yawn",
    "100:zapcannon",
    "100:zenheadbutt"
  ],
  "labels": [
    "gen1",
    "kanto_regional"
  ],
  "pokedex": [
    "cobblemon.species.slowbro.desc"
  ],
  "preEvolution": "slowpoke",
  "evolutions": [],
  "baseScale": 1.3,
  "hitbox": {
    "width": 0.8,
    "height": 1.3,
    "fixed": false
  },
  "baseFriendship": 50,
  "evYield": {
    "hp": 0,
    "attack": 0,
    "defence": 2,
    "special_attack": 0,
    "special_defence": 0,
    "speed": 0
  },
  "height": 16,
  "weight": 785,
  "aspects": [],
  "cannotDynamax": false
}