{
  "implemented": true,
  "name": "Snorlax",
  "nationalPokedexNumber": 143,
  "primaryType": "normal",
  "abilities": [
    "immunity",
    "thickfat",
    "h:gluttony"
  ],
  "baseStats": {
    "hp": 160,
    "attack": 110,
    "defence": 65,
    "special_attack": 65,
    "special_defence": 110,
    "speed": 30
  },
  "catchRate": 25,
  "maleRatio": 0.875,
  "shoulderMountable": false,
  "forms": [
    {
      "name": "Gmax",
      "primaryType": "normal",
      "abilities": [
        "immunity",
        "thickfat",
        "h:gluttony"
      ],
      "baseStats": {
        "hp": 160,
        "attack": 110,
        "defence": 65,
        "special_attack": 65,
        "special_defence": 110,
        "speed": 30
      },
      "catchRate": 25,
      "maleRatio": 0.875,
      "baseExperienceYield": 189,
      "baseFriendship": 50,
      "evYield": {
        "hp": 2,
        "attack": 0,
        "defence": 0,
        "special_attack": 0,
        "special_defence": 0,
        "speed": 0
      },
      "experienceGroup": "slow",
      "eggCycles": 40,
      "eggGroups": [
        "monster"
      ],
      "labels": [
        "gen8",
        "gmax"
      ],
      "aspects": [
        "gmax"
      ],
      "height": 350,
      "weight": 0,
      "evolutions": [],
      "cannotDynamax": false,
      "battleOnly": false
    }
  ],
  "baseExperienceYield": 189,
  "experienceGroup": "slow",
  "eggCycles": 40,
  "eggGroups": [
    "monster"
  ],
  "drops": {
    "amount": 8,
    "entries": [
      {
        "item": "minecraft:apple",
        "quantityRange": "0-3"
      },
      {
        "item": "minecraft:apple",
        "quantityRange": "0-3"
      },
      {
        "item": "cobblemon:chesto_berry",
        "percentage": 5.0
      },
      {
        "item": "cobblemon:leftovers",
        "percentage": 5.0
      }
    ]
  },
  "moves": [
    "1:block",
    "1:covet",
    "1:defensecurl",
    "1:flail",
    "1:fling",
    "1:lastresort",
    "1:lick",
    "1:metronome",
    "1:recycle",
    "1:screech",
    "1:stockpile",
    "1:swallow",
    "1:tackle",
    "12:yawn",
    "16:bite",
    "17:chipaway",
    "17:headbutt",
    "20:rest",
    "20:sleeptalk",
    "20:snore",
    "24:crunch",
    "28:bodyslam",
    "32:heavyslam",
    "36:amnesia",
    "36:rollout",
    "40:highhorsepower",
    "44:hammerarm",
    "48:bellydrum",
    "51:hyperbeam",
    "52:belch",
    "56:gigaimpact",
    "100:afteryou",
    "100:belch",
    "100:charm",
    "100:counter",
    "100:curse",
    "100:doubleedge",
    "100:fissure",
    "100:gastroacid",
    "100:lick",
    "100:naturalgift",
    "100:poweruppunch",
    "100:pursuit",
    "100:substitute",
    "100:whirlwind",
    "100:amnesia",
    "100:attract",
    "100:blizzard",
    "100:bodypress",
    "100:bodyslam",
    "100:brickbreak",
    "100:bulldoze",
    "100:captivate",
    "100:charm",
    "100:confide",
    "100:crunch",
    "100:darkestlariat",
    "100:doubleteam",
    "100:earthquake",
    "100:encore",
    "100:endure",
    "100:facade",
    "100:fireblast",
    "100:firepunch",
    "100:flamethrower",
    "100:fling",
    "100:focusblast",
    "100:focuspunch",
    "100:frustration",
    "100:gigaimpact",
    "100:gunkshot",
    "100:heatcrash",
    "100:heavyslam",
    "100:hiddenpower",
    "100:highhorsepower",
    "100:hydropump",
    "100:hyperbeam",
    "100:hypervoice",
    "100:icebeam",
    "100:icepunch",
    "100:icywind",
    "100:incinerate",
    "100:ironhead",
    "100:megakick",
    "100:megapunch",
    "100:metronome",
    "100:naturalgift",
    "100:outrage",
    "100:payday",
    "100:poweruppunch",
    "100:protect",
    "100:psychic",
    "100:raindance",
    "100:recycle",
    "100:rest",
    "100:retaliate",
    "100:return",
    "100:rockclimb",
    "100:rockslide",
    "100:rocksmash",
    "100:rocktomb",
    "100:round",
    "100:sandstorm",
    "100:screech",
    "100:secretpower",
    "100:seedbomb",
    "100:selfdestruct",
    "100:shadowball",
    "100:shockwave",
    "100:sleeptalk",
    "100:smackdown",
    "100:snore",
    "100:solarbeam",
    "100:stompingtantrum",
    "100:strength",
    "100:substitute",
    "100:sunnyday",
    "100:superpower",
    "100:surf",
    "100:swagger",
    "100:thunder",
    "100:thunderbolt",
    "100:thunderpunch",
    "100:toxic",
    "100:uproar",
    "100:waterpulse",
    "100:whirlpool",
    "100:wildcharge",
    "100:workup",
    "100:zenheadbutt",
    "100:afteryou",
    "100:amnesia",
    "100:attract",
    "100:bellydrum",
    "100:bide",
    "100:blizzard",
    "100:block",
    "100:bodyslam",
    "100:brickbreak",
    "100:bubblebeam",
    "100:celebrate",
    "100:counter",
    "100:covet",
    "100:crunch",
    "100:curse",
    "100:defensecurl",
    "100:doubleedge",
    "100:doubleteam",
    "100:dynamicpunch",
    "100:earthquake",
    "100:endure",
    "100:facade",
    "100:fireblast",
    "100:firepunch",
    "100:fissure",
    "100:flamethrower",
    "100:focuspunch",
    "100:frustration",
    "100:gunkshot",
    "100:harden",
    "100:headbutt",
    "100:hiddenpower",
    "100:hyperbeam",
    "100:hypervoice",
    "100:icebeam",
    "100:icepunch",
    "100:icywind",
    "100:ironhead",
    "100:lastresort",
    "100:lick",
    "100:megakick",
    "100:megapunch",
    "100:metronome",
    "100:mimic",
    "100:mudslap",
    "100:outrage",
    "100:payday",
    "100:protect",
    "100:psychic",
    "100:psychup",
    "100:psywave",
    "100:rage",
    "100:raindance",
    "100:recycle",
    "100:reflect",
    "100:refresh",
    "100:rest",
    "100:return",
    "100:rockslide",
    "100:rocksmash",
    "100:rollout",
    "100:sandstorm",
    "100:screech",
    "100:seedbomb",
    "100:seismictoss",
    "100:selfdestruct",
    "100:shadowball",
    "100:shockwave",
    "100:skullbash",
    "100:sleeptalk",
    "100:snatch",
    "100:snore",
    "100:solarbeam",
    "100:steelroller",
    "100:stompingtantrum",
    "100:strength",
    "100:submission",
    "100:substitute",
    "100:sunnyday",
    "100:superpower",
    "100:surf",
    "100:swagger",
    "100:tackle",
    "100:takedown",
    "100:terrainpulse",
    "100:thunder",
    "100:thunderbolt",
    "100:thunderpunch",
    "100:toxic",
    "100:watergun",
    "100:waterpulse",
    "100:yawn",
    "100:zapcannon",
    "100:zenheadbutt"
  ],
  "labels": [
    "gen1"
  ],
  "pokedex": [
    "cobblemon.species.snorlax.desc"
  ],
  "preEvolution": "munchlax",
  "evolutions": [],
  "baseScale": 2,
  "hitbox": {
    "width": 1.2,
    "height": 1.7,
    "fixed": false
  },
  "baseFriendship": 50,
  "evYield": {
    "hp": 2,
    "attack": 0,
    "defence": 0,
    "special_attack": 0,
    "special_defence": 0,
    "speed": 0
  },
  "height": 21,
  "weight": 4600,
  "aspects": [],
  "cannotDynamax": false
}