{
  "implemented": true,
  "name": "Tentacruel",
  "nationalPokedexNumber": 73,
  "primaryType": "water",
  "secondaryType": "poison",
  "abilities": [
    "clearbody",
    "liquidooze",
    "h:raindish"
  ],
  "baseStats": {
    "hp": 80,
    "attack": 70,
    "defence": 65,
    "special_attack": 80,
    "special_defence": 120,
    "speed": 100
  },
  "catchRate": 60,
  "maleRatio": 0.5,
  "shoulderMountable": false,
  "baseExperienceYield": 180,
  "experienceGroup": "slow",
  "eggCycles": 20,
  "eggGroups": [
    "water_3"
  ],
  "behaviour": {
    "moving": {
      "walk": {
        "avoidsLand": true
      },
      "swim": {
        "swimSpeed": 0.2,
        "canSwimInWater": true,
        "canBreatheUnderwater": true
      }
    }
  },
  "resting": {
    "canSleep": true,
    "willSleepOnBed": false,
    "depth": "normal",
    "light": "0-4"
  },
  "drops": {
    "amount": 10,
    "entries": [
      {
        "item": "minecraft:ink_sac",
        "quantityRange": "2-4"
      },
      {
        "item": "minecraft:glow_ink_sac",
        "quantityRange": "2-4",
        "percentage": 10.0
      },
      {
        "item": "cobblemon:poison_barb",
        "percentage": 5.0
      }
    ]
  },
  "moves": [
    "1:acid",
    "1:constrict",
    "1:poisonsting",
    "1:reflecttype",
    "1:watergun",
    "1:wrap",
    "1:wringout",
    "12:supersonic",
    "13:toxicspikes",
    "16:waterpulse",
    "20:screech",
    "22:acidspray",
    "24:bubblebeam",
    "28:barrier",
    "28:hex",
    "34:acidarmor",
    "36:brine",
    "40:poisonjab",
    "46:surf",
    "52:sludgewave",
    "58:hydropump",
    "100:attract",
    "100:blizzard",
    "100:brine",
    "100:brutalswing",
    "100:captivate",
    "100:confide",
    "100:crosspoison",
    "100:cut",
    "100:dazzlinggleam",
    "100:dive",
    "100:doubleteam",
    "100:endure",
    "100:facade",
    "100:frustration",
    "100:gigadrain",
    "100:gigaimpact",
    "100:hail",
    "100:hex",
    "100:hiddenpower",
    "100:hydropump",
    "100:hyperbeam",
    "100:icebeam",
    "100:icywind",
    "100:infestation",
    "100:muddywater",
    "100:naturalgift",
    "100:payback",
    "100:poisonjab",
    "100:protect",
    "100:raindance",
    "100:rest",
    "100:return",
    "100:round",
    "100:safeguard",
    "100:scald",
    "100:screech",
    "100:secretpower",
    "100:sleeptalk",
    "100:sludgebomb",
    "100:sludgewave",
    "100:snore",
    "100:substitute",
    "100:surf",
    "100:swagger",
    "100:swordsdance",
    "100:thief",
    "100:toxic",
    "100:toxicspikes",
    "100:venomdrench",
    "100:venoshock",
    "100:waterfall",
    "100:waterpulse",
    "100:whirlpool",
    "100:acid",
    "100:attract",
    "100:barrier",
    "100:bide",
    "100:bind",
    "100:blizzard",
    "100:bubblebeam",
    "100:constrict",
    "100:corrosivegas",
    "100:curse",
    "100:cut",
    "100:dazzlinggleam",
    "100:dive",
    "100:doubleedge",
    "100:doubleteam",
    "100:endure",
    "100:facade",
    "100:frustration",
    "100:gigadrain",
    "100:haze",
    "100:headbutt",
    "100:hiddenpower",
    "100:hydropump",
    "100:hyperbeam",
    "100:icebeam",
    "100:icywind",
    "100:knockoff",
    "100:magiccoat",
    "100:megadrain",
    "100:mimic",
    "100:mirrorcoat",
    "100:poisonjab",
    "100:poisonsting",
    "100:protect",
    "100:rage",
    "100:raindance",
    "100:reflect",
    "100:rest",
    "100:return",
    "100:scald",
    "100:screech",
    "100:skullbash",
    "100:sleeptalk",
    "100:sludgebomb",
    "100:snore",
    "100:substitute",
    "100:supersonic",
    "100:surf",
    "100:swagger",
    "100:swordsdance",
    "100:takedown",
    "100:toxic",
    "100:waterfall",
    "100:watergun",
    "100:waterpulse",
    "100:whirlpool",
    "100:wrap"
  ],
  "labels": [
    "gen1"
  ],
  "pokedex": [
    "cobblemon.species.tentacruel.desc"
  ],
  "preEvolution": "tentacool",
  "evolutions": [],
  "baseScale": 0.9,
  "hitbox": {
    "width": 1.2,
    "height": 2.45,
    "fixed": false
  },
  "baseFriendship": 50,
  "evYield": {
    "hp": 0,
    "attack": 0,
    "defence": 0,
    "special_attack": 0,
    "special_defence": 2,
    "speed": 0
  },
  "height": 16,
  "weight": 550,
  "aspects": [],
  "cannotDynamax": false
}