{
  "implemented": true,
  "name": "Vaporeon",
  "nationalPokedexNumber": 134,
  "primaryType": "water",
  "abilities": [
    "waterabsorb",
    "h:hydration"
  ],
  "drops": {
    "amount": 2,
    "entries": [
      {
        "item": "cobblemon:water_stone",
        "percentage": 25.0
      },
      {
        "item": "cobblemon:mystic_water",
        "percentage": 10.0
      }
    ]
  },
  "baseStats": {
    "hp": 130,
    "attack": 65,
    "defence": 60,
    "special_attack": 110,
    "special_defence": 95,
    "speed": 65
  },
  "catchRate": 45,
  "maleRatio": 0.875,
  "shoulderMountable": false,
  "baseExperienceYield": 184,
  "experienceGroup": "medium_fast",
  "eggCycles": 35,
  "eggGroups": [
    "field"
  ],
  "behaviour": {
    "moving": {
      "swim": {
        "canSwimInWater": true,
        "canBreatheUnderwater": true
      }
    }
  },
  "moves": [
    "1:batonpass",
    "1:bite",
    "1:charm",
    "1:copycat",
    "1:covet",
    "1:doubleedge",
    "1:growl",
    "1:helpinghand",
    "1:swift",
    "1:tackle",
    "1:tailwhip",
    "1:takedown",
    "1:watergun",
    "5:sandattack",
    "10:quickattack",
    "15:babydolleyes",
    "20:haze",
    "25:waterpulse",
    "30:aurorabeam",
    "35:aquaring",
    "40:muddywater",
    "45:acidarmor",
    "50:hydropump",
    "55:lastresort",
    "100:attract",
    "100:batonpass",
    "100:blizzard",
    "100:bodyslam",
    "100:brine",
    "100:calmmind",
    "100:captivate",
    "100:charm",
    "100:chillingwater",
    "100:confide",
    "100:dig",
    "100:dive",
    "100:doubleteam",
    "100:echoedvoice",
    "100:endure",
    "100:facade",
    "100:faketears",
    "100:focusenergy",
    "100:frustration",
    "100:gigaimpact",
    "100:hail",
    "100:helpinghand",
    "100:hiddenpower",
    "100:hydropump",
    "100:hyperbeam",
    "100:hypervoice",
    "100:icebeam",
    "100:icywind",
    "100:irontail",
    "100:liquidation",
    "100:muddywater",
    "100:mudslap",
    "100:naturalgift",
    "100:payday",
    "100:protect",
    "100:raindance",
    "100:rest",
    "100:retaliate",
    "100:return",
    "100:roar",
    "100:rocksmash",
    "100:round",
    "100:scald",
    "100:secretpower",
    "100:shadowball",
    "100:sleeptalk",
    "100:snore",
    "100:storedpower",
    "100:strength",
    "100:substitute",
    "100:sunnyday",
    "100:surf",
    "100:swagger",
    "100:swift",
    "100:takedown",
    "100:terablast",
    "100:toxic",
    "100:trailblaze",
    "100:waterfall",
    "100:waterpulse",
    "100:weatherball",
    "100:whirlpool",
    "100:workup",
    "100:acidarmor",
    "100:aquatail",
    "100:attract",
    "100:aurorabeam",
    "100:bide",
    "100:bite",
    "100:blizzard",
    "100:bodyslam",
    "100:bubblebeam",
    "100:celebrate",
    "100:covet",
    "100:curse",
    "100:detect",
    "100:dig",
    "100:dive",
    "100:doubleedge",
    "100:doublekick",
    "100:doubleteam",
    "100:endure",
    "100:facade",
    "100:flipturn",
    "100:frustration",
    "100:growl",
    "100:haze",
    "100:headbutt",
    "100:healbell",
    "100:helpinghand",
    "100:hiddenpower",
    "100:hydropump",
    "100:hyperbeam",
    "100:hypervoice",
    "100:icebeam",
    "100:icywind",
    "100:irontail",
    "100:laserfocus",
    "100:lastresort",
    "100:mimic",
    "100:mist",
    "100:mudslap",
    "100:payday",
    "100:protect",
    "100:quickattack",
    "100:rage",
    "100:raindance",
    "100:reflect",
    "100:rest",
    "100:return",
    "100:roar",
    "100:sandattack",
    "100:scald",
    "100:shadowball",
    "100:signalbeam",
    "100:skullbash",
    "100:sleeptalk",
    "100:snore",
    "100:substitute",
    "100:sunnyday",
    "100:surf",
    "100:swagger",
    "100:swift",
    "100:tackle",
    "100:tailwhip",
    "100:takedown",
    "100:toxic",
    "100:waterfall",
    "100:watergun",
    "100:waterpulse",
    "100:whirlpool",
    "100:yawn"
  ],
  "labels": [
    "gen1"
  ],
  "pokedex": [
    "cobblemon.species.vaporeon.desc"
  ],
  "preEvolution": "eevee",
  "evolutions": [],
  "baseScale": 0.8,
  "hitbox": {
    "width": 0.9,
    "height": 1,
    "fixed": false
  },
  "baseFriendship": 50,
  "evYield": {
    "hp": 2,
    "attack": 0,
    "defence": 0,
    "special_attack": 0,
    "special_defence": 0,
    "speed": 0
  },
  "height": 10,
  "weight": 290,
  "aspects": [],
  "cannotDynamax": false
}