{
  "implemented": true,
  "name": "Venusaur",
  "nationalPokedexNumber": 3,
  "primaryType": "grass",
  "secondaryType": "poison",
  "abilities": [
    "overgrow",
    "h:chlorophyll"
  ],
  "baseStats": {
    "hp": 80,
    "attack": 82,
    "defence": 83,
    "special_attack": 100,
    "special_defence": 100,
    "speed": 80
  },
  "behaviour": {
    "resting": {
      "canSleep": true,
      "depth": "normal",
      "light": "0-4"
    },
    "moving": {
      "walk": {
        "walkSpeed": 0.3
      }
    }
  },
  "catchRate": 45,
  "maleRatio": 0.875,
  "shoulderMountable": false,
  "forms": [
    {
      "name": "Mega",
      "primaryType": "grass",
      "secondaryType": "poison",
      "abilities": [
        "thickfat"
      ],
      "baseStats": {
        "hp": 80,
        "attack": 100,
        "defence": 123,
        "special_attack": 122,
        "special_defence": 120,
        "speed": 80
      },
      "catchRate": 45,
      "maleRatio": 0.875,
      "baseExperienceYield": 263,
      "baseFriendship": 50,
      "evYield": {
        "hp": 0,
        "attack": 0,
        "defence": 0,
        "special_attack": 2,
        "special_defence": 1,
        "speed": 0
      },
      "experienceGroup": "medium_slow",
      "eggCycles": 20,
      "eggGroups": [
        "monster",
        "grass"
      ],
      "labels": [
        "gen6",
        "mega"
      ],
      "aspects": [
        "mega"
      ],
      "height": 24,
      "weight": 1555,
      "evolutions": [],
      "cannotDynamax": false,
      "battleOnly": true
    },
    {
      "name": "Gmax",
      "primaryType": "grass",
      "secondaryType": "poison",
      "abilities": [
        "overgrow",
        "h:chlorophyll"
      ],
      "baseStats": {
        "hp": 80,
        "attack": 82,
        "defence": 83,
        "special_attack": 100,
        "special_defence": 100,
        "speed": 80
      },
      "catchRate": 45,
      "maleRatio": 0.875,
      "baseExperienceYield": 263,
      "baseFriendship": 50,
      "evYield": {
        "hp": 0,
        "attack": 0,
        "defence": 0,
        "special_attack": 2,
        "special_defence": 1,
        "speed": 0
      },
      "experienceGroup": "medium_slow",
      "eggCycles": 20,
      "eggGroups": [
        "monster",
        "grass"
      ],
      "labels": [
        "gen8",
        "gmax"
      ],
      "aspects": [
        "gmax"
      ],
      "height": 20,
      "weight": 0,
      "evolutions": [],
      "cannotDynamax": false,
      "battleOnly": false
    }
  ],
  "baseExperienceYield": 263,
  "experienceGroup": "medium_slow",
  "eggCycles": 20,
  "eggGroups": [
    "monster",
    "grass"
  ],
  "drops": {
    "amount": 2,
    "entries": [
      {
        "item": "minecraft:wheat_seeds"
      },
      {
        "item": "cobblemon:coba_berry",
        "percentage": 2.5
      }
    ]
  },
  "moves": [
    "1:growl",
    "1:growth",
    "1:petaldance",
    "1:tackle",
    "1:vinewhip",
    "9:leechseed",
    "12:razorleaf",
    "15:poisonpowder",
    "15:sleeppowder",
    "20:seedbomb",
    "25:takedown",
    "30:sweetscent",
    "37:synthesis",
    "44:worryseed",
    "50:petalblizzard",
    "51:doubleedge",
    "58:solarbeam",
    "100:amnesia",
    "100:attract",
    "100:bodyslam",
    "100:bulldoze",
    "100:bulletseed",
    "100:captivate",
    "100:charm",
    "100:confide",
    "100:cut",
    "100:doubleteam",
    "100:earthpower",
    "100:earthquake",
    "100:echoedvoice",
    "100:endure",
    "100:energyball",
    "100:facade",
    "100:falseswipe",
    "100:flash",
    "100:frustration",
    "100:gigadrain",
    "100:gigaimpact",
    "100:grassknot",
    "100:grassyterrain",
    "100:helpinghand",
    "100:hiddenpower",
    "100:hyperbeam",
    "100:leafstorm",
    "100:lightscreen",
    "100:magicalleaf",
    "100:naturalgift",
    "100:naturepower",
    "100:outrage",
    "100:powerwhip",
    "100:protect",
    "100:rest",
    "100:return",
    "100:roar",
    "100:rockclimb",
    "100:rocksmash",
    "100:round",
    "100:safeguard",
    "100:secretpower",
    "100:seedbomb",
    "100:sleeptalk",
    "100:sludgebomb",
    "100:snore",
    "100:solarbeam",
    "100:stompingtantrum",
    "100:strength",
    "100:substitute",
    "100:sunnyday",
    "100:swagger",
    "100:swordsdance",
    "100:toxic",
    "100:venoshock",
    "100:weatherball",
    "100:workup",
    "100:amnesia",
    "100:attract",
    "100:bide",
    "100:bind",
    "100:block",
    "100:bodyslam",
    "100:curse",
    "100:cut",
    "100:defensecurl",
    "100:doubleedge",
    "100:doubleteam",
    "100:earthquake",
    "100:endure",
    "100:facade",
    "100:flash",
    "100:frenzyplant",
    "100:frustration",
    "100:furycutter",
    "100:gigadrain",
    "100:grasspledge",
    "100:grassyglide",
    "100:growl",
    "100:growth",
    "100:headbutt",
    "100:hiddenpower",
    "100:hyperbeam",
    "100:knockoff",
    "100:leechseed",
    "100:lightscreen",
    "100:megadrain",
    "100:mimic",
    "100:mudslap",
    "100:outrage",
    "100:petaldance",
    "100:poisonpowder",
    "100:powerwhip",
    "100:protect",
    "100:rage",
    "100:razorleaf",
    "100:reflect",
    "100:rest",
    "100:return",
    "100:roar",
    "100:seedbomb",
    "100:sleeppowder",
    "100:sleeptalk",
    "100:sludgebomb",
    "100:snore",
    "100:solarbeam",
    "100:stompingtantrum",
    "100:stringshot",
    "100:substitute",
    "100:sunnyday",
    "100:swagger",
    "100:sweetscent",
    "100:swordsdance",
    "100:synthesis",
    "100:tackle",
    "100:takedown",
    "100:terrainpulse",
    "100:toxic",
    "100:vinewhip",
    "100:worryseed"
  ],
  "labels": [
    "gen1"
  ],
  "pokedex": [
    "cobblemon.species.venusaur.desc"
  ],
  "preEvolution": "ivysaur",
  "evolutions": [],
  "baseScale": 2,
  "hitbox": {
    "width": 1.5,
    "height": 1.4,
    "fixed": false
  },
  "baseFriendship": 50,
  "evYield": {
    "hp": 0,
    "attack": 0,
    "defence": 0,
    "special_attack": 2,
    "special_defence": 1,
    "speed": 0
  },
  "height": 20,
  "weight": 1000,
  "aspects": [],
  "cannotDynamax": false
}