{
  "implemented": true,
  "name": "Vileplume",
  "nationalPokedexNumber": 45,
  "primaryType": "grass",
  "secondaryType": "poison",
  "abilities": [
    "chlorophyll",
    "h:effectspore"
  ],
  "drops": {
    "amount": 1,
    "entries": [
      {
        "item": "cobblemon:pecha_berry",
        "percentage": 10.0
      }
    ]
  },
  "baseStats": {
    "hp": 75,
    "attack": 80,
    "defence": 85,
    "special_attack": 110,
    "special_defence": 90,
    "speed": 50
  },
  "behaviour": {
    "resting": {
      "canSleep": true,
      "willSleepOnBed": false,
      "depth": "normal",
      "light": "0-4"
    }
  },
  "catchRate": 45,
  "maleRatio": 0.5,
  "shoulderMountable": false,
  "features": [
    "valencian"
  ],
  "baseExperienceYield": 245,
  "experienceGroup": "medium_slow",
  "eggCycles": 20,
  "eggGroups": [
    "grass"
  ],
  "moves": [
    "1:absorb",
    "1:acid",
    "1:aromatherapy",
    "1:gigadrain",
    "1:grassyterrain",
    "1:growth",
    "1:megadrain",
    "1:moonblast",
    "1:moonlight",
    "1:petaldance",
    "1:poisonpowder",
    "1:sleeppowder",
    "1:stunspore",
    "1:sweetscent",
    "1:toxic",
    "49:petalblizzard",
    "69:solarbeam",
    "100:attract",
    "100:bodyslam",
    "100:bulletseed",
    "100:captivate",
    "100:charm",
    "100:confide",
    "100:cut",
    "100:dazzlinggleam",
    "100:doubleteam",
    "100:drainpunch",
    "100:endure",
    "100:energyball",
    "100:facade",
    "100:flash",
    "100:fling",
    "100:frustration",
    "100:gigadrain",
    "100:gigaimpact",
    "100:grassknot",
    "100:grassyterrain",
    "100:hiddenpower",
    "100:hyperbeam",
    "100:infestation",
    "100:naturalgift",
    "100:naturepower",
    "100:pollenpuff",
    "100:protect",
    "100:rest",
    "100:return",
    "100:round",
    "100:safeguard",
    "100:secretpower",
    "100:seedbomb",
    "100:sleeptalk",
    "100:sludgebomb",
    "100:sludgewave",
    "100:snore",
    "100:solarbeam",
    "100:substitute",
    "100:sunnyday",
    "100:swagger",
    "100:swordsdance",
    "100:toxic",
    "100:venoshock",
    "100:absorb",
    "100:acid",
    "100:afteryou",
    "100:attract",
    "100:bide",
    "100:bodyslam",
    "100:corrosivegas",
    "100:curse",
    "100:cut",
    "100:dazzlinggleam",
    "100:doubleedge",
    "100:doubleteam",
    "100:drainpunch",
    "100:endure",
    "100:facade",
    "100:flash",
    "100:frustration",
    "100:gastroacid",
    "100:gigadrain",
    "100:grassyglide",
    "100:growth",
    "100:headbutt",
    "100:hiddenpower",
    "100:hyperbeam",
    "100:megadrain",
    "100:mimic",
    "100:petaldance",
    "100:poisonpowder",
    "100:protect",
    "100:rage",
    "100:reflect",
    "100:rest",
    "100:return",
    "100:seedbomb",
    "100:sleeppowder",
    "100:sleeptalk",
    "100:sludgebomb",
    "100:snore",
    "100:solarbeam",
    "100:stunspore",
    "100:substitute",
    "100:sunnyday",
    "100:swagger",
    "100:sweetscent",
    "100:swordsdance",
    "100:synthesis",
    "100:takedown",
    "100:toxic",
    "100:worryseed"
  ],
  "labels": [
    "gen1"
  ],
  "pokedex": [
    "cobblemon.species.vileplume.desc"
  ],
  "preEvolution": "gloom",
  "evolutions": [],
  "baseScale": 1,
  "hitbox": {
    "width": 1.2,
    "height": 1,
    "fixed": false
  },
  "baseFriendship": 50,
  "evYield": {
    "hp": 0,
    "attack": 0,
    "defence": 0,
    "special_attack": 3,
    "special_defence": 0,
    "speed": 0
  },
  "height": 12,
  "weight": 186,
  "aspects": [],
  "cannotDynamax": false
}