{
  "enabled": true,
  "neededInstalledMods": [],
  "neededUninstalledMods": [],
  "spawns": [
    {
      "id": "bagon-1",
      "pokemon": "bagon",
      "presets": [
        "natural"
      ],
      "type": "pokemon",
      "context": "grounded",
      "bucket": "rare",
      "level": "5-29",
      "weight": 3,
      "condition": {
        "canSeeSky": true,
        "biomes": [
          "#cobblemon:is_plateau"
        ]
      }
    },
    {
      "id": "bagon-2",
      "pokemon": "bagon",
      "presets": [
        "natural"
      ],
      "type": "pokemon",
      "context": "grounded",
      "bucket": "rare",
      "level": "5-23",
      "weight": 3,
      "condition": {
        "canSeeSky": true,
        "biomes": [
          "#cobblemon:is_mountain"
        ]
      }
    },
    {
      "id": "bagon-3",
      "pokemon": "bagon",
      "presets": [
        "natural"
      ],
      "type": "pokemon",
      "context": "grounded",
      "bucket": "uncommon",
      "level": "5-23",
      "weight": 300,
      "condition": {
        "canSeeSky": true,
        "biomes": [
          "#cobblemon:is_mountain"
        ],
        "neededBaseBlocks": [
          "minecraft:stone"
        ]
      }
    }
  ]
}