{
  "enabled": true,
  "neededInstalledMods": [],
  "neededUninstalledMods": [],
  "spawns": [
    {
      "id": "sliggoo-1",
      "pokemon": "sliggoo",
      "presets": [
        "natural"
      ],
      "type": "pokemon",
      "context": "grounded",
      "bucket": "uncommon",
      "level": "35-55",
      "weight": 175,
      "condition": {
        "canSeeSky": true,
        "biomes": [
          "#cobblemon:is_swamp"
        ],
        "isRaining": true
      },
      "anticondition": {
        "neededNearbyBlocks": [
          "minecraft:mangrove_roots",
          "minecraft:mud"
        ]
      }
    },
    {
      "id": "sliggoo-2",
      "pokemon": "sliggoo",
      "presets": [
        "natural"
      ],
      "type": "pokemon",
      "context": "grounded",
      "bucket": "rare",
      "level": "20-40",
      "weight": 3,
      "condition": {
        "canSeeSky": false,
        "biomes": [
          "#cobblemon:is_lush",
          "#cobblemon:is_cave"
        ]
      }
    },
    {
      "id": "sliggoo-hisui-1",
      "pokemon": "sliggoo hisuian",
      "presets": [
        "natural"
      ],
      "type": "pokemon",
      "context": "grounded",
      "bucket": "rare",
      "level": "30-40",
      "weight": 1,
      "condition": {
        "neededNearbyBlocks": [
          "minecraft:mangrove_roots",
          "minecraft:mud",
          "minecraft:water"
        ],
        "biomes": [
          "#cobblemon:is_swamp"
        ]
      }
    },
    {
      "id": "sliggoo-hisui-2",
      "pokemon": "sliggoo hisuian",
      "presets": [
        "natural"
      ],
      "type": "pokemon",
      "context": "grounded",
      "bucket": "uncommon",
      "level": "30-40",
      "weight": 5,
      "condition": {
        "isRaining": true,
        "neededNearbyBlocks": [
          "minecraft:mangrove_roots",
          "minecraft:mud",
          "minecraft:water"
        ],
        "biomes": [
          "#cobblemon:is_swamp"
        ]
      }
    },
    {
      "id": "sliggoo-hisui-3",
      "pokemon": "sliggoo hisuian",
      "presets": [
        "natural"
      ],
      "type": "pokemon",
      "context": "grounded",
      "bucket": "common",
      "level": "30-40",
      "weight": 5,
      "condition": {
        "minY": 80,
        "isRaining": true,
        "neededNearbyBlocks": [
          "minecraft:mangrove_roots",
          "minecraft:mud",
          "minecraft:water"
        ],
        "biomes": [
          "#cobblemon:is_swamp"
        ]
      }
    }
  ]
}