{
  "head": "Head",
  "portraitScale": 2,
  "portraitTranslation": [0, -1.3, 0],
  "profileScale": 1.6,
  "profileTranslation": [0, -0.6, 0],
  "faint": "bedrock(salandit, faint)",
  "poses": {
    "standing": {
      "poseName": "standing",
      "transformTicks": 10,
      "poseTypes": [ "STAND", "NONE", "PORTRAIT", "PROFILE", "FLOAT" ],
      "animations": [ "look", "bedrock(salandit, ground_idle)" ]
    },
    "walking": {
      "poseName": "walking",
      "transformTicks": 8,
      "poseTypes": [ "WALK", "SWIM" ],
      "animations": [
        "look",
        "bedrock(salandit, ground_walk)"
      ]
    },
    "sleeping": {
      "poseName": "sleeping",
      "transformTicks": 10,
      "poseTypes": [
        "SLEEP"
      ],
      "animations": [
        "bedrock(salandit, sleep)"
      ]
    }
  }
  } 
