{
    "head": "head",
	"portraitScale": 2.4,
    "portraitTranslation": [ -0.5, -0.9, 0 ],
    "profileScale": 1.0,
    "profileTranslation": [ 0, 0.3, 0 ],
    "poses": {
      "standing": {
        "poseName": "standing",
        "transformTicks": 10,
        "poseTypes": [
          "STAND",
          "NONE",
          "PORTRAIT",
          "PROFILE"
        ],
        "animations": [
          "bedrock(zorua, ground_idle)"
        ],
        "quirks": [
          {
            "name": "blink",
            "animations": ["bedrock(zorua, blink)"]
          }
		]		  
      },
      "walking": {
        "poseName": "walking",
        "transformTicks": 10,
        "poseTypes": [ "WALK" ],
        "animations": [ "bedrock(zorua, ground_walk)" ]
		}
      }
    }