{
  "portraitScale": 1.5,
  "portraitTranslation": [-0.4, -0.3, 0.0],
  "profileScale": 0.8,
  "profileTranslation": [0.0, 0.5, 0.0],
    "poses": {
      "standing": {
        "poseName": "standing",
        "transformTicks": 10,
        "poseTypes": ["WALK",
          "STAND",
          "NONE",
          "PORTRAIT",
          "PROFILE"
        ],
        "animations": [
          "bedrock(electrode_hisuian, ground_idle)"
        ],
        "quirks": [
          {
            "name": "blink",
            "animations": ["bedrock(electrode_hisuian, blink)"]
          }
        ]
      },
      "walking": {
        "poseName": "walking",
        "transformTicks": 10,
        "poseTypes": ["WALK"],
        "animations": [
          "look",
          "bedrock(electrode_hisuian, ground_walk)"
        ],
        "quirks": [
          {
            "name": "blink",
            "animations": ["bedrock(electrode_hisuian, blink)"]
          }
        ]
      }
    }
  }