{
	"format_version": "1.8.0",
	"animations": {
		"animation.salandit.ground_idle": {
			"loop": true,
			"animation_length": 3,
			"bones": {
				"Head": {
					"rotation": ["50+math.sin((query.anim_time+0.2)*120)*4", 0, 0]
				},
				"Body": {
					"rotation": ["-25+math.sin((query.anim_time)*120)*4", 0, 0],
					"position": [0, "-3-math.sin((query.anim_time)*120)*0.5", 0]
				},
				"LeftArm": {
					"rotation": [14.65993, 3.21132, "-12.0868-math.sin((query.anim_time)*120)*10"],
					"position": [0.25, "-1.3-math.sin((query.anim_time)*120)*0.15", "0-math.sin((query.anim_time)*120)*0.15"]
				},
				"LeftForearm": {
					"rotation": [0, 0, "22.5+math.sin((query.anim_time)*120)*20"]
				},
				"LeftHand": {
					"rotation": [19.68695, "1.0512+math.sin((query.anim_time)*120)*2", "-10.2515-math.sin((query.anim_time)*120)*10"],
					"position": [0, 0, 0]
				},
				"RightArm": {
					"rotation": [14.65993, -3.2113, "12.0868+math.sin((query.anim_time)*120)*10"],
					"position": [-0.25, "-1.3-math.sin((query.anim_time)*120)*0.15", "0-math.sin((query.anim_time)*120)*0.15"]
				},
				"RightForearm": {
					"rotation": [0, 0, "-22.5-math.sin((query.anim_time)*120)*20"]
				},
				"RightHand": {
					"rotation": [19.68695, "-1.0512-math.sin((query.anim_time)*120)*2", "10.2515+math.sin((query.anim_time)*120)*10"]
				},
				"RightLeg": {
					"rotation": [-1.30078, -27.4716, "102.818+math.sin((query.anim_time)*120)*5"],
					"position": [0, "-3.75-math.sin((query.anim_time)*120)*0.3", "0-math.sin((query.anim_time)*120)*0.1"]
				},
				"RightCalf": {
					"rotation": [0, 0, "-125-math.sin((query.anim_time)*120)*5"]
				},
				"RightFoot": {
					"rotation": [0.21865, "-4.9905-math.sin((query.anim_time)*120)*3", 22.4857]
				},
				"LeftLeg": {
					"rotation": [-1.30078, 27.47162, "-102.818-math.sin((query.anim_time)*120)*5"],
					"position": [0, "-3.75-math.sin((query.anim_time)*120)*0.3", "0-math.sin((query.anim_time)*120)*0.1"]
				},
				"LeftCalf": {
					"rotation": [0, 0, "125+math.sin((query.anim_time)*120)*5"]
				},
				"LeftFoot": {
					"rotation": [0.21865, "4.9905+math.sin((query.anim_time)*120)*3", -22.48571]
				},
				"TailBase": {
					"rotation": [7.5, "math.sin((query.anim_time)*120)*30", 0]
				},
				"TailMiddle": {
					"rotation": [12.5, "math.sin((query.anim_time-0.2)*120)*30", 0]
				},
				"TailMiddle2": {
					"rotation": [0, "math.sin((query.anim_time-0.4)*120)*30", 0]
				},
				"TailTip": {
					"rotation": [0, "math.sin((query.anim_time-0.6)*120)*30", 0]
				},
				"Upper_Chest": {
					"rotation": ["-5-math.sin((query.anim_time)*120)*10", 0, 0],
					"position": [0, 0, 0.25]
				},
				"Neck": {
					"rotation": ["0-math.sin((query.anim_time-0.2)*120)*3", 0, 0]
				}
			}
		},
		"animation.salandit.ground_walk": {
			"loop": true,
			"animation_length": 1,
			"bones": {
				"LeftLeg": {
					"rotation": {
						"0.0": {
							"post": [2.17163, 7.3107, -67.456],
							"lerp_mode": "catmullrom"
						},
						"0.25": {
							"post": [-3.3607, -4.7282, -74.939],
							"lerp_mode": "catmullrom"
						},
						"0.5": [-9.66586, -2.5759, -97.0568],
						"0.75": {
							"pre": [-2.3827, 21.0788, -83.2935],
							"post": [-2.3827, 21.0788, -83.2935],
							"lerp_mode": "catmullrom"
						},
						"1.0": {
							"post": [2.17163, 7.3107, -67.456],
							"lerp_mode": "catmullrom"
						}
					},
					"position": [0, -2.75, -0.5]
				},
				"LeftCalf": {
					"rotation": {
						"0.0": [7.08, -28.43, 104.43],
						"0.125": {
							"pre": [15.76354, -49.5575, 94.7228],
							"post": [15.76354, -49.5575, 94.7228],
							"lerp_mode": "catmullrom"
						},
						"0.25": {
							"post": [33.97634, -60.4104, 52.3485],
							"lerp_mode": "catmullrom"
						},
						"0.375": {
							"post": [25.44866, -55.178, 35.4767],
							"lerp_mode": "catmullrom"
						},
						"0.4583": {
							"post": [13.27, -38.75, 31.6],
							"lerp_mode": "catmullrom"
						},
						"0.5": {
							"post": [11.4383, -32.1126, 30.8591],
							"lerp_mode": "catmullrom"
						},
						"0.5417": {
							"post": [13.49, -25.86, 34.54],
							"lerp_mode": "catmullrom"
						},
						"0.625": {
							"post": [25.06295, -9.8047, 48.1402],
							"lerp_mode": "catmullrom"
						},
						"0.75": {
							"post": [24.64975, -0.1089, 87.1242],
							"lerp_mode": "catmullrom"
						},
						"0.875": {
							"post": [5.05603, -7.461, 107.7197],
							"lerp_mode": "catmullrom"
						},
						"0.9167": {
							"post": [3.43605, -15.602, 107.099],
							"lerp_mode": "catmullrom"
						},
						"1.0": [7.08, -28.43, 104.43]
					}
				},
				"LeftFoot": {
					"rotation": {
						"0.0": [-20, 10, -47.5],
						"0.125": {
							"pre": [-19.13875, 32.731, -30.3488],
							"post": [-19.13875, 32.731, -30.3488],
							"lerp_mode": "catmullrom"
						},
						"0.25": {
							"post": [12.99855, 59.251, 13.2123],
							"lerp_mode": "catmullrom"
						},
						"0.5": {
							"post": [1.6964, 20.8641, 35.4122],
							"lerp_mode": "catmullrom"
						},
						"0.75": {
							"post": [-12.5548, -5.4538, -16.0133],
							"lerp_mode": "catmullrom"
						},
						"0.875": {
							"post": [-20.97193, -0.7925, -36.0427],
							"lerp_mode": "catmullrom"
						},
						"1.0": [-20, 10, -47.5]
					},
					"position": [-0.25, 0, 0]
				},
				"RightLeg": {
					"rotation": {
						"0.0": [-9.66586, 2.57592, 97.05679],
						"0.25": {
							"pre": [-2.3827, -21.0788, 83.29349],
							"post": [-2.3827, -21.0788, 83.29349],
							"lerp_mode": "catmullrom"
						},
						"0.5": {
							"post": [2.17163, -7.31069, 67.45595],
							"lerp_mode": "catmullrom"
						},
						"0.75": {
							"post": [-3.3607, 4.7282, 74.939],
							"lerp_mode": "catmullrom"
						},
						"1.0": [-9.66586, 2.57592, 97.05679]
					},
					"position": [0, -2.75, -0.5]
				},
				"RightCalf": {
					"rotation": {
						"0.0": [11.4383, 32.11256, -30.85908],
						"0.0417": {
							"pre": [13.49, 25.86, -34.54],
							"post": [13.49, 25.86, -34.54],
							"lerp_mode": "catmullrom"
						},
						"0.125": {
							"post": [25.06295, 9.80466, -48.14024],
							"lerp_mode": "catmullrom"
						},
						"0.25": {
							"post": [24.64975, 0.10887, -87.12423],
							"lerp_mode": "catmullrom"
						},
						"0.375": {
							"post": [5.05603, 7.46098, -107.71972],
							"lerp_mode": "catmullrom"
						},
						"0.4167": {
							"post": [3.43605, 15.60201, -107.099],
							"lerp_mode": "catmullrom"
						},
						"0.5": {
							"post": [7.08, 28.43, -104.43],
							"lerp_mode": "catmullrom"
						},
						"0.625": {
							"post": [15.76354, 49.5575, -94.7228],
							"lerp_mode": "catmullrom"
						},
						"0.75": {
							"post": [33.97634, 60.41038, -52.34854],
							"lerp_mode": "catmullrom"
						},
						"0.875": {
							"post": [25.44866, 55.17798, -35.4767],
							"lerp_mode": "catmullrom"
						},
						"0.9583": {
							"post": [13.27, 38.75, -31.6],
							"lerp_mode": "catmullrom"
						},
						"1.0": [11.4383, 32.11256, -30.85908]
					}
				},
				"RightFoot": {
					"rotation": {
						"0.0": [1.6964, -20.8641, -35.4122],
						"0.25": {
							"pre": [-12.5548, 5.45382, 16.01329],
							"post": [-12.5548, 5.45382, 16.01329],
							"lerp_mode": "catmullrom"
						},
						"0.375": {
							"post": [-20.97193, 0.79247, 36.04269],
							"lerp_mode": "catmullrom"
						},
						"0.5": {
							"post": [-20, -10, 47.5],
							"lerp_mode": "catmullrom"
						},
						"0.625": {
							"post": [-19.13875, -32.731, 30.3488],
							"lerp_mode": "catmullrom"
						},
						"0.75": {
							"post": [12.99855, -59.251, -13.2123],
							"lerp_mode": "catmullrom"
						},
						"1.0": [1.6964, -20.8641, -35.4122]
					},
					"position": [0.25, 0, 0]
				},
				"LeftArm": {
					"rotation": {
						"0.0": [-2.19, 22.92, -76.69],
						"0.1667": {
							"pre": [-4.64175, 20.3856, -65.6896],
							"post": [-4.64175, 20.3856, -65.6896],
							"lerp_mode": "catmullrom"
						},
						"0.5": {
							"post": [-8.42985, -29.6274, -53.1506],
							"lerp_mode": "catmullrom"
						},
						"0.6667": {
							"post": [-4.9473, -20.2351, -103.4064],
							"lerp_mode": "catmullrom"
						},
						"0.9167": {
							"post": [-1.6964, 17.3892, -82.8313],
							"lerp_mode": "catmullrom"
						},
						"1.0": [-2.19, 22.92, -76.69]
					},
					"position": {
						"0.0": [-0.05, -2.11, 0],
						"0.1667": {
							"pre": [0, -2.37, 0],
							"post": [0, -2.37, 0],
							"lerp_mode": "catmullrom"
						},
						"0.4167": {
							"post": [0.18, -2.1, 0],
							"lerp_mode": "catmullrom"
						},
						"0.5": {
							"post": [0.25, -2.15, 0],
							"lerp_mode": "catmullrom"
						},
						"0.6667": {
							"post": [0.5, -2.12, 0],
							"lerp_mode": "catmullrom"
						},
						"0.9167": {
							"post": [0, -2, 0],
							"lerp_mode": "catmullrom"
						},
						"1.0": [-0.05, -2.11, 0]
					}
				},
				"LeftForearm": {
					"rotation": {
						"0.0": {
							"post": [-1.52, 5.29, 43.22],
							"lerp_mode": "catmullrom"
						},
						"0.1667": {
							"post": [-2.8651, 15.1666, 50.2534],
							"lerp_mode": "catmullrom"
						},
						"0.5": [-1.38606, 12.9974, 59.576],
						"0.6667": {
							"pre": [8.26752, -9.626, 85.3518],
							"post": [8.26752, -9.626, 85.3518],
							"lerp_mode": "catmullrom"
						},
						"0.9167": {
							"post": [0, 0, 45],
							"lerp_mode": "catmullrom"
						},
						"1.0": {
							"post": [-1.52, 5.29, 43.22],
							"lerp_mode": "catmullrom"
						}
					}
				},
				"LeftHand": {
					"rotation": {
						"0.0": [31.16, -6.89, 26.3],
						"0.1667": {
							"pre": [52.58207, -13.2178, 1.2316],
							"post": [52.58207, -13.2178, 1.2316],
							"lerp_mode": "catmullrom"
						},
						"0.25": {
							"post": [47.62965, -22.2894, 7.1319],
							"lerp_mode": "catmullrom"
						},
						"0.2917": {
							"post": [46.48282, -15.5954, 1.5574],
							"lerp_mode": "catmullrom"
						},
						"0.375": {
							"post": [43.68965, -12.5249, -2.848],
							"lerp_mode": "catmullrom"
						},
						"0.4167": {
							"post": [41.63739, -7.8738, -1.9545],
							"lerp_mode": "catmullrom"
						},
						"0.5": {
							"post": [38.33239, -3.8887, -4.4181],
							"lerp_mode": "catmullrom"
						},
						"0.6667": {
							"post": [30.19998, -28.0293, 36.6374],
							"lerp_mode": "catmullrom"
						},
						"0.9167": {
							"post": [22.67458, -6.9262, 37.1158],
							"lerp_mode": "catmullrom"
						},
						"1.0": [31.16, -6.89, 26.3]
					}
				},
				"RightArm": {
					"rotation": {
						"0.0": [-8.42985, 29.62738, 53.15056],
						"0.1667": {
							"pre": [-4.9473, 20.23506, 103.40643],
							"post": [-4.9473, 20.23506, 103.40643],
							"lerp_mode": "catmullrom"
						},
						"0.4167": {
							"post": [-1.6964, -17.3892, 82.8313],
							"lerp_mode": "catmullrom"
						},
						"0.5": {
							"post": [-2.19, -22.92, 76.69],
							"lerp_mode": "catmullrom"
						},
						"0.6667": {
							"post": [-4.64175, -20.38556, 65.68965],
							"lerp_mode": "catmullrom"
						},
						"1.0": [-8.42985, 29.62738, 53.15056]
					},
					"position": {
						"0.0": [-0.25, -2.15, 0],
						"0.1667": {
							"pre": [-0.5, -2.12, 0],
							"post": [-0.5, -2.12, 0],
							"lerp_mode": "catmullrom"
						},
						"0.4167": {
							"post": [0, -2, 0],
							"lerp_mode": "catmullrom"
						},
						"0.5": {
							"post": [0.05, -2.11, 0],
							"lerp_mode": "catmullrom"
						},
						"0.6667": {
							"post": [0, -2.37, 0],
							"lerp_mode": "catmullrom"
						},
						"1.0": [-0.25, -2.15, 0]
					}
				},
				"RightForearm": {
					"rotation": {
						"0.0": [-1.38606, -12.9974, -59.57601],
						"0.1667": {
							"pre": [8.26752, 9.62599, -85.35182],
							"post": [8.26752, 9.62599, -85.35182],
							"lerp_mode": "catmullrom"
						},
						"0.4167": {
							"post": [0, 0, -45],
							"lerp_mode": "catmullrom"
						},
						"0.5": {
							"post": [-1.52, -5.29, -43.22],
							"lerp_mode": "catmullrom"
						},
						"0.6667": {
							"post": [-2.8651, -15.16655, -50.25342],
							"lerp_mode": "catmullrom"
						},
						"1.0": [-1.38606, -12.9974, -59.57601]
					}
				},
				"RightHand": {
					"rotation": {
						"0.0": [38.33239, 3.8887, 4.4181],
						"0.1667": {
							"pre": [30.19998, 28.02925, -36.63743],
							"post": [30.19998, 28.02925, -36.63743],
							"lerp_mode": "catmullrom"
						},
						"0.4167": {
							"post": [22.67458, 6.9262, -37.1158],
							"lerp_mode": "catmullrom"
						},
						"0.5": {
							"post": [31.16, 6.89, -26.3],
							"lerp_mode": "catmullrom"
						},
						"0.6667": {
							"post": [52.58207, 13.2178, -1.23165],
							"lerp_mode": "catmullrom"
						},
						"0.75": {
							"post": [47.62965, 22.28941, -7.13187],
							"lerp_mode": "catmullrom"
						},
						"0.7917": {
							"post": [46.48282, 15.59542, -1.5574],
							"lerp_mode": "catmullrom"
						},
						"0.875": {
							"post": [43.68965, 12.52493, 2.84797],
							"lerp_mode": "catmullrom"
						},
						"0.9167": {
							"post": [41.63739, 7.8738, 1.95449],
							"lerp_mode": "catmullrom"
						},
						"1.0": [38.33239, 3.8887, 4.4181]
					}
				},
				"Body": {
					"rotation": [5, "0+math.sin((query.anim_time)*360)*3", 0],
					"position": [0, "-2.95+math.sin((query.anim_time+0.12)*720)*0.2", 0]
				},
				"Upper_Chest": {
					"rotation": ["0+math.cos((query.anim_time)*720)*3", "0-math.sin((query.anim_time)*360)*6", 0]
				},
				"Head": {
					"rotation": [-5, 0, 0],
					"position": [0, 0, 0]
				},
				"TailBase": {
					"rotation": ["-12.5+math.cos((query.anim_time-0.1)*720)*4", "math.sin((query.anim_time+0.2)*360)*10", 0],
					"position": [0, -0.05, 0]
				},
				"TailMiddle": {
					"rotation": [2.5, "math.sin((query.anim_time+0.1)*360)*13", 0]
				},
				"TailMiddle2": {
					"rotation": [0, "0+math.sin((query.anim_time)*360)*2", 0],
					"position": [0, -0.05, 0]
				},
				"TailTip": {
					"rotation": [2.5, "math.sin((query.anim_time-0.1)*360)*10", 0]
				}
			}
		},
		"animation.salandit.faint": {
			"animation_length": 3,
			"bones": {
				"Head": {
					"rotation": {
						"0.0": [55, 0, 0],
						"0.1667": {
							"pre": [64.74, 0, 0],
							"post": [64.74, 0, 0],
							"lerp_mode": "catmullrom"
						},
						"0.5417": {
							"post": [45.31, 0, 0],
							"lerp_mode": "catmullrom"
						},
						"0.7083": {
							"post": [12.6, 0, 0],
							"lerp_mode": "catmullrom"
						},
						"0.9583": {
							"post": [-11.34, 0, 0],
							"lerp_mode": "catmullrom"
						},
						"1.125": [-7.5, 0, 0],
						"1.2917": [-10, 0, 0],
						"1.5417": [-7.5, 0, 0]
					}
				},
				"Body": {
					"rotation": {
						"0.0": [-25, 0, 0],
						"0.3333": {
							"pre": [-31.25, 0, 0],
							"post": [-31.25, 0, 0],
							"lerp_mode": "catmullrom"
						},
						"0.5417": {
							"post": [-41.06, 0, 0],
							"lerp_mode": "catmullrom"
						},
						"0.7083": {
							"post": [-31.25, 0, 0],
							"lerp_mode": "catmullrom"
						},
						"1.125": [-2.5, 0, 0]
					},
					"position": {
						"0.0": [0, -3, 0],
						"0.3333": {
							"pre": [0, -2.75, 0],
							"post": [0, -2.75, 0],
							"lerp_mode": "catmullrom"
						},
						"0.5417": {
							"post": [0, -1.87, 0],
							"lerp_mode": "catmullrom"
						},
						"0.7083": {
							"post": [0, -2.75, 0],
							"lerp_mode": "catmullrom"
						},
						"1.125": [0, -4.5, 0],
						"1.2917": [0, -4.5, 0],
						"1.5417": [0, -4.55, 0]
					}
				},
				"LeftArm": {
					"rotation": {
						"0.0": [14.65993, 3.21132, -12.0868],
						"0.5417": {
							"pre": [18.093, -14.43625, -24.91246],
							"post": [18.093, -14.43625, -24.91246],
							"lerp_mode": "catmullrom"
						},
						"0.7083": {
							"post": [9.52457, -5.57554, -50.87633],
							"lerp_mode": "catmullrom"
						},
						"1.125": [4.80718, 21.76539, -71.27545],
						"1.2917": [3.80691, 21.95318, -73.96155],
						"1.5417": [4.80718, 21.76539, -71.27545]
					},
					"position": {
						"0.0": [0.25, -1.3, 0],
						"0.375": {
							"pre": [0.25, 0.07, 0.49],
							"post": [0.25, 0.07, 0.49],
							"lerp_mode": "catmullrom"
						},
						"0.5417": {
							"post": [0.25, 1.12, 1],
							"lerp_mode": "catmullrom"
						},
						"0.7083": {
							"post": [0.25, -0.23, 0.5],
							"lerp_mode": "catmullrom"
						},
						"1.125": [0.25, -4.05, 0.25]
					}
				},
				"LeftForearm": {
					"rotation": {
						"0.0": [0, 0, 22.5],
						"0.5417": {
							"pre": [22.32504, 39.34001, 4.96641],
							"post": [22.32504, 39.34001, 4.96641],
							"lerp_mode": "catmullrom"
						},
						"1.0": {
							"post": [2.97276, 22.8877, -37.44527],
							"lerp_mode": "catmullrom"
						},
						"1.125": [6.36902, 17.93713, -21.69644]
					}
				},
				"LeftHand": {
					"rotation": {
						"0.0": [19.68695, 1.0512, -10.2515],
						"0.5417": [13.71659, -14.078, 37.59064],
						"0.7083": [10.18444, -0.13193, 51.46679],
						"1.125": [1.27421, 1.44808, 39.9157]
					}
				},
				"RightArm": {
					"rotation": {
						"0.0": [14.65993, -3.2113, 12.0868],
						"0.5417": {
							"pre": [14.0811, 14.58742, 23.80028],
							"post": [14.0811, 14.58742, 23.80028],
							"lerp_mode": "catmullrom"
						},
						"0.7083": {
							"post": [-9.5246, 5.5755, 50.8763],
							"lerp_mode": "catmullrom"
						},
						"1.125": [-4.80719, -21.76539, 72.56895],
						"1.2917": [-5.79545, -21.53436, 75.24723],
						"1.5417": [-4.80719, -21.76539, 72.56895]
					},
					"position": {
						"0.0": [-0.25, -1.3, 0],
						"0.375": {
							"pre": [-0.25, 0.07, 0.49],
							"post": [-0.25, 0.07, 0.49],
							"lerp_mode": "catmullrom"
						},
						"0.5417": {
							"post": [-0.25, 1.12, 1],
							"lerp_mode": "catmullrom"
						},
						"0.7083": {
							"post": [-0.25, -0.23, 0.5],
							"lerp_mode": "catmullrom"
						},
						"1.125": [-0.25, -4.05, 0.25]
					}
				},
				"RightForearm": {
					"rotation": {
						"0.0": [0, 0, -22.5],
						"0.5417": {
							"pre": [22.70576, -42.06146, -1.79521],
							"post": [22.70576, -42.06146, -1.79521],
							"lerp_mode": "catmullrom"
						},
						"1.0": {
							"post": [10.61827, -23.1759, 24.55492],
							"lerp_mode": "catmullrom"
						},
						"1.125": [13.20911, -13.91166, 16.10535]
					}
				},
				"RightHand": {
					"rotation": {
						"0.0": [19.68695, -1.0512, 10.2515],
						"0.5417": [10.33843, 16.69383, -50.27142],
						"0.7083": [7.97569, 5.1112, -59.09644],
						"1.125": [3.40212, -0.05196, -37.48921]
					}
				},
				"RightLeg": {
					"rotation": {
						"0.0": [-1.30078, -27.4716, 102.818],
						"0.4583": [-12.40749, -24.73902, 127.73119],
						"1.125": [8.8967, -26.12795, 80.43162]
					},
					"position": {
						"0.0": [0, -3.75, 0],
						"1.125": [0, -4.25, 0]
					}
				},
				"RightCalf": {
					"rotation": {
						"0.0": [0, 0, -125],
						"0.4583": [0, 0, -95.56],
						"1.125": [0, 0, -7.5]
					}
				},
				"RightFoot": {
					"rotation": {
						"0.0": [0.21865, -4.9905, 22.4857],
						"0.4583": [0.45982, 0.12342, 2.92131],
						"1.125": [0.43623, -4.97628, -0.09842]
					},
					"position": [0, 0, 0]
				},
				"LeftLeg": {
					"rotation": {
						"0.0": [-1.30078, 27.47162, -102.818],
						"0.4583": [-13.51584, 24.1782, -130.40776],
						"1.125": [8.89674, 26.12797, -80.43165]
					},
					"position": {
						"0.0": [0, -3.75, 0],
						"1.125": [0, -4.25, 0]
					}
				},
				"LeftCalf": {
					"rotation": {
						"0.0": [0, 0, 125],
						"0.4583": [0, 0, 96.48],
						"1.125": [0, 0, 5]
					}
				},
				"LeftFoot": {
					"rotation": {
						"0.0": [0.21865, 4.9905, -22.48571],
						"0.4583": [1.62848, -0.43547, -3.03035],
						"1.125": [2.31135, 4.42957, 2.59416]
					},
					"position": [0, 0, 0]
				},
				"TailBase": {
					"rotation": {
						"0.0": ["7.5+math.sin((query.anim_time)*155)*55", 0, 0],
						"1.125": [-12.5, 0, 0]
					}
				},
				"TailMiddle": {
					"rotation": {
						"0.0": ["9.52+math.sin((query.anim_time)*150)*50", 0.26, -0.16],
						"1.125": [7.93525, -5.92328, -2.03156]
					}
				},
				"TailMiddle2": {
					"rotation": {
						"0.0": ["0+math.sin((query.anim_time)*150)*50", -1.25, 0],
						"1.125": [-2.40065, -1.26355, -0.64701]
					},
					"position": [0, 0, 0]
				},
				"TailTip": {
					"rotation": {
						"0.0": ["0+math.sin((query.anim_time)*150)*50", -1.25, 0],
						"1.125": [0, -1.25, 0]
					}
				},
				"Upper_Chest": {
					"rotation": {
						"0.0": [-5, 0, 0],
						"0.5417": [-14.66, 0, 0],
						"1.125": [12.5, 0, 0]
					},
					"position": [0, 0, 0.25]
				},
				"Neck": {
					"rotation": {
						"0.0": [0, 0, 0],
						"1.125": [-2.5, 0, 0]
					}
				},
				"Left_Eyelid": {
					"position": {
						"0.0": [-0.24, 0, 0],
						"0.1667": [0.26, 0, 0]
					}
				},
				"Right_Eyelid": {
					"position": {
						"0.0": [0.24, 0, 0],
						"0.1667": [-0.26, 0, 0]
					}
				}
			}
		},
		"animation.salandit.sleep": {
			"loop": true,
			"animation_length": 3.25,
			"bones": {
				"LeftLeg": {
					"rotation": [1.82398, 23.61387, -115.9068],
					"position": [0, "-4.5+math.sin((query.anim_time-0.5)*120)*0.04", 0]
				},
				"LeftCalf": {
					"rotation": [0, 0, 155],
					"position": [0.25, -0.25, 0]
				},
				"LeftFoot": {
					"rotation": [-1.87837, 12.34292, -35.23174],
					"position": [0, 0.25, 0]
				},
				"RightLeg": {
					"rotation": [-10.98217, -34.05973, 125.30828],
					"position": [0, "-4.75+math.sin((query.anim_time-0.5)*120)*0.04", 0]
				},
				"RightCalf": {
					"rotation": [12.52798, -5.82398, -154.51993],
					"position": [-0.25, -0.25, 0]
				},
				"RightFoot": {
					"rotation": [7.47178, -0.65182, 32.45744]
				},
				"LeftArm": {
					"rotation": [1.30962, 7.38542, -64.9155],
					"position": [0.5, "-3.75+math.sin((query.anim_time)*120)*0.07", 0]
				},
				"LeftForearm": {
					"rotation": [2.71026, 62.3954, -5.4016]
				},
				"LeftHand": {
					"rotation": [-0.33, -12.49, 90.05]
				},
				"RightArm": {
					"rotation": [35.52964, -45.18665, 42.31213],
					"position": [-0.25, "-3.75+math.sin((query.anim_time)*120)*0.07", 0]
				},
				"RightForearm": {
					"rotation": [0, -85, 25]
				},
				"RightHand": {
					"rotation": [0, 0, -97.5]
				},
				"Body": {
					"rotation": [-5, 0, 0],
					"position": [0, "-4.25+math.sin((query.anim_time)*120)*0.07", 0]
				},
				"Upper_Chest": {
					"rotation": [5, -5, 0]
				},
				"Neck": {
					"rotation": [0, -15, 0]
				},
				"Head": {
					"rotation": ["7.5+math.sin((query.anim_time-1)*120)*1", -22.5, 0]
				},
				"Left_Eyelid": {
					"position": [0.266, 0, 0]
				},
				"Right_Eyelid": {
					"position": [-0.266, 0, 0]
				},
				"TailBase": {
					"rotation": ["-9.47+math.sin((query.anim_time-1)*120)*1", 26.94, 2.59],
					"position": [0, 0, 0]
				},
				"TailMiddle": {
					"rotation": [3.11249, "36.465+math.sin((query.anim_time-1)*120)*1", 9.42961]
				},
				"TailMiddle2": {
					"rotation": [5, "27.5+math.sin((query.anim_time-1)*120)*1", 0]
				},
				"TailTip": {
					"rotation": [2.5, 35, 0]
				}
			}
		}
	}
}