{
	"format_version": "1.8.0",
	"animations": {
		"animation.salazzle.ground_idle": {
			"loop": true,
			"animation_length": 2,
			"bones": {
				"Body": {
					"rotation": [7.5, -2.5, 0],
					"position": [0, "-5.25+math.sin((query.anim_time)*180)*0.3", 0]
				},
				"Hips": {
					"rotation": ["0+math.sin((query.anim_time+0.5)*180)*1", 0, 0]
				},
				"Waist": {
					"position": [0, -0.45, 0]
				},
				"Chest": {
					"rotation": [-12.5, 0, 0],
					"position": [0, 0, 0.25]
				},
				"Head": {
					"rotation": ["15+math.sin((query.anim_time+0.5)*180)*1", 0, 0]
				},
				"Jaw": {
					"rotation": ["2.5+math.cos((query.anim_time+1)*180)*3", 0, 0]
				},
				"Tail": {
					"rotation": ["0+math.cos((query.anim_time+1)*180)*5", "0+math.sin((query.anim_time+1)*180)*7", 0]
				},
				"Tail_Base": {
					"rotation": [-42.5, 0, 0],
					"position": [0, 0.25, -1.25]
				},
				"Tail_1": {
					"rotation": ["-2.62+math.cos((query.anim_time+1)*180)*1", "-0.14+math.sin((query.anim_time+1)*180)*8", 0.74]
				},
				"Tail_2": {
					"rotation": ["22.38-math.cos((query.anim_time+1)*180)*5", "-0.2+math.sin((query.anim_time+1)*180)*9", 0.72]
				},
				"Tail_3": {
					"rotation": [7.5, "0+math.sin((query.anim_time+1)*180)*10", 0]
				},
				"Tail_Tip": {
					"rotation": [10, "0+math.sin((query.anim_time+1)*180)*10", 0]
				},
				"LeftThigh": {
					"rotation": [25.45, 19.79, -58.74],
					"position": ["4.5-math.sin((query.anim_time)*180)*0.2", -0.5, 0.5]
				},
				"LeftCalf": {
					"rotation": [-41.07175, -39.66804, 68.6361]
				},
				"LeftFoot": {
					"rotation": [11.40687, 28.84619, 9.95506],
					"position": [0, 0, 0]
				},
				"LeftToes": {
					"rotation": [0, -2.5, "-42.5+math.sin((query.anim_time)*180)*2"]
				},
				"RightThigh": {
					"rotation": [34.84442, -21.47207, 68.82365],
					"position": ["-4.75+math.sin((query.anim_time)*180)*0.2", -0.75, 0.75]
				},
				"RightCalf": {
					"rotation": [2.10223, 7.54078, -89.8848]
				},
				"RightFoot": {
					"rotation": [-37.07723, -6.06809, -7.96341],
					"position": [0.25, 0, -0.25]
				},
				"RightToes": {
					"rotation": [0.10912, -2.49762, "37.4976-math.sin((query.anim_time)*180)*2"]
				},
				"Right_Arm": {
					"rotation": [45.72113, -14.60559, -76.18535],
					"position": [0, "-5.5+math.sin((query.anim_time)*180)*0.3", "-1-math.cos((query.anim_time)*180)*0.2"]
				},
				"RightForearm": {
					"rotation": [0, -15, "0-math.sin((query.anim_time)*180)*04"]
				},
				"RightHand": {
					"rotation": [0, 15, "0-math.sin((query.anim_time-0.5)*180)*4"]
				},
				"Right_Thumb": {
					"rotation": [0, 0, "-7.5-math.sin((query.anim_time-0.7)*180)*6"]
				},
				"Right_Index_finger": {
					"rotation": [0, 0, "-math.sin((query.anim_time-0.5)*180)*5"]
				},
				"Right_Middle_finger": {
					"rotation": [0, 0, "-10-math.sin((query.anim_time-0.4)*180)*5"]
				},
				"Right_Ring_finger": {
					"rotation": [0, 0, "-22.5-math.sin((query.anim_time-0.3)*180)*5"]
				},
				"Right_Pinky_finger": {
					"rotation": [0, 0, "-30-math.sin((query.anim_time-0.2)*180)*5"]
				},
				"Left_Arm": {
					"rotation": ["-4.305-math.sin((query.anim_time)*180)*2", "-34.8149+math.sin((query.anim_time-1)*180)*2", "6.001+math.sin((query.anim_time-1)*180)*2"],
					"position": [0, "-6+math.sin((query.anim_time)*180)*0.3", "-1-math.cos((query.anim_time)*180)*0.2"]
				},
				"LeftForearm": {
					"rotation": [160.77304, 39.63433, "157.8424+math.sin((query.anim_time-0.4)*180)*4"],
					"position": [-0.25, 0, -1]
				},
				"LeftHand": {
					"rotation": [0, 0, "0+math.sin((query.anim_time-0.3)*180)*8"]
				},
				"Left_Thumb": {
					"rotation": [0, 0, "-2.5+math.sin((query.anim_time)*180)*8"]
				},
				"Left_Index_Finger": {
					"rotation": [0, 0, "-5+math.sin((query.anim_time-0.1)*180)*8"]
				},
				"Left_Middle_Finger": {
					"rotation": [0, 0, "7.5+math.sin((query.anim_time-0.2)*180)*8"]
				},
				"Left_Ring_Finger": {
					"rotation": [0, 0, "25+math.sin((query.anim_time-0.3)*180)*8"]
				},
				"Left_Pinky_Finger": {
					"rotation": [0, 0, "37.5+math.sin((query.anim_time-0.4)*180)*8"]
				},
				"Right_Back_Frill_Base": {
					"rotation": ["-84.3531+math.sin((query.anim_time-0.8)*180)*15", -14.0761, -5.2362]
				},
				"Right_Back_Frill_Middle": {
					"rotation": ["0+math.sin((query.anim_time+0.5)*180)*15", 0, 0]
				},
				"Right_Back_Frill_Middle2": {
					"rotation": ["0+math.sin((query.anim_time+0.5)*180)*15", 0, 0]
				},
				"Left_Back_Frill_Base": {
					"rotation": ["-84.3531+math.sin((query.anim_time-1)*180)*20", 14.0761, 5.23619]
				},
				"Left_Back_Frill_Middle": {
					"rotation": ["0+math.sin((query.anim_time+0.4)*180)*15", 0, 0]
				},
				"Left_Back_Frill_Middle8": {
					"rotation": ["0+math.sin((query.anim_time+0.4)*180)*15", 0, 0]
				},
				"Right_Back_Frill_Tip": {
					"rotation": ["0+math.sin((query.anim_time+0.5)*180)*15", 0, 0]
				},
				"Left_Back_Frill_Tip": {
					"rotation": ["0+math.sin((query.anim_time+0.3)*180)*15", 0, 0]
				}
			}
		},
		"animation.salazzle.ground_walk": {
			"loop": true,
			"animation_length": 1.5,
			"bones": {
				"Body": {
					"rotation": [87.5, 0, 0],
					"position": [0, "-10.75+math.sin((query.anim_time+0.25)*480)*0.3", 0]
				},
				"Hips": {
					"rotation": [12.5, 0, 0],
					"position": [0, 0, 2.75]
				},
				"Waist": {
					"rotation": [0, 0, "0-math.cos((query.anim_time)*240)*5"]
				},
				"Chest": {
					"rotation": [-12.5, 0, 0],
					"position": [0, 0, 0.25]
				},
				"Neck": {
					"rotation": [-10, 0, 0]
				},
				"Head": {
					"rotation": ["-70+math.cos((query.anim_time)*480)*3", "0-math.sin((query.anim_time)*240)*6", 0],
					"position": [0, -0.5, 0.5]
				},
				"Jaw": {
					"rotation": ["2.5+math.sin((query.anim_time)*240)*3", 0, 0]
				},
				"Right_Back_Frill_Base": {
					"rotation": ["-170+math.sin((query.anim_time+0.5)*240)*5", -4.10841, 11.81571],
					"position": [-0.25, -0.5, 0.5]
				},
				"Left_Back_Frill_Base": {
					"rotation": ["-170.3613+math.sin((query.anim_time-1.3)*240)*5", 3.42848, -12.02783],
					"position": [0.25, -0.5, 0.5]
				},
				"Tail_Base": {
					"rotation": ["-90-math.cos((query.anim_time)*240)*2", 0, "0+math.sin((query.anim_time-0.3)*240)*10"],
					"position": [0, -0.75, 0.75]
				},
				"LeftThigh": {
					"rotation": {
						"0.0": [140.0714, -17.2357, -59.2581],
						"0.4167": {
							"pre": [144.99136, 0.3381, -81.9599],
							"post": [144.99136, 0.3381, -81.9599],
							"lerp_mode": "catmullrom"
						},
						"0.5833": {
							"post": [139.75418, 14.3655, -78.3931],
							"lerp_mode": "catmullrom"
						},
						"0.75": [137.21571, 25.7709, -66.8536],
						"1.0833": {
							"pre": [139.31268, 7.9843, -64.2094],
							"post": [139.31268, 7.9843, -64.2094],
							"lerp_mode": "catmullrom"
						},
						"1.4167": {
							"post": [139.99, -13.69, -59.97],
							"lerp_mode": "catmullrom"
						},
						"1.5": [140.07139, -17.2357, -59.2581]
					},
					"position": ["8-math.sin((query.anim_time+0.25)*480)*0.3", 0, 0]
				},
				"LeftCalf": {
					"rotation": {
						"0.0": [-1.9749, 59.0073, 100.9976],
						"0.2083": {
							"pre": [3.4163, 53.7297, 108.3116],
							"post": [3.4163, 53.7297, 108.3116],
							"lerp_mode": "catmullrom"
						},
						"0.5417": {
							"post": [19.3942, 66.9691, 125.7435],
							"lerp_mode": "catmullrom"
						},
						"0.6667": {
							"post": [21.4672, 64.2868, 128.2167],
							"lerp_mode": "catmullrom"
						},
						"0.75": {
							"post": [19.957, 58.5978, 126.6236],
							"lerp_mode": "catmullrom"
						},
						"0.9583": {
							"post": [11.034, 57.5218, 116.2456],
							"lerp_mode": "catmullrom"
						},
						"1.5": [-1.9749, 59.0073, 100.9976]
					},
					"position": [0.75, 0.5, 0]
				},
				"LeftFoot": {
					"rotation": {
						"0.0": [-13.9181, 5.9709, 37.4739],
						"0.2083": {
							"pre": [-14.9457, 2.6118, 24.4012],
							"post": [-14.9457, 2.6118, 24.4012],
							"lerp_mode": "catmullrom"
						},
						"0.4167": {
							"post": [-15.1071, -0.3329, 13.4461],
							"lerp_mode": "catmullrom"
						},
						"0.75": {
							"post": [-15.1127, -1.2988, 9.9162],
							"lerp_mode": "catmullrom"
						},
						"1.5": [-13.91806, 5.9709, 37.4739]
					},
					"position": [0, -0.5, 0.25]
				},
				"LeftToes": {
					"rotation": {
						"0.0": [0, 0, -105.81],
						"0.1667": {
							"pre": [0, 0, -86.86],
							"post": [0, 0, -86.86],
							"lerp_mode": "catmullrom"
						},
						"0.2917": {
							"post": [0, 0, -84.67],
							"lerp_mode": "catmullrom"
						},
						"0.4167": {
							"post": [0, 0, -79.48],
							"lerp_mode": "catmullrom"
						},
						"0.5417": {
							"post": [0, 0, -97.08],
							"lerp_mode": "catmullrom"
						},
						"0.75": {
							"post": [0, 0, -77.5],
							"lerp_mode": "catmullrom"
						},
						"0.7917": [0, 0, -81.72],
						"0.8333": [0, 0, -84.67],
						"0.9583": {
							"pre": [0, 0, -95],
							"post": [0, 0, -95],
							"lerp_mode": "catmullrom"
						},
						"1.2083": {
							"post": [0, 0, -105.48],
							"lerp_mode": "catmullrom"
						},
						"1.3333": {
							"post": [0.0479, 0.1789, -106.5204],
							"lerp_mode": "catmullrom"
						},
						"1.5": [0, 0, -105.81]
					},
					"position": [0, 0.5, 0]
				},
				"RightThigh": {
					"rotation": {
						"0.0": [137.21571, -25.77093, 66.85358],
						"0.3333": {
							"pre": [139.31268, -7.98431, 64.20939],
							"post": [139.31268, -7.98431, 64.20939],
							"lerp_mode": "catmullrom"
						},
						"0.75": {
							"post": [140.07139, 17.23573, 59.25814],
							"lerp_mode": "catmullrom"
						},
						"1.1667": {
							"post": [144.99136, -0.33813, 81.95994],
							"lerp_mode": "catmullrom"
						},
						"1.3333": {
							"post": [139.75418, -14.3655, 78.39306],
							"lerp_mode": "catmullrom"
						},
						"1.5": [137.21571, -25.77093, 66.85358]
					},
					"position": ["-8+math.sin((query.anim_time+0.25)*480)*0.3", 0, 0]
				},
				"RightCalf": {
					"rotation": {
						"0.0": [19.95703, -58.5978, -126.62359],
						"0.2083": {
							"pre": [11.03398, -57.5218, -116.24561],
							"post": [11.03398, -57.5218, -116.24561],
							"lerp_mode": "catmullrom"
						},
						"0.75": {
							"post": [-1.97494, -59.00727, -100.9976],
							"lerp_mode": "catmullrom"
						},
						"0.9583": {
							"post": [3.41632, -53.72973, -108.31165],
							"lerp_mode": "catmullrom"
						},
						"1.2917": {
							"post": [19.39417, -66.96913, -125.74349],
							"lerp_mode": "catmullrom"
						},
						"1.4167": {
							"post": [21.46723, -64.2868, -128.21671],
							"lerp_mode": "catmullrom"
						},
						"1.5": [19.95703, -58.5978, -126.62359]
					},
					"position": {
						"0.0": [-0.75, 0.5, 0],
						"1.5": [-0.75, 0.5, 0]
					}
				},
				"RightFoot": {
					"rotation": {
						"0.0": [-15.11267, 1.29876, -9.91615],
						"0.75": {
							"pre": [-13.91806, -5.97094, -37.47387],
							"post": [-13.91806, -5.97094, -37.47387],
							"lerp_mode": "catmullrom"
						},
						"0.9583": {
							"post": [-14.94572, -2.61177, -24.40122],
							"lerp_mode": "catmullrom"
						},
						"1.1667": {
							"post": [-15.10707, 0.33288, -13.44611],
							"lerp_mode": "catmullrom"
						},
						"1.5": [-15.11267, 1.29876, -9.91615]
					},
					"position": {
						"0.0": [0, -0.5, 0.25],
						"1.5": [0, -0.5, 0.25]
					}
				},
				"RightToes": {
					"rotation": {
						"0.0": [0, 0, 77.5],
						"0.2083": {
							"pre": [0, 0, 92.5],
							"post": [0, 0, 92.5],
							"lerp_mode": "catmullrom"
						},
						"0.4583": {
							"post": [0, 0, 105.48],
							"lerp_mode": "catmullrom"
						},
						"0.5833": {
							"post": [-0.04793, -0.17887, 106.52041],
							"lerp_mode": "catmullrom"
						},
						"0.75": {
							"post": [0, 0, 105.81],
							"lerp_mode": "catmullrom"
						},
						"0.9167": {
							"post": [0, 0, 86.86],
							"lerp_mode": "catmullrom"
						},
						"1.0417": {
							"post": [0, 0, 84.67],
							"lerp_mode": "catmullrom"
						},
						"1.1667": {
							"post": [0, 0, 79.48],
							"lerp_mode": "catmullrom"
						},
						"1.2917": {
							"post": [0, 0, 97.08],
							"lerp_mode": "catmullrom"
						},
						"1.5": [0, 0, 77.5]
					},
					"position": {
						"0.0": [0, 0.5, 0],
						"1.5": [0, 0.5, 0]
					}
				},
				"Right_Arm": {
					"rotation": {
						"0.0": [14.1999, -8.8209, -9.8227],
						"0.25": {
							"pre": [16.1424, -10.384, -23.3781],
							"post": [16.1424, -10.384, -23.3781],
							"lerp_mode": "catmullrom"
						},
						"0.5": {
							"post": [25.89, -4.0849, -24.0968],
							"lerp_mode": "catmullrom"
						},
						"0.75": [-1.1652, 24.9746, -42.7581],
						"1.0": {
							"pre": [-1.5626, 47.4685, -43.4177],
							"post": [-1.5626, 47.4685, -43.4177],
							"lerp_mode": "catmullrom"
						},
						"1.25": {
							"post": [25.0421, 33.6181, -6.5951],
							"lerp_mode": "catmullrom"
						},
						"1.5": {
							"post": [14.1999, -8.8209, -9.8227],
							"lerp_mode": "catmullrom"
						}
					},
					"position": [
						"0.25-math.sin((query.anim_time+0.4)*240)*0.5",
						"-20+math.sin((query.anim_time+0.25)*480)*0.3",
						"-9+math.sin((query.anim_time+0.4)*240)*0.3"
					]
				},
				"Left_Arm": {
					"rotation": {
						"0.0": [-1.1652, -24.9746, 42.7581],
						"0.25": {
							"pre": [-1.5626, -47.4685, 43.4177],
							"post": [-1.5626, -47.4685, 43.4177],
							"lerp_mode": "catmullrom"
						},
						"0.5": {
							"post": [25.0421, -33.6181, 6.5951],
							"lerp_mode": "catmullrom"
						},
						"0.75": [14.1999, 8.8209, 9.8227],
						"1.0": {
							"pre": [16.1424, 10.384, 23.3781],
							"post": [16.1424, 10.384, 23.3781],
							"lerp_mode": "catmullrom"
						},
						"1.25": {
							"post": [25.89, 4.0849, 24.0968],
							"lerp_mode": "catmullrom"
						},
						"1.5": [-1.1652, -24.9746, 42.7581]
					},
					"position": [
						"-0.25-math.sin((query.anim_time+0.4)*240)*0.5",
						"-20+math.sin((query.anim_time+0.25)*480)*0.3",
						"-9-math.sin((query.anim_time+0.4)*240)*0.3"
					]
				},
				"LeftForearm": {
					"rotation": {
						"0.0": [106.56627, 56.7085, 14.1485],
						"0.25": {
							"pre": [112.26025, 73.6054, 25.7572],
							"post": [112.26025, 73.6054, 25.7572],
							"lerp_mode": "catmullrom"
						},
						"0.5": {
							"post": [200.20662, 83.4579, 114.6466],
							"lerp_mode": "catmullrom"
						},
						"0.75": [109.4477, 71.2684, 22.8078],
						"1.0": {
							"pre": [118.23177, 64.1582, 42.8049],
							"post": [118.23177, 64.1582, 42.8049],
							"lerp_mode": "catmullrom"
						},
						"1.25": {
							"post": [112.57067, 50.7649, 33.0936],
							"lerp_mode": "catmullrom"
						},
						"1.5": [106.56627, 56.7085, 14.1485]
					},
					"position": [0, -0.25, 0]
				},
				"LeftHand": {
					"rotation": {
						"0.0": [-9.4142, 44.175, -61.4978],
						"0.25": {
							"pre": [0, 44.175, -47.5],
							"post": [0, 44.175, -47.5],
							"lerp_mode": "catmullrom"
						},
						"0.5": {
							"post": [4.46878, 56.5322, -4.0236],
							"lerp_mode": "catmullrom"
						},
						"0.75": [57.05547, 53.0656, 73.7185],
						"1.0": {
							"pre": [-33.13472, 58.1831, -23.8866],
							"post": [-33.13472, 58.1831, -23.8866],
							"lerp_mode": "catmullrom"
						},
						"1.25": {
							"post": [-54.82914, 48.2724, -68.3294],
							"lerp_mode": "catmullrom"
						},
						"1.5": [-9.4142, 44.175, -61.4978]
					}
				},
				"Right_Index_finger": {
					"rotation": [5, 0, 0]
				},
				"Right_Middle_finger": {
					"rotation": [2.5, 0, 0]
				},
				"Right_Ring_finger": {
					"rotation": [-2.5, 0, 0]
				},
				"Right_Pinky_finger": {
					"rotation": [-5, 0, 0]
				},
				"LeftFingers": {
					"rotation": {
						"0.0": [0, 0, 0],
						"0.25": {
							"pre": [0, 0, -7.5],
							"post": [0, 0, -7.5],
							"lerp_mode": "catmullrom"
						},
						"0.5": {
							"post": [0, 0, 7.5],
							"lerp_mode": "catmullrom"
						},
						"0.75": [0, 0, 25],
						"1.0": {
							"pre": [0, 0, -32.5],
							"post": [0, 0, -32.5],
							"lerp_mode": "catmullrom"
						},
						"1.25": {
							"post": [0, 0, -12.5],
							"lerp_mode": "catmullrom"
						},
						"1.375": [0, 0, -2.66],
						"1.5": [0, 0, 0]
					}
				},
				"Left_Index_Finger": {
					"rotation": [5, 0, 0]
				},
				"Left_Middle_Finger": {
					"rotation": [2.5, 0, 0]
				},
				"Left_Ring_Finger": {
					"rotation": [-2.5, 0, 0]
				},
				"Left_Pinky_Finger": {
					"rotation": [-5, 0, 0]
				},
				"Right_Back_Frill_Middle": {
					"rotation": ["0+math.sin((query.anim_time)*240)*6", 0, 0]
				},
				"Right_Back_Frill_Middle2": {
					"rotation": ["0+math.sin((query.anim_time)*240)*7", 0, 0]
				},
				"Right_Back_Frill_Tip": {
					"rotation": ["0+math.sin((query.anim_time)*240)*8", 0, 0]
				},
				"Left_Back_Frill_Middle": {
					"rotation": ["0+math.sin((query.anim_time)*240)*6", 0, 0]
				},
				"Left_Back_Frill_Middle8": {
					"rotation": ["0+math.sin((query.anim_time)*240)*7", 0, 0]
				},
				"Left_Back_Frill_Tip": {
					"rotation": ["0+math.sin((query.anim_time)*240)*8", 0, 0]
				},
				"Tail": {
					"rotation": [-25, 0, 0],
					"position": [0, 0, 0.75]
				},
				"Tail_1": {
					"rotation": ["7.5+math.cos((query.anim_time)*240)*2", "0+math.sin((query.anim_time)*240)*20", "0+math.sin((query.anim_time)*240)*10"]
				},
				"Tail_2": {
					"rotation": ["12.5+math.cos((query.anim_time)*240)*2", "0+math.sin((query.anim_time+0.2)*240)*10", "0+math.sin((query.anim_time+0.2)*240)*4"]
				},
				"Tail_3": {
					"rotation": ["10+math.cos((query.anim_time)*240)*1", "0+math.sin((query.anim_time)*240)*15", 0]
				},
				"Tail_Tip": {
					"rotation": ["7.5+math.cos((query.anim_time)*240)*1", "0+math.sin((query.anim_time-0.1)*240)*15", "0+math.sin((query.anim_time)*240)*4"]
				},
				"RightForearm": {
					"rotation": {
						"0.0": {
							"post": [109.4477, -71.2684, -22.8078],
							"lerp_mode": "catmullrom"
						},
						"0.25": {
							"post": [118.23177, -64.1582, -42.8049],
							"lerp_mode": "catmullrom"
						},
						"0.5": {
							"post": [112.57067, -50.7649, -33.0936],
							"lerp_mode": "catmullrom"
						},
						"0.75": [106.56627, -56.7085, -14.1485],
						"1.0": {
							"pre": [112.26025, -73.6054, -25.7572],
							"post": [112.26025, -73.6054, -25.7572],
							"lerp_mode": "catmullrom"
						},
						"1.25": {
							"post": [200.20662, -83.4579, -114.6466],
							"lerp_mode": "catmullrom"
						},
						"1.5": {
							"post": [109.4477, -71.2684, -22.8078],
							"lerp_mode": "catmullrom"
						}
					},
					"position": [0, -0.25, 0]
				},
				"RightHand": {
					"rotation": {
						"0.0": {
							"post": [57.05547, -53.0656, -73.7185],
							"lerp_mode": "catmullrom"
						},
						"0.25": {
							"post": [-33.13472, -58.1831, 23.8866],
							"lerp_mode": "catmullrom"
						},
						"0.5": {
							"post": [-54.82914, -48.2724, 68.3294],
							"lerp_mode": "catmullrom"
						},
						"0.75": [-9.4142, -44.175, 61.4978],
						"1.0": {
							"pre": [0, -44.175, 47.5],
							"post": [0, -44.175, 47.5],
							"lerp_mode": "catmullrom"
						},
						"1.25": {
							"post": [4.46878, -56.5322, 4.0236],
							"lerp_mode": "catmullrom"
						},
						"1.5": {
							"post": [57.05547, -53.0656, -73.7185],
							"lerp_mode": "catmullrom"
						}
					}
				},
				"RightFingers": {
					"rotation": {
						"0.0": [0, 0, -25],
						"0.25": {
							"pre": [0, 0, 32.5],
							"post": [0, 0, 32.5],
							"lerp_mode": "catmullrom"
						},
						"0.5": {
							"post": [0, 0, 12.5],
							"lerp_mode": "catmullrom"
						},
						"0.625": [0, 0, 2.66],
						"0.75": [0, 0, 0],
						"1.0": {
							"pre": [0, 0, 7.5],
							"post": [0, 0, 7.5],
							"lerp_mode": "catmullrom"
						},
						"1.25": {
							"post": [0, 0, -7.5],
							"lerp_mode": "catmullrom"
						},
						"1.5": [0, 0, -25]
					}
				}
			}
		},
		"animation.salazzle.faint": {
			"loop": true,
			"animation_length": 3.5,
			"bones": {
				"Body": {
					"rotation": [7.5, -2.5, 0],
					"position": [0, -5.25, 0]
				},
				"Hips": {
					"rotation": {
						"0.0": [0, 0, 0],
						"0.1667": {
							"pre": [-5, 0, 0],
							"post": [-5, 0, 0],
							"lerp_mode": "catmullrom"
						},
						"0.3333": {
							"post": [-7.5, 0, 0],
							"lerp_mode": "catmullrom"
						},
						"0.4583": {
							"post": [-7.5, 0, 0],
							"lerp_mode": "catmullrom"
						},
						"0.8333": {
							"post": [0, 0, 0],
							"lerp_mode": "catmullrom"
						},
						"1.0417": {
							"post": [12.5, 0, 0],
							"lerp_mode": "catmullrom"
						},
						"1.7083": [92.5, 0, 0]
					},
					"position": {
						"0.1667": [0, 1.25, 0],
						"1.0417": [0, -1.55, -3],
						"1.7083": [0, -7.75, -14.5]
					}
				},
				"Waist": {
					"rotation": {
						"1.0417": [-12.5, 0, 0],
						"1.9583": [-15, 0, 0]
					},
					"position": [0, -0.45, 0]
				},
				"Chest": {
					"rotation": {
						"0.0": [-12.5, 0, 0],
						"0.3333": {
							"pre": [-17.5, 0, 0],
							"post": [-17.5, 0, 0],
							"lerp_mode": "catmullrom"
						},
						"0.4583": {
							"post": [-17.5, 0, 0],
							"lerp_mode": "catmullrom"
						},
						"1.2083": {
							"post": [-20, 0, 0],
							"lerp_mode": "catmullrom"
						},
						"1.375": {
							"post": [-20, 0, 0],
							"lerp_mode": "catmullrom"
						},
						"1.5417": {
							"post": [-20, 0, 0],
							"lerp_mode": "catmullrom"
						},
						"1.7083": [-2.5, 0, 0]
					},
					"position": {
						"0.0": [0, 0, 0.25],
						"1.9583": [0, 0, 0]
					}
				},
				"Head": {
					"rotation": {
						"0.0": [15, 0, 0],
						"0.1667": {
							"pre": [0, 0, 0],
							"post": [0, 0, 0],
							"lerp_mode": "catmullrom"
						},
						"1.0": {
							"post": [-72.5, 0, 0],
							"lerp_mode": "catmullrom"
						},
						"1.2083": {
							"post": [-95, 0, 0],
							"lerp_mode": "catmullrom"
						},
						"1.375": {
							"post": [-105, 0, 0],
							"lerp_mode": "catmullrom"
						},
						"1.5417": {
							"post": [-117.5, 0, 0],
							"lerp_mode": "catmullrom"
						},
						"1.7083": {
							"post": [-102.5, 0, 0],
							"lerp_mode": "catmullrom"
						},
						"1.7917": {
							"post": [-102.5, 0, 0],
							"lerp_mode": "catmullrom"
						},
						"1.875": [-97.5, 0, 0]
					},
					"position": {
						"1.2083": {
							"pre": [0, 0, 0.75],
							"post": [0, 0, 0.75],
							"lerp_mode": "catmullrom"
						},
						"1.375": {
							"post": [0, 0, 0.5],
							"lerp_mode": "catmullrom"
						},
						"1.7083": {
							"post": [0, 0, 0.5],
							"lerp_mode": "catmullrom"
						},
						"1.7917": [0, 0, 0.5]
					}
				},
				"Jaw": {
					"rotation": {
						"0.0": [0, 0, 0],
						"0.1667": {
							"pre": [12.5, 0, 0],
							"post": [12.5, 0, 0],
							"lerp_mode": "catmullrom"
						},
						"0.75": {
							"post": [5, 0, 0],
							"lerp_mode": "catmullrom"
						},
						"1.0833": {
							"post": [5, 0, 0],
							"lerp_mode": "catmullrom"
						},
						"1.2083": [2.5, 0, 0]
					}
				},
				"Tail": {
					"rotation": [0, 0, 0],
					"position": {
						"0.1667": [0, 1.25, 0],
						"1.0417": [0, -1.55, -3],
						"1.7083": [0, -7.75, -14.5]
					}
				},
				"Tail_Base": {
					"rotation": {
						"0.0": [-42.5, 0, 0],
						"0.2917": {
							"pre": [-25.18, 0, 0],
							"post": [-25.18, 0, 0],
							"lerp_mode": "catmullrom"
						},
						"0.7083": {
							"post": [-15.58, 0, 0],
							"lerp_mode": "catmullrom"
						},
						"1.5": {
							"post": [32.5, 0, 0],
							"lerp_mode": "catmullrom"
						},
						"1.7917": {
							"post": [22.5, 0, 0],
							"lerp_mode": "catmullrom"
						},
						"1.9583": {
							"post": [12.5, 0, 0],
							"lerp_mode": "catmullrom"
						},
						"2.0833": {
							"post": [2.5, 0, 0],
							"lerp_mode": "catmullrom"
						},
						"2.3333": {
							"post": [-10, 0, 0],
							"lerp_mode": "catmullrom"
						},
						"2.375": [-12.5, 0, 0]
					},
					"position": {
						"0.0": [0, 0.25, -1.25],
						"0.2917": {
							"pre": [0, -0.17, -0.84],
							"post": [0, -0.17, -0.84],
							"lerp_mode": "catmullrom"
						},
						"0.5417": {
							"post": [0, -0.31, -0.46],
							"lerp_mode": "catmullrom"
						},
						"1.7917": {
							"post": [0, 0.93, -1.98],
							"lerp_mode": "catmullrom"
						},
						"2.2917": [0, 0.72, -0.83]
					}
				},
				"Tail_1": {
					"rotation": {
						"0.0": [-2.62, -0.14, 0.74],
						"0.2917": {
							"pre": [-3.89181, -0.14, 0.74],
							"post": [-3.89181, -0.14, 0.74],
							"lerp_mode": "catmullrom"
						},
						"0.4583": {
							"post": [-5.12, -0.14, 0.74],
							"lerp_mode": "catmullrom"
						},
						"1.1667": {
							"post": [-5.39778, -0.14, 0.74],
							"lerp_mode": "catmullrom"
						},
						"1.3333": {
							"post": [-12.89778, -0.14, 0.74],
							"lerp_mode": "catmullrom"
						},
						"1.5": {
							"post": [-7.89778, -0.14, 0.74],
							"lerp_mode": "catmullrom"
						},
						"1.6667": {
							"post": [4.60222, -0.14, 0.74],
							"lerp_mode": "catmullrom"
						},
						"1.9583": {
							"post": [12.10222, -0.14, 0.74],
							"lerp_mode": "catmullrom"
						},
						"2.0833": {
							"post": [14.60222, -0.14, 0.74],
							"lerp_mode": "catmullrom"
						},
						"2.25": {
							"post": [-0.39778, -0.14, 0.74],
							"lerp_mode": "catmullrom"
						},
						"2.4167": [-5.39778, -0.14, 0.74]
					}
				},
				"Tail_2": {
					"rotation": {
						"0.0": [22.38, -0.2, 0.72],
						"0.2917": {
							"pre": [-6.60949, -0.2, 0.72],
							"post": [-6.60949, -0.2, 0.72],
							"lerp_mode": "catmullrom"
						},
						"0.4583": {
							"post": [-12.62, -0.2, 0.72],
							"lerp_mode": "catmullrom"
						},
						"1.3333": {
							"post": [-10.95333, -0.2, 0.72],
							"lerp_mode": "catmullrom"
						},
						"1.5": {
							"post": [-3.45333, -0.2, 0.72],
							"lerp_mode": "catmullrom"
						},
						"1.6667": {
							"post": [9.04667, -0.2, 0.72],
							"lerp_mode": "catmullrom"
						},
						"1.9583": {
							"post": [10.08542, -0.2, 0.72],
							"lerp_mode": "catmullrom"
						},
						"2.0833": {
							"post": [6.54667, -0.2, 0.72],
							"lerp_mode": "catmullrom"
						},
						"2.2917": [6.54667, -0.2, 0.72]
					}
				},
				"Tail_3": {
					"rotation": {
						"0.0": [7.5, 0, 0],
						"0.375": {
							"pre": [-2.15, 0, 0],
							"post": [-2.15, 0, 0],
							"lerp_mode": "catmullrom"
						},
						"0.4167": {
							"post": [-2.34, 0, 0],
							"lerp_mode": "catmullrom"
						},
						"0.4583": {
							"post": [-2.5, 0, 0],
							"lerp_mode": "catmullrom"
						},
						"1.1667": {
							"post": [-6.94, 0, 0],
							"lerp_mode": "catmullrom"
						},
						"1.3333": {
							"post": [-9.44, 0, 0],
							"lerp_mode": "catmullrom"
						},
						"1.5": {
							"post": [-4.44, 0, 0],
							"lerp_mode": "catmullrom"
						},
						"1.6667": {
							"post": [8.06, 0, 0],
							"lerp_mode": "catmullrom"
						},
						"1.9583": {
							"post": [13.06, 0, 0],
							"lerp_mode": "catmullrom"
						},
						"2.3333": [8.06, 0, 0],
						"2.375": [3.06, 0, 0]
					}
				},
				"Tail_Tip": {
					"rotation": {
						"0.0": [10, 0, 0],
						"0.625": {
							"pre": [1.24, 0, 0],
							"post": [1.24, 0, 0],
							"lerp_mode": "catmullrom"
						},
						"0.6667": {
							"post": [-4, 0, 0],
							"lerp_mode": "catmullrom"
						},
						"0.75": {
							"post": [-6.5, 0, 0],
							"lerp_mode": "catmullrom"
						},
						"0.8333": {
							"post": [-4, 0, 0],
							"lerp_mode": "catmullrom"
						},
						"0.9167": {
							"post": [-3.38011, 0.23844, -1.22706],
							"lerp_mode": "catmullrom"
						},
						"1.0": {
							"post": [-1.51021, 0.47688, -2.45412],
							"lerp_mode": "catmullrom"
						},
						"1.3333": {
							"post": [-11.51021, 0.47688, -2.45412],
							"lerp_mode": "catmullrom"
						},
						"1.5": {
							"post": [-9.01021, 0.47688, -2.45412],
							"lerp_mode": "catmullrom"
						},
						"1.6667": {
							"post": [10.98979, 0.47688, -2.45412],
							"lerp_mode": "catmullrom"
						},
						"1.9583": {
							"post": [13.48979, 0.47688, -2.45412],
							"lerp_mode": "catmullrom"
						},
						"2.0833": {
							"post": [15.98979, 0.47688, -2.45412],
							"lerp_mode": "catmullrom"
						},
						"2.375": [8.75956, 0.47688, -2.45412],
						"2.4167": [3.48979, 0.47688, -2.45412],
						"2.4583": [0.98979, 0.47688, -2.45412]
					}
				},
				"LeftThigh": {
					"rotation": {
						"0.0": [25.45, 19.79, -58.74],
						"0.7917": {
							"pre": [43.83118, 20.32017, -47.47684],
							"post": [43.83118, 20.32017, -47.47684],
							"lerp_mode": "catmullrom"
						},
						"1.0417": {
							"post": [41.73129, 8.6547, -27.8962],
							"lerp_mode": "catmullrom"
						},
						"1.2083": {
							"post": [41.16207, 1.15055, -34.53502],
							"lerp_mode": "catmullrom"
						},
						"1.5417": {
							"post": [45.36282, -11.22346, -32.92531],
							"lerp_mode": "catmullrom"
						},
						"1.7083": [65.65254, -43.73776, -61.95622]
					},
					"position": {
						"0.0": [4.5, -0.5, 0.5],
						"0.1667": {
							"pre": [4, -0.5, 0.5],
							"post": [4, -0.5, 0.5],
							"lerp_mode": "catmullrom"
						},
						"0.5417": {
							"post": [4.5, -0.75, -0.25],
							"lerp_mode": "catmullrom"
						},
						"0.7917": {
							"post": [5.25, -0.75, -0.75],
							"lerp_mode": "catmullrom"
						},
						"1.0417": {
							"post": [5.75, -0.75, -2.25],
							"lerp_mode": "catmullrom"
						},
						"1.2083": {
							"post": [7, -0.75, -4.5],
							"lerp_mode": "catmullrom"
						},
						"1.375": {
							"post": [8.75, -0.75, -7],
							"lerp_mode": "catmullrom"
						},
						"1.5417": {
							"post": [10, 0, -9.75],
							"lerp_mode": "catmullrom"
						},
						"1.7083": [13.25, -0.5, -13.5]
					}
				},
				"LeftCalf": {
					"rotation": {
						"0.0": [-41.07175, -39.66804, 68.6361],
						"0.1667": {
							"pre": [-38.59048, -35.82646, 64.58626],
							"post": [-38.59048, -35.82646, 64.58626],
							"lerp_mode": "catmullrom"
						},
						"0.5417": {
							"post": [-42.28269, -39.30738, 69.17819],
							"lerp_mode": "catmullrom"
						},
						"0.7917": {
							"post": [-35.45419, -46.13991, 67.18381],
							"lerp_mode": "catmullrom"
						},
						"0.875": {
							"post": [-22.01129, -59.21597, 57.22866],
							"lerp_mode": "catmullrom"
						},
						"0.9583": {
							"post": [-13.94594, -70.85282, 49.26287],
							"lerp_mode": "catmullrom"
						},
						"1.0417": {
							"post": [16.3923, -80.26817, 15.75282],
							"lerp_mode": "catmullrom"
						},
						"1.2083": {
							"post": [-18.00767, -75.18567, 51.90973],
							"lerp_mode": "catmullrom"
						},
						"1.375": [-62.90808, -79.77221, 99.96582],
						"1.5417": [-73.91107, -75.38957, 109.59378],
						"1.5833": [-48.79561, -68.1543, 78.31038],
						"1.6667": [-21.59262, -47.40682, 38.85132],
						"1.7083": [-15.45813, -38.01048, 28.49939]
					},
					"position": {
						"0.5417": [0.5, 0, -0.25],
						"1.5417": [0.25, 0, 0]
					}
				},
				"LeftFoot": {
					"rotation": {
						"0.0": [11.40687, 28.84619, 9.95506],
						"0.1667": {
							"pre": [14.03438, 27.74425, 15.49456],
							"post": [14.03438, 27.74425, 15.49456],
							"lerp_mode": "catmullrom"
						},
						"0.7917": {
							"post": [10.23916, 28.32318, 12.73916],
							"lerp_mode": "catmullrom"
						},
						"1.0417": {
							"post": [3.16662, 41.91127, 2.44445],
							"lerp_mode": "catmullrom"
						},
						"1.2083": {
							"post": [2.96177, 30.48381, -4.5796],
							"lerp_mode": "catmullrom"
						},
						"1.375": {
							"post": [3.67857, 22.78986, 3.14283],
							"lerp_mode": "catmullrom"
						},
						"1.5417": [-5.82735, 12.15972, 14.81304],
						"1.5833": [-3.89261, 6.83216, 12.96825],
						"1.625": [-1.57892, 1.68208, 12.39266],
						"1.7083": [6.18703, -4.9597, 18.98756]
					},
					"position": {
						"0.0": [0, 0, 0],
						"0.7917": {
							"pre": [-0.4, 0.09, 0],
							"post": [-0.4, 0.09, 0],
							"lerp_mode": "catmullrom"
						},
						"1.0417": {
							"post": [-0.4, 0.09, 0],
							"lerp_mode": "catmullrom"
						},
						"1.375": [-0.5, 0.49, 0]
					}
				},
				"LeftToes": {
					"rotation": {
						"0.0": [0, -2.5, -42.5],
						"0.1667": {
							"pre": [0.21803, -2.49048, -47.50474],
							"post": [0.21803, -2.49048, -47.50474],
							"lerp_mode": "catmullrom"
						},
						"0.5417": {
							"post": [0.7522, -2.38422, -60.01565],
							"lerp_mode": "catmullrom"
						},
						"0.7917": {
							"post": [1.15495, -2.21738, -70.02235],
							"lerp_mode": "catmullrom"
						},
						"0.875": {
							"post": [1.57217, -2.77313, -80.88682],
							"lerp_mode": "catmullrom"
						},
						"1.0417": {
							"post": [1.6632, -4.26399, -87.60216],
							"lerp_mode": "catmullrom"
						},
						"1.2083": {
							"post": [1.80491, -1.58227, -91.27284],
							"lerp_mode": "catmullrom"
						},
						"1.375": {
							"post": [2.34941, -0.85481, -112.51753],
							"lerp_mode": "catmullrom"
						},
						"1.5417": {
							"post": [2.4905, -0.21782, -127.50473],
							"lerp_mode": "catmullrom"
						},
						"1.5833": {
							"post": [1.94565, 2.18442, -126.60354],
							"lerp_mode": "catmullrom"
						},
						"1.625": {
							"post": [1.66167, 4.58348, -124.43825],
							"lerp_mode": "catmullrom"
						},
						"1.6667": {
							"post": [0.56457, 7.23721, -132.3027],
							"lerp_mode": "catmullrom"
						},
						"1.7083": [2.46207, -0.43399, -122.50933]
					},
					"position": {
						"1.375": [0, 0, 0],
						"1.5417": [0, 0.5, 0],
						"1.7083": [0, 0.25, 0]
					}
				},
				"RightThigh": {
					"rotation": {
						"0.0": [34.84442, -21.47207, 68.82365],
						"0.7917": {
							"pre": [61.44143, -4.21478, 34.00903],
							"post": [61.44143, -4.21478, 34.00903],
							"lerp_mode": "catmullrom"
						},
						"1.0417": {
							"post": [59.98222, -5.51326, 26.30622],
							"lerp_mode": "catmullrom"
						},
						"1.375": {
							"post": [66.55421, 20.57893, 28.52729],
							"lerp_mode": "catmullrom"
						},
						"1.5417": {
							"post": [71.63024, 47.85245, 43.26434],
							"lerp_mode": "catmullrom"
						},
						"1.7083": [114.26224, 54.18763, 72.92544]
					},
					"position": {
						"0.0": [-4.75, -0.75, 0.75],
						"0.1667": {
							"pre": [-4.25, -0.75, 0.75],
							"post": [-4.25, -0.75, 0.75],
							"lerp_mode": "catmullrom"
						},
						"0.5417": {
							"post": [-5, -0.75, -0.25],
							"lerp_mode": "catmullrom"
						},
						"0.7917": {
							"post": [-5.25, -0.75, -1.5],
							"lerp_mode": "catmullrom"
						},
						"1.0417": {
							"post": [-6.5, -0.75, -2],
							"lerp_mode": "catmullrom"
						},
						"1.2083": {
							"post": [-8, -0.75, -4.5],
							"lerp_mode": "catmullrom"
						},
						"1.375": {
							"post": [-8.75, -0.5, -8],
							"lerp_mode": "catmullrom"
						},
						"1.5417": {
							"post": [-11, -0.5, -11.25],
							"lerp_mode": "catmullrom"
						},
						"1.7083": [-14, -0.75, -13]
					}
				},
				"RightCalf": {
					"rotation": {
						"0.0": [2.10223, 7.54078, -89.8848],
						"0.1667": {
							"pre": [2.0861, 2.54412, -90.06816],
							"post": [2.0861, 2.54412, -90.06816],
							"lerp_mode": "catmullrom"
						},
						"0.5417": {
							"post": [3.42108, 14.85481, -86.11066],
							"lerp_mode": "catmullrom"
						},
						"0.7917": {
							"post": [-3.94198, 24.76456, -84.52602],
							"lerp_mode": "catmullrom"
						},
						"1.0417": {
							"post": [-10.43206, 33.14421, -100.08474],
							"lerp_mode": "catmullrom"
						},
						"1.2083": {
							"post": [-7.15568, 33.9094, -94.1566],
							"lerp_mode": "catmullrom"
						},
						"1.375": {
							"post": [0.4162, 24.58293, -79.22297],
							"lerp_mode": "catmullrom"
						},
						"1.5417": {
							"post": [25.74017, 18.49, -47.4675],
							"lerp_mode": "catmullrom"
						},
						"1.7083": [26.73498, -11.05913, -42.57975]
					},
					"position": {
						"0.0": [-0.5, 0.25, 0],
						"0.5417": {
							"pre": [-0.5, 0.75, 0],
							"post": [-0.5, 0.75, 0],
							"lerp_mode": "catmullrom"
						},
						"1.375": {
							"post": [-0.25, 0.75, 0],
							"lerp_mode": "catmullrom"
						},
						"1.5417": {
							"post": [0.25, 0.75, -0.75],
							"lerp_mode": "catmullrom"
						},
						"1.7083": [0, 0, -0.25]
					}
				},
				"RightFoot": {
					"rotation": {
						"0.0": [-35.3335, -13.47157, -18.19144],
						"0.1667": {
							"pre": [-40.79355, -12.0174, -16.10644],
							"post": [-40.79355, -12.0174, -16.10644],
							"lerp_mode": "catmullrom"
						},
						"0.3333": {
							"post": [-41.6336, -6.7695, -9.04515],
							"lerp_mode": "catmullrom"
						},
						"0.5417": {
							"post": [-47.47365, -1.5216, -1.98385],
							"lerp_mode": "catmullrom"
						},
						"0.7917": {
							"post": [-48.72365, -1.5216, -1.98385],
							"lerp_mode": "catmullrom"
						},
						"1.0417": {
							"post": [-59.97365, -1.5216, -1.98385],
							"lerp_mode": "catmullrom"
						},
						"1.2083": {
							"post": [-58.89693, -14.45706, -9.67006],
							"lerp_mode": "catmullrom"
						},
						"1.7083": [-60.14019, -20.83888, -13.80735]
					},
					"position": {
						"0.0": [0.25, 0, -0.25],
						"0.3333": {
							"pre": [0.25, -0.17, -0.58],
							"post": [0.25, -0.17, -0.58],
							"lerp_mode": "catmullrom"
						},
						"0.5417": {
							"post": [0.25, -0.25, -0.5],
							"lerp_mode": "catmullrom"
						},
						"1.375": [0.25, -0.25, -0.75]
					}
				},
				"RightToes": {
					"rotation": {
						"0.0": [-0.54143, -2.4407, 52.51151],
						"0.1667": {
							"pre": [-0.54143, -2.4407, 52.51151],
							"post": [-0.54143, -2.4407, 52.51151],
							"lerp_mode": "catmullrom"
						},
						"0.3333": {
							"post": [-0.75162, 2.61762, 57.45002],
							"lerp_mode": "catmullrom"
						},
						"0.5417": {
							"post": [-1.0571, -2.26564, 65.02088],
							"lerp_mode": "catmullrom"
						},
						"0.7917": {
							"post": [-1.2806, -1.92716, 80.01051],
							"lerp_mode": "catmullrom"
						},
						"1.0417": {
							"post": [-1.5212, -1.74353, 87.51212],
							"lerp_mode": "catmullrom"
						},
						"1.2083": {
							"post": [-2.07249, -1.02882, 110.00758],
							"lerp_mode": "catmullrom"
						},
						"1.375": {
							"post": [-2.11537, -0.93746, 112.50628],
							"lerp_mode": "catmullrom"
						},
						"1.7083": [-2.18899, -0.74957, 117.50329]
					},
					"position": [0, 0, 0]
				},
				"Right_Arm": {
					"rotation": {
						"0.0": [45.72113, -14.60559, -76.18535],
						"0.1667": {
							"pre": [44.49829, -30.49408, -70.47755],
							"post": [44.49829, -30.49408, -70.47755],
							"lerp_mode": "catmullrom"
						},
						"0.3333": {
							"post": [46.42057, -26.92869, -74.4758],
							"lerp_mode": "catmullrom"
						},
						"0.4583": {
							"post": [46.42057, -26.92869, -74.4758],
							"lerp_mode": "catmullrom"
						},
						"0.7917": {
							"post": [40.90775, -35.58699, -63.9038],
							"lerp_mode": "catmullrom"
						},
						"1.0417": {
							"post": [30.38717, -38.84672, -47.49358],
							"lerp_mode": "catmullrom"
						},
						"1.2083": {
							"post": [24.6796, -42.32192, -38.73422],
							"lerp_mode": "catmullrom"
						},
						"1.375": {
							"post": [15.5631, -45.78067, -25.65797],
							"lerp_mode": "catmullrom"
						},
						"1.7083": [17.99258, -45.05875, -29.0683]
					},
					"position": {
						"0.0": [0, -4.25, 0.25],
						"0.1667": [0, -4.45, 1.1],
						"0.4583": {
							"pre": [0, -5.49, 0.93],
							"post": [0, -5.49, 0.93],
							"lerp_mode": "catmullrom"
						},
						"0.75": {
							"post": [0, -6.62, -0.86],
							"lerp_mode": "catmullrom"
						},
						"1.0": {
							"post": [0, -7.6, -2.99],
							"lerp_mode": "catmullrom"
						},
						"1.0417": {
							"post": [0, -7.87, -4.19],
							"lerp_mode": "catmullrom"
						},
						"1.2083": {
							"post": [0, -11.14, -9.33],
							"lerp_mode": "catmullrom"
						},
						"1.4167": {
							"post": [0, -16.56, -16.21],
							"lerp_mode": "catmullrom"
						},
						"1.7083": [1, -24.5, -22.1]
					}
				},
				"RightForearm": {
					"rotation": {
						"0.0": [0, -15, 0],
						"0.1667": {
							"pre": [-6.29576, -43.64787, 26.78796],
							"post": [-6.29576, -43.64787, 26.78796],
							"lerp_mode": "catmullrom"
						},
						"0.3333": {
							"post": [-28.41279, -35.14143, 60.93117],
							"lerp_mode": "catmullrom"
						},
						"0.4583": {
							"post": [-35.04499, -28.53773, 73.4462],
							"lerp_mode": "catmullrom"
						},
						"0.5417": {
							"post": [-34.95144, -28.49746, 73.37581],
							"lerp_mode": "catmullrom"
						},
						"0.7917": {
							"post": [-38.02817, -24.06708, 80.16728],
							"lerp_mode": "catmullrom"
						},
						"1.2083": {
							"post": [-38.87109, -22.51232, 82.2988],
							"lerp_mode": "catmullrom"
						},
						"1.375": {
							"post": [-31.32796, -32.64924, 66.15478],
							"lerp_mode": "catmullrom"
						},
						"1.7083": {
							"post": [-32.65246, -31.32457, 68.65469],
							"lerp_mode": "catmullrom"
						},
						"1.8333": {
							"post": [-5.10845, -41.39474, 26.00747],
							"lerp_mode": "catmullrom"
						},
						"1.875": [0.90976, -44.00146, 16.39707]
					},
					"position": {
						"1.375": [-0.25, 0.25, -0.25],
						"1.875": [-0.35, -0.1, -0.25]
					}
				},
				"RightHand": {
					"rotation": {
						"0.0": [0, 15, 0],
						"0.1667": {
							"pre": [-7.05309, 13.27207, -28.32159],
							"post": [-7.05309, 13.27207, -28.32159],
							"lerp_mode": "catmullrom"
						},
						"0.3333": {
							"post": [-8.19252, 12.60837, -33.40659],
							"lerp_mode": "catmullrom"
						},
						"0.4583": {
							"post": [-8.19252, 12.60837, -33.40659],
							"lerp_mode": "catmullrom"
						},
						"0.7917": {
							"post": [0.66963, 14.98539, 2.58807],
							"lerp_mode": "catmullrom"
						},
						"1.0417": {
							"post": [3.96713, 14.47751, 15.50409],
							"lerp_mode": "catmullrom"
						},
						"1.2083": {
							"post": [6.46066, 13.56626, 25.76926],
							"lerp_mode": "catmullrom"
						},
						"1.375": {
							"post": [9.26433, 11.84911, 38.46347],
							"lerp_mode": "catmullrom"
						},
						"1.7083": {
							"post": [10.72858, 10.54529, 45.99297],
							"lerp_mode": "catmullrom"
						},
						"1.875": {
							"post": [5.09172, 4.11647, 19.73652],
							"lerp_mode": "catmullrom"
						},
						"2.0417": [3.37744, 5.60853, -0.2811]
					}
				},
				"Right_Thumb": {
					"rotation": [0, 0, -7.5]
				},
				"Right_Index_finger": {
					"rotation": [0, 0, 0]
				},
				"Right_Middle_finger": {
					"rotation": {
						"0.0": [0, 0, -10],
						"1.0417": [0, 0, -5],
						"1.2083": [0, 0, 0]
					}
				},
				"Right_Ring_finger": {
					"rotation": {
						"0.0": [0, 0, -22.5],
						"1.0417": [0, 0, -12.5],
						"1.2083": [0, 0, 0]
					}
				},
				"Right_Pinky_finger": {
					"rotation": {
						"0.0": [0, 0, -30],
						"1.0417": [0, 0, -20],
						"1.2083": [0, 0, -2.5]
					}
				},
				"Left_Arm": {
					"rotation": {
						"0.0": [-4.305, -34.8149, 6.001],
						"0.7917": {
							"pre": [-36.709, -32.37935, 23.79549],
							"post": [-36.709, -32.37935, 23.79549],
							"lerp_mode": "catmullrom"
						},
						"1.5417": {
							"post": [-49.209, -32.37935, 23.79549],
							"lerp_mode": "catmullrom"
						},
						"1.7083": {
							"post": [-18.63049, -34.10495, 18.18337],
							"lerp_mode": "catmullrom"
						},
						"1.7917": [-6.13049, -34.10495, 18.18337]
					},
					"position": {
						"0.0": [0, -5, -0.25],
						"0.1667": [0, -4.95, 0.85],
						"0.4583": {
							"pre": [0, -6.24, 0.18],
							"post": [0, -6.24, 0.18],
							"lerp_mode": "catmullrom"
						},
						"0.75": {
							"post": [0, -6.87, -1.61],
							"lerp_mode": "catmullrom"
						},
						"1.0": {
							"post": [0, -7.6, -3.24],
							"lerp_mode": "catmullrom"
						},
						"1.2083": {
							"post": [0, -10.64, -9.33],
							"lerp_mode": "catmullrom"
						},
						"1.4167": {
							"post": [0, -16.31, -16.46],
							"lerp_mode": "catmullrom"
						},
						"1.625": {
							"post": [0, -23.06, -21.41],
							"lerp_mode": "catmullrom"
						},
						"1.7083": {
							"post": [0, -25, -22.5],
							"lerp_mode": "catmullrom"
						},
						"1.875": [0, -25.25, -22.75]
					}
				},
				"LeftForearm": {
					"rotation": {
						"0.0": [160.77304, 39.63433, 157.8424],
						"0.1667": {
							"pre": [180.77217, 43.34445, 187.63499],
							"post": [180.77217, 43.34445, 187.63499],
							"lerp_mode": "catmullrom"
						},
						"0.3333": {
							"post": [192.26834, 41.91224, 204.5421],
							"lerp_mode": "catmullrom"
						},
						"0.4583": {
							"post": [200.48912, 39.07849, 217.16795],
							"lerp_mode": "catmullrom"
						},
						"0.7917": {
							"post": [205.80953, 36.12328, 225.87426],
							"lerp_mode": "catmullrom"
						},
						"1.0417": {
							"post": [214.09686, 28.58199, 241.26121],
							"lerp_mode": "catmullrom"
						},
						"1.2083": {
							"post": [215.18477, 27.1607, 243.58792],
							"lerp_mode": "catmullrom"
						},
						"1.5417": {
							"post": [218.83431, 35.15744, 250.61769],
							"lerp_mode": "catmullrom"
						},
						"1.7917": {
							"post": [190.93088, 49.56184, 210.43214],
							"lerp_mode": "catmullrom"
						},
						"1.875": [161.71813, 46.10696, 165.35248]
					},
					"position": {
						"0.0": [-0.25, 0, -1],
						"1.375": [-0.25, 0, -0.25],
						"1.5417": [-0.25, 0.5, -0.25],
						"1.7917": [-0.25, -0.25, -0.75]
					}
				},
				"LeftHand": {
					"rotation": {
						"0.0": [0, 0, 0],
						"0.1667": {
							"pre": [0, 0, 17.5],
							"post": [0, 0, 17.5],
							"lerp_mode": "catmullrom"
						},
						"0.3333": {
							"post": [-0.84577, -0.97117, 27.86433],
							"lerp_mode": "catmullrom"
						},
						"0.4583": {
							"post": [-0.61552, -1.1312, 15.36324],
							"lerp_mode": "catmullrom"
						},
						"0.7917": {
							"post": [-0.30173, -1.25196, 0.36046],
							"lerp_mode": "catmullrom"
						},
						"1.0417": {
							"post": [-0.07971, -1.28533, -9.64195],
							"lerp_mode": "catmullrom"
						},
						"1.375": {
							"post": [0.31054, -1.2498, -27.14623],
							"lerp_mode": "catmullrom"
						},
						"1.875": {
							"post": [0.20274, -8.77207, -22.17153],
							"lerp_mode": "catmullrom"
						},
						"2.0417": [-6.09508, -14.62151, 0.28798]
					}
				},
				"Left_Thumb": {
					"rotation": [0, 0, -2.5]
				},
				"Left_Index_Finger": {
					"rotation": [0, 0, -5]
				},
				"Left_Middle_Finger": {
					"rotation": {
						"0.0": [0, 0, 7.5],
						"0.7917": [0, 0, 0],
						"1.0417": [0, 0, -2.5]
					}
				},
				"Left_Ring_Finger": {
					"rotation": {
						"0.0": [0, 0, 25],
						"0.7917": {
							"pre": [0, 0, 17.5],
							"post": [0, 0, 17.5],
							"lerp_mode": "catmullrom"
						},
						"1.0417": {
							"post": [0, 0, 7.5],
							"lerp_mode": "catmullrom"
						},
						"1.2083": [0, 0, -5]
					}
				},
				"Left_Pinky_Finger": {
					"rotation": {
						"0.0": [0, 0, 37.5],
						"0.7917": {
							"pre": [0, 0, 25],
							"post": [0, 0, 25],
							"lerp_mode": "catmullrom"
						},
						"1.0417": {
							"post": [0, 0, 12.5],
							"lerp_mode": "catmullrom"
						},
						"1.2083": [0, 0, -5]
					}
				},
				"Right_Back_Frill_Base": {
					"rotation": {
						"0.0": ["-84.3531+math.sin((query.anim_time)*120)*10", -14.0761, 5.2362],
						"1.1667": ["-84.3531+math.sin((query.anim_time)*120)*10", -14.0761, 5.23619],
						"2.125": [-170.216, -19.3822, 14.9172]
					}
				},
				"Right_Back_Frill_Middle": {
					"rotation": {
						"0.0": ["0+math.sin((query.anim_time-0.1)*120)*10", 0, 0],
						"1.1667": ["0+math.sin((query.anim_time-0.1)*120)*10", 0, 0],
						"2.125": [0.31, 0, 0],
						"2.5": [-10, 0, 0]
					}
				},
				"Right_Back_Frill_Middle2": {
					"rotation": {
						"0.0": ["0+math.sin((query.anim_time-0.1)*120)*10", 0, 0],
						"1.1667": ["0+math.sin((query.anim_time-0.1)*120)*10", 0, 0],
						"2.125": [10.45, 0, 0],
						"2.7917": [-10, 0, 0]
					}
				},
				"Left_Back_Frill_Base": {
					"rotation": {
						"0.0": ["-84.3531+math.sin((query.anim_time)*120)*10", 14.0761, 5.23619],
						"1.1667": ["-84.3531+math.sin((query.anim_time)*120)*10", 14.0761, 5.23619],
						"2.125": [-170.216, 19.3822, -14.9172]
					}
				},
				"Left_Back_Frill_Middle": {
					"rotation": {
						"0.0": ["0+math.sin((query.anim_time-0.1)*120)*10", 0, 0],
						"1.1667": ["0+math.sin((query.anim_time-0.1)*120)*10", 0, 0],
						"2.125": [0.31, 0, 0],
						"2.5": [-10, 0, 0]
					}
				},
				"Left_Back_Frill_Middle8": {
					"rotation": {
						"0.0": ["0+math.sin((query.anim_time-0.1)*120)*10", 0, 0],
						"1.1667": ["0+math.sin((query.anim_time-0.1)*120)*10", 0, 0],
						"2.125": [10.45, 0, 0],
						"2.7917": [-10, 0, 0]
					}
				},
				"Right_Back_Frill_Tip": {
					"rotation": {
						"0.0": ["0+math.sin((query.anim_time-0.1)*120)*10", 0, 0],
						"1.1667": ["0+math.sin((query.anim_time-0.1)*120)*10", 0, 0],
						"2.125": [18.11, 0, 0],
						"2.9583": [-15, 0, 0]
					}
				},
				"Left_Back_Frill_Tip": {
					"rotation": {
						"0.0": ["0+math.sin((query.anim_time-0.1)*120)*10", 0, 0],
						"1.1667": ["0+math.sin((query.anim_time-0.1)*120)*10", 0, 0],
						"2.125": [18.11, 0, 0],
						"2.9583": [-15, 0, 0]
					}
				},
				"Neck": {
					"rotation": {
						"1.7083": [20, 0, 0],
						"1.7917": [15, 0, 0],
						"1.875": [17.5, 0, 0]
					},
					"position": {
						"1.7917": [0, 0, -0.75],
						"1.875": [0, 0, -0.75]
					}
				},
				"Left_Eyelid": {
					"position": {
						"0.0": [0, 0, 0],
						"0.0833": [0.65, 0, 0]
					}
				},
				"Right_Eyelid": {
					"position": {
						"0.0": [0, 0, 0],
						"0.0833": [-0.65, 0, 0]
					}
				}
			}
		},
		"animation.salazzle.sleep": {
			"loop": true,
			"animation_length": 3,
			"bones": {
				"Body": {
					"rotation": [87.5, 0, 0],
					"position": [0, "-12+math.sin((query.anim_time)*120)*0.1", 0]
				},
				"Hips": {
					"position": [0, 0, -0.75]
				},
				"Waist": {
					"rotation": [0, 0, 15]
				},
				"Chest": {
					"rotation": [0, 0, 12.5]
				},
				"Neck": {
					"rotation": [9.25249, -3.81024, 22.19157],
					"position": [0.75, 0, -0.25]
				},
				"Head": {
					"rotation": [-84.95796, -8.43274, 41.83158],
					"position": [1, -0.5, 0]
				},
				"Right_Back_Frill_Base": {
					"rotation": ["-158.3934+math.sin((query.anim_time)*120)*2", -7.99365, 12.73415]
				},
				"Left_Back_Frill_Base": {
					"rotation": ["-154.52+math.sin((query.anim_time)*120)*2", 11.87, -19.26]
				},
				"Tail_Base": {
					"rotation": [-95.19009, 0.95645, -22.48072],
					"position": [-0.5, -1.75, -3.5]
				},
				"LeftThigh": {
					"rotation": [106.01692, 14.61158, -93.66855],
					"position": [13, 0, 1.5]
				},
				"LeftCalf": {
					"rotation": [-1.76217, 27.58905, 124.61267],
					"position": [0.5, 0.25, 0.25]
				},
				"LeftFoot": {
					"rotation": [-2.95158, 39.19107, -12.51257]
				},
				"LeftToes": {
					"rotation": [0, 0, -57.5]
				},
				"RightThigh": {
					"rotation": [106.01533, -26.5777, 99.90714],
					"position": {
						"0.0": [-13.75, 0, 0],
						"2.9167": [-13.75, -0.25, 0]
					}
				},
				"RightCalf": {
					"rotation": [-44.04682, -27.2081, -112.74609],
					"position": [-0.5, 0.5, 0]
				},
				"RightFoot": {
					"rotation": [60, 0, 0],
					"position": [0, 0.25, 0.75]
				},
				"RightToes": {
					"rotation": [0, 0, 72.5]
				},
				"Right_Arm": {
					"rotation": [39.32946, -58.22971, -59.90683],
					"position": [2, -23.5, -10.25]
				},
				"Left_Arm": {
					"rotation": [-11.97427, -19.85164, 26.5904],
					"position": [1, -23, -7.5]
				},
				"LeftForearm": {
					"rotation": [18.01813, 74.20678, 18.67681]
				},
				"LeftHand": {
					"rotation": [27.5223, -23.41554, 1.27919]
				},
				"Right_Back_Frill_Middle": {
					"rotation": [-12.5, 0, 0]
				},
				"Right_Back_Frill_Middle2": {
					"rotation": [-15, 0, 0]
				},
				"Right_Back_Frill_Tip": {
					"rotation": [-15, 0, 0]
				},
				"Left_Back_Frill_Middle": {
					"rotation": [-20, 0, 0]
				},
				"Left_Back_Frill_Middle8": {
					"rotation": [-12.48848, -0.54094, -2.44081]
				},
				"Left_Back_Frill_Tip": {
					"rotation": [-12.5, 0, 0]
				},
				"Tail_1": {
					"rotation": ["2.5+math.sin((query.anim_time)*120)*2", 30, 0]
				},
				"Tail_2": {
					"rotation": ["2.5+math.sin((query.anim_time)*120)*2", 32.5, 0]
				},
				"Tail_3": {
					"rotation": ["-10+math.sin((query.anim_time-0.4)*120)*2", 45, 0]
				},
				"Tail_Tip": {
					"rotation": ["math.sin((query.anim_time-0.4)*120)*2", 35, 0],
					"position": [-0.15, 0, 0]
				},
				"RightForearm": {
					"rotation": [129.57772, -47.67389, -128.82761],
					"position": [0, -0.25, -0.75]
				},
				"RightHand": {
					"rotation": [0, 10, 0]
				},
				"Left_Eyelid": {
					"position": [0.65, 0, 0]
				},
				"Right_Eyelid": {
					"position": [-0.65, 0, 0]
				}
			}
		}
	}
}