{
  "species": "cobblemon:blacephalon",
  "order": 0,
  "variations": [
    {
      "aspects": [],
      "poser": "cobblemon:blacephalon",
      "model": "cobblemon:blacephalon.geo",
      "texture": "cobblemon:textures/pokemon/blacephalon/blacephalon.png",
      "layers": [
	  {
			"name": "glow",
			"texture": "cobblemon:textures/pokemon/blacephalon/blacephalon_emissive.png",
			"emissive": true
	  }
	  ]
    },
    {
      "aspects": ["shiny"],
      "texture": "cobblemon:textures/pokemon/blacephalon/blacephalon.png"
    }
  ]
}