{
  "species": "cobblemon:zorua",
  "order": 2,
  "variations": [
    {
      "aspects": ["hisuian"],
      "poser": "cobblemon:zorua_hisuian",
      "model": "cobblemon:zorua_hisuian.geo",
      "texture": "cobblemon:textures/pokemon/zorua/zorua_hisui.png",
      "layers": [
	  {
			"name": "glow",
			"texture": "cobblemon:textures/pokemon/zorua/zorua_hisui_eye.png",
			"emissive": true
	  }
	  ]
    },
    {
      "aspects": ["shiny", "hisuian"],
      "texture": "cobblemon:textures/pokemon/zorua/zorua_hisui_shiny.png"
    }
  ]
}