{
	"format_version": "1.12.0",
	"minecraft:geometry": [
		{
			"description": {
				"identifier": "geometry.samurotthisui",
				"texture_width": 128,
				"texture_height": 128,
				"visible_bounds_width": 5,
				"visible_bounds_height": 4.5,
				"visible_bounds_offset": [0, 1.75, 0]
			},
			"bones": [
				{
					"name": "samurott",
					"pivot": [0, 0, 0]
				},
				{
					"name": "body",
					"parent": "samurott",
					"pivot": [0, 0, 0]
				},
				{
					"name": "torso",
					"parent": "body",
					"pivot": [0, 14.25, 8.25],
					"cubes": [
						{"origin": [-5.5, 10, 0], "size": [11, 9, 11], "uv": [0, 23]}
					]
				},
				{
					"name": "chest",
					"parent": "torso",
					"pivot": [0, 10, 0],
					"cubes": [
						{"origin": [-6, 9.5, -12], "size": [12, 11, 12], "uv": [0, 0]},
						{"origin": [-3.5, 9.5, -12], "size": [7, 5, 2], "inflate": 0.01, "uv": [72, 88]}
					]
				},
				{
					"name": "neck",
					"parent": "chest",
					"pivot": [0, 20.5, -5.25],
					"cubes": [
						{"origin": [-3.5, 16, -12.25], "size": [7, 9, 7], "uv": [25, 51]}
					]
				},
				{
					"name": "neck2",
					"parent": "neck",
					"pivot": [0, 25, -6.25],
					"cubes": [
						{"origin": [-3, 25, -12.25], "size": [6, 7, 6], "uv": [38, 67]}
					]
				},
				{
					"name": "head",
					"parent": "neck2",
					"pivot": [0, 33.5, -9.25],
					"cubes": [
						{"origin": [-3.5, 30, -13.75], "size": [7, 7, 8], "uv": [48, 0]}
					]
				},
				{
					"name": "eyes",
					"parent": "head",
					"pivot": [0, 34.25, -12.25]
				},
				{
					"name": "eye_right",
					"parent": "eyes",
					"pivot": [-2.5, 34.3, -12.25],
					"cubes": [
						{"origin": [-3.5, 33.3, -13.75], "size": [2, 2, 3], "inflate": 0.01, "uv": [10, 92]},
						{"origin": [-2.75, 33.3, -13.75], "size": [1, 2, 0], "inflate": 0.02, "uv": [0, 72]}
					]
				},
				{
					"name": "eyelid_right",
					"parent": "eye_right",
					"pivot": [-2.4, 34.3, -12.15],
					"cubes": [
						{"origin": [-3.4, 33.3, -13.65], "size": [2, 2, 3], "inflate": 0.03, "uv": [36, 93]}
					]
				},
				{
					"name": "eye_left",
					"parent": "eyes",
					"pivot": [2.5, 34.3, -12.25],
					"cubes": [
						{"origin": [1.5, 33.3, -13.75], "size": [2, 2, 3], "inflate": 0.01, "uv": [0, 96], "mirror": true},
						{"origin": [1.75, 33.3, -13.75], "size": [1, 2, 0], "inflate": 0.02, "uv": [2, 72], "mirror": true}
					]
				},
				{
					"name": "eyelid_left",
					"parent": "eye_left",
					"pivot": [2.4, 34.3, -12.15],
					"cubes": [
						{"origin": [1.4, 33.3, -13.65], "size": [2, 2, 3], "inflate": 0.03, "uv": [22, 93], "mirror": true}
					]
				},
				{
					"name": "helmet_front",
					"parent": "head",
					"pivot": [0, 40, -9.75],
					"rotation": [7.5, 0, 0],
					"cubes": [
						{"origin": [-3.5, 36, -14.75], "size": [7, 4, 5], "inflate": 0.02, "uv": [62, 67]},
						{"origin": [-2.5, 36, -15.75], "size": [5, 3, 1], "inflate": 0.01, "uv": [46, 51]},
						{"origin": [-2, 36, -17.75], "size": [4, 2, 2], "inflate": 0.01, "uv": [7, 116]},
						{"origin": [0, 39.93194, -13.42024], "size": [0, 14, 3], "uv": [50, 99]},
						{"origin": [0, 46, -10.45], "size": [0, 2, 2], "pivot": [0, 47, -9.45], "rotation": [-90, 0, 0], "uv": [39, 30]},
						{"origin": [0, 42.1, -13.95], "size": [0, 2, 2], "pivot": [0, 47, -9.45], "rotation": [-90, 0, 0], "uv": [39, 30]}
					]
				},
				{
					"name": "helmet_back",
					"parent": "head",
					"pivot": [0, 40, -9.75],
					"rotation": [-12.5, 0, 0],
					"cubes": [
						{"origin": [-4, 35, -9.75], "size": [8, 5, 5], "uv": [66, 31]},
						{"origin": [-3.53, 30.75, -9.75], "size": [0, 5, 3], "inflate": 0.01, "pivot": [-3.5, 35, -6.75], "rotation": [-7.5, 0, 0], "uv": [26, 40]},
						{"origin": [3.53, 30.75, -9.75], "size": [0, 5, 3], "inflate": 0.01, "pivot": [3.5, 35, -6.75], "rotation": [-7.5, 0, 0], "uv": [0, 40]}
					]
				},
				{
					"name": "helmet_back2",
					"parent": "helmet_back",
					"pivot": [0, 40, -4.75],
					"rotation": [-20, 0, 0],
					"cubes": [
						{"origin": [-5, 33.25, -4.75], "size": [10, 7, 6], "uv": [0, 43]},
						{"origin": [0, 40.25, -2.25], "size": [0, 5, 2], "uv": [0, 54]},
						{"origin": [14, 56.5, -2.25], "size": [0, 7, 2], "pivot": [-1, 51.75, -1.25], "rotation": [0, 0, 90], "uv": [28, 118]},
						{"origin": [7.25, 33.25, -2.25], "size": [0, 7, 2], "pivot": [7.25, 36.75, -1.25], "rotation": [0, 90, 90], "uv": [28, 118]},
						{"origin": [-7.25, 33.25, -2.25], "size": [0, 7, 2], "pivot": [-7.25, 36.75, -1.25], "rotation": [0, -90, -90], "uv": [28, 118], "mirror": true},
						{"origin": [-14, 56.5, -2.25], "size": [0, 7, 2], "pivot": [1, 51.75, -1.25], "rotation": [0, 0, -90], "uv": [28, 118], "mirror": true}
					]
				},
				{
					"name": "helmet_back3",
					"parent": "helmet_back2",
					"pivot": [-0.5, 40.5, 1.25],
					"rotation": [-5, 0, 0],
					"cubes": [
						{"origin": [-5.5, 32.5, 1.25], "size": [11, 8, 7], "uv": [37, 36]},
						{"origin": [0, 40.5, 3.75], "size": [0, 5, 2], "uv": [32, 41]},
						{"origin": [0, 35, 8.25], "size": [0, 3, 4], "uv": [0, 27]}
					]
				},
				{
					"name": "muzzle",
					"parent": "head",
					"pivot": [0, 34.1, -13.75],
					"rotation": [2.5, 0, 0],
					"cubes": [
						{"origin": [-2, 31.1, -16.75], "size": [4, 3, 3], "inflate": 0.01, "uv": [81, 65]}
					]
				},
				{
					"name": "muzzle_ruff_back_right",
					"parent": "muzzle",
					"pivot": [2, 31.1, -15.25],
					"cubes": [
						{"origin": [2, 26.6, -15.251], "size": [7, 5, 0], "uv": [86, 41]}
					]
				},
				{
					"name": "muzzle_ruff_back_right2",
					"parent": "muzzle_ruff_back_right",
					"pivot": [9, 28.6, -15.25],
					"cubes": [
						{"origin": [9, 27.6, -15.25], "size": [10, 6, 0], "uv": [70, 0]}
					]
				},
				{
					"name": "muzzle_ruff_back_left",
					"parent": "muzzle",
					"pivot": [-2, 31.1, -15.25],
					"cubes": [
						{"origin": [-9, 26.6, -15.251], "size": [7, 5, 0], "uv": [90, 0]}
					]
				},
				{
					"name": "muzzle_ruff_back_left2",
					"parent": "muzzle_ruff_back_left",
					"pivot": [-9, 28.6, -15.25],
					"cubes": [
						{"origin": [-19, 27.6, -15.25], "size": [10, 6, 0], "uv": [36, 0]}
					]
				},
				{
					"name": "muzzle_ruff_front_right",
					"parent": "muzzle",
					"pivot": [-2, 33.1, -16.5],
					"rotation": [2.5, 0, 0],
					"cubes": [
						{"origin": [-10, 31.10048, -16.52181], "size": [8, 5, 0], "uv": [48, 15]}
					]
				},
				{
					"name": "muzzle_ruff_front_left",
					"parent": "muzzle",
					"pivot": [2, 32.6, -16.5],
					"rotation": [2.5, 0, 0],
					"cubes": [
						{"origin": [2, 31.1, -16.5], "size": [8, 5, 0], "uv": [78, 6]}
					]
				},
				{
					"name": "jaw",
					"parent": "muzzle",
					"pivot": [0, 30.85, -13.5],
					"rotation": [-2.5, 0, 0],
					"cubes": [
						{"origin": [-2, 30.1, -16.5], "size": [4, 1, 3], "uv": [55, 32]},
						{"origin": [-1.5, 30.1, -18.5], "size": [3, 1, 2], "uv": [48, 20]}
					]
				},
				{
					"name": "beard",
					"parent": "jaw",
					"pivot": [0, 30.1, -12.5],
					"rotation": [-5, 0, 0],
					"cubes": [
						{"origin": [0, 24.1, -16.5], "size": [0, 6, 4], "uv": [50, 92]},
						{"origin": [-1, 26.1, -16.25], "size": [0, 4, 3], "pivot": [0, 27.1, -14.5], "rotation": [0, 90, 0], "uv": [51, 93]}
					]
				},
				{
					"name": "muzzle2",
					"parent": "muzzle",
					"pivot": [0, 31.1, -16.75],
					"rotation": [-2.5, 0, 0],
					"cubes": [
						{"origin": [-1.5, 31.1, -19.75], "size": [3, 3, 3], "inflate": 0.01, "uv": [36, 6]},
						{"origin": [-1, 33.1, -19.75], "size": [2, 1, 1], "inflate": 0.02, "uv": [32, 71]}
					]
				},
				{
					"name": "leg_front_right",
					"parent": "chest",
					"pivot": [-5, 14.25, -7.75],
					"rotation": [0, 0, 15],
					"cubes": [
						{"origin": [-7.5, 7.25, -10.75], "size": [5, 10, 6], "inflate": 0.01, "uv": [59, 15]},
						{"origin": [-7.55, 7, -9.75], "size": [1, 4, 4], "inflate": 0.01, "pivot": [-7.5, 7, -8.25], "rotation": [0, 0, -12.5], "uv": [88, 49]}
					]
				},
				{
					"name": "leg_front_armor_plate_right",
					"parent": "leg_front_right",
					"pivot": [-7.5, 10.25, -7.75],
					"rotation": [0, 0, -12.5],
					"cubes": [
						{"origin": [-7.85, 10.25, -10.25], "size": [1, 4, 5], "uv": [9, 83]},
						{"origin": [-7.85, 14.25, -10.25], "size": [1, 1, 1], "uv": [13, 87]},
						{"origin": [-7.85, 14.25, -6.25], "size": [1, 1, 1], "uv": [13, 87]}
					]
				},
				{
					"name": "seamitar_right_hidden",
					"parent": "leg_front_armor_plate_right",
					"pivot": [-7.4, 14.25, -7.75],
					"cubes": [
						{"origin": [-7.4, 12.75, -9.25], "size": [0, 5, 3], "uv": [19, 53], "mirror": true},
						{"origin": [-7.4, 17.75, -8.25], "size": [0, 2, 1], "uv": [10, 8]}
					]
				},
				{
					"name": "leg_front_right2",
					"parent": "leg_front_right",
					"pivot": [-5, 7.25, -7.75],
					"rotation": [0, 0, 20],
					"cubes": [
						{"origin": [-7, 1.25, -10.25], "size": [4, 7, 5], "uv": [57, 76]}
					]
				},
				{
					"name": "leg_front_armor_plate_left2",
					"parent": "leg_front_right2",
					"pivot": [-7, 3.5, -7.75],
					"rotation": [0, 0, -17.5],
					"cubes": [
						{"origin": [-7.15, 3.5, -9.75], "size": [1, 4, 4], "uv": [29, 88]}
					]
				},
				{
					"name": "leg_front_right3",
					"parent": "leg_front_right2",
					"pivot": [-5, 1.25, -7.75],
					"rotation": [0, 0, 30],
					"cubes": [
						{"origin": [-6.5, -1.75, -9.75], "size": [3, 4, 4], "uv": [0, 80]}
					]
				},
				{
					"name": "thumb_front_right",
					"parent": "leg_front_right3",
					"pivot": [-3.75, -1, -9.25],
					"rotation": [0, 45, 0],
					"cubes": [
						{"origin": [-4.75, -1, -9.75], "size": [3, 0, 1], "uv": [32, 32]}
					]
				},
				{
					"name": "toe_front_right",
					"parent": "leg_front_right3",
					"pivot": [-5, -1.75, -9.75],
					"cubes": [
						{"origin": [-5, -4.75, -9.75], "size": [0, 3, 2], "uv": [46, 53]}
					]
				},
				{
					"name": "toe_front_right2",
					"parent": "leg_front_right3",
					"pivot": [-5, -1.75, -5.75],
					"cubes": [
						{"origin": [-5, -4.75, -7.75], "size": [0, 3, 2], "uv": [32, 46]}
					]
				},
				{
					"name": "leg_front_left",
					"parent": "chest",
					"pivot": [5, 14.25, -7.75],
					"rotation": [0, 0, -15],
					"cubes": [
						{"origin": [2.5, 7.25, -10.75], "size": [5, 10, 6], "inflate": 0.01, "uv": [16, 67]},
						{"origin": [6.55, 7, -9.75], "size": [1, 4, 4], "inflate": 0.01, "pivot": [7.5, 7, -8.25], "rotation": [0, 0, 12.5], "uv": [52, 88]}
					]
				},
				{
					"name": "leg_front_armor_plate_left",
					"parent": "leg_front_left",
					"pivot": [7.5, 10.25, -7.75],
					"rotation": [0, 0, 12.5],
					"cubes": [
						{"origin": [6.85, 10.25, -10.25], "size": [1, 4, 5], "uv": [21, 83]}
					]
				},
				{
					"name": "seamitar_left_hidden",
					"parent": "leg_front_armor_plate_left",
					"pivot": [7.4, 14.25, -7.75],
					"cubes": [
						{"origin": [7.4, 12.75, -9.25], "size": [0, 5, 3], "uv": [19, 53]},
						{"origin": [6.85, 14.25, -10.25], "size": [1, 1, 1], "uv": [13, 87], "mirror": true},
						{"origin": [6.85, 14.25, -6.25], "size": [1, 1, 1], "uv": [13, 87], "mirror": true},
						{"origin": [7.4, 12.75, -9.25], "size": [0, 5, 3], "uv": [19, 53]},
						{"origin": [7.4, 17.75, -8.25], "size": [0, 2, 1], "uv": [8, 30]}
					]
				},
				{
					"name": "leg_front_left2",
					"parent": "leg_front_left",
					"pivot": [5, 7.25, -7.75],
					"rotation": [0, 0, -20],
					"cubes": [
						{"origin": [3, 1.25, -10.25], "size": [4, 7, 5], "uv": [75, 76]}
					]
				},
				{
					"name": "leg_front_armor_plate_left3",
					"parent": "leg_front_left2",
					"pivot": [7, 3.5, -7.75],
					"rotation": [0, 0, 17.5],
					"cubes": [
						{"origin": [6.15, 3.5, -9.75], "size": [1, 4, 4], "uv": [62, 88]}
					]
				},
				{
					"name": "leg_front_left3",
					"parent": "leg_front_left2",
					"pivot": [5, 1.25, -7.75],
					"rotation": [0, 0, -30],
					"cubes": [
						{"origin": [3.5, -1.75, -9.75], "size": [3, 4, 4], "uv": [34, 80]}
					]
				},
				{
					"name": "thumb_front_left",
					"parent": "leg_front_left3",
					"pivot": [3.75, -1, -9.25],
					"rotation": [0, -45, 0],
					"cubes": [
						{"origin": [1.75, -1, -9.75], "size": [3, 0, 1], "uv": [32, 33]}
					]
				},
				{
					"name": "toe_front_left",
					"parent": "leg_front_left3",
					"pivot": [5, -1.75, -9.75],
					"cubes": [
						{"origin": [5, -4.75, -9.75], "size": [0, 3, 2], "uv": [36, 65]}
					]
				},
				{
					"name": "toe_front_left2",
					"parent": "leg_front_left3",
					"pivot": [5, -1.75, -5.75],
					"cubes": [
						{"origin": [5, -4.75, -7.75], "size": [0, 3, 2], "uv": [32, 65]}
					]
				},
				{
					"name": "tail",
					"parent": "torso",
					"pivot": [0, 18.25, 11],
					"cubes": [
						{"origin": [-3.5, 18.25, 11], "size": [7, 0, 3], "uv": [41, 32]}
					]
				},
				{
					"name": "tail2",
					"parent": "tail",
					"pivot": [0, 18.25, 14],
					"cubes": [
						{"origin": [-6.5, 18.25, 14], "size": [13, 0, 9], "uv": [24, 23]},
						{"origin": [0, 16.75, 18], "size": [0, 3, 9], "uv": [38, 114]}
					]
				},
				{
					"name": "leg_back_right",
					"parent": "body",
					"pivot": [-5, 14.25, 7.25],
					"rotation": [0, 0, 15],
					"cubes": [
						{"origin": [-7.5, 7.25, 4.25], "size": [5, 10, 6], "inflate": 0.01, "uv": [53, 51]},
						{"origin": [-7.55, 8, 5.25], "size": [1, 4, 4], "inflate": 0.01, "pivot": [-7.5, 7, 7.75], "rotation": [0, 0, -12.5], "uv": [87, 28]},
						{"origin": [-7.55, 12, 8.25], "size": [1, 1, 1], "inflate": 0.01, "pivot": [-7.5, 7, 7.75], "rotation": [0, 0, -12.5], "uv": [90, 31]},
						{"origin": [-7.55, 12, 5.25], "size": [1, 1, 1], "inflate": 0.01, "pivot": [-7.5, 7, 7.75], "rotation": [0, 0, -12.5], "uv": [90, 31]}
					]
				},
				{
					"name": "leg_back_armor_plate_right",
					"parent": "leg_back_right",
					"pivot": [-7.5, 10.25, 7.25],
					"rotation": [0, 0, -12.5]
				},
				{
					"name": "leg_back_right2",
					"parent": "leg_back_right",
					"pivot": [-5, 7.25, 7.25],
					"rotation": [0, 0, 20],
					"cubes": [
						{"origin": [-7, 1.25, 4.75], "size": [4, 7, 5], "uv": [73, 41]}
					]
				},
				{
					"name": "leg_back_armor_plate_right3",
					"parent": "leg_back_right2",
					"pivot": [-7, 3.5, 7.25],
					"rotation": [0, 0, -17.5],
					"cubes": [
						{"origin": [-7.15, 3.5, 5.25], "size": [1, 4, 4], "uv": [0, 23]}
					]
				},
				{
					"name": "leg_back_right3",
					"parent": "leg_back_right2",
					"pivot": [-5, 1.25, 7.25],
					"rotation": [0, 0, 30],
					"cubes": [
						{"origin": [-6.5, -1.75, 5.25], "size": [3, 4, 4], "uv": [0, 72]}
					]
				},
				{
					"name": "toe_back_right",
					"parent": "leg_back_right3",
					"pivot": [-5, -1.75, 9.25],
					"cubes": [
						{"origin": [-5, -4.75, 7.25], "size": [0, 3, 2], "uv": [7, 0]}
					]
				},
				{
					"name": "toe_back_right2",
					"parent": "leg_back_right3",
					"pivot": [-5, -1.75, 5.25],
					"cubes": [
						{"origin": [-5, -4.75, 5.25], "size": [0, 3, 2], "uv": [0, 0]}
					]
				},
				{
					"name": "leg_back_left",
					"parent": "body",
					"pivot": [5, 14.25, 7.25],
					"rotation": [0, 0, -15],
					"cubes": [
						{"origin": [2.5, 7.25, 4.25], "size": [5, 10, 6], "inflate": 0.01, "uv": [0, 56]},
						{"origin": [6.55, 12, 5.25], "size": [1, 1, 1], "inflate": 0.01, "pivot": [7.5, 7, 7.75], "rotation": [0, 0, 12.5], "uv": [90, 31], "mirror": true},
						{"origin": [6.55, 12, 8.25], "size": [1, 1, 1], "inflate": 0.01, "pivot": [7.5, 7, 7.75], "rotation": [0, 0, 12.5], "uv": [90, 31], "mirror": true},
						{"origin": [6.55, 8, 5.25], "size": [1, 4, 4], "inflate": 0.01, "pivot": [7.5, 7, 7.75], "rotation": [0, 0, 12.5], "uv": [88, 15]},
						{"origin": [6.55, 8, 5.25], "size": [1, 4, 4], "inflate": 0.01, "pivot": [7.5, 7, 7.75], "rotation": [0, 0, 12.5], "uv": [88, 15]}
					]
				},
				{
					"name": "leg_back_armor_plate_left",
					"parent": "leg_back_left",
					"pivot": [7.5, 10.25, 7.25],
					"rotation": [0, 0, 12.5]
				},
				{
					"name": "leg_back_left2",
					"parent": "leg_back_left",
					"pivot": [5, 7.25, 7.25],
					"rotation": [0, 0, -20],
					"cubes": [
						{"origin": [3, 1.25, 4.75], "size": [4, 7, 5], "uv": [75, 53]}
					]
				},
				{
					"name": "leg_back_armor_plate_left3",
					"parent": "leg_back_left2",
					"pivot": [7, 3.5, 7.25],
					"rotation": [0, 0, 17.5],
					"cubes": [
						{"origin": [6.15, 3.5, 5.25], "size": [1, 4, 4], "uv": [0, 88]}
					]
				},
				{
					"name": "leg_back_left3",
					"parent": "leg_back_left2",
					"pivot": [5, 1.25, 7.25],
					"rotation": [0, 0, -30],
					"cubes": [
						{"origin": [3.5, -1.75, 5.25], "size": [3, 4, 4], "uv": [75, 11]}
					]
				},
				{
					"name": "toe_back_left",
					"parent": "leg_back_left3",
					"pivot": [5, -1.75, 9.25],
					"cubes": [
						{"origin": [5, -4.75, 7.25], "size": [0, 3, 2], "uv": [6, 21]}
					]
				},
				{
					"name": "toe_back_left2",
					"parent": "leg_back_left3",
					"pivot": [5, -1.75, 5.25],
					"cubes": [
						{"origin": [5, -4.75, 5.25], "size": [0, 3, 2], "uv": [0, 21]}
					]
				}
			]
		}
	]
}