{
  "implemented": true,
  "name": "partnerlatioslightgray",
  "labels": [ "custom" ],
  "pokedex": [
    "cobblemon.species.latios.desc1",
    "cobblemon.species.latios.desc2"
  ],
  "height": 11,
  "weight": 300,
  "forms": [],
  "primaryType": "dragon",
  "secondaryType": "psychic",
  "baseStats": {
    "hp": 80,
    "attack": 10,
    "defence": 10,
    "special_attack": 10,
    "special_defence": 10,
    "speed": 110
  },
  "catchRate": 3,
  "maleRatio": 1,
  "baseExperienceYield": 270,
  "experienceGroup": "slow",
  "eggCycles": 120,
  "eggGroups": [],
  "baseFriendship": 90,
  "evYield": {
    "special_defence": 3
  },
  "moves": [
    "1:fly"
  ],
  "abilities": [
    "levitate"
  ],
  "evolutions": [
    {
      "id": "partner_latios_white",
      "variant": "item_interact",
      "result": "partnerlatioswhite",
      "consumeHeldItem": true,
      "learnableMoves": [],
      "requirements": [],
      "requiredContext": "minecraft:white_dye"
    },
    {
      "id": "partner_latios_gray",
      "variant": "item_interact",
      "result": "partnerlatiosgray",
      "consumeHeldItem": true,
      "learnableMoves": [],
      "requirements": [],
      "requiredContext": "minecraft:gray_dye"
    },
    {
      "id": "partner_latios_black",
      "variant": "item_interact",
      "result": "partnerlatiosblack",
      "consumeHeldItem": true,
      "learnableMoves": [],
      "requirements": [],
      "requiredContext": "minecraft:black_dye"
    },
    {
      "id": "partner_latios_brown",
      "variant": "item_interact",
      "result": "partnerlatiosbrown",
      "consumeHeldItem": true,
      "learnableMoves": [],
      "requirements": [],
      "requiredContext": "minecraft:brown_dye"
    },
    {
      "id": "partner_latios_red",
      "variant": "item_interact",
      "result": "partnerlatiosred",
      "consumeHeldItem": true,
      "learnableMoves": [],
      "requirements": [],
      "requiredContext": "minecraft:red_dye"
    },
    {
      "id": "partner_latios_orange",
      "variant": "item_interact",
      "result": "partnerlatiosorange",
      "consumeHeldItem": true,
      "learnableMoves": [],
      "requirements": [],
      "requiredContext": "minecraft:orange_dye"
    },
    {
      "id": "partner_latios_yellow",
      "variant": "item_interact",
      "result": "partnerlatiosyellow",
      "consumeHeldItem": true,
      "learnableMoves": [],
      "requirements": [],
      "requiredContext": "minecraft:yellow_dye"
    },
    {
      "id": "partner_latios_lime",
      "variant": "item_interact",
      "result": "partnerlatioslime",
      "consumeHeldItem": true,
      "learnableMoves": [],
      "requirements": [],
      "requiredContext": "minecraft:lime_dye"
    },
    {
      "id": "partner_latios_green",
      "variant": "item_interact",
      "result": "partnerlatiosgreen",
      "consumeHeldItem": true,
      "learnableMoves": [],
      "requirements": [],
      "requiredContext": "minecraft:green_dye"
    },
    {
      "id": "partner_latios_cyan",
      "variant": "item_interact",
      "result": "partnerlatioscyan",
      "consumeHeldItem": true,
      "learnableMoves": [],
      "requirements": [],
      "requiredContext": "minecraft:cyan_dye"
    },
    {
      "id": "partner_latios_light_blue",
      "variant": "item_interact",
      "result": "partnerlatioslightblue",
      "consumeHeldItem": true,
      "learnableMoves": [],
      "requirements": [],
      "requiredContext": "minecraft:light_blue_dye"
    },
    {
      "id": "partner_latios_blue",
      "variant": "item_interact",
      "result": "partnerlatiosblue",
      "consumeHeldItem": true,
      "learnableMoves": [],
      "requirements": [],
      "requiredContext": "minecraft:blue_dye"
    },
    {
      "id": "partner_latios_purple",
      "variant": "item_interact",
      "result": "partnerlatiospurple",
      "consumeHeldItem": true,
      "learnableMoves": [],
      "requirements": [],
      "requiredContext": "minecraft:purple_dye"
    },
    {
      "id": "partner_latios_magenta",
      "variant": "item_interact",
      "result": "partnerlatiosmagenta",
      "consumeHeldItem": true,
      "learnableMoves": [],
      "requirements": [],
      "requiredContext": "minecraft:magenta_dye"
    },
    {
      "id": "partner_latios_pink",
      "variant": "item_interact",
      "result": "partnerlatiospink",
      "consumeHeldItem": true,
      "learnableMoves": [],
      "requirements": [],
      "requiredContext": "minecraft:pink_dye"
    },
    {
      "id": "swap_partner",
      "variant": "item_interact",
      "result": "partnerlatiaslightgray",
      "consumeHeldItem": false,
      "learnableMoves": [],
      "requirements": [],
      "requiredContext": "mysterygift:eon_flute"
    }
  ],
  "baseScale": 1,
  "hitbox": {
    "width": 2,
    "height": 1.8,
    "fixed": false
  },
  "drops": {},
  "behaviour": {
    "moving": {
      "canLook": false,
      "fly": {
        "canFly": true
      },
      "swim": {
        "swimSpeed": 0.2,
        "canSwimInWater": false,
        "canBreatheUnderwater": false
      }
    }
  }
}
