{
	"format_version": "1.12.0",
	"minecraft:geometry": [
		{
			"description": {
				"identifier": "geometry.shellos",
				"texture_width": 64,
				"texture_height": 64,
				"visible_bounds_width": 2,
				"visible_bounds_height": 2.5,
				"visible_bounds_offset": [0, 0.75, 0]
			},
			"bones": [
				{
					"name": "bone",
					"pivot": [0, 0, 0]
				},
				{
					"name": "head",
					"parent": "bone",
					"pivot": [0, 10, -2],
					"cubes": [
						{"origin": [-3, 8, -5], "size": [6, 5, 6], "uv": [0, 17]},
						{"origin": [-2, 8, -6], "size": [4, 1, 1], "uv": [38, 22]},
						{"origin": [-4, 11, -3], "size": [2, 3, 3], "uv": [44, 0]},
						{"origin": [2, 11, -3], "size": [2, 3, 3], "uv": [44, 0]},
						{"origin": [-4, 11, 4], "size": [2, 2, 2], "pivot": [0, 0, 0], "rotation": [22.5, 0, 0], "uv": [45, 8]},
						{"origin": [2, 11, 4], "size": [2, 2, 2], "pivot": [0, 0, 0], "rotation": [22.5, 0, 0], "uv": [45, 8]}
					]
				},
				{
					"name": "legs",
					"parent": "bone",
					"pivot": [0, 4, 0]
				},
				{
					"name": "front_right",
					"parent": "legs",
					"pivot": [-2, 2, -3],
					"cubes": [
						{"origin": [-4, 0, -4], "size": [3, 2, 2], "uv": [37, 35]}
					]
				},
				{
					"name": "back_right",
					"parent": "legs",
					"pivot": [-2, 2, 3],
					"cubes": [
						{"origin": [-4, 0, 2], "size": [3, 2, 2], "uv": [29, 23]}
					]
				},
				{
					"name": "front_left",
					"parent": "legs",
					"pivot": [2, 2, -3],
					"cubes": [
						{"origin": [1, 0, -4], "size": [3, 2, 2], "uv": [37, 29]}
					]
				},
				{
					"name": "back_left",
					"parent": "legs",
					"pivot": [2, 2, 3],
					"cubes": [
						{"origin": [1, 0, 2], "size": [3, 2, 2], "uv": [27, 32]}
					]
				},
				{
					"name": "body",
					"parent": "bone",
					"pivot": [0, 4, 0],
					"cubes": [
						{"origin": [-2, 6, -4], "size": [4, 3, 4], "uv": [27, 0]},
						{"origin": [-4, 1, -5], "size": [8, 6, 10], "uv": [0, 0]},
						{"origin": [4, 2, -5], "size": [1, 1, 10], "uv": [27, 7]},
						{"origin": [-5, 2, -5], "size": [1, 1, 10], "uv": [15, 19]},
						{"origin": [-4, 2, 5], "size": [8, 1, 1], "uv": [28, 19]}
					]
				},
				{
					"name": "wing_right",
					"parent": "body",
					"pivot": [-3, 7, 3],
					"cubes": [
						{"origin": [-3, 7, 0], "size": [0, 5, 5], "pivot": [0, 7, 0], "rotation": [0, 0, -20], "uv": [49, 9]}
					]
				},
				{
					"name": "wing_left",
					"parent": "body",
					"pivot": [3, 7, 3],
					"cubes": [
						{"origin": [3, 7, 0], "size": [0, 5, 5], "pivot": [0, 7, 0], "rotation": [0, 0, 20], "uv": [49, 9]}
					]
				}
			]
		}
	]
}