{
	"format_version": "1.8.0",
	"animations": {
		"animation.meowstic_f.s_attack": {
			"animation_length": 2.5,
			"bones": {
				"body": {
					"rotation": {
						"0.0": [0, 0, 0],
						"0.75": [10, 0, 0],
						"1.0": [10, 0, 0],
						"1.5": [0, 0, 0]
					},
					"position": {
						"0.0": [0, 0, 0],
						"0.75": [0, 0, 1],
						"1.0": [0, 0, 1],
						"1.5": [0, 0, 0]
					}
				},
				"head": {
					"rotation": {
						"0.0": [0, 0, 0],
						"0.75": [20, 0, 0],
						"1.0": [20, 0, 0],
						"1.25": [0, 0, 0]
					}
				},
				"eye_l": {
					"position": {
						"0.0": [0, 0, 0.03],
						"1.0": [0, 0, 0.03],
						"1.0417": [0, 0, 0]
					}
				},
				"open_l": {
					"position": {
						"0.0": [0, 0, -0.05],
						"1.0": [0, 0, -0.05],
						"1.0417": [0, 0, 0]
					}
				},
				"eye_r": {
					"position": {
						"0.0": [0, 0, 0.03],
						"1.0": [0, 0, 0.03],
						"1.0417": [0, 0, 0]
					}
				},
				"open_r": {
					"position": {
						"0.0": [0, 0, -0.05],
						"1.0": [0, 0, -0.05],
						"1.0417": [0, 0, 0]
					}
				},
				"ear_r": {
					"rotation": {
						"1.0": [0, 0, 0],
						"1.375": [-20, 0, 20]
					}
				},
				"ear_ra": {
					"rotation": {
						"1.0": [0, 0, 0],
						"1.375": [-120, 0, 0]
					},
					"position": {
						"1.0": [0, 0, 0],
						"1.375": [0, 0, 3]
					}
				},
				"ear_l": {
					"rotation": {
						"1.0": [0, 0, 0],
						"1.375": [-20, 0, -20]
					}
				},
				"ear_la": {
					"rotation": {
						"1.0": [0, 0, 0],
						"1.375": [-120, 0, 0]
					},
					"position": {
						"1.0": [0, 0, 0],
						"1.375": [0, 0, 3]
					}
				},
				"arm_r": {
					"rotation": {
						"0.0": [0, 0, 0],
						"0.75": [-60, -15, 0],
						"1.0": [-60, -15, 0],
						"1.5": [0, 0, 0]
					}
				},
				"arm_l": {
					"rotation": {
						"0.0": [0, 0, 0],
						"0.75": [-60, 15, 0],
						"1.0": [-60, 15, 0],
						"1.5": [0, 0, 0]
					}
				},
				"collar": {
					"rotation": {
						"0.0": [0, 0, 0],
						"0.75": [20, 0, 0],
						"1.0": [20, 0, 0],
						"1.25": [0, 0, 0]
					}
				},
				"leg_r": {
					"rotation": {
						"0.0": [0, 0, 0],
						"0.75": [-10, 0, 0],
						"1.0": [-10, 0, 0],
						"1.5": [0, 0, 0]
					}
				},
				"leg_l": {
					"rotation": {
						"0.0": [0, 0, 0],
						"0.75": [-10, 0, 0],
						"1.0": [-10, 0, 0],
						"1.5": [0, 0, 0]
					}
				}
			}
		},
		"animation.meowstic_f.ground_walk": {
			"loop": true,
			"animation_length": 1,
			"bones": {
				"body": {
					"position": {
						"0.0": [0, -0.5, 0],
						"0.25": [0, 0, 0],
						"0.5": [0, -0.5, 0],
						"0.75": [0, 0, 0],
						"1.0": [0, -0.5, 0]
					}
				},
				"arm_r": {
					"rotation": {
						"0.0": [-20, 0, 0],
						"0.5": [20, 0, 0],
						"1.0": [-20, 0, 0]
					}
				},
				"arm_l": {
					"rotation": {
						"0.0": [20, 0, 0],
						"0.5": [-20, 0, 0],
						"1.0": [20, 0, 0]
					}
				},
				"leg_r": {
					"rotation": {
						"0.0": [20, 0, 0],
						"0.5": [-20, 0, 0],
						"1.0": [20, 0, 0]
					}
				},
				"leg_l": {
					"rotation": {
						"0.0": [-20, 0, 0],
						"0.5": [20, 0, 0],
						"1.0": [-20, 0, 0]
					}
				}
			}
		},
		"animation.meowstic_f.blink": {
			"animation_length": 0.25,
			"bones": {
				"eye_l": {
					"position": {
						"0.0": [0, 0, 0],
						"0.0417": [0, 0, 0.05],
						"0.2083": [0, 0, 0.05],
						"0.25": [0, 0, 0]
					}
				},
				"open_l": {
					"position": {
						"0.0": [0, 0, 0],
						"0.0417": [0, 0, -0.07],
						"0.2083": [0, 0, -0.07],
						"0.25": [0, 0, 0]
					}
				},
				"eye_r": {
					"position": {
						"0.0": [0, 0, 0],
						"0.0417": [0, 0, 0.05],
						"0.2083": [0, 0, 0.05],
						"0.25": [0, 0, 0]
					}
				},
				"open_r": {
					"position": {
						"0.0": [0, 0, 0],
						"0.0417": [0, 0, -0.07],
						"0.2083": [0, 0, -0.07],
						"0.25": [0, 0, 0]
					}
				}
			}
		},
		"animation.meowstic_f.sleep": {
			"loop": true,
			"animation_length": 0.25,
			"bones": {
				"body": {
					"rotation": [0, 0, 90],
					"position": [-10, 4, 0]
				},
				"head": {
					"rotation": [24.47761, 5.24826, -11.36081]
				},
				"eye_l": {
					"position": {
						"0.0": [0, 0, 0.05],
						"0.25": [0, 0, 0.05]
					}
				},
				"open_l": {
					"position": {
						"0.0": [0, 0, -0.07],
						"0.25": [0, 0, -0.07]
					}
				},
				"eye_r": {
					"position": {
						"0.0": [0, 0, 0.05],
						"0.25": [0, 0, 0.05]
					}
				},
				"open_r": {
					"position": {
						"0.0": [0, 0, -0.07],
						"0.25": [0, 0, -0.07]
					}
				},
				"arm_r": {
					"rotation": [-90, -32.5, 0]
				},
				"arm_l": {
					"rotation": [-90, 37.5, 0]
				},
				"collar": {
					"rotation": [40, 0, 0],
					"position": [0, 0, 0]
				},
				"tail": {
					"rotation": [-197.5, 0, 0]
				},
				"tail1": {
					"rotation": [0, -7.5, 0]
				},
				"tail2": {
					"rotation": [1.22383, 15.24329, -14.26021]
				},
				"leg_r": {
					"rotation": [-90, 0, 0]
				},
				"leg_l": {
					"rotation": [-90, 0, 0]
				}
			}
		},
		"animation.meowstic_f.ground_idle": {
			"loop": true,
			"animation_length": 4,
			"bones": {
				"head": {
					"rotation": {
						"0.0": [0, 0, 0],
						"2.0": [5, 0, 0],
						"4.0": [0, 0, 0]
					}
				},
				"arm_r": {
					"rotation": {
						"0.0": [0, 0, 15],
						"2.0": [0, 0, 17.5],
						"4.0": [0, 0, 15]
					}
				},
				"arm_l": {
					"rotation": {
						"0.0": [-5, 0, -40],
						"2.0": [-5, 0, -42.5],
						"4.0": [-5, 0, -40]
					}
				},
				"tail": {
					"rotation": {
						"0.0": [0, 0, 0],
						"2.0": [5, 0, 0],
						"4.0": [0, 0, 0]
					}
				},
				"leg_r": {
					"rotation": [15, 0, 0]
				},
				"leg_l": {
					"rotation": [-15, 0, 5]
				}
			}
		},
		"animation.meowstic_f.cry": {
			"animation_length": 2,
			"bones": {
				"head": {
					"rotation": {
						"0.0": [0, 0, 0],
						"0.25": [2.5, 0, 0],
						"0.75": [-10, 0, 0],
						"1.25": [-10, 0, 0],
						"1.75": [-10, 0, 0],
						"2.0": [0, 0, 0]
					}
				},
				"mouth": {
					"position": {
						"0.0": [0, 0, 0],
						"0.5": [0, 0, 0],
						"0.5417": [0, 0, -0.02],
						"1.75": [0, 0, -0.02],
						"1.7917": [0, 0, 0]
					}
				}
			}
		},
		"animation.meowstic_f.faint": {
			"animation_length": 3.5,
			"bones": {
				"body": {
					"rotation": {
						"0.0": [0, 0, 0],
						"0.375": [-5, 0, 0],
						"0.75": [5, 0, 0],
						"1.125": [-5, 0, 0],
						"1.5": [5, 0, 0],
						"2.25": [90, 0, 0]
					},
					"position": {
						"0.0": [0, 0, 0],
						"0.375": [0, 0, -0.5],
						"0.75": [0, 0, 0.5],
						"1.125": [0, 0, -0.5],
						"1.5": [0, 0, 0.5],
						"2.25": [0, 2, 0]
					}
				},
				"head": {
					"rotation": {
						"0.0": [0, 0, 0],
						"0.375": [-5, 0, 0],
						"0.75": [5, 0, 0],
						"1.125": [-5, 0, 0],
						"1.5": [-12.5, 0, 0]
					}
				},
				"eye_l": {
					"position": {
						"1.2083": [0, 0, 0],
						"1.25": [0, 0, 0.04]
					}
				},
				"open_l": {
					"position": {
						"1.2083": [0, 0, 0],
						"1.25": [0, 0, -0.06]
					}
				},
				"eye_r": {
					"position": [0, 0, 0.04]
				},
				"open_r": {
					"position": [0, 0, -0.06]
				},
				"arm_r": {
					"rotation": {
						"1.5": [0, 0, 0],
						"2.0": [30, 0, 0],
						"2.5": [-10, 0, 0]
					}
				},
				"arm_l": {
					"rotation": {
						"1.5": [0, 0, 0],
						"2.0": [30, 0, 0],
						"2.5": [-10, 0, 0]
					}
				},
				"tail": {
					"rotation": {
						"0.0": [0, 0, 0],
						"1.5": [0, 0, 0],
						"2.25": [-102.48909, -0.23108, 0.03748]
					}
				},
				"leg_r": {
					"rotation": {
						"0.0": [0, 0, 0],
						"0.375": [5, 0, 0],
						"0.75": [-5, 0, 0],
						"1.125": [5, 0, 0],
						"1.5": [-5, 0, 0],
						"2.25": [15, 0, 0]
					}
				},
				"leg_l": {
					"rotation": {
						"0.0": [0, 0, 0],
						"0.375": [5, 0, 0],
						"0.75": [-5, 0, 0],
						"1.125": [5, 0, 0],
						"1.5": [-5, 0, 0],
						"2.25": [15, 0, 0]
					}
				}
			}
		}
	}
}