{
	"format_version": "1.12.0",
	"minecraft:geometry": [
		{
			"description": {
				"identifier": "geometry.marowak",
				"texture_width": 64,
				"texture_height": 64,
				"visible_bounds_width": 4,
				"visible_bounds_height": 3.5,
				"visible_bounds_offset": [0, 1.25, 0]
			},
			"bones": [
				{
					"name": "marowak",
					"pivot": [0, 0, 0]
				},
				{
					"name": "body_leg",
					"parent": "marowak",
					"pivot": [0, 8, -0.5]
				},
				{
					"name": "leftleg",
					"parent": "body_leg",
					"pivot": [3.25, 6, -0.75],
					"cubes": [
						{"origin": [1.75, 1, -3.25], "size": [3, 6, 5], "uv": [0, 32]}
					]
				},
				{
					"name": "leftfoot",
					"parent": "leftleg",
					"pivot": [3.25, 1, -0.25],
					"cubes": [
						{"origin": [1.75, 0, -3.75], "size": [3, 1, 5], "uv": [25, 2]}
					]
				},
				{
					"name": "rightleg",
					"parent": "body_leg",
					"pivot": [-3.25, 6, -0.75],
					"cubes": [
						{"origin": [-4.75, 1, -3.25], "size": [3, 6, 5], "uv": [34, 19]}
					]
				},
				{
					"name": "rightfoot",
					"parent": "rightleg",
					"pivot": [-3.25, 1, -0.25],
					"cubes": [
						{"origin": [-4.75, 0, -3.75], "size": [3, 1, 5], "uv": [35, 31]}
					]
				},
				{
					"name": "body",
					"parent": "body_leg",
					"pivot": [0, 3, -0.5],
					"cubes": [
						{"origin": [-0.72321, 8.86415, 4.49727], "size": [1, 1, 0], "uv": [0, 49]},
						{"origin": [-0.72321, 7.46415, 4.49727], "size": [1, 1, 0], "uv": [0, 50]},
						{"origin": [-4.22321, 2.08915, -1.52773], "size": [8, 11, 6], "uv": [0, 15]}
					]
				},
				{
					"name": "head",
					"parent": "body",
					"pivot": [-0.22321, 13.08915, 1.47227],
					"cubes": [
						{"origin": [-4.22321, 13.08915, -2.77773], "size": [8, 7, 8], "inflate": 0.025, "uv": [0, 0]},
						{"origin": [3.32533, 14.08829, -2.02773], "size": [3, 0, 7], "inflate": 0.02, "pivot": [4.82533, 14.08829, 1.47227], "rotation": [0, 5, 30], "uv": [17, 0]},
						{"origin": [-3.22321, 12.83915, -7.27773], "size": [6, 4, 5], "pivot": [-0.22321, 14.83915, -4.77773], "rotation": [10, 0, 0], "uv": [27, 10]},
						{"origin": [-6.77175, 14.08829, -2.02773], "size": [3, 0, 7], "inflate": 0.02, "pivot": [-5.27175, 14.08829, 1.47227], "rotation": [0, -5, -30], "uv": [21, 19]},
						{"origin": [-7.22321, 17.58915, 3.72227], "size": [4, 6, 0], "inflate": 0.02, "pivot": [-5.22321, 20.58915, 3.72227], "rotation": [0, 30, -50], "uv": [29, 44]},
						{"origin": [2.77679, 17.58915, 3.72227], "size": [4, 6, 0], "inflate": 0.02, "pivot": [4.77679, 20.58915, 3.72227], "rotation": [0, -30, 50], "uv": [0, 0]}
					]
				},
				{
					"name": "eyes",
					"parent": "head",
					"pivot": [-0.22321, 16.83915, -0.52773],
					"cubes": [
						{"origin": [3.85179, 15.83915, -2.27773], "size": [0, 2, 4], "inflate": 0.02, "pivot": [3.85179, 16.83915, -0.27773], "rotation": [5, 0, 0], "uv": [46, 16], "mirror": true},
						{"origin": [-4.29821, 15.83915, -2.27773], "size": [0, 2, 4], "inflate": 0.02, "pivot": [-4.29821, 16.83915, -0.27773], "rotation": [5, 0, 0], "uv": [46, 16]}
					]
				},
				{
					"name": "leftarm",
					"parent": "body",
					"pivot": [3.77679, 11.08915, 1.22227],
					"cubes": [
						{"origin": [1.77679, 9.58915, 0.22227], "size": [6, 3, 2], "uv": [36, 0]}
					]
				},
				{
					"name": "leftforearm",
					"parent": "leftarm",
					"pivot": [7.77679, 11.08915, 2.22227],
					"cubes": [
						{"origin": [7.77679, 9.58915, 0.22227], "size": [4, 3, 2], "uv": [41, 5]}
					]
				},
				{
					"name": "lefthand",
					"parent": "leftforearm",
					"pivot": [11.77679, 11.33915, 0.97227],
					"cubes": [
						{"origin": [11.77679, 9.33915, -0.52773], "size": [3, 4, 3], "uv": [32, 37]}
					]
				},
				{
					"name": "rightarm",
					"parent": "body",
					"pivot": [-4.22321, 11.08915, 1.22227],
					"cubes": [
						{"origin": [-8.22321, 9.58915, 0.22227], "size": [6, 3, 2], "uv": [16, 36]}
					]
				},
				{
					"name": "rightforearm",
					"parent": "rightarm",
					"pivot": [-8.22321, 11.08915, 2.22227],
					"cubes": [
						{"origin": [-12.22321, 9.58915, 0.22227], "size": [4, 3, 2], "uv": [0, 43]}
					]
				},
				{
					"name": "righthand",
					"parent": "rightforearm",
					"pivot": [-12.22321, 11.33915, 0.97227],
					"cubes": [
						{"origin": [-15.22321, 9.33915, -0.52773], "size": [3, 4, 3], "uv": [13, 41]}
					]
				},
				{
					"name": "bone",
					"parent": "righthand",
					"pivot": [-13.72321, 11.33915, 0.97227],
					"cubes": [
						{"origin": [-16.22321, 2.83915, 0.97227], "size": [5, 3, 0], "inflate": 0.02, "uv": [11, 32]},
						{"origin": [-14.72321, 5.83915, 0.97227], "size": [2, 11, 0], "inflate": 0.02, "uv": [25, 41]},
						{"origin": [-16.22321, 16.83915, 0.97227], "size": [5, 3, 0], "inflate": 0.02, "uv": [41, 37]}
					]
				},
				{
					"name": "flame_bot",
					"parent": "bone",
					"pivot": [-13.84821, 6.03915, 0.97227],
					"rotation": [180, 180, 0],
					"cubes": [
						{"origin": [-18.19821, 6.01415, -1.07773], "size": [9, 13, 0], "pivot": [-13.84821, 13.03915, -0.02773], "rotation": [0, 180, 0], "uv": [40, 51]},
						{"origin": [-17.22321, 6.01415, 0.32227], "size": [9, 13, 0], "pivot": [-13.84821, 13.03915, -0.02773], "rotation": [0, -90, 0], "uv": [6, 51]},
						{"origin": [-18.19821, 6.01415, -1.00273], "size": [9, 13, 0], "pivot": [-13.84821, 13.03915, -0.02773], "rotation": [0, 180, 0], "uv": [40, 51]}
					]
				},
				{
					"name": "flame_top",
					"parent": "bone",
					"pivot": [-13.59821, 15.83915, 0.97227],
					"cubes": [
						{"origin": [-17.94821, 15.81415, -1.07773], "size": [9, 13, 0], "pivot": [-13.59821, 22.83915, -0.02773], "rotation": [0, 180, 0], "uv": [40, 51]},
						{"origin": [-16.97321, 15.81415, 0.32227], "size": [9, 13, 0], "pivot": [-13.59821, 22.83915, -0.02773], "rotation": [0, -90, 0], "uv": [6, 51]},
						{"origin": [-17.94821, 15.81415, -1.00273], "size": [9, 13, 0], "pivot": [-13.59821, 22.83915, -0.02773], "rotation": [0, 180, 0], "uv": [40, 51]}
					]
				},
				{
					"name": "tail",
					"parent": "body",
					"pivot": [-0.22321, 4.58915, 3.67227],
					"rotation": [-19.25, 0, 0],
					"cubes": [
						{"origin": [-1.72321, 2.33915, 3.47227], "size": [3, 4, 6], "uv": [22, 26]}
					]
				},
				{
					"name": "tail2",
					"parent": "tail",
					"pivot": [-0.22321, 3.08915, 9.47227],
					"cubes": [
						{"origin": [-1.22321, 3.08915, 9.47227], "size": [2, 3, 4], "uv": [40, 40]},
						{"origin": [-0.22321, 6.08915, 11.47227], "size": [0, 1, 1], "inflate": 0.02, "uv": [0, 5]}
					]
				}
			]
		}
	]
}