{
	"format_version": "1.8.0",
	"animations": {
		"animation.bagon.ground_idle": {
			"loop": true,
			"animation_length": 3,
			"bones": {
				"bone": {
					"rotation": {
						"0.0": [0, 0, 0],
						"3.0": [0, 0, 0]
					},
					"position": {
						"0.0": [0, 0, 0],
						"1.75": [0, -0.5, 0],
						"3.0": [0, 0, 0]
					},
					"scale": {
						"0.0": [1, 1, 1],
						"3.0": [1, 1, 1]
					}
				},
				"head": {
					"rotation": {
						"0.0": [0, 0, 0],
						"1.4167": [7.5, 0, 0],
						"2.5417": [-2.83, 0, 0],
						"3.0": [0, 0, 0]
					},
					"position": {
						"0.0": [0, 0, 0],
						"3.0": [0, 0, 0]
					},
					"scale": {
						"0.0": [1, 1, 1],
						"3.0": [1, 1, 1]
					}
				},
				"Jaw": {
					"rotation": {
						"0.0": [0, 0, 0],
						"2.125": [-3.09, 0, 0],
						"3.0": [0, 0, 0]
					},
					"position": {
						"0.0": [0, 0, 0],
						"3.0": [0, 0, 0]
					},
					"scale": {
						"0.0": [1, 1, 1],
						"3.0": [1, 1, 1]
					}
				},
				"base": {
					"rotation": [0, 0, 0],
					"position": [0, 0, 0],
					"scale": 1
				},
				"armL": {
					"rotation": {
						"0.0": [0, 0, 0],
						"1.5": [17.35932, -2.24944, 7.15656],
						"3.0": [0, 0, 0]
					},
					"position": {
						"0.0": [0, 0, 0],
						"1.5": [0, 0, 0.25],
						"3.0": [0, 0, 0]
					},
					"scale": {
						"0.0": [1, 1, 1],
						"3.0": [1, 1, 1]
					}
				},
				"armR": {
					"rotation": {
						"0.0": [0, 0, 0],
						"1.5833": [17.64168, -7.15102, -2.26708],
						"3.0": [0, 0, 0]
					},
					"position": {
						"0.0": [0, 0, 0],
						"3.0": [0, 0, 0]
					},
					"scale": 1
				},
				"footL": {
					"rotation": {
						"0.0": [0, 0, 0],
						"1.75": [-7.5, 0, 0],
						"3.0": [0, 0, 0]
					},
					"position": {
						"0.0": [0, 0, 0],
						"3.0": [0, 0, 0]
					},
					"scale": {
						"0.0": [1, 1, 1],
						"3.0": [1, 1, 1]
					}
				},
				"footR": {
					"rotation": {
						"0.0": [0, 0, 0],
						"1.75": [-7.5, 0, 0],
						"3.0": [0, 0, 0]
					},
					"position": {
						"0.0": [0, 0, 0],
						"3.0": [0, 0, 0]
					},
					"scale": {
						"0.0": [1, 1, 1],
						"3.0": [1, 1, 1]
					}
				}
			}
		},
		"animation.bagon.ground_walk": {
			"loop": true,
			"animation_length": 4,
			"bones": {
				"legL": {
					"rotation": {
						"0.0": [0, 0, 0],
						"1.0": [32.5, 0, 0],
						"3.0": [-16.67, 0, 0],
						"4.0": [0, 0, 0]
					},
					"position": {
						"0.0": [0, 0, 0],
						"1.0": [0, 0.5, 1],
						"2.0": [0, 1, 0],
						"3.0": [0, 0.08, -1],
						"3.5417": [0, -0.42, -1],
						"4.0": [0, 0, 0]
					},
					"scale": {
						"0.0": [1, 1, 1],
						"4.0": [1, 1, 1]
					}
				},
				"head": {
					"rotation": {
						"0.0": [0, 0, -2.5],
						"2.125": [5, 0, 2.5],
						"4.0": [0, 0, -2.5]
					}
				},
				"Jaw": {
					"rotation": {
						"0.0": [0, 0, 0],
						"2.0": [-12.5, 0, 0],
						"4.0": [0, 0, 0]
					}
				},
				"base": {
					"rotation": {
						"0.0": [0, 0, 2.5],
						"2.125": [0, 0, -2.5],
						"4.0": [0, 0, 2.5]
					}
				},
				"armL": {
					"rotation": {
						"0.0": [0, 0, 0],
						"1.5": [17.5, 0, 0],
						"4.0": [0, 0, 0]
					}
				},
				"armR": {
					"rotation": {
						"0.0": [0, 0, 0],
						"2.0": [27.5, 0, 0],
						"4.0": [0, 0, 0]
					}
				},
				"footL": {
					"rotation": {
						"0.0": [0, 0, 0],
						"1.0": [-5, 0, 0],
						"2.0": [-23.33, 0, 0],
						"4.0": [0, 0, 0]
					},
					"position": {
						"0.0": [0, 0, 0],
						"4.0": [0, 0, 0]
					},
					"scale": {
						"0.0": [1, 1, 1],
						"4.0": [1, 1, 1]
					}
				},
				"legr": {
					"rotation": {
						"0.0": [0, 0, 0],
						"1.0": [-22.5, 0, 0],
						"3.0": [52.5, 0, 0],
						"4.0": [0, 0, 0]
					},
					"position": {
						"0.0": [0, 0.95, 0.38],
						"1.0": [0, 1, -1],
						"1.375": [0, -0.37, -1],
						"3.0": [0, -0.14, 1],
						"4.0": [0, 0.95, 0.38]
					},
					"scale": {
						"0.0": [1, 1, 1],
						"4.0": [1, 1, 1]
					}
				},
				"footR": {
					"rotation": {
						"0.0": [-34.51, 0, 0],
						"1.375": [0, 0, 0],
						"2.0833": [-12.5, 0, 0],
						"3.0": [-29.02, 0, 0],
						"4.0": [-34.51, 0, 0]
					},
					"position": {
						"0.0": [0, 0, 0],
						"1.375": [0, 0, 0],
						"4.0": [0, 0, 0]
					},
					"scale": {
						"0.0": [1, 1, 1],
						"1.375": [1, 1, 1],
						"4.0": [1, 1, 1]
					}
				}
			}
		},
		"animation.bagon.sleep": {
			"loop": "hold_on_last_frame",
			"animation_length": 4.66667,
			"bones": {
				"bone": {
					"rotation": {
						"0.0": [0, 0, 0],
						"2.0": [0, 0, 0],
						"4.0": [90, 0, 0]
					},
					"position": {
						"0.0": [0, 0, 0],
						"2.0": [0, 0, 0],
						"4.0": [0, 0.75, 4]
					},
					"scale": {
						"0.0": [1, 1, 1],
						"2.0": [1, 1, 1],
						"4.0": [1, 1, 1]
					}
				},
				"head": {
					"rotation": {
						"0.0": [0, 0, 0],
						"0.75": [0, 0, 0],
						"1.0": [20, 0, 0],
						"1.5": [-20, 0, 0],
						"1.625": [-20.83, 0, 0],
						"1.75": [-16.44, 0, 0],
						"1.8333": [-17.3, 0, 0],
						"2.0": [0, 0, 0],
						"3.4583": [0, 0, 0],
						"4.0": [-75, 0, 0]
					},
					"position": {
						"0.0": [0, 0, 0],
						"0.75": [0, 0, 0],
						"1.0": [0, 0, 0],
						"1.5": [0, -1.5, 0],
						"2.0": [0, -0.75, 0],
						"3.4583": [0, -0.75, 0],
						"4.0": [0, -0.75, -4]
					},
					"scale": {
						"0.0": [1, 1, 1],
						"0.75": [1, 1, 1],
						"2.0": [1, 1, 1],
						"3.4583": [1, 1, 1],
						"4.0": [1, 1, 1]
					}
				},
				"tail": {
					"rotation": {
						"3.7083": [0, 0, 0],
						"4.0": [50, 0, 0]
					}
				},
				"browR": {
					"rotation": {
						"2.0": [0, 0, 0],
						"2.6667": [-7.5, 0, 0]
					},
					"position": {
						"2.0": [0, 0, 0],
						"2.6667": [0, -1, 0]
					},
					"scale": {
						"2.0": [1, 1, 1],
						"2.6667": [1, 1.3, 1]
					}
				},
				"browL": {
					"rotation": {
						"2.0": [0, 0, 0],
						"2.6667": [-7.5, 0, 0]
					},
					"position": {
						"2.0": [0, 0, 0],
						"2.6667": [0, -1, 0]
					},
					"scale": {
						"2.0": [1, 1, 1],
						"2.6667": [1, 1.3, 1]
					}
				},
				"Jaw": {
					"rotation": {
						"1.0": [0, 0, 0],
						"1.5417": [32.5, 0, 0],
						"1.75": [30.43, 0, 0],
						"2.0": [-9.71, 0, 0],
						"2.5": [0, 0, 0],
						"4.0": [-10, 0, 0]
					},
					"position": {
						"1.0": [0, 0, 0],
						"2.5": [0, 0, 0]
					},
					"scale": {
						"1.0": [1, 1, 1],
						"2.5": [1, 1, 1]
					}
				},
				"armL": {
					"rotation": {
						"0.0": [0, 0, 0],
						"0.5417": [27.5, 0, 0],
						"1.7083": [-75, 0, 0],
						"4.0": [42.5, 0, 0]
					},
					"position": {
						"0.0": [0, 0, 0],
						"0.5417": [0, 0, 0],
						"1.7083": [0, 0.75, 0.75],
						"4.0": [0, -1, 0.5]
					},
					"scale": {
						"0.0": [1, 1, 1],
						"0.5417": [1, 1, 1]
					}
				},
				"armR": {
					"rotation": {
						"0.0": [0, 0, 0],
						"0.6667": [35, 0, 0],
						"1.5833": [-45, 0, 0],
						"2.6667": [32.5, 0, 0]
					},
					"position": [0, 0, 0],
					"scale": 1
				},
				"legL": {
					"rotation": {
						"3.6667": [0, 0, 0],
						"4.0": [-50, 0, 0]
					},
					"position": [0, 0, 0],
					"scale": 1
				},
				"footL": {
					"rotation": {
						"2.0": [0, 0, 0],
						"2.625": [-25, 0, 0],
						"3.6667": [-25, 0, 0],
						"4.0": [107.5, 0, 0]
					},
					"position": {
						"2.0": [0, 0, 0],
						"3.6667": [0, 0, 0]
					},
					"scale": {
						"2.0": [1, 1, 1],
						"3.6667": [1, 1, 1]
					}
				},
				"legr": {
					"rotation": {
						"3.6667": [0, 0, 0],
						"4.0": [-47.5, 0, 0]
					},
					"position": [0, 0, 0],
					"scale": 1
				},
				"footR": {
					"rotation": {
						"2.0": [0, 0, 0],
						"3.0833": [-32.5, 0, 0],
						"3.6667": [-32.5, 0, 0],
						"4.0": [107.5, 0, 0]
					},
					"position": {
						"2.0": [0, 0, 0],
						"3.6667": [0, 0, 0]
					},
					"scale": {
						"2.0": [1, 1, 1],
						"3.6667": [1, 1, 1]
					}
				}
			}
		}
	}
}