{
  "name": "Altaria",
  "nationalPokedexNumber": 334,
  "primaryType": "dragon",
  "secondaryType": "flying",
  "abilities": [
    "naturalcure",
    "h:cloudnine"
  ],
  "baseStats": {
    "hp": 75,
    "attack": 70,
    "defence": 90,
    "special_attack": 70,
    "special_defence": 105,
    "speed": 80
  },
  "catchRate": 45,
  "maleRatio": 0.5,
  "shoulderMountable": false,
  "forms": [
    {
      "name": "Mega",
      "primaryType": "dragon",
      "secondaryType": "fairy",
      "abilities": [
        "pixilate"
      ],
      "baseStats": {
        "hp": 75,
        "attack": 110,
        "defence": 110,
        "special_attack": 110,
        "special_defence": 105,
        "speed": 80
      },
      "catchRate": 45,
      "maleRatio": 0.5,
      "baseExperienceYield": 172,
      "baseFriendship": 50,
      "evYield": {
        "hp": 0,
        "attack": 0,
        "defence": 0,
        "special_attack": 0,
        "special_defence": 2,
        "speed": 0
      },
      "experienceGroup": "erratic",
      "eggCycles": 20,
      "eggGroups": [
        "flying",
        "dragon"
      ],
      "labels": [
        "gen6",
        "mega"
      ],
      "aspects": [
        "mega"
      ],
      "height": 15,
      "weight": 206,
      "evolutions": [],
      "cannotDynamax": false,
      "battleOnly": true
    }
  ],
  "baseExperienceYield": 172,
  "experienceGroup": "erratic",
  "eggCycles": 20,
  "eggGroups": [
    "flying",
    "dragon"
  ],
  "moves": [
    "1:astonish",
    "1:disarmingvoice",
    "1:growl",
    "1:mist",
    "1:peck",
    "1:pluck",
    "12:furyattack",
    "16:round",
    "20:dragonbreath",
    "20:naturalgift",
    "24:safeguard",
    "26:refresh",
    "28:sing",
    "30:dragondance",
    "32:cottonguard",
    "38:takedown",
    "40:dragonpulse",
    "44:moonblast",
    "50:perishsong",
    "56:skyattack",
    "100:acrobatics",
    "100:aerialace",
    "100:agility",
    "100:attract",
    "100:bodyslam",
    "100:bravebird",
    "100:breakingswipe",
    "100:bulldoze",
    "100:captivate",
    "100:confide",
    "100:dazzlinggleam",
    "100:disarmingvoice",
    "100:doubleteam",
    "100:dracometeor",
    "100:dragonclaw",
    "100:dragondance",
    "100:dragonpulse",
    "100:dreameater",
    "100:earthquake",
    "100:echoedvoice",
    "100:endure",
    "100:facade",
    "100:falseswipe",
    "100:fireblast",
    "100:firespin",
    "100:flamethrower",
    "100:fly",
    "100:frustration",
    "100:gigaimpact",
    "100:heatwave",
    "100:helpinghand",
    "100:hiddenpower",
    "100:honeclaws",
    "100:hurricane",
    "100:hyperbeam",
    "100:hypervoice",
    "100:icebeam",
    "100:incinerate",
    "100:irontail",
    "100:naturalgift",
    "100:outrage",
    "100:playrough",
    "100:pluck",
    "100:powerswap",
    "100:protect",
    "100:psychup",
    "100:raindance",
    "100:rest",
    "100:return",
    "100:roar",
    "100:rocksmash",
    "100:roost",
    "100:round",
    "100:safeguard",
    "100:secretpower",
    "100:sleeptalk",
    "100:snore",
    "100:snowscape",
    "100:solarbeam",
    "100:steelwing",
    "100:substitute",
    "100:sunnyday",
    "100:swagger",
    "100:swift",
    "100:tailwind",
    "100:takedown",
    "100:terablast",
    "100:thief",
    "100:toxic",
    "100:trailblaze",
    "100:uproar",
    "100:willowisp",
    "100:wonderroom",
    "100:aerialace",
    "100:agility",
    "100:aircutter",
    "100:bodyslam",
    "100:defog",
    "100:doubleedge",
    "100:dracometeor",
    "100:dragonbreath",
    "100:dragondance",
    "100:dragonpulse",
    "100:dreameater",
    "100:dualwingbeat",
    "100:endure",
    "100:falseswipe",
    "100:fireblast",
    "100:healbell",
    "100:heatwave",
    "100:hypervoice",
    "100:irontail",
    "100:mimic",
    "100:mudslap",
    "100:naturalgift",
    "100:ominouswind",
    "100:outrage",
    "100:protect",
    "100:psychup",
    "100:refresh",
    "100:roost",
    "100:skyattack",
    "100:sleeptalk",
    "100:snore",
    "100:solarbeam",
    "100:substitute",
    "100:swagger",
    "100:swift",
    "100:tailwind",
    "100:takedown",
    "100:twister",
    "100:uproar",
    "100:wonderroom"
  ],
  "labels": [
    "gen3"
  ],
  "pokedex": [
    "cobblemon.species.altaria.desc"
  ],
  "preEvolution": "swablu",
  "evolutions": [],
  "baseScale": 1,
  "hitbox": {
    "width": 1,
    "height": 1,
    "fixed": false
  },
  "baseFriendship": 50,
  "evYield": {
    "hp": 0,
    "attack": 0,
    "defence": 0,
    "special_attack": 0,
    "special_defence": 2,
    "speed": 0
  },
  "height": 11,
  "weight": 206,
  "aspects": [],
  "cannotDynamax": false,
  "drops": {
    "amount": 4,
    "entries": [
      {
        "item": "minecraft:white_wool",
        "quantityRange": "1-2"
      },
      {
        "item": "minecraft:chicken"
      },
      {
        "item": "cobblemon:yache_berry",
        "percentage": 5.0
      }
    ]
  }
}