{
  "name": "Anorith",
  "nationalPokedexNumber": 347,
  "primaryType": "rock",
  "secondaryType": "bug",
  "abilities": [
    "battlearmor",
    "h:swiftswim"
  ],
  "baseStats": {
    "hp": 45,
    "attack": 95,
    "defence": 50,
    "special_attack": 40,
    "special_defence": 50,
    "speed": 75
  },
  "catchRate": 45,
  "maleRatio": 0.875,
  "shoulderMountable": false,
  "baseExperienceYield": 71,
  "experienceGroup": "erratic",
  "eggCycles": 30,
  "eggGroups": [
    "water_3"
  ],
  "moves": [
    "1:furycutter",
    "1:harden",
    "1:scratch",
    "4:mudsport",
    "4:watergun",
    "8:smackdown",
    "12:metalclaw",
    "16:ancientpower",
    "20:bugbite",
    "24:brine",
    "28:slash",
    "32:crushclaw",
    "36:rockblast",
    "41:protect",
    "44:xscissor",
    "100:aquajet",
    "100:crosspoison",
    "100:curse",
    "100:irondefense",
    "100:knockoff",
    "100:rapidspin",
    "100:rockslide",
    "100:sandattack",
    "100:screech",
    "100:swordsdance",
    "100:waterpulse",
    "100:aerialace",
    "100:attract",
    "100:bodyslam",
    "100:brickbreak",
    "100:brine",
    "100:captivate",
    "100:confide",
    "100:crosspoison",
    "100:cut",
    "100:dig",
    "100:doubleteam",
    "100:earthpower",
    "100:endure",
    "100:facade",
    "100:falseswipe",
    "100:frustration",
    "100:hiddenpower",
    "100:honeclaws",
    "100:irondefense",
    "100:mudshot",
    "100:naturalgift",
    "100:protect",
    "100:rest",
    "100:return",
    "100:rockblast",
    "100:rockpolish",
    "100:rockslide",
    "100:rocksmash",
    "100:rocktomb",
    "100:round",
    "100:sandstorm",
    "100:screech",
    "100:secretpower",
    "100:sleeptalk",
    "100:smackdown",
    "100:snore",
    "100:stealthrock",
    "100:strugglebug",
    "100:substitute",
    "100:sunnyday",
    "100:swagger",
    "100:swordsdance",
    "100:toxic",
    "100:waterpulse",
    "100:xscissor",
    "100:ancientpower",
    "100:bodyslam",
    "100:bugbite",
    "100:crosspoison",
    "100:doubleedge",
    "100:earthpower",
    "100:endure",
    "100:furycutter",
    "100:harden",
    "100:headbutt",
    "100:irondefense",
    "100:knockoff",
    "100:meteorbeam",
    "100:mimic",
    "100:mudslap",
    "100:mudsport",
    "100:rockslide",
    "100:scratch",
    "100:sleeptalk",
    "100:snore",
    "100:stealthrock",
    "100:stringshot",
    "100:substitute",
    "100:swagger",
    "100:swordsdance",
    "100:watergun",
    "100:waterpulse"
  ],
  "labels": [
    "gen3"
  ],
  "pokedex": [
    "cobblemon.species.anorith.desc"
  ],
  "evolutions": [
    {
      "id": "anorith_armaldo",
      "variant": "level_up",
      "result": "armaldo",
      "consumeHeldItem": false,
      "learnableMoves": [],
      "requirements": [
        {
          "variant": "level",
          "minLevel": 40
        }
      ]
    }
  ],
  "baseScale": 1,
  "hitbox": {
    "width": 1,
    "height": 1,
    "fixed": false
  },
  "baseFriendship": 50,
  "evYield": {
    "hp": 0,
    "attack": 1,
    "defence": 0,
    "special_attack": 0,
    "special_defence": 0,
    "speed": 0
  },
  "height": 7,
  "weight": 125,
  "aspects": [],
  "cannotDynamax": false,
  "drops": {
    "amount": 2,
    "entries": [
      {
        "item": "minecraft:scute",
        "quantityRange": "0-2"
      }
    ]
  }
}