{
  "name": "Armaldo",
  "nationalPokedexNumber": 348,
  "primaryType": "rock",
  "secondaryType": "bug",
  "abilities": [
    "battlearmor",
    "h:swiftswim"
  ],
  "baseStats": {
    "hp": 75,
    "attack": 125,
    "defence": 100,
    "special_attack": 70,
    "special_defence": 80,
    "speed": 45
  },
  "catchRate": 45,
  "maleRatio": 0.875,
  "shoulderMountable": false,
  "baseExperienceYield": 173,
  "experienceGroup": "erratic",
  "eggCycles": 30,
  "eggGroups": [
    "water_3"
  ],
  "moves": [
    "1:furycutter",
    "1:harden",
    "1:mudsport",
    "1:scratch",
    "1:smackdown",
    "1:watergun",
    "12:metalclaw",
    "16:ancientpower",
    "20:bugbite",
    "24:brine",
    "28:slash",
    "32:crushclaw",
    "36:rockblast",
    "43:protect",
    "48:xscissor",
    "100:aerialace",
    "100:attract",
    "100:bodyslam",
    "100:brickbreak",
    "100:brine",
    "100:brutalswing",
    "100:bulldoze",
    "100:captivate",
    "100:confide",
    "100:crosspoison",
    "100:cut",
    "100:dig",
    "100:doubleteam",
    "100:earthpower",
    "100:earthquake",
    "100:endure",
    "100:facade",
    "100:falseswipe",
    "100:flashcannon",
    "100:frustration",
    "100:gigaimpact",
    "100:hiddenpower",
    "100:honeclaws",
    "100:hyperbeam",
    "100:irondefense",
    "100:irontail",
    "100:liquidation",
    "100:lowkick",
    "100:mudshot",
    "100:naturalgift",
    "100:protect",
    "100:rest",
    "100:return",
    "100:rockblast",
    "100:rockpolish",
    "100:rockslide",
    "100:rocksmash",
    "100:rocktomb",
    "100:round",
    "100:sandstorm",
    "100:screech",
    "100:secretpower",
    "100:shadowclaw",
    "100:sleeptalk",
    "100:smackdown",
    "100:snore",
    "100:stealthrock",
    "100:stompingtantrum",
    "100:stoneedge",
    "100:strength",
    "100:strugglebug",
    "100:substitute",
    "100:sunnyday",
    "100:superpower",
    "100:swagger",
    "100:swordsdance",
    "100:toxic",
    "100:waterpulse",
    "100:xscissor",
    "100:ancientpower",
    "100:aquatail",
    "100:block",
    "100:bodyslam",
    "100:bugbite",
    "100:doubleedge",
    "100:earthpower",
    "100:endure",
    "100:furycutter",
    "100:headbutt",
    "100:irondefense",
    "100:irontail",
    "100:knockoff",
    "100:liquidation",
    "100:lowkick",
    "100:meteorbeam",
    "100:mimic",
    "100:mudslap",
    "100:rockslide",
    "100:seismictoss",
    "100:sleeptalk",
    "100:snore",
    "100:stealthrock",
    "100:stompingtantrum",
    "100:stringshot",
    "100:substitute",
    "100:superpower",
    "100:swagger",
    "100:swordsdance",
    "100:waterpulse"
  ],
  "labels": [
    "gen3"
  ],
  "pokedex": [
    "cobblemon.species.armaldo.desc"
  ],
  "preEvolution": "anorith",
  "evolutions": [],
  "baseScale": 1,
  "hitbox": {
    "width": 1,
    "height": 1,
    "fixed": false
  },
  "baseFriendship": 50,
  "evYield": {
    "hp": 0,
    "attack": 2,
    "defence": 0,
    "special_attack": 0,
    "special_defence": 0,
    "speed": 0
  },
  "height": 15,
  "weight": 682,
  "aspects": [],
  "cannotDynamax": false,
  "drops": {
    "amount": 3,
    "entries": [
      {
        "item": "minecraft:scute",
        "quantityRange": "0-3"
      }
    ]
  }
}