{
  "name": "Aron",
  "nationalPokedexNumber": 304,
  "primaryType": "steel",
  "secondaryType": "rock",
  "abilities": [
    "sturdy",
    "rockhead",
    "h:heavymetal"
  ],
  "baseStats": {
    "hp": 50,
    "attack": 70,
    "defence": 100,
    "special_attack": 40,
    "special_defence": 40,
    "speed": 30
  },
  "catchRate": 180,
  "maleRatio": 0.5,
  "shoulderMountable": false,
  "baseExperienceYield": 66,
  "experienceGroup": "slow",
  "eggCycles": 35,
  "eggGroups": [
    "monster"
  ],
  "moves": [
    "1:harden",
    "1:tackle",
    "4:metalclaw",
    "4:mudslap",
    "8:rocktomb",
    "12:roar",
    "16:headbutt",
    "20:protect",
    "24:rockslide",
    "28:ironhead",
    "33:metalsound",
    "36:takedown",
    "40:autotomize",
    "44:irontail",
    "48:irondefense",
    "52:heavyslam",
    "56:doubleedge",
    "60:metalburst",
    "100:bodyslam",
    "100:curse",
    "100:dragonrush",
    "100:endeavor",
    "100:headsmash",
    "100:ironhead",
    "100:mudslap",
    "100:reversal",
    "100:screech",
    "100:smellingsalts",
    "100:stealthrock",
    "100:stomp",
    "100:superpower",
    "100:aerialace",
    "100:attract",
    "100:bodypress",
    "100:bodyslam",
    "100:bulldoze",
    "100:captivate",
    "100:confide",
    "100:cut",
    "100:dig",
    "100:doubleteam",
    "100:earthpower",
    "100:earthquake",
    "100:endure",
    "100:facade",
    "100:frustration",
    "100:heavyslam",
    "100:hiddenpower",
    "100:honeclaws",
    "100:irondefense",
    "100:ironhead",
    "100:irontail",
    "100:naturalgift",
    "100:protect",
    "100:raindance",
    "100:rest",
    "100:return",
    "100:reversal",
    "100:roar",
    "100:rockpolish",
    "100:rockslide",
    "100:rocksmash",
    "100:rocktomb",
    "100:round",
    "100:sandstorm",
    "100:screech",
    "100:secretpower",
    "100:shadowclaw",
    "100:shockwave",
    "100:sleeptalk",
    "100:snore",
    "100:stealthrock",
    "100:strength",
    "100:substitute",
    "100:sunnyday",
    "100:superpower",
    "100:swagger",
    "100:toxic",
    "100:uproar",
    "100:waterpulse",
    "100:ancientpower",
    "100:bodyslam",
    "100:defensecurl",
    "100:doubleedge",
    "100:earthpower",
    "100:endeavor",
    "100:endure",
    "100:furycutter",
    "100:harden",
    "100:headbutt",
    "100:headsmash",
    "100:irondefense",
    "100:ironhead",
    "100:irontail",
    "100:magnetrise",
    "100:mimic",
    "100:mudslap",
    "100:rockslide",
    "100:rollout",
    "100:shockwave",
    "100:sleeptalk",
    "100:snore",
    "100:spite",
    "100:stealthrock",
    "100:steelbeam",
    "100:steelroller",
    "100:substitute",
    "100:superpower",
    "100:swagger",
    "100:uproar",
    "100:waterpulse"
  ],
  "labels": [
    "gen3"
  ],
  "pokedex": [
    "cobblemon.species.aron.desc"
  ],
  "evolutions": [
    {
      "id": "aron_lairon",
      "variant": "level_up",
      "result": "lairon",
      "consumeHeldItem": false,
      "learnableMoves": [],
      "requirements": [
        {
          "variant": "level",
          "minLevel": 32
        }
      ]
    }
  ],
  "baseScale": 1,
  "hitbox": {
    "width": 1,
    "height": 1,
    "fixed": false
  },
  "baseFriendship": 35,
  "evYield": {
    "hp": 0,
    "attack": 0,
    "defence": 1,
    "special_attack": 0,
    "special_defence": 0,
    "speed": 0
  },
  "height": 4,
  "weight": 600,
  "aspects": [],
  "cannotDynamax": false,
  "drops": {
    "amount": 3,
    "entries": [
      {
        "item": "minecraft:raw_iron",
        "quantityRange": "0-1"
      },
      {
        "item": "cobblemon:hard_stone",
        "percentage": 2.5
      },
      {
        "item": "cobblemon:chople_berry",
        "percentage": 2.5
      }
    ]
  }
}