{
  "name": "Azurill",
  "nationalPokedexNumber": 298,
  "primaryType": "normal",
  "secondaryType": "fairy",
  "abilities": [
    "thickfat",
    "hugepower",
    "h:sapsipper"
  ],
  "baseStats": {
    "hp": 50,
    "attack": 20,
    "defence": 40,
    "special_attack": 20,
    "special_defence": 40,
    "speed": 20
  },
  "catchRate": 150,
  "maleRatio": 0.25,
  "shoulderMountable": false,
  "baseExperienceYield": 38,
  "experienceGroup": "fast",
  "eggCycles": 10,
  "eggGroups": [
    "undiscovered"
  ],
  "moves": [
    "1:splash",
    "1:tailwhip",
    "1:watergun",
    "3:helpinghand",
    "5:watersport",
    "6:bubblebeam",
    "7:bubble",
    "9:charm",
    "12:slam",
    "15:bounce",
    "100:aquajet",
    "100:bellydrum",
    "100:bodyslam",
    "100:camouflage",
    "100:copycat",
    "100:encore",
    "100:faketears",
    "100:muddywater",
    "100:perishsong",
    "100:present",
    "100:refresh",
    "100:sing",
    "100:slam",
    "100:soak",
    "100:supersonic",
    "100:tickle",
    "100:watersport",
    "100:attract",
    "100:blizzard",
    "100:bodyslam",
    "100:bounce",
    "100:brutalswing",
    "100:captivate",
    "100:charm",
    "100:confide",
    "100:doubleteam",
    "100:drainingkiss",
    "100:encore",
    "100:endure",
    "100:facade",
    "100:faketears",
    "100:frustration",
    "100:hail",
    "100:helpinghand",
    "100:hiddenpower",
    "100:hypervoice",
    "100:icebeam",
    "100:icywind",
    "100:irontail",
    "100:lightscreen",
    "100:muddywater",
    "100:mudshot",
    "100:mudslap",
    "100:naturalgift",
    "100:protect",
    "100:raindance",
    "100:rest",
    "100:return",
    "100:round",
    "100:scald",
    "100:secretpower",
    "100:sleeptalk",
    "100:snore",
    "100:substitute",
    "100:surf",
    "100:swagger",
    "100:takedown",
    "100:terablast",
    "100:toxic",
    "100:uproar",
    "100:waterfall",
    "100:waterpulse",
    "100:whirlpool",
    "100:workup",
    "100:bodyslam",
    "100:bounce",
    "100:covet",
    "100:defensecurl",
    "100:doubleedge",
    "100:endure",
    "100:headbutt",
    "100:helpinghand",
    "100:hypervoice",
    "100:icywind",
    "100:irontail",
    "100:knockoff",
    "100:mimic",
    "100:mudslap",
    "100:rollout",
    "100:sleeptalk",
    "100:snore",
    "100:substitute",
    "100:swagger",
    "100:swift",
    "100:uproar",
    "100:waterpulse"
  ],
  "labels": [
    "gen3",
    "baby"
  ],
  "pokedex": [
    "cobblemon.species.azurill.desc"
  ],
  "evolutions": [
    {
      "id": "azurill_marill",
      "variant": "level_up",
      "result": "marill",
      "consumeHeldItem": false,
      "learnableMoves": [],
      "requirements": [
        {
          "variant": "friendship",
          "amount": 160
        }
      ]
    }
  ],
  "baseScale": 1,
  "hitbox": {
    "width": 1,
    "height": 1,
    "fixed": false
  },
  "baseFriendship": 50,
  "evYield": {
    "hp": 1,
    "attack": 0,
    "defence": 0,
    "special_attack": 0,
    "special_defence": 0,
    "speed": 0
  },
  "height": 2,
  "weight": 20,
  "aspects": [],
  "cannotDynamax": false,
  "drops": {
    "amount": 1,
    "entries": [
      {
        "item": "cobblemon:kebia_berry",
        "percentage": 2.5
      }
    ]
  }
}