{
  "implemented": true,
  "name": "Cacturne",
  "nationalPokedexNumber": 332,
  "primaryType": "grass",
  "secondaryType": "dark",
  "abilities": [
    "sandveil",
    "h:waterabsorb"
  ],
  "drops": {
    "amount": 4,
    "entries": [
      {
        "item": "minecraft:cactus",
        "quantityRange": "0-2"
      },
      {
        "item": "cobblemon:poison_barb",
        "percentage": 5.0
      },
      {
        "item": "cobblemon:tanga_berry",
        "percentage": 5.0
      }
    ]
  },
  "baseStats": {
    "hp": 70,
    "attack": 115,
    "defence": 60,
    "special_attack": 115,
    "special_defence": 60,
    "speed": 55
  },
  "catchRate": 60,
  "maleRatio": 0.5,
  "shoulderMountable": false,
  "baseExperienceYield": 166,
  "experienceGroup": "medium_slow",
  "eggCycles": 20,
  "eggGroups": [
    "grass",
    "human_like"
  ],
  "behaviour": {
    "resting": {
      "canSleep": true,
      "willSleepOnBed": false,
      "depth": "normal",
      "light": "0-4"
    },
    "moving": {
      "walk": {
        "walkSpeed": 0.2
      }
    }
  },
  "moves": [
    "1:absorb",
    "1:destinybond",
    "1:growth",
    "1:leer",
    "1:poisonsting",
    "1:revenge",
    "1:spikyshield",
    "10:leechseed",
    "13:sandattack",
    "16:bulletseed",
    "16:needlearm",
    "19:feintattack",
    "19:powertrip",
    "22:ingrain",
    "26:payback",
    "30:spikes",
    "35:suckerpunch",
    "38:pinmissile",
    "44:energyball",
    "49:cottonspore",
    "54:sandstorm",
    "100:attract",
    "100:bodyslam",
    "100:brickbreak",
    "100:bulldoze",
    "100:bulletseed",
    "100:captivate",
    "100:confide",
    "100:cut",
    "100:darkpulse",
    "100:dig",
    "100:doubleteam",
    "100:drainpunch",
    "100:embargo",
    "100:encore",
    "100:endure",
    "100:energyball",
    "100:facade",
    "100:flash",
    "100:fling",
    "100:focusblast",
    "100:focuspunch",
    "100:foulplay",
    "100:frustration",
    "100:gigadrain",
    "100:gigaimpact",
    "100:grassknot",
    "100:grassyterrain",
    "100:helpinghand",
    "100:hiddenpower",
    "100:hyperbeam",
    "100:leafstorm",
    "100:lowkick",
    "100:magicalleaf",
    "100:nastyplot",
    "100:naturalgift",
    "100:naturepower",
    "100:payback",
    "100:poisonjab",
    "100:poweruppunch",
    "100:protect",
    "100:raindance",
    "100:rest",
    "100:retaliate",
    "100:return",
    "100:round",
    "100:sandstorm",
    "100:scaryface",
    "100:secretpower",
    "100:seedbomb",
    "100:shadowball",
    "100:sleeptalk",
    "100:solarbeam",
    "100:spikes",
    "100:stompingtantrum",
    "100:strength",
    "100:substitute",
    "100:sunnyday",
    "100:swagger",
    "100:swift",
    "100:swordsdance",
    "100:takedown",
    "100:taunt",
    "100:terablast",
    "100:thief",
    "100:thunderpunch",
    "100:toxic",
    "100:toxicspikes",
    "100:trailblaze",
    "100:venoshock",
    "100:zenheadbutt",
    "100:block",
    "100:bodyslam",
    "100:counter",
    "100:darkpulse",
    "100:doubleedge",
    "100:drainpunch",
    "100:dynamicpunch",
    "100:endure",
    "100:feintattack",
    "100:focuspunch",
    "100:foulplay",
    "100:furycutter",
    "100:gigadrain",
    "100:headbutt",
    "100:ingrain",
    "100:lowkick",
    "100:megakick",
    "100:megapunch",
    "100:mimic",
    "100:mudslap",
    "100:needlearm",
    "100:roleplay",
    "100:seedbomb",
    "100:seismictoss",
    "100:sleeptalk",
    "100:snore",
    "100:spikes",
    "100:spite",
    "100:stompingtantrum",
    "100:substitute",
    "100:suckerpunch",
    "100:superpower",
    "100:swagger",
    "100:swordsdance",
    "100:synthesis",
    "100:thunderpunch",
    "100:worryseed"
  ],
  "labels": [
    "gen3"
  ],
  "pokedex": [
    "cobblemon.species.cacturne.desc"
  ],
  "preEvolution": "cacnea",
  "evolutions": [],
  "baseScale": 1,
  "hitbox": {
    "width": 1,
    "height": 1,
    "fixed": false
  },
  "baseFriendship": 35,
  "evYield": {
    "hp": 0,
    "attack": 1,
    "defence": 0,
    "special_attack": 1,
    "special_defence": 0,
    "speed": 0
  },
  "height": 13,
  "weight": 774,
  "aspects": [],
  "cannotDynamax": false
}