{
  "implemented": true,
  "name": "Chimecho",
  "nationalPokedexNumber": 358,
  "primaryType": "psychic",
  "abilities": [
    "levitate"
  ],
  "drops": {
    "amount": 1,
    "entries": [
      {
        "item": "cobblemon:colbur_berry",
        "percentage": 5.0
      }
    ]
  },
  "baseStats": {
    "hp": 75,
    "attack": 50,
    "defence": 80,
    "special_attack": 95,
    "special_defence": 90,
    "speed": 65
  },
  "catchRate": 45,
  "maleRatio": 0.5,
  "shoulderMountable": false,
  "baseExperienceYield": 159,
  "experienceGroup": "fast",
  "eggCycles": 25,
  "eggGroups": [
    "amorphous"
  ],
  "behaviour": {
    "moving": {
      "fly": {
        "canFly": true
      }
    }
  },
  "moves": [
    "1:astonish",
    "1:confusion",
    "1:growl",
    "1:healingwish",
    "1:synchronoise",
    "1:wrap",
    "13:yawn",
    "16:psywave",
    "19:takedown",
    "22:extrasensory",
    "27:healbell",
    "32:uproar",
    "37:safeguard",
    "42:doubleedge",
    "46:psychic",
    "47:healpulse",
    "100:cosmicpower",
    "100:craftyshield",
    "100:curse",
    "100:disable",
    "100:dreameater",
    "100:futuresight",
    "100:hypnosis",
    "100:perishsong",
    "100:recover",
    "100:skillswap",
    "100:storedpower",
    "100:wish",
    "100:attract",
    "100:calmmind",
    "100:captivate",
    "100:chargebeam",
    "100:confide",
    "100:dazzlinggleam",
    "100:doubleteam",
    "100:dreameater",
    "100:echoedvoice",
    "100:endure",
    "100:energyball",
    "100:facade",
    "100:flash",
    "100:frustration",
    "100:grassknot",
    "100:hiddenpower",
    "100:lightscreen",
    "100:naturalgift",
    "100:protect",
    "100:psychic",
    "100:psychup",
    "100:psyshock",
    "100:raindance",
    "100:recycle",
    "100:reflect",
    "100:rest",
    "100:return",
    "100:round",
    "100:safeguard",
    "100:secretpower",
    "100:shadowball",
    "100:shockwave",
    "100:skillswap",
    "100:sleeptalk",
    "100:snatch",
    "100:substitute",
    "100:sunnyday",
    "100:swagger",
    "100:taunt",
    "100:telekinesis",
    "100:thunderwave",
    "100:torment",
    "100:toxic",
    "100:trickroom",
    "100:allyswitch",
    "100:astonish",
    "100:bind",
    "100:defensecurl",
    "100:defog",
    "100:doubleedge",
    "100:dreameater",
    "100:endure",
    "100:gravity",
    "100:growl",
    "100:healbell",
    "100:helpinghand",
    "100:hypervoice",
    "100:hypnosis",
    "100:icywind",
    "100:knockoff",
    "100:laserfocus",
    "100:lastresort",
    "100:magiccoat",
    "100:mimic",
    "100:nightmare",
    "100:psychup",
    "100:recycle",
    "100:rollout",
    "100:shockwave",
    "100:signalbeam",
    "100:skillswap",
    "100:sleeptalk",
    "100:snatch",
    "100:snore",
    "100:substitute",
    "100:swagger",
    "100:telekinesis",
    "100:trick",
    "100:uproar",
    "100:wrap",
    "100:zenheadbutt"
  ],
  "labels": [
    "gen3"
  ],
  "pokedex": [
    "cobblemon.species.chimecho.desc"
  ],
  "preEvolution": "chingling",
  "evolutions": [],
  "baseScale": 0.8,
  "hitbox": {
    "width": 0.4,
    "height": 1.2,
    "fixed": false
  },
  "baseFriendship": 70,
  "evYield": {
    "hp": 0,
    "attack": 0,
    "defence": 0,
    "special_attack": 1,
    "special_defence": 1,
    "speed": 0
  },
  "height": 6,
  "weight": 10,
  "aspects": [],
  "cannotDynamax": false
}