{
  "implemented": true,
  "name": "Combusken",
  "nationalPokedexNumber": 256,
  "primaryType": "fire",
  "secondaryType": "fighting",
  "abilities": [
    "blaze",
    "h:speedboost"
  ],
  "baseStats": {
    "hp": 60,
    "attack": 85,
    "defence": 60,
    "special_attack": 85,
    "special_defence": 60,
    "speed": 55
  },
  "catchRate": 45,
  "maleRatio": 0.875,
  "shoulderMountable": false,
  "baseExperienceYield": 142,
  "experienceGroup": "medium_slow",
  "eggCycles": 20,
  "eggGroups": [
    "field"
  ],
  "drops": {
    "amount": 4,
    "entries": [
      {
        "item": "minecraft:feather",
        "quantityRange": "0-2"
      },
      {
        "item": "minecraft:chicken"
      },
      {
        "item": "cobblemon:charcoal_stick",
        "percentage": 10.0
      }
    ]
  },
  "moves": [
    "1:doublekick",
    "1:ember",
    "1:featherdance",
    "1:flamethrower",
    "1:growl",
    "1:quickattack",
    "1:scratch",
    "9:flamecharge",
    "12:detect",
    "14:peck",
    "15:sandattack",
    "20:aerialace",
    "25:slash",
    "30:bounce",
    "35:focusenergy",
    "40:blazekick",
    "45:bulkup",
    "47:mirrormove",
    "50:reversal",
    "53:skyuppercut",
    "55:flareblitz",
    "100:aerialace",
    "100:agility",
    "100:assurance",
    "100:attract",
    "100:batonpass",
    "100:blazekick",
    "100:bodyslam",
    "100:bounce",
    "100:brickbreak",
    "100:bulkup",
    "100:captivate",
    "100:confide",
    "100:cut",
    "100:dig",
    "100:doubleteam",
    "100:echoedvoice",
    "100:endure",
    "100:facade",
    "100:fireblast",
    "100:firepunch",
    "100:firespin",
    "100:flamecharge",
    "100:flamethrower",
    "100:flareblitz",
    "100:fling",
    "100:focusblast",
    "100:focusenergy",
    "100:focuspunch",
    "100:frustration",
    "100:heatwave",
    "100:helpinghand",
    "100:hiddenpower",
    "100:honeclaws",
    "100:incinerate",
    "100:lowkick",
    "100:lowsweep",
    "100:megakick",
    "100:megapunch",
    "100:naturalgift",
    "100:overheat",
    "100:poisonjab",
    "100:poweruppunch",
    "100:protect",
    "100:rest",
    "100:return",
    "100:revenge",
    "100:reversal",
    "100:rockslide",
    "100:rocksmash",
    "100:rocktomb",
    "100:round",
    "100:secretpower",
    "100:shadowclaw",
    "100:sleeptalk",
    "100:snore",
    "100:strength",
    "100:substitute",
    "100:sunnyday",
    "100:swagger",
    "100:swift",
    "100:swordsdance",
    "100:thunderpunch",
    "100:toxic",
    "100:willowisp",
    "100:workup",
    "100:bodyslam",
    "100:bounce",
    "100:coaching",
    "100:counter",
    "100:defog",
    "100:doubleedge",
    "100:dualchop",
    "100:dynamicpunch",
    "100:endure",
    "100:firepledge",
    "100:firepunch",
    "100:focuspunch",
    "100:furycutter",
    "100:headbutt",
    "100:heatwave",
    "100:helpinghand",
    "100:lastresort",
    "100:lowkick",
    "100:megakick",
    "100:megapunch",
    "100:mimic",
    "100:mudslap",
    "100:rockslide",
    "100:seismictoss",
    "100:sleeptalk",
    "100:snore",
    "100:substitute",
    "100:swagger",
    "100:swift",
    "100:swordsdance",
    "100:thunderpunch",
    "100:vacuumwave"
  ],
  "labels": [
    "gen3"
  ],
  "pokedex": [
    "cobblemon.species.combusken.desc"
  ],
  "preEvolution": "torchic",
  "evolutions": [
    {
      "id": "combusken_blaziken",
      "variant": "level_up",
      "result": "blaziken",
      "consumeHeldItem": false,
      "learnableMoves": [],
      "requirements": [
        {
          "variant": "level",
          "minLevel": 36
        }
      ]
    }
  ],
  "baseScale": 0.6,
  "hitbox": {
    "width": 1,
    "height": 1.5,
    "fixed": false
  },
  "baseFriendship": 50,
  "evYield": {
    "hp": 0,
    "attack": 1,
    "defence": 0,
    "special_attack": 1,
    "special_defence": 0,
    "speed": 0
  },
  "height": 9,
  "weight": 195,
  "aspects": [],
  "cannotDynamax": false
}