{
  "name": "Corphish",
  "nationalPokedexNumber": 341,
  "primaryType": "water",
  "abilities": [
    "hypercutter",
    "shellarmor",
    "h:adaptability"
  ],
  "baseStats": {
    "hp": 43,
    "attack": 80,
    "defence": 65,
    "special_attack": 50,
    "special_defence": 35,
    "speed": 35
  },
  "catchRate": 205,
  "maleRatio": 0.5,
  "shoulderMountable": false,
  "baseExperienceYield": 62,
  "experienceGroup": "fluctuating",
  "eggCycles": 15,
  "eggGroups": [
    "water_1",
    "water_3"
  ],
  "moves": [
    "1:bubble",
    "1:harden",
    "1:watergun",
    "4:leer",
    "7:visegrip",
    "8:taunt",
    "12:bubblebeam",
    "16:knockoff",
    "20:doublehit",
    "24:protect",
    "28:nightslash",
    "32:razorshell",
    "36:swordsdance",
    "40:crunch",
    "44:crabhammer",
    "48:endeavor",
    "52:guillotine",
    "100:ancientpower",
    "100:aquajet",
    "100:bodyslam",
    "100:chipaway",
    "100:doubleedge",
    "100:dragondance",
    "100:endeavor",
    "100:knockoff",
    "100:metalclaw",
    "100:mudsport",
    "100:slash",
    "100:superpower",
    "100:switcheroo",
    "100:trumpcard",
    "100:aerialace",
    "100:attract",
    "100:blizzard",
    "100:bodyslam",
    "100:brickbreak",
    "100:captivate",
    "100:confide",
    "100:crunch",
    "100:cut",
    "100:dig",
    "100:doubleteam",
    "100:dragondance",
    "100:endure",
    "100:facade",
    "100:falseswipe",
    "100:fling",
    "100:frustration",
    "100:hail",
    "100:hiddenpower",
    "100:honeclaws",
    "100:hydropump",
    "100:icebeam",
    "100:icywind",
    "100:irondefense",
    "100:muddywater",
    "100:mudshot",
    "100:naturalgift",
    "100:payback",
    "100:protect",
    "100:raindance",
    "100:razorshell",
    "100:rest",
    "100:return",
    "100:rockslide",
    "100:rocksmash",
    "100:rocktomb",
    "100:round",
    "100:scald",
    "100:secretpower",
    "100:sleeptalk",
    "100:sludgebomb",
    "100:snore",
    "100:strength",
    "100:substitute",
    "100:superpower",
    "100:surf",
    "100:swagger",
    "100:swordsdance",
    "100:taunt",
    "100:toxic",
    "100:waterfall",
    "100:waterpulse",
    "100:whirlpool",
    "100:xscissor",
    "100:ancientpower",
    "100:bodyslam",
    "100:bubble",
    "100:counter",
    "100:doubleedge",
    "100:endeavor",
    "100:endure",
    "100:furycutter",
    "100:harden",
    "100:icywind",
    "100:irondefense",
    "100:knockoff",
    "100:metalclaw",
    "100:mimic",
    "100:mudslap",
    "100:sleeptalk",
    "100:snore",
    "100:spite",
    "100:substitute",
    "100:superpower",
    "100:swagger",
    "100:swordsdance",
    "100:waterpulse",
    "100:watersport"
  ],
  "labels": [
    "gen3"
  ],
  "pokedex": [
    "cobblemon.species.corphish.desc"
  ],
  "evolutions": [
    {
      "id": "corphish_crawdaunt",
      "variant": "level_up",
      "result": "crawdaunt",
      "consumeHeldItem": false,
      "learnableMoves": [
        "swift"
      ],
      "requirements": [
        {
          "variant": "level",
          "minLevel": 30
        }
      ]
    }
  ],
  "baseScale": 1,
  "hitbox": {
    "width": 1,
    "height": 1,
    "fixed": false
  },
  "baseFriendship": 50,
  "evYield": {
    "hp": 0,
    "attack": 1,
    "defence": 0,
    "special_attack": 0,
    "special_defence": 0,
    "speed": 0
  },
  "height": 6,
  "weight": 115,
  "aspects": [],
  "cannotDynamax": false
}