{
  "name": "Crawdaunt",
  "nationalPokedexNumber": 342,
  "primaryType": "water",
  "secondaryType": "dark",
  "abilities": [
    "hypercutter",
    "shellarmor",
    "h:adaptability"
  ],
  "baseStats": {
    "hp": 63,
    "attack": 120,
    "defence": 85,
    "special_attack": 90,
    "special_defence": 55,
    "speed": 55
  },
  "catchRate": 155,
  "maleRatio": 0.5,
  "shoulderMountable": false,
  "baseExperienceYield": 164,
  "experienceGroup": "fluctuating",
  "eggCycles": 15,
  "eggGroups": [
    "water_1",
    "water_3"
  ],
  "moves": [
    "1:bubble",
    "1:harden",
    "1:leer",
    "1:swift",
    "1:taunt",
    "1:visegrip",
    "1:watergun",
    "12:bubblebeam",
    "16:knockoff",
    "20:doublehit",
    "24:protect",
    "28:nightslash",
    "34:razorshell",
    "40:swordsdance",
    "46:crunch",
    "52:crabhammer",
    "58:endeavor",
    "64:guillotine",
    "100:aerialace",
    "100:attract",
    "100:avalanche",
    "100:blizzard",
    "100:bodyslam",
    "100:brickbreak",
    "100:captivate",
    "100:closecombat",
    "100:confide",
    "100:crunch",
    "100:cut",
    "100:darkpulse",
    "100:dig",
    "100:dive",
    "100:doubleteam",
    "100:dragondance",
    "100:endure",
    "100:facade",
    "100:falseswipe",
    "100:fling",
    "100:frustration",
    "100:gigaimpact",
    "100:hail",
    "100:hiddenpower",
    "100:honeclaws",
    "100:hydropump",
    "100:hyperbeam",
    "100:icebeam",
    "100:icywind",
    "100:irondefense",
    "100:liquidation",
    "100:muddywater",
    "100:mudshot",
    "100:nastyplot",
    "100:naturalgift",
    "100:naturepower",
    "100:payback",
    "100:protect",
    "100:raindance",
    "100:razorshell",
    "100:rest",
    "100:retaliate",
    "100:return",
    "100:revenge",
    "100:rockslide",
    "100:rocksmash",
    "100:rocktomb",
    "100:round",
    "100:scald",
    "100:secretpower",
    "100:sleeptalk",
    "100:sludgebomb",
    "100:sludgewave",
    "100:snarl",
    "100:snore",
    "100:strength",
    "100:substitute",
    "100:superpower",
    "100:surf",
    "100:swagger",
    "100:swift",
    "100:swordsdance",
    "100:taunt",
    "100:toxic",
    "100:waterfall",
    "100:waterpulse",
    "100:whirlpool",
    "100:xscissor",
    "100:ancientpower",
    "100:bodyslam",
    "100:counter",
    "100:crabhammer",
    "100:darkpulse",
    "100:dive",
    "100:doubleedge",
    "100:endeavor",
    "100:endure",
    "100:furycutter",
    "100:guillotine",
    "100:icywind",
    "100:irondefense",
    "100:knockoff",
    "100:lashout",
    "100:liquidation",
    "100:mimic",
    "100:mudslap",
    "100:sleeptalk",
    "100:snore",
    "100:spite",
    "100:substitute",
    "100:superpower",
    "100:swagger",
    "100:swift",
    "100:swordsdance",
    "100:taunt",
    "100:waterpulse"
  ],
  "labels": [
    "gen3"
  ],
  "pokedex": [
    "cobblemon.species.crawdaunt.desc"
  ],
  "preEvolution": "corphish",
  "evolutions": [],
  "baseScale": 1,
  "hitbox": {
    "width": 1,
    "height": 1,
    "fixed": false
  },
  "baseFriendship": 50,
  "evYield": {
    "hp": 0,
    "attack": 2,
    "defence": 0,
    "special_attack": 0,
    "special_defence": 0,
    "speed": 0
  },
  "height": 11,
  "weight": 328,
  "aspects": [],
  "cannotDynamax": false
}