{
  "name": "Deoxys",
  "nationalPokedexNumber": 386,
  "primaryType": "psychic",
  "abilities": [
    "pressure"
  ],
  "baseStats": {
    "hp": 50,
    "attack": 150,
    "defence": 50,
    "special_attack": 150,
    "special_defence": 50,
    "speed": 150
  },
  "catchRate": 3,
  "maleRatio": -1,
  "shoulderMountable": false,
  "baseExperienceYield": 270,
  "baseFriendship": 0,
  "evYield": {
    "hp": 0,
    "attack": 1,
    "defence": 0,
    "special_attack": 1,
    "special_defence": 0,
    "speed": 1
  },
  "experienceGroup": "slow",
  "eggCycles": 120,
  "eggGroups": [
    "undiscovered"
  ],
  "moves": [
    "1:leer",
    "1:wrap",
    "7:nightshade",
    "13:doubleteam",
    "13:teleport",
    "19:knockoff",
    "19:taunt",
    "25:pursuit",
    "25:spikes",
    "31:psychic",
    "37:snatch",
    "37:superpower",
    "37:swift",
    "43:psychoshift",
    "49:zenheadbutt",
    "55:agility",
    "55:amnesia",
    "55:cosmicpower",
    "55:irondefense",
    "61:recover",
    "61:zapcannon",
    "67:psychoboost",
    "73:counter",
    "73:extremespeed",
    "73:hyperbeam",
    "73:mirrorcoat",
    "100:aerialace",
    "100:allyswitch",
    "100:avalanche",
    "100:brickbreak",
    "100:brutalswing",
    "100:calmmind",
    "100:chargebeam",
    "100:confide",
    "100:cut",
    "100:darkpulse",
    "100:doubleteam",
    "100:drainpunch",
    "100:dreameater",
    "100:endure",
    "100:energyball",
    "100:facade",
    "100:flash",
    "100:flashcannon",
    "100:fling",
    "100:focusblast",
    "100:focuspunch",
    "100:frustration",
    "100:gigaimpact",
    "100:grassknot",
    "100:hiddenpower",
    "100:hyperbeam",
    "100:icebeam",
    "100:lightscreen",
    "100:lowsweep",
    "100:naturalgift",
    "100:poisonjab",
    "100:poweruppunch",
    "100:protect",
    "100:psychic",
    "100:psychup",
    "100:psyshock",
    "100:raindance",
    "100:recycle",
    "100:reflect",
    "100:rest",
    "100:return",
    "100:rockslide",
    "100:rocksmash",
    "100:rocktomb",
    "100:round",
    "100:safeguard",
    "100:secretpower",
    "100:shadowball",
    "100:shockwave",
    "100:skillswap",
    "100:sleeptalk",
    "100:snatch",
    "100:solarbeam",
    "100:stealthrock",
    "100:strength",
    "100:substitute",
    "100:sunnyday",
    "100:swagger",
    "100:taunt",
    "100:telekinesis",
    "100:thunder",
    "100:thunderbolt",
    "100:thunderwave",
    "100:torment",
    "100:toxic",
    "100:trickroom",
    "100:waterpulse",
    "100:allyswitch",
    "100:bind",
    "100:bodyslam",
    "100:cosmicpower",
    "100:counter",
    "100:darkpulse",
    "100:detect",
    "100:doubleedge",
    "100:doubleteam",
    "100:drainpunch",
    "100:dreameater",
    "100:dynamicpunch",
    "100:endure",
    "100:extremespeed",
    "100:firepunch",
    "100:focuspunch",
    "100:gravity",
    "100:headbutt",
    "100:hyperbeam",
    "100:icepunch",
    "100:icywind",
    "100:irondefense",
    "100:knockoff",
    "100:laserfocus",
    "100:leer",
    "100:lowkick",
    "100:magiccoat",
    "100:megakick",
    "100:megapunch",
    "100:meteormash",
    "100:mimic",
    "100:mirrorcoat",
    "100:mudslap",
    "100:nastyplot",
    "100:nightmare",
    "100:nightshade",
    "100:psychic",
    "100:psychoboost",
    "100:psychup",
    "100:pursuit",
    "100:recover",
    "100:recycle",
    "100:rockslide",
    "100:roleplay",
    "100:seismictoss",
    "100:shockwave",
    "100:signalbeam",
    "100:skillswap",
    "100:sleeptalk",
    "100:snatch",
    "100:snore",
    "100:spikes",
    "100:stealthrock",
    "100:stompingtantrum",
    "100:substitute",
    "100:superpower",
    "100:swagger",
    "100:swift",
    "100:taunt",
    "100:telekinesis",
    "100:throatchop",
    "100:thunderpunch",
    "100:thunderwave",
    "100:trick",
    "100:waterpulse",
    "100:wonderroom",
    "100:wrap",
    "100:zapcannon",
    "100:zenheadbutt"
  ],
  "labels": [
    "gen3",
    "mythical",
    "legendary"
  ],
  "pokedex": [
    "cobblemon.species.deoxys.desc"
  ],
  "height": 17,
  "weight": 608,
  "evolutions": [],
  "forms": [
    {
      "name": "Attack",
      "primaryType": "psychic",
      "abilities": [
        "pressure"
      ],
      "baseStats": {
        "hp": 50,
        "attack": 180,
        "defence": 20,
        "special_attack": 180,
        "special_defence": 20,
        "speed": 150
      },
      "catchRate": 3,
      "maleRatio": -1,
      "baseExperienceYield": 270,
      "baseFriendship": 0,
      "evYield": {
        "hp": 0,
        "attack": 2,
        "defence": 0,
        "special_attack": 1,
        "special_defence": 0,
        "speed": 0
      },
      "experienceGroup": "slow",
      "eggCycles": 120,
      "eggGroups": [
        "undiscovered"
      ],
      "labels": [
        "gen3",
        "mythical",
        "legendary"
      ],
      "aspects": [
        "attack"
      ],
      "height": 17,
      "weight": 608,
      "evolutions": [],
      "cannotDynamax": false,
      "battleOnly": false
    },
    {
      "name": "Defense",
      "primaryType": "psychic",
      "abilities": [
        "pressure"
      ],
      "baseStats": {
        "hp": 50,
        "attack": 70,
        "defence": 160,
        "special_attack": 70,
        "special_defence": 160,
        "speed": 90
      },
      "catchRate": 3,
      "maleRatio": -1,
      "baseExperienceYield": 270,
      "baseFriendship": 0,
      "evYield": {
        "hp": 0,
        "attack": 0,
        "defence": 2,
        "special_attack": 0,
        "special_defence": 1,
        "speed": 0
      },
      "experienceGroup": "slow",
      "eggCycles": 120,
      "eggGroups": [
        "undiscovered"
      ],
      "labels": [
        "gen3",
        "mythical",
        "legendary"
      ],
      "aspects": [
        "defense"
      ],
      "height": 17,
      "weight": 608,
      "evolutions": [],
      "cannotDynamax": false,
      "battleOnly": false
    },
    {
      "name": "Speed",
      "primaryType": "psychic",
      "abilities": [
        "pressure"
      ],
      "baseStats": {
        "hp": 50,
        "attack": 95,
        "defence": 90,
        "special_attack": 95,
        "special_defence": 90,
        "speed": 180
      },
      "catchRate": 3,
      "maleRatio": -1,
      "baseExperienceYield": 270,
      "baseFriendship": 0,
      "evYield": {
        "hp": 0,
        "attack": 0,
        "defence": 0,
        "special_attack": 0,
        "special_defence": 0,
        "speed": 3
      },
      "experienceGroup": "slow",
      "eggCycles": 120,
      "eggGroups": [
        "undiscovered"
      ],
      "labels": [
        "gen3",
        "mythical",
        "legendary"
      ],
      "aspects": [
        "speed"
      ],
      "height": 17,
      "weight": 608,
      "evolutions": [],
      "cannotDynamax": false,
      "battleOnly": false
    }
  ],
  "aspects": [],
  "cannotDynamax": false,
  "drops": {
    "amount": 1,
    "entries": [
      {
        "item": "minecraft:eye_of_ender"
      }
    ]
  }
}