{
  "name": "Dustox",
  "nationalPokedexNumber": 269,
  "primaryType": "bug",
  "secondaryType": "poison",
  "abilities": [
    "shielddust",
    "h:compoundeyes"
  ],
  "baseStats": {
    "hp": 60,
    "attack": 50,
    "defence": 70,
    "special_attack": 50,
    "special_defence": 90,
    "speed": 65
  },
  "catchRate": 45,
  "maleRatio": 0.5,
  "shoulderMountable": false,
  "baseExperienceYield": 173,
  "experienceGroup": "medium_fast",
  "eggCycles": 15,
  "eggGroups": [
    "bug"
  ],
  "moves": [
    "1:gust",
    "12:confusion",
    "15:poisonpowder",
    "17:moonlight",
    "20:venoshock",
    "22:psybeam",
    "25:silverwind",
    "27:lightscreen",
    "30:whirlwind",
    "32:toxic",
    "35:bugbuzz",
    "37:protect",
    "40:quiverdance",
    "100:acrobatics",
    "100:aerialace",
    "100:attract",
    "100:captivate",
    "100:confide",
    "100:defog",
    "100:doubleteam",
    "100:endure",
    "100:energyball",
    "100:facade",
    "100:flash",
    "100:frustration",
    "100:gigadrain",
    "100:gigaimpact",
    "100:hiddenpower",
    "100:hyperbeam",
    "100:infestation",
    "100:lightscreen",
    "100:naturalgift",
    "100:protect",
    "100:psychic",
    "100:rest",
    "100:return",
    "100:roost",
    "100:round",
    "100:secretpower",
    "100:shadowball",
    "100:silverwind",
    "100:sleeptalk",
    "100:sludgebomb",
    "100:solarbeam",
    "100:strugglebug",
    "100:substitute",
    "100:sunnyday",
    "100:swagger",
    "100:thief",
    "100:toxic",
    "100:uturn",
    "100:venoshock",
    "100:aircutter",
    "100:bugbite",
    "100:defog",
    "100:doubleedge",
    "100:electroweb",
    "100:endure",
    "100:gigadrain",
    "100:laserfocus",
    "100:mimic",
    "100:ominouswind",
    "100:roost",
    "100:signalbeam",
    "100:sleeptalk",
    "100:snore",
    "100:stringshot",
    "100:substitute",
    "100:swagger",
    "100:swift",
    "100:tailwind",
    "100:twister"
  ],
  "labels": [
    "gen3"
  ],
  "pokedex": [
    "cobblemon.species.dustox.desc"
  ],
  "preEvolution": "cascoon",
  "evolutions": [],
  "baseScale": 1,
  "hitbox": {
    "width": 1,
    "height": 1,
    "fixed": false
  },
  "baseFriendship": 70,
  "evYield": {
    "hp": 0,
    "attack": 0,
    "defence": 0,
    "special_attack": 0,
    "special_defence": 3,
    "speed": 0
  },
  "height": 12,
  "weight": 316,
  "aspects": [],
  "cannotDynamax": false,
  "drops": {
    "amount": 2,
    "entries": [
      {
        "item": "cobblemon:silver_powder",
        "percentage": 5.0
      },
      {
        "item": "cobblemon:pecha_berry",
        "percentage": 5.0
      }
    ]
  }
}