{
  "implemented": true,
  "name": "Exploud",
  "nationalPokedexNumber": 295,
  "primaryType": "normal",
  "abilities": [
    "soundproof",
    "h:scrappy"
  ],
  "drops": {
    "amount": 1,
    "entries": [
      {
        "item": "cobblemon:chesto_berry",
        "percentage": 10.0
      }
    ]
  },
  "baseStats": {
    "hp": 104,
    "attack": 91,
    "defence": 63,
    "special_attack": 91,
    "special_defence": 73,
    "speed": 68
  },
  "catchRate": 45,
  "maleRatio": 0.5,
  "shoulderMountable": false,
  "baseExperienceYield": 245,
  "experienceGroup": "medium_slow",
  "eggCycles": 20,
  "eggGroups": [
    "monster",
    "field"
  ],
  "moves": [
    "1:astonish",
    "1:bite",
    "1:crunch",
    "1:echoedvoice",
    "1:firefang",
    "1:howl",
    "1:icefang",
    "1:pound",
    "1:thunderfang",
    "15:rest",
    "15:sleeptalk",
    "23:stomp",
    "29:roar",
    "36:supersonic",
    "45:uproar",
    "53:synchronoise",
    "54:screech",
    "63:hypervoice",
    "72:boomburst",
    "81:hyperbeam",
    "100:attract",
    "100:avalanche",
    "100:blizzard",
    "100:bodyslam",
    "100:brickbreak",
    "100:bulldoze",
    "100:captivate",
    "100:confide",
    "100:crunch",
    "100:doubleteam",
    "100:earthquake",
    "100:echoedvoice",
    "100:endure",
    "100:facade",
    "100:faketears",
    "100:fireblast",
    "100:firefang",
    "100:firepunch",
    "100:flamethrower",
    "100:fling",
    "100:focusblast",
    "100:frustration",
    "100:gigaimpact",
    "100:hiddenpower",
    "100:hydropump",
    "100:hyperbeam",
    "100:hypervoice",
    "100:icebeam",
    "100:icefang",
    "100:icepunch",
    "100:icywind",
    "100:incinerate",
    "100:lowkick",
    "100:megakick",
    "100:megapunch",
    "100:naturalgift",
    "100:outrage",
    "100:overheat",
    "100:poweruppunch",
    "100:protect",
    "100:raindance",
    "100:rest",
    "100:retaliate",
    "100:return",
    "100:roar",
    "100:rockclimb",
    "100:rockslide",
    "100:rocksmash",
    "100:rocktomb",
    "100:round",
    "100:screech",
    "100:secretpower",
    "100:shadowball",
    "100:shockwave",
    "100:sleeptalk",
    "100:smackdown",
    "100:snore",
    "100:solarbeam",
    "100:stompingtantrum",
    "100:strength",
    "100:substitute",
    "100:sunnyday",
    "100:surf",
    "100:swagger",
    "100:taunt",
    "100:thunderfang",
    "100:thunderpunch",
    "100:torment",
    "100:toxic",
    "100:uproar",
    "100:waterpulse",
    "100:whirlpool",
    "100:workup",
    "100:zenheadbutt",
    "100:bodyslam",
    "100:counter",
    "100:defensecurl",
    "100:doubleedge",
    "100:dynamicpunch",
    "100:endeavor",
    "100:endure",
    "100:firepunch",
    "100:headbutt",
    "100:hyperbeam",
    "100:hypervoice",
    "100:icepunch",
    "100:icywind",
    "100:lowkick",
    "100:megakick",
    "100:megapunch",
    "100:mimic",
    "100:mudslap",
    "100:outrage",
    "100:psychup",
    "100:rest",
    "100:roar",
    "100:rockslide",
    "100:rollout",
    "100:screech",
    "100:seismictoss",
    "100:shockwave",
    "100:sleeptalk",
    "100:snore",
    "100:stomp",
    "100:stompingtantrum",
    "100:substitute",
    "100:swagger",
    "100:terrainpulse",
    "100:thunderpunch",
    "100:uproar",
    "100:waterpulse",
    "100:zenheadbutt"
  ],
  "labels": [
    "gen3"
  ],
  "pokedex": [
    "cobblemon.species.exploud.desc"
  ],
  "preEvolution": "loudred",
  "evolutions": [],
  "baseScale": 1.1,
  "hitbox": {
    "width": 1.4,
    "height": 1.7,
    "fixed": false
  },
  "baseFriendship": 50,
  "evYield": {
    "hp": 3,
    "attack": 0,
    "defence": 0,
    "special_attack": 0,
    "special_defence": 0,
    "speed": 0
  },
  "height": 15,
  "weight": 840,
  "aspects": [],
  "cannotDynamax": false
}