{
  "name": "Feebas",
  "nationalPokedexNumber": 349,
  "primaryType": "water",
  "abilities": [
    "swiftswim",
    "oblivious",
    "h:adaptability"
  ],
  "baseStats": {
    "hp": 20,
    "attack": 15,
    "defence": 20,
    "special_attack": 10,
    "special_defence": 55,
    "speed": 80
  },
  "catchRate": 255,
  "maleRatio": 0.5,
  "shoulderMountable": false,
  "baseExperienceYield": 40,
  "experienceGroup": "erratic",
  "eggCycles": 20,
  "eggGroups": [
    "water_1",
    "dragon"
  ],
  "moves": [
    "1:splash",
    "15:tackle",
    "25:flail",
    "100:brine",
    "100:captivate",
    "100:confuseray",
    "100:dragonbreath",
    "100:dragonpulse",
    "100:haze",
    "100:hypnosis",
    "100:irontail",
    "100:lightscreen",
    "100:mirrorcoat",
    "100:mist",
    "100:mudsport",
    "100:tickle",
    "100:attract",
    "100:blizzard",
    "100:brine",
    "100:captivate",
    "100:confide",
    "100:dive",
    "100:doubleteam",
    "100:dragonpulse",
    "100:endure",
    "100:facade",
    "100:frustration",
    "100:hail",
    "100:hiddenpower",
    "100:icebeam",
    "100:icywind",
    "100:irontail",
    "100:lightscreen",
    "100:muddywater",
    "100:mudshot",
    "100:naturalgift",
    "100:protect",
    "100:raindance",
    "100:rest",
    "100:return",
    "100:round",
    "100:scald",
    "100:secretpower",
    "100:sleeptalk",
    "100:snore",
    "100:substitute",
    "100:surf",
    "100:swagger",
    "100:swift",
    "100:toxic",
    "100:waterfall",
    "100:waterpulse",
    "100:whirlpool",
    "100:captivate",
    "100:dive",
    "100:doubleedge",
    "100:dragonpulse",
    "100:endure",
    "100:icywind",
    "100:irontail",
    "100:mimic",
    "100:mirrorcoat",
    "100:scaleshot",
    "100:sleeptalk",
    "100:snore",
    "100:splash",
    "100:substitute",
    "100:swagger",
    "100:swift",
    "100:waterpulse"
  ],
  "labels": [
    "gen3"
  ],
  "pokedex": [
    "cobblemon.species.feebas.desc"
  ],
  "evolutions": [
    {
      "id": "feebas_milotic",
      "variant": "trade",
      "result": "milotic",
      "consumeHeldItem": true,
      "learnableMoves": [
        "waterpulse"
      ],
      "requirements": [
        {
          "variant": "held_item",
          "itemCondition": "cobblemon:prism_scale"
        }
      ]
    }
  ],
  "baseScale": 1,
  "hitbox": {
    "width": 1,
    "height": 1,
    "fixed": false
  },
  "baseFriendship": 50,
  "evYield": {
    "hp": 0,
    "attack": 0,
    "defence": 0,
    "special_attack": 0,
    "special_defence": 0,
    "speed": 1
  },
  "height": 6,
  "weight": 74,
  "aspects": [],
  "cannotDynamax": false,
  "drops": {
    "amount": 3,
    "entries": [
      {
        "item": "minecraft:salmon"
      },
      {
        "item": "minecraft:bone_meal",
        "percentage": 5.0
      },
      {
        "item": "cobblemon:prism_scale",
        "percentage": 2.5
      }
    ]
  }
}