{
  "name": "Gulpin",
  "nationalPokedexNumber": 316,
  "primaryType": "poison",
  "abilities": [
    "liquidooze",
    "stickyhold",
    "h:gluttony"
  ],
  "baseStats": {
    "hp": 70,
    "attack": 43,
    "defence": 53,
    "special_attack": 43,
    "special_defence": 53,
    "speed": 40
  },
  "catchRate": 225,
  "maleRatio": 0.5,
  "shoulderMountable": false,
  "baseExperienceYield": 60,
  "experienceGroup": "fluctuating",
  "eggCycles": 20,
  "eggGroups": [
    "amorphous"
  ],
  "moves": [
    "1:pound",
    "5:yawn",
    "8:poisongas",
    "10:sludge",
    "12:amnesia",
    "17:acidspray",
    "20:encore",
    "25:toxic",
    "28:spitup",
    "28:stockpile",
    "28:swallow",
    "33:sludgebomb",
    "36:gastroacid",
    "41:belch",
    "44:painsplit",
    "44:wringout",
    "49:gunkshot",
    "100:acidarmor",
    "100:clearsmog",
    "100:curse",
    "100:destinybond",
    "100:dreameater",
    "100:gunkshot",
    "100:mudslap",
    "100:painsplit",
    "100:smog",
    "100:stuffcheeks",
    "100:venomdrench",
    "100:acidspray",
    "100:amnesia",
    "100:attract",
    "100:bodyslam",
    "100:bulletseed",
    "100:captivate",
    "100:confide",
    "100:doubleteam",
    "100:dreameater",
    "100:encore",
    "100:endure",
    "100:explosion",
    "100:facade",
    "100:firepunch",
    "100:fling",
    "100:frustration",
    "100:gigadrain",
    "100:gunkshot",
    "100:helpinghand",
    "100:hiddenpower",
    "100:icebeam",
    "100:icepunch",
    "100:infestation",
    "100:mudshot",
    "100:mudslap",
    "100:naturalgift",
    "100:poisonjab",
    "100:poweruppunch",
    "100:protect",
    "100:raindance",
    "100:rest",
    "100:return",
    "100:rocksmash",
    "100:round",
    "100:secretpower",
    "100:seedbomb",
    "100:shadowball",
    "100:shockwave",
    "100:sleeptalk",
    "100:sludgebomb",
    "100:sludgewave",
    "100:snatch",
    "100:solarbeam",
    "100:strength",
    "100:substitute",
    "100:sunnyday",
    "100:swagger",
    "100:swordsdance",
    "100:takedown",
    "100:terablast",
    "100:thief",
    "100:thunderpunch",
    "100:thunderwave",
    "100:toxic",
    "100:toxicspikes",
    "100:venoshock",
    "100:waterpulse",
    "100:acidarmor",
    "100:bodyslam",
    "100:counter",
    "100:defensecurl",
    "100:doubleedge",
    "100:dreameater",
    "100:dynamicpunch",
    "100:endure",
    "100:explosion",
    "100:firepunch",
    "100:gastroacid",
    "100:gigadrain",
    "100:gunkshot",
    "100:headbutt",
    "100:icepunch",
    "100:mimic",
    "100:mudslap",
    "100:nightmare",
    "100:painsplit",
    "100:poisongas",
    "100:rollout",
    "100:seedbomb",
    "100:selfdestruct",
    "100:shockwave",
    "100:sing",
    "100:sleeptalk",
    "100:sludge",
    "100:snatch",
    "100:snore",
    "100:substitute",
    "100:swagger",
    "100:thunderpunch",
    "100:toxic",
    "100:waterpulse"
  ],
  "labels": [
    "gen3"
  ],
  "pokedex": [
    "cobblemon.species.gulpin.desc"
  ],
  "evolutions": [
    {
      "id": "gulpin_swalot",
      "variant": "level_up",
      "result": "swalot",
      "consumeHeldItem": false,
      "learnableMoves": [
        "bodyslam"
      ],
      "requirements": [
        {
          "variant": "level",
          "minLevel": 26
        }
      ]
    }
  ],
  "baseScale": 1,
  "hitbox": {
    "width": 1,
    "height": 1,
    "fixed": false
  },
  "baseFriendship": 70,
  "evYield": {
    "hp": 1,
    "attack": 0,
    "defence": 0,
    "special_attack": 0,
    "special_defence": 0,
    "speed": 0
  },
  "height": 4,
  "weight": 103,
  "aspects": [],
  "cannotDynamax": false,
  "drops": {
    "amount": 2,
    "entries": [
      {
        "item": "cobblemon:black_sludge",
        "percentage": 2.5
      },
      {
        "item": "cobblemon:oran_berry",
        "percentage": 2.5
      }
    ]
  }
}