{
  "name": "Lileep",
  "nationalPokedexNumber": 345,
  "primaryType": "rock",
  "secondaryType": "grass",
  "abilities": [
    "suctioncups",
    "h:stormdrain"
  ],
  "baseStats": {
    "hp": 66,
    "attack": 41,
    "defence": 77,
    "special_attack": 61,
    "special_defence": 87,
    "speed": 23
  },
  "catchRate": 45,
  "maleRatio": 0.875,
  "shoulderMountable": false,
  "baseExperienceYield": 71,
  "experienceGroup": "erratic",
  "eggCycles": 30,
  "eggGroups": [
    "water_3"
  ],
  "moves": [
    "1:astonish",
    "1:constrict",
    "1:wrap",
    "4:acid",
    "8:confuseray",
    "12:ingrain",
    "16:ancientpower",
    "20:megadrain",
    "24:brine",
    "28:amnesia",
    "32:gastroacid",
    "36:gigadrain",
    "41:spitup",
    "41:stockpile",
    "41:swallow",
    "44:energyball",
    "52:wringout",
    "100:barrier",
    "100:bind",
    "100:curse",
    "100:endure",
    "100:megadrain",
    "100:mirrorcoat",
    "100:recover",
    "100:rockslide",
    "100:stealthrock",
    "100:tickle",
    "100:wringout",
    "100:amnesia",
    "100:attract",
    "100:bodyslam",
    "100:brine",
    "100:bulletseed",
    "100:captivate",
    "100:confide",
    "100:doubleteam",
    "100:earthpower",
    "100:endure",
    "100:energyball",
    "100:facade",
    "100:flash",
    "100:frustration",
    "100:gigadrain",
    "100:grassknot",
    "100:hiddenpower",
    "100:infestation",
    "100:mudshot",
    "100:naturalgift",
    "100:protect",
    "100:rest",
    "100:return",
    "100:rockblast",
    "100:rockpolish",
    "100:rockslide",
    "100:rocktomb",
    "100:round",
    "100:sandstorm",
    "100:secretpower",
    "100:seedbomb",
    "100:sleeptalk",
    "100:sludgebomb",
    "100:smackdown",
    "100:snore",
    "100:solarbeam",
    "100:stealthrock",
    "100:substitute",
    "100:sunnyday",
    "100:swagger",
    "100:swordsdance",
    "100:toxic",
    "100:acid",
    "100:ancientpower",
    "100:bind",
    "100:bodyslam",
    "100:constrict",
    "100:doubleedge",
    "100:earthpower",
    "100:endure",
    "100:gastroacid",
    "100:gigadrain",
    "100:meteorbeam",
    "100:mimic",
    "100:mirrorcoat",
    "100:mudslap",
    "100:painsplit",
    "100:psychup",
    "100:recover",
    "100:rockslide",
    "100:seedbomb",
    "100:sleeptalk",
    "100:snore",
    "100:stealthrock",
    "100:stringshot",
    "100:substitute",
    "100:swagger",
    "100:synthesis",
    "100:worryseed"
  ],
  "labels": [
    "gen3"
  ],
  "pokedex": [
    "cobblemon.species.lileep.desc"
  ],
  "evolutions": [
    {
      "id": "lileep_cradily",
      "variant": "level_up",
      "result": "cradily",
      "consumeHeldItem": false,
      "learnableMoves": [],
      "requirements": [
        {
          "variant": "level",
          "minLevel": 40
        }
      ]
    }
  ],
  "baseScale": 1,
  "hitbox": {
    "width": 1,
    "height": 1,
    "fixed": false
  },
  "baseFriendship": 50,
  "evYield": {
    "hp": 0,
    "attack": 0,
    "defence": 0,
    "special_attack": 0,
    "special_defence": 1,
    "speed": 0
  },
  "height": 10,
  "weight": 238,
  "aspects": [],
  "cannotDynamax": false,
  "drops": {
    "amount": 1,
    "entries": [
      {
        "item": "cobblemon:big_root",
        "percentage": 5.0
      }
    ]
  }
}