{
  "implemented": true,
  "name": "Linoone",
  "nationalPokedexNumber": 264,
  "primaryType": "normal",
  "abilities": [
    "pickup",
    "gluttony",
    "h:quickfeet"
  ],
  "drops": {
    "amount": 1,
    "entries": [
      {
        "item": "cobblemon:oran_berry",
        "percentage": 5.0
      }
    ]
  },
  "baseStats": {
    "hp": 78,
    "attack": 70,
    "defence": 61,
    "special_attack": 50,
    "special_defence": 61,
    "speed": 100
  },
  "features": [
    "galarian"
  ],
  "catchRate": 90,
  "maleRatio": 0.5,
  "shoulderMountable": false,
  "forms": [
    {
      "name": "Galar",
      "primaryType": "dark",
      "secondaryType": "normal",
      "abilities": [
        "pickup",
        "gluttony",
        "h:quickfeet"
      ],
      "baseStats": {
        "hp": 78,
        "attack": 70,
        "defence": 61,
        "special_attack": 50,
        "special_defence": 61,
        "speed": 100
      },
      "catchRate": 90,
      "maleRatio": 0.5,
      "baseExperienceYield": 147,
      "baseFriendship": 50,
      "evYield": {
        "hp": 0,
        "attack": 0,
        "defence": 0,
        "special_attack": 0,
        "special_defence": 0,
        "speed": 2
      },
      "experienceGroup": "medium_fast",
      "eggCycles": 15,
      "eggGroups": [
        "field"
      ],
      "moves": [
        "1:babydolleyes",
        "1:leer",
        "1:lick",
        "1:pinmissile",
        "1:sandattack",
        "1:switcheroo",
        "1:tackle",
        "9:snarl",
        "12:headbutt",
        "15:honeclaws",
        "18:furyswipes",
        "23:rest",
        "28:takedown",
        "33:scaryface",
        "38:counter",
        "43:taunt",
        "48:doubleedge",
        "100:assurance",
        "100:attract",
        "100:blizzard",
        "100:bodypress",
        "100:bodyslam",
        "100:dig",
        "100:endure",
        "100:facade",
        "100:faketears",
        "100:fling",
        "100:gigaimpact",
        "100:grassknot",
        "100:gunkshot",
        "100:helpinghand",
        "100:hyperbeam",
        "100:hypervoice",
        "100:icebeam",
        "100:icywind",
        "100:irontail",
        "100:mudshot",
        "100:payback",
        "100:pinmissile",
        "100:protect",
        "100:raindance",
        "100:rest",
        "100:retaliate",
        "100:round",
        "100:scaryface",
        "100:screech",
        "100:seedbomb",
        "100:shadowball",
        "100:shadowclaw",
        "100:sleeptalk",
        "100:snarl",
        "100:snore",
        "100:stompingtantrum",
        "100:substitute",
        "100:sunnyday",
        "100:surf",
        "100:swift",
        "100:taunt",
        "100:thief",
        "100:throatchop",
        "100:thunder",
        "100:thunderbolt",
        "100:thunderwave",
        "100:trick",
        "100:whirlpool",
        "100:workup",
        "100:lashout"
      ],
      "labels": [
        "gen8",
        "galar_regional"
      ],
      "aspects": [
        "galarian"
      ],
      "height": 5,
      "weight": 325,
      "preEvolution": "zigzagoon form=galar",
      "evolutions": [
        {
          "id": "linoone_obstagoon",
          "variant": "level_up",
          "result": "obstagoon",
          "consumeHeldItem": false,
          "learnableMoves": [],
          "requirements": [
            {
              "variant": "level",
              "minLevel": 35
            },
            {
              "variant": "time_range",
              "range": "night"
            }
          ]
        }
      ],
      "cannotDynamax": false,
      "battleOnly": false
    }
  ],
  "baseExperienceYield": 147,
  "experienceGroup": "medium_fast",
  "eggCycles": 15,
  "eggGroups": [
    "field"
  ],
  "behaviour": {
    "moving": {
      "walk": {
        "walkSpeed": 0.31
      }
    },
    "resting": {
      "canSleep": true,
      "willSleepOnBed": false,
      "depth": "normal",
      "light": "0-4"
    }
  },
  "moves": [
    "1:babydolleyes",
    "1:growl",
    "1:pinmissile",
    "1:playrough",
    "1:rototiller",
    "1:sandattack",
    "1:switcheroo",
    "1:tackle",
    "1:tailwhip",
    "9:covet",
    "12:headbutt",
    "13:odorsleuth",
    "15:honeclaws",
    "17:mudsport",
    "18:furyswipes",
    "23:rest",
    "27:bestow",
    "28:takedown",
    "32:slash",
    "33:fling",
    "38:flail",
    "43:bellydrum",
    "48:doubleedge",
    "100:attract",
    "100:blizzard",
    "100:bodyslam",
    "100:captivate",
    "100:chargebeam",
    "100:charm",
    "100:confide",
    "100:cut",
    "100:dig",
    "100:doubleteam",
    "100:echoedvoice",
    "100:endure",
    "100:facade",
    "100:fling",
    "100:frustration",
    "100:gigaimpact",
    "100:grassknot",
    "100:gunkshot",
    "100:helpinghand",
    "100:hiddenpower",
    "100:honeclaws",
    "100:hyperbeam",
    "100:hypervoice",
    "100:icebeam",
    "100:icywind",
    "100:irontail",
    "100:mudshot",
    "100:naturalgift",
    "100:pinmissile",
    "100:playrough",
    "100:protect",
    "100:raindance",
    "100:rest",
    "100:retaliate",
    "100:return",
    "100:roar",
    "100:rocksmash",
    "100:round",
    "100:secretpower",
    "100:seedbomb",
    "100:shadowball",
    "100:shadowclaw",
    "100:shockwave",
    "100:sleeptalk",
    "100:snore",
    "100:stompingtantrum",
    "100:strength",
    "100:substitute",
    "100:sunnyday",
    "100:surf",
    "100:swagger",
    "100:swift",
    "100:tailslap",
    "100:thief",
    "100:throatchop",
    "100:thunder",
    "100:thunderbolt",
    "100:thunderwave",
    "100:toxic",
    "100:trick",
    "100:waterpulse",
    "100:whirlpool",
    "100:workup",
    "100:babydolleyes",
    "100:bodyslam",
    "100:covet",
    "100:defensecurl",
    "100:doubleedge",
    "100:endure",
    "100:extremespeed",
    "100:furycutter",
    "100:gunkshot",
    "100:headbutt",
    "100:helpinghand",
    "100:hypervoice",
    "100:icywind",
    "100:irontail",
    "100:lastresort",
    "100:mimic",
    "100:mudslap",
    "100:protect",
    "100:rollout",
    "100:seedbomb",
    "100:shockwave",
    "100:sleeptalk",
    "100:snore",
    "100:stompingtantrum",
    "100:substitute",
    "100:superfang",
    "100:swagger",
    "100:swift",
    "100:throatchop",
    "100:thunderwave",
    "100:trick",
    "100:waterpulse"
  ],
  "labels": [
    "gen3",
    "hoenn_regional"
  ],
  "pokedex": [
    "cobblemon.species.linoone.desc"
  ],
  "preEvolution": "zigzagoon",
  "baseScale": 1,
  "hitbox": {
    "width": 0.6,
    "height": 0.5,
    "fixed": false
  },
  "baseFriendship": 50,
  "evYield": {
    "hp": 0,
    "attack": 0,
    "defence": 0,
    "special_attack": 0,
    "special_defence": 0,
    "speed": 2
  },
  "height": 5,
  "weight": 325,
  "aspects": [],
  "evolutions": [],
  "cannotDynamax": false
}