{
  "implemented": true,
  "name": "Lombre",
  "nationalPokedexNumber": 271,
  "primaryType": "water",
  "secondaryType": "grass",
  "abilities": [
    "swiftswim",
    "raindish",
    "h:owntempo"
  ],
  "baseStats": {
    "hp": 60,
    "attack": 50,
    "defence": 50,
    "special_attack": 60,
    "special_defence": 70,
    "speed": 50
  },
  "catchRate": 120,
  "maleRatio": 0.5,
  "shoulderMountable": false,
  "baseExperienceYield": 119,
  "experienceGroup": "medium_slow",
  "eggCycles": 15,
  "eggGroups": [
    "water_1",
    "grass"
  ],
  "behaviour": {
    "moving": {
      "swim": {
        "swimSpeed": 0.3,
        "canSwimInWater": true,
        "canBreatheUnderwater": true,
        "canWalkOnWater": true
      }
    },
    "resting": {
      "canSleep": true,
      "willSleepOnBed": false,
      "depth": "normal",
      "light": "0-4"
    }
  },
  "drops": {
    "amount": 4,
    "entries": [
      {
        "item": "minecraft:lily_pad",
        "quantityRange": "0-2"
      },
      {
        "item": "cobblemon:mental_herb",
        "percentage": 5.0
      },
      {
        "item": "cobblemon:kebia_berry",
        "percentage": 5.0
      }
    ]
  },
  "moves": [
    "1:absorb",
    "1:astonish",
    "1:fakeout",
    "1:flail",
    "1:growl",
    "1:knockoff",
    "1:teeterdance",
    "1:watergun",
    "9:bubble",
    "9:mist",
    "12:megadrain",
    "18:furyswipes",
    "20:watersport",
    "24:bubblebeam",
    "30:naturepower",
    "32:uproar",
    "36:gigadrain",
    "37:thief",
    "43:raindance",
    "50:zenheadbutt",
    "57:energyball",
    "64:hydropump",
    "100:attract",
    "100:blizzard",
    "100:bodyslam",
    "100:brickbreak",
    "100:bulletseed",
    "100:captivate",
    "100:confide",
    "100:dive",
    "100:doubleteam",
    "100:drainpunch",
    "100:echoedvoice",
    "100:encore",
    "100:endure",
    "100:energyball",
    "100:facade",
    "100:firepunch",
    "100:flash",
    "100:fling",
    "100:frustration",
    "100:gigadrain",
    "100:grassknot",
    "100:hail",
    "100:hiddenpower",
    "100:honeclaws",
    "100:hydropump",
    "100:hypervoice",
    "100:icebeam",
    "100:icepunch",
    "100:icywind",
    "100:megakick",
    "100:megapunch",
    "100:muddywater",
    "100:mudshot",
    "100:naturalgift",
    "100:naturepower",
    "100:poweruppunch",
    "100:protect",
    "100:raindance",
    "100:rest",
    "100:return",
    "100:rocksmash",
    "100:round",
    "100:scald",
    "100:secretpower",
    "100:seedbomb",
    "100:sleeptalk",
    "100:snore",
    "100:solarbeam",
    "100:strength",
    "100:substitute",
    "100:sunnyday",
    "100:surf",
    "100:swagger",
    "100:swordsdance",
    "100:thief",
    "100:thunderpunch",
    "100:toxic",
    "100:uproar",
    "100:waterfall",
    "100:waterpulse",
    "100:whirlpool",
    "100:zenheadbutt",
    "100:bodyslam",
    "100:dive",
    "100:doubleedge",
    "100:drainpunch",
    "100:dynamicpunch",
    "100:endure",
    "100:firepunch",
    "100:gigadrain",
    "100:grassyglide",
    "100:headbutt",
    "100:hypervoice",
    "100:icepunch",
    "100:icywind",
    "100:knockoff",
    "100:mimic",
    "100:mudslap",
    "100:seedbomb",
    "100:sleeptalk",
    "100:snore",
    "100:substitute",
    "100:swagger",
    "100:swordsdance",
    "100:synthesis",
    "100:thunderpunch",
    "100:uproar",
    "100:waterpulse",
    "100:zenheadbutt"
  ],
  "labels": [
    "gen3"
  ],
  "pokedex": [
    "cobblemon.species.lombre.desc"
  ],
  "preEvolution": "lotad",
  "evolutions": [
    {
      "id": "lombre_ludicolo",
      "variant": "item_interact",
      "result": "ludicolo",
      "consumeHeldItem": false,
      "learnableMoves": [],
      "requirements": [],
      "requiredContext": "cobblemon:water_stone"
    }
  ],
  "baseScale": 0.75,
  "hitbox": {
    "width": 0.9,
    "height": 1.2,
    "fixed": false
  },
  "baseFriendship": 50,
  "evYield": {
    "hp": 0,
    "attack": 0,
    "defence": 0,
    "special_attack": 0,
    "special_defence": 2,
    "speed": 0
  },
  "height": 12,
  "weight": 325,
  "aspects": [],
  "cannotDynamax": false
}