{
  "implemented": true,
  "name": "Loudred",
  "nationalPokedexNumber": 294,
  "primaryType": "normal",
  "abilities": [
    "soundproof",
    "h:scrappy"
  ],
  "drops": {
    "amount": 1,
    "entries": [
      {
        "item": "cobblemon:chesto_berry",
        "percentage": 5.0
      }
    ]
  },
  "baseStats": {
    "hp": 84,
    "attack": 71,
    "defence": 43,
    "special_attack": 71,
    "special_defence": 43,
    "speed": 48
  },
  "catchRate": 120,
  "maleRatio": 0.5,
  "shoulderMountable": false,
  "baseExperienceYield": 126,
  "experienceGroup": "medium_slow",
  "eggCycles": 20,
  "eggGroups": [
    "monster",
    "field"
  ],
  "moves": [
    "1:astonish",
    "1:bite",
    "1:echoedvoice",
    "1:howl",
    "1:pound",
    "15:rest",
    "15:sleeptalk",
    "23:stomp",
    "29:roar",
    "36:supersonic",
    "43:uproar",
    "50:screech",
    "50:synchronoise",
    "57:hypervoice",
    "100:attract",
    "100:blizzard",
    "100:bodyslam",
    "100:brickbreak",
    "100:bulldoze",
    "100:captivate",
    "100:confide",
    "100:doubleteam",
    "100:earthquake",
    "100:echoedvoice",
    "100:endure",
    "100:facade",
    "100:faketears",
    "100:fireblast",
    "100:firepunch",
    "100:flamethrower",
    "100:fling",
    "100:frustration",
    "100:hiddenpower",
    "100:hypervoice",
    "100:icebeam",
    "100:icepunch",
    "100:icywind",
    "100:incinerate",
    "100:lowkick",
    "100:megakick",
    "100:megapunch",
    "100:naturalgift",
    "100:overheat",
    "100:poweruppunch",
    "100:protect",
    "100:raindance",
    "100:rest",
    "100:retaliate",
    "100:return",
    "100:roar",
    "100:rockslide",
    "100:rocksmash",
    "100:rocktomb",
    "100:round",
    "100:screech",
    "100:secretpower",
    "100:shadowball",
    "100:shockwave",
    "100:sleeptalk",
    "100:smackdown",
    "100:snore",
    "100:solarbeam",
    "100:stompingtantrum",
    "100:strength",
    "100:substitute",
    "100:sunnyday",
    "100:swagger",
    "100:taunt",
    "100:thunderpunch",
    "100:torment",
    "100:toxic",
    "100:uproar",
    "100:waterpulse",
    "100:workup",
    "100:zenheadbutt",
    "100:bodyslam",
    "100:counter",
    "100:defensecurl",
    "100:doubleedge",
    "100:dynamicpunch",
    "100:endeavor",
    "100:endure",
    "100:firepunch",
    "100:headbutt",
    "100:hypervoice",
    "100:icepunch",
    "100:icywind",
    "100:lowkick",
    "100:megakick",
    "100:megapunch",
    "100:mimic",
    "100:mudslap",
    "100:psychup",
    "100:rockslide",
    "100:rollout",
    "100:seismictoss",
    "100:shockwave",
    "100:sleeptalk",
    "100:snore",
    "100:stompingtantrum",
    "100:substitute",
    "100:swagger",
    "100:thunderpunch",
    "100:uproar",
    "100:waterpulse",
    "100:zenheadbutt"
  ],
  "labels": [
    "gen3"
  ],
  "pokedex": [
    "cobblemon.species.loudred.desc"
  ],
  "preEvolution": "whismur",
  "evolutions": [
    {
      "id": "loudred_exploud",
      "variant": "level_up",
      "result": "exploud",
      "consumeHeldItem": false,
      "learnableMoves": [
        "crunch"
      ],
      "requirements": [
        {
          "variant": "level",
          "minLevel": 40
        }
      ]
    }
  ],
  "baseScale": 0.9,
  "hitbox": {
    "width": 1,
    "height": 1.3,
    "fixed": false
  },
  "baseFriendship": 50,
  "evYield": {
    "hp": 2,
    "attack": 0,
    "defence": 0,
    "special_attack": 0,
    "special_defence": 0,
    "speed": 0
  },
  "height": 10,
  "weight": 405,
  "aspects": [],
  "cannotDynamax": false
}