{
  "implemented": true,
  "name": "Ludicolo",
  "nationalPokedexNumber": 272,
  "primaryType": "water",
  "secondaryType": "grass",
  "abilities": [
    "swiftswim",
    "raindish",
    "h:owntempo"
  ],
  "baseStats": {
    "hp": 80,
    "attack": 70,
    "defence": 70,
    "special_attack": 90,
    "special_defence": 100,
    "speed": 70
  },
  "catchRate": 45,
  "maleRatio": 0.5,
  "shoulderMountable": false,
  "baseExperienceYield": 240,
  "experienceGroup": "medium_slow",
  "eggCycles": 15,
  "eggGroups": [
    "water_1",
    "grass"
  ],
  "behaviour": {
    "moving": {
      "swim": {
        "swimSpeed": 0.3,
        "canSwimInWater": true,
        "canBreatheUnderwater": true
      }
    },
    "resting": {
      "canSleep": true,
      "willSleepOnBed": false,
      "depth": "normal",
      "light": "0-4"
    }
  },
  "drops": {
    "amount": 5,
    "entries": [
      {
        "item": "minecraft:lily_pad",
        "quantityRange": "0-3"
      },
      {
        "item": "cobblemon:mental_herb",
        "percentage": 10.0
      },
      {
        "item": "cobblemon:kebia_berry",
        "percentage": 10.0
      }
    ]
  },
  "moves": [
    "1:absorb",
    "1:astonish",
    "1:bubblebeam",
    "1:energyball",
    "1:fakeout",
    "1:flail",
    "1:furyswipes",
    "1:gigadrain",
    "1:growl",
    "1:hydropump",
    "1:knockoff",
    "1:megadrain",
    "1:mist",
    "1:naturepower",
    "1:raindance",
    "1:teeterdance",
    "1:watergun",
    "1:zenheadbutt",
    "100:amnesia",
    "100:attract",
    "100:blizzard",
    "100:bodyslam",
    "100:brickbreak",
    "100:bulletseed",
    "100:captivate",
    "100:confide",
    "100:dive",
    "100:doubleteam",
    "100:drainpunch",
    "100:echoedvoice",
    "100:encore",
    "100:endure",
    "100:energyball",
    "100:facade",
    "100:firepunch",
    "100:flash",
    "100:fling",
    "100:focusblast",
    "100:focuspunch",
    "100:frustration",
    "100:gigadrain",
    "100:gigaimpact",
    "100:grassknot",
    "100:hail",
    "100:hiddenpower",
    "100:honeclaws",
    "100:hydropump",
    "100:hyperbeam",
    "100:hypervoice",
    "100:icebeam",
    "100:icepunch",
    "100:icywind",
    "100:leafstorm",
    "100:megakick",
    "100:megapunch",
    "100:metronome",
    "100:muddywater",
    "100:mudshot",
    "100:naturalgift",
    "100:naturepower",
    "100:poweruppunch",
    "100:protect",
    "100:raindance",
    "100:rest",
    "100:return",
    "100:rockclimb",
    "100:rocksmash",
    "100:round",
    "100:scald",
    "100:secretpower",
    "100:seedbomb",
    "100:sleeptalk",
    "100:snore",
    "100:solarbeam",
    "100:strength",
    "100:substitute",
    "100:sunnyday",
    "100:surf",
    "100:swagger",
    "100:swordsdance",
    "100:thief",
    "100:thunderpunch",
    "100:toxic",
    "100:uproar",
    "100:waterfall",
    "100:waterpulse",
    "100:weatherball",
    "100:whirlpool",
    "100:zenheadbutt",
    "100:bodyslam",
    "100:counter",
    "100:dive",
    "100:doubleedge",
    "100:drainpunch",
    "100:dynamicpunch",
    "100:endure",
    "100:fakeout",
    "100:firepunch",
    "100:focuspunch",
    "100:gigadrain",
    "100:grassyglide",
    "100:headbutt",
    "100:hydropump",
    "100:hypervoice",
    "100:icebeam",
    "100:icepunch",
    "100:icywind",
    "100:knockoff",
    "100:megakick",
    "100:megapunch",
    "100:metronome",
    "100:mimic",
    "100:mudslap",
    "100:scald",
    "100:seedbomb",
    "100:seismictoss",
    "100:sleeptalk",
    "100:snore",
    "100:substitute",
    "100:sunnyday",
    "100:swagger",
    "100:swordsdance",
    "100:synthesis",
    "100:thunderpunch",
    "100:uproar",
    "100:waterpulse",
    "100:zenheadbutt"
  ],
  "labels": [
    "gen3"
  ],
  "pokedex": [
    "cobblemon.species.ludicolo.desc"
  ],
  "preEvolution": "lombre",
  "evolutions": [],
  "baseScale": 1.1,
  "hitbox": {
    "width": 0.9,
    "height": 1.5,
    "fixed": false
  },
  "baseFriendship": 50,
  "evYield": {
    "hp": 0,
    "attack": 0,
    "defence": 0,
    "special_attack": 0,
    "special_defence": 3,
    "speed": 0
  },
  "height": 15,
  "weight": 550,
  "aspects": [],
  "cannotDynamax": false
}