{
  "implemented": true,
  "name": "Luvdisc",
  "nationalPokedexNumber": 370,
  "primaryType": "water",
  "abilities": [
    "swiftswim",
    "h:hydration"
  ],
  "baseStats": {
    "hp": 43,
    "attack": 30,
    "defence": 55,
    "special_attack": 40,
    "special_defence": 65,
    "speed": 97
  },
  "catchRate": 225,
  "maleRatio": 0.25,
  "shoulderMountable": false,
  "baseExperienceYield": 116,
  "experienceGroup": "fast",
  "eggCycles": 20,
  "eggGroups": [
    "water_2"
  ],
  "behaviour": {
    "moving": {
      "walk": {
        "avoidsLand": true
      },
      "swim": {
        "swimSpeed": 0.1,
        "canSwimInWater": true,
        "canBreatheUnderwater": true
      }
    },
    "resting": {
      "canSleep": true,
      "willSleepOnBed": false,
      "depth": "normal",
      "light": "0-4"
    }
  },
  "drops": {
    "amount": 1,
    "entries": [
      {
        "item": "cobblemon:deep_sea_scale",
        "percentage": 2.5
      }
    ]
  },
  "moves": [
    "1:charm",
    "1:tackle",
    "4:watergun",
    "7:agility",
    "13:luckychant",
    "13:wish",
    "17:waterpulse",
    "20:attract",
    "22:drainingkiss",
    "22:heartstamp",
    "26:flail",
    "31:sweetkiss",
    "34:takedown",
    "37:babydolleyes",
    "37:captivate",
    "40:aquaring",
    "42:soak",
    "46:hydropump",
    "49:safeguard",
    "100:aquajet",
    "100:aquaring",
    "100:brine",
    "100:captivate",
    "100:entrainment",
    "100:healpulse",
    "100:mudsport",
    "100:splash",
    "100:supersonic",
    "100:watersport",
    "100:agility",
    "100:attract",
    "100:blizzard",
    "100:brine",
    "100:captivate",
    "100:charm",
    "100:confide",
    "100:dive",
    "100:doubleteam",
    "100:drainingkiss",
    "100:endure",
    "100:facade",
    "100:frustration",
    "100:hail",
    "100:hiddenpower",
    "100:hydropump",
    "100:icebeam",
    "100:icywind",
    "100:liquidation",
    "100:naturalgift",
    "100:protect",
    "100:psychup",
    "100:raindance",
    "100:rest",
    "100:return",
    "100:round",
    "100:safeguard",
    "100:scald",
    "100:secretpower",
    "100:sleeptalk",
    "100:snowscape",
    "100:substitute",
    "100:surf",
    "100:swagger",
    "100:takedown",
    "100:terablast",
    "100:toxic",
    "100:waterfall",
    "100:waterpulse",
    "100:whirlpool",
    "100:bounce",
    "100:charm",
    "100:dive",
    "100:doubleedge",
    "100:endure",
    "100:icywind",
    "100:liquidation",
    "100:mimic",
    "100:mudsport",
    "100:psychup",
    "100:sleeptalk",
    "100:snore",
    "100:substitute",
    "100:swagger",
    "100:swift",
    "100:waterpulse"
  ],
  "labels": [
    "gen3"
  ],
  "pokedex": [
    "cobblemon.species.luvdisc.desc"
  ],
  "evolutions": [],
  "baseScale": 1.15,
  "hitbox": {
    "width": 0.5,
    "height": 0.55,
    "fixed": false
  },
  "baseFriendship": 70,
  "evYield": {
    "hp": 0,
    "attack": 0,
    "defence": 0,
    "special_attack": 0,
    "special_defence": 0,
    "speed": 1
  },
  "height": 6,
  "weight": 87,
  "aspects": [],
  "cannotDynamax": false
}