{
  "name": "Makuhita",
  "nationalPokedexNumber": 296,
  "primaryType": "fighting",
  "abilities": [
    "thickfat",
    "guts",
    "h:sheerforce"
  ],
  "baseStats": {
    "hp": 72,
    "attack": 60,
    "defence": 30,
    "special_attack": 20,
    "special_defence": 30,
    "speed": 25
  },
  "catchRate": 180,
  "maleRatio": 0.75,
  "shoulderMountable": false,
  "baseExperienceYield": 47,
  "experienceGroup": "fluctuating",
  "eggCycles": 20,
  "eggGroups": [
    "human_like"
  ],
  "moves": [
    "1:focusenergy",
    "1:tackle",
    "4:sandattack",
    "7:armthrust",
    "10:fakeout",
    "13:forcepalm",
    "16:whirlwind",
    "19:knockoff",
    "22:bulkup",
    "22:vitalthrow",
    "25:bellydrum",
    "28:detect",
    "28:smellingsalts",
    "31:seismictoss",
    "34:focuspunch",
    "34:wakeupslap",
    "37:endure",
    "40:closecombat",
    "43:reversal",
    "46:heavyslam",
    "100:bulletpunch",
    "100:chipaway",
    "100:counter",
    "100:crosschop",
    "100:detect",
    "100:dynamicpunch",
    "100:feint",
    "100:feintattack",
    "100:focuspunch",
    "100:foresight",
    "100:helpinghand",
    "100:revenge",
    "100:wakeupslap",
    "100:wideguard",
    "100:attract",
    "100:bodypress",
    "100:bodyslam",
    "100:brickbreak",
    "100:bulkup",
    "100:bulldoze",
    "100:captivate",
    "100:chillingwater",
    "100:closecombat",
    "100:confide",
    "100:dig",
    "100:doubleteam",
    "100:drainpunch",
    "100:earthquake",
    "100:endure",
    "100:facade",
    "100:firepunch",
    "100:fling",
    "100:focusblast",
    "100:focuspunch",
    "100:frustration",
    "100:heavyslam",
    "100:helpinghand",
    "100:hiddenpower",
    "100:icepunch",
    "100:lowkick",
    "100:lowsweep",
    "100:metronome",
    "100:mudshot",
    "100:mudslap",
    "100:naturalgift",
    "100:poisonjab",
    "100:poweruppunch",
    "100:protect",
    "100:raindance",
    "100:rest",
    "100:retaliate",
    "100:return",
    "100:reversal",
    "100:rockclimb",
    "100:rockslide",
    "100:rocksmash",
    "100:rocktomb",
    "100:round",
    "100:secretpower",
    "100:sleeptalk",
    "100:smackdown",
    "100:stompingtantrum",
    "100:stoneedge",
    "100:strength",
    "100:substitute",
    "100:sunnyday",
    "100:surf",
    "100:swagger",
    "100:swift",
    "100:takedown",
    "100:taunt",
    "100:terablast",
    "100:thief",
    "100:thunderpunch",
    "100:toxic",
    "100:whirlpool",
    "100:workup",
    "100:zenheadbutt",
    "100:armthrust",
    "100:bodyslam",
    "100:brickbreak",
    "100:counter",
    "100:doubleedge",
    "100:dynamicpunch",
    "100:endure",
    "100:firepunch",
    "100:focuspunch",
    "100:headbutt",
    "100:helpinghand",
    "100:icepunch",
    "100:knockoff",
    "100:lowkick",
    "100:megakick",
    "100:megapunch",
    "100:metronome",
    "100:mimic",
    "100:mudslap",
    "100:refresh",
    "100:rockslide",
    "100:rocktomb",
    "100:roleplay",
    "100:seismictoss",
    "100:sleeptalk",
    "100:snore",
    "100:substitute",
    "100:superpower",
    "100:swagger",
    "100:thunderpunch",
    "100:vacuumwave"
  ],
  "labels": [
    "gen3"
  ],
  "pokedex": [
    "cobblemon.species.makuhita.desc"
  ],
  "evolutions": [
    {
      "id": "makuhita_hariyama",
      "variant": "level_up",
      "result": "hariyama",
      "consumeHeldItem": false,
      "learnableMoves": [],
      "requirements": [
        {
          "variant": "level",
          "minLevel": 24
        }
      ]
    }
  ],
  "baseScale": 1,
  "hitbox": {
    "width": 1,
    "height": 1,
    "fixed": false
  },
  "baseFriendship": 70,
  "evYield": {
    "hp": 1,
    "attack": 0,
    "defence": 0,
    "special_attack": 0,
    "special_defence": 0,
    "speed": 0
  },
  "height": 10,
  "weight": 864,
  "aspects": [],
  "cannotDynamax": false,
  "drops": {
    "amount": 3,
    "entries": [
      {
        "item": "cobblemon:black_belt",
        "percentage": 2.5
      },
      {
        "item": "cobblemon:kings_rock",
        "percentage": 2.5
      },
      {
        "item": "cobblemon:payapa_berry",
        "percentage": 2.5
      }
    ]
  }
}