{
  "name": "Manectric",
  "nationalPokedexNumber": 310,
  "primaryType": "electric",
  "abilities": [
    "static",
    "lightningrod",
    "h:minus"
  ],
  "baseStats": {
    "hp": 70,
    "attack": 75,
    "defence": 60,
    "special_attack": 105,
    "special_defence": 60,
    "speed": 105
  },
  "catchRate": 45,
  "maleRatio": 0.5,
  "shoulderMountable": false,
  "forms": [
    {
      "name": "Mega",
      "primaryType": "electric",
      "abilities": [
        "intimidate"
      ],
      "baseStats": {
        "hp": 70,
        "attack": 75,
        "defence": 80,
        "special_attack": 135,
        "special_defence": 80,
        "speed": 135
      },
      "catchRate": 45,
      "maleRatio": 0.5,
      "baseExperienceYield": 166,
      "baseFriendship": 50,
      "evYield": {
        "hp": 0,
        "attack": 0,
        "defence": 0,
        "special_attack": 0,
        "special_defence": 0,
        "speed": 2
      },
      "experienceGroup": "slow",
      "eggCycles": 20,
      "eggGroups": [
        "field"
      ],
      "labels": [
        "gen6",
        "mega"
      ],
      "aspects": [
        "mega"
      ],
      "height": 18,
      "weight": 440,
      "evolutions": [],
      "cannotDynamax": false,
      "battleOnly": true
    }
  ],
  "baseExperienceYield": 166,
  "experienceGroup": "slow",
  "eggCycles": 20,
  "eggGroups": [
    "field"
  ],
  "moves": [
    "1:firefang",
    "1:howl",
    "1:leer",
    "1:tackle",
    "1:thunderwave",
    "12:quickattack",
    "13:spark",
    "16:odorsleuth",
    "16:shockwave",
    "20:bite",
    "24:thunderfang",
    "30:roar",
    "36:discharge",
    "42:charge",
    "48:wildcharge",
    "54:thunder",
    "60:electricterrain",
    "100:agility",
    "100:attract",
    "100:bodyslam",
    "100:captivate",
    "100:chargebeam",
    "100:confide",
    "100:crunch",
    "100:doubleteam",
    "100:eerieimpulse",
    "100:electricterrain",
    "100:electroball",
    "100:endure",
    "100:facade",
    "100:firefang",
    "100:flamethrower",
    "100:flash",
    "100:frustration",
    "100:gigaimpact",
    "100:hiddenpower",
    "100:hyperbeam",
    "100:hypervoice",
    "100:icefang",
    "100:irontail",
    "100:lightscreen",
    "100:naturalgift",
    "100:overheat",
    "100:protect",
    "100:psychicfangs",
    "100:raindance",
    "100:rest",
    "100:return",
    "100:roar",
    "100:round",
    "100:scaryface",
    "100:secretpower",
    "100:shockwave",
    "100:sleeptalk",
    "100:snarl",
    "100:snore",
    "100:strength",
    "100:substitute",
    "100:swagger",
    "100:swift",
    "100:thief",
    "100:thunder",
    "100:thunderbolt",
    "100:thunderfang",
    "100:thunderwave",
    "100:toxic",
    "100:uproar",
    "100:voltswitch",
    "100:wildcharge",
    "100:bite",
    "100:bodyslam",
    "100:doubleedge",
    "100:endure",
    "100:headbutt",
    "100:irontail",
    "100:laserfocus",
    "100:magnetrise",
    "100:mimic",
    "100:mudslap",
    "100:overheat",
    "100:protect",
    "100:raindance",
    "100:refresh",
    "100:risingvoltage",
    "100:shockwave",
    "100:signalbeam",
    "100:sleeptalk",
    "100:snore",
    "100:substitute",
    "100:swagger",
    "100:swift",
    "100:thunder",
    "100:thunderbolt",
    "100:thunderwave",
    "100:uproar",
    "100:voltswitch"
  ],
  "labels": [
    "gen3"
  ],
  "pokedex": [
    "cobblemon.species.manectric.desc"
  ],
  "preEvolution": "electrike",
  "evolutions": [],
  "baseScale": 1,
  "hitbox": {
    "width": 1,
    "height": 1,
    "fixed": false
  },
  "baseFriendship": 50,
  "evYield": {
    "hp": 0,
    "attack": 0,
    "defence": 0,
    "special_attack": 0,
    "special_defence": 0,
    "speed": 2
  },
  "height": 15,
  "weight": 402,
  "aspects": [],
  "cannotDynamax": false,
  "drops": {
    "amount": 5,
    "entries": [
      {
        "item": "minecraft:bone",
        "quantityRange": "0-2"
      },
      {
        "item": "minecraft:rotten_flesh",
        "quantityRange": "0-2"
      },
      {
        "item": "cobblemon:cheri_berry",
        "percentage": 5.0
      }
    ]
  }
}