{
  "implemented": true,
  "name": "Marshtomp",
  "nationalPokedexNumber": 259,
  "primaryType": "water",
  "secondaryType": "ground",
  "abilities": [
    "torrent",
    "h:damp"
  ],
  "baseStats": {
    "hp": 70,
    "attack": 85,
    "defence": 70,
    "special_attack": 60,
    "special_defence": 70,
    "speed": 50
  },
  "catchRate": 45,
  "maleRatio": 0.875,
  "shoulderMountable": false,
  "baseExperienceYield": 142,
  "experienceGroup": "medium_slow",
  "eggCycles": 20,
  "eggGroups": [
    "monster",
    "water_1"
  ],
  "behaviour": {
    "moving": {
      "swim": {
        "canSwimInWater": true,
        "canBreatheUnderwater": true
      }
    }
  },
  "drops": {
    "amount": 3,
    "entries": [
      {
        "item": "minecraft:clay_ball",
        "quantityRange": "0-2"
      },
      {
        "item": "cobblemon:mystic_water",
        "percentage": 10.0
      }
    ]
  },
  "moves": [
    "1:earthquake",
    "1:growl",
    "1:mudshot",
    "1:mudslap",
    "1:rocksmash",
    "1:surf",
    "1:tackle",
    "1:watergun",
    "9:rockthrow",
    "12:foresight",
    "12:protect",
    "15:supersonic",
    "18:bide",
    "20:waterpulse",
    "22:mudbomb",
    "25:mudsport",
    "25:rockslide",
    "30:takedown",
    "35:amnesia",
    "40:muddywater",
    "45:screech",
    "50:endeavor",
    "55:hydropump",
    "100:amnesia",
    "100:attract",
    "100:avalanche",
    "100:blizzard",
    "100:bodyslam",
    "100:brickbreak",
    "100:bulldoze",
    "100:captivate",
    "100:confide",
    "100:dig",
    "100:dive",
    "100:doubleteam",
    "100:earthpower",
    "100:earthquake",
    "100:echoedvoice",
    "100:endure",
    "100:facade",
    "100:fling",
    "100:frustration",
    "100:hail",
    "100:hiddenpower",
    "100:hydropump",
    "100:icebeam",
    "100:icepunch",
    "100:icywind",
    "100:irontail",
    "100:lowkick",
    "100:megakick",
    "100:megapunch",
    "100:muddywater",
    "100:mudshot",
    "100:naturalgift",
    "100:poweruppunch",
    "100:protect",
    "100:raindance",
    "100:rest",
    "100:return",
    "100:rockslide",
    "100:rocksmash",
    "100:rocktomb",
    "100:round",
    "100:sandtomb",
    "100:scald",
    "100:screech",
    "100:secretpower",
    "100:sleeptalk",
    "100:sludgewave",
    "100:snore",
    "100:stealthrock",
    "100:strength",
    "100:substitute",
    "100:superpower",
    "100:surf",
    "100:swagger",
    "100:toxic",
    "100:uproar",
    "100:waterfall",
    "100:waterpulse",
    "100:whirlpool",
    "100:workup",
    "100:ancientpower",
    "100:aquatail",
    "100:bodyslam",
    "100:counter",
    "100:defensecurl",
    "100:dive",
    "100:doubleedge",
    "100:dynamicpunch",
    "100:earthpower",
    "100:endeavor",
    "100:endure",
    "100:headbutt",
    "100:icepunch",
    "100:icywind",
    "100:irontail",
    "100:lowkick",
    "100:megakick",
    "100:megapunch",
    "100:mimic",
    "100:mudslap",
    "100:rockslide",
    "100:rollout",
    "100:seismictoss",
    "100:sleeptalk",
    "100:snore",
    "100:stealthrock",
    "100:substitute",
    "100:superpower",
    "100:swagger",
    "100:uproar",
    "100:waterpledge",
    "100:waterpulse"
  ],
  "labels": [
    "gen3"
  ],
  "pokedex": [
    "cobblemon.species.marshtomp.desc"
  ],
  "preEvolution": "mudkip",
  "evolutions": [
    {
      "id": "marshtomp_swampert",
      "variant": "level_up",
      "result": "swampert",
      "consumeHeldItem": false,
      "learnableMoves": [],
      "requirements": [
        {
          "variant": "level",
          "minLevel": 36
        }
      ]
    }
  ],
  "baseScale": 0.9,
  "hitbox": {
    "width": 0.9,
    "height": 1,
    "fixed": false
  },
  "baseFriendship": 50,
  "evYield": {
    "hp": 0,
    "attack": 2,
    "defence": 0,
    "special_attack": 0,
    "special_defence": 0,
    "speed": 0
  },
  "height": 7,
  "weight": 280,
  "aspects": [],
  "cannotDynamax": false
}