{
  "name": "Milotic",
  "nationalPokedexNumber": 350,
  "primaryType": "water",
  "abilities": [
    "marvelscale",
    "competitive",
    "h:cutecharm"
  ],
  "baseStats": {
    "hp": 95,
    "attack": 60,
    "defence": 79,
    "special_attack": 100,
    "special_defence": 125,
    "speed": 81
  },
  "catchRate": 60,
  "maleRatio": 0.5,
  "shoulderMountable": false,
  "baseExperienceYield": 189,
  "experienceGroup": "erratic",
  "eggCycles": 20,
  "eggGroups": [
    "water_1",
    "dragon"
  ],
  "moves": [
    "1:flail",
    "1:refresh",
    "1:splash",
    "1:tackle",
    "1:watergun",
    "1:waterpulse",
    "1:watersport",
    "1:wrap",
    "4:disarmingvoice",
    "8:twister",
    "12:aquaring",
    "16:attract",
    "20:lifedew",
    "21:captivate",
    "24:dragontail",
    "28:recover",
    "32:aquatail",
    "36:safeguard",
    "40:surf",
    "44:raindance",
    "48:coil",
    "52:hydropump",
    "100:attract",
    "100:avalanche",
    "100:blizzard",
    "100:bodyslam",
    "100:breakingswipe",
    "100:brine",
    "100:brutalswing",
    "100:bulldoze",
    "100:captivate",
    "100:confide",
    "100:dive",
    "100:doubleteam",
    "100:dragondance",
    "100:dragonpulse",
    "100:dragontail",
    "100:endure",
    "100:facade",
    "100:frustration",
    "100:gigaimpact",
    "100:hail",
    "100:helpinghand",
    "100:hiddenpower",
    "100:hydropump",
    "100:hyperbeam",
    "100:icebeam",
    "100:icywind",
    "100:imprison",
    "100:ironhead",
    "100:irontail",
    "100:lightscreen",
    "100:muddywater",
    "100:mudshot",
    "100:naturalgift",
    "100:protect",
    "100:psychup",
    "100:raindance",
    "100:rest",
    "100:return",
    "100:round",
    "100:safeguard",
    "100:scald",
    "100:secretpower",
    "100:sleeptalk",
    "100:snore",
    "100:substitute",
    "100:surf",
    "100:swagger",
    "100:swift",
    "100:toxic",
    "100:waterfall",
    "100:waterpulse",
    "100:weatherball",
    "100:whirlpool",
    "100:aquatail",
    "100:bind",
    "100:bodyslam",
    "100:dive",
    "100:doubleedge",
    "100:dragonpulse",
    "100:endure",
    "100:flipturn",
    "100:hydropump",
    "100:icebeam",
    "100:icywind",
    "100:ironhead",
    "100:irontail",
    "100:laserfocus",
    "100:magiccoat",
    "100:mimic",
    "100:mirrorcoat",
    "100:mudslap",
    "100:psychup",
    "100:raindance",
    "100:recover",
    "100:scaleshot",
    "100:skittersmack",
    "100:sleeptalk",
    "100:snore",
    "100:substitute",
    "100:surf",
    "100:swagger",
    "100:swift",
    "100:toxic",
    "100:tripleaxel",
    "100:twister",
    "100:waterpulse"
  ],
  "labels": [
    "gen3"
  ],
  "pokedex": [
    "cobblemon.species.milotic.desc"
  ],
  "preEvolution": "feebas",
  "evolutions": [],
  "baseScale": 1,
  "hitbox": {
    "width": 1,
    "height": 1,
    "fixed": false
  },
  "baseFriendship": 50,
  "evYield": {
    "hp": 0,
    "attack": 0,
    "defence": 0,
    "special_attack": 0,
    "special_defence": 2,
    "speed": 0
  },
  "height": 62,
  "weight": 1620,
  "aspects": [],
  "cannotDynamax": false,
  "drops": {
    "amount": 2,
    "entries": [
      {
        "item": "minecraft:bone_meal",
        "percentage": 10.0
      },
      {
        "item": "cobblemon:prism_scale",
        "percentage": 5.0
      }
    ]
  }
}