{
  "implemented": true,
  "name": "Numel",
  "nationalPokedexNumber": 322,
  "primaryType": "fire",
  "secondaryType": "ground",
  "abilities": [
    "oblivious",
    "simple",
    "h:owntempo"
  ],
  "drops": {
    "amount": 2,
    "entries": [
      {
        "item": "minecraft:magma_cream",
        "percentage": 2.5
      },
      {
        "item": "cobblemon:rawst_berry",
        "percentage": 2.5
      }
    ]
  },
  "baseStats": {
    "hp": 60,
    "attack": 60,
    "defence": 40,
    "special_attack": 65,
    "special_defence": 45,
    "speed": 35
  },
  "catchRate": 255,
  "maleRatio": 0.5,
  "shoulderMountable": false,
  "baseExperienceYield": 61,
  "experienceGroup": "medium_fast",
  "eggCycles": 20,
  "eggGroups": [
    "field"
  ],
  "moves": [
    "1:growl",
    "1:tackle",
    "5:ember",
    "8:focusenergy",
    "12:bulldoze",
    "12:magnitude",
    "15:flameburst",
    "15:incinerate",
    "19:amnesia",
    "22:lavaplume",
    "26:earthpower",
    "29:curse",
    "31:takedown",
    "36:yawn",
    "40:earthquake",
    "43:flamethrower",
    "47:doubleedge",
    "100:ancientpower",
    "100:bodyslam",
    "100:defensecurl",
    "100:endure",
    "100:growth",
    "100:heatwave",
    "100:heavyslam",
    "100:howl",
    "100:ironhead",
    "100:mudbomb",
    "100:rollout",
    "100:scaryface",
    "100:spitup",
    "100:stockpile",
    "100:stomp",
    "100:swallow",
    "100:yawn",
    "100:amnesia",
    "100:attract",
    "100:bodypress",
    "100:bodyslam",
    "100:bulldoze",
    "100:captivate",
    "100:charm",
    "100:confide",
    "100:dig",
    "100:doubleteam",
    "100:earthpower",
    "100:earthquake",
    "100:echoedvoice",
    "100:endure",
    "100:facade",
    "100:fireblast",
    "100:firespin",
    "100:flamecharge",
    "100:flamethrower",
    "100:flareblitz",
    "100:flashcannon",
    "100:frustration",
    "100:heatwave",
    "100:heavyslam",
    "100:helpinghand",
    "100:hiddenpower",
    "100:incinerate",
    "100:ironhead",
    "100:mudshot",
    "100:mudslap",
    "100:naturalgift",
    "100:naturepower",
    "100:overheat",
    "100:protect",
    "100:raindance",
    "100:rest",
    "100:return",
    "100:rockslide",
    "100:rocksmash",
    "100:rocktomb",
    "100:round",
    "100:sandstorm",
    "100:scaryface",
    "100:secretpower",
    "100:sleeptalk",
    "100:stealthrock",
    "100:stompingtantrum",
    "100:stoneedge",
    "100:strength",
    "100:substitute",
    "100:sunnyday",
    "100:swagger",
    "100:takedown",
    "100:terablast",
    "100:toxic",
    "100:trailblaze",
    "100:willowisp",
    "100:zenheadbutt",
    "100:afteryou",
    "100:bodyslam",
    "100:charm",
    "100:defensecurl",
    "100:dig",
    "100:doubleedge",
    "100:earthpower",
    "100:ember",
    "100:endure",
    "100:growl",
    "100:headbutt",
    "100:heatwave",
    "100:ironhead",
    "100:mimic",
    "100:mudslap",
    "100:rockslide",
    "100:rollout",
    "100:sleeptalk",
    "100:snore",
    "100:stealthrock",
    "100:substitute",
    "100:swagger",
    "100:tackle",
    "100:takedown"
  ],
  "labels": [
    "gen3"
  ],
  "pokedex": [
    "cobblemon.species.numel.desc"
  ],
  "evolutions": [
    {
      "id": "numel_camerupt",
      "variant": "level_up",
      "result": "camerupt",
      "consumeHeldItem": false,
      "learnableMoves": [
        "rockslide"
      ],
      "requirements": [
        {
          "variant": "level",
          "minLevel": 33
        }
      ]
    }
  ],
  "baseScale": 1,
  "hitbox": {
    "width": 1,
    "height": 1,
    "fixed": false
  },
  "baseFriendship": 70,
  "evYield": {
    "hp": 0,
    "attack": 0,
    "defence": 0,
    "special_attack": 1,
    "special_defence": 0,
    "speed": 0
  },
  "height": 7,
  "weight": 240,
  "aspects": [],
  "cannotDynamax": false
}