{
  "implemented": true,
  "name": "Nuzleaf",
  "nationalPokedexNumber": 274,
  "primaryType": "grass",
  "secondaryType": "dark",
  "abilities": [
    "chlorophyll",
    "earlybird",
    "h:pickpocket"
  ],
  "drops": {
    "amount": 3,
    "entries": [
      {
        "item": "minecraft:dark_oak_sapling",
        "quantityRange": "0-2"
      },
      {
        "item": "cobblemon:tanga_berry",
        "percentage": 5.0
      }
    ]
  },
  "baseStats": {
    "hp": 70,
    "attack": 70,
    "defence": 40,
    "special_attack": 60,
    "special_defence": 40,
    "speed": 60
  },
  "catchRate": 120,
  "maleRatio": 0.5,
  "shoulderMountable": false,
  "baseExperienceYield": 119,
  "experienceGroup": "medium_slow",
  "eggCycles": 15,
  "eggGroups": [
    "field",
    "grass"
  ],
  "moves": [
    "1:absorb",
    "1:aircutter",
    "1:astonish",
    "1:explosion",
    "1:fakeout",
    "1:harden",
    "1:pound",
    "1:razorleaf",
    "1:swagger",
    "1:synthesis",
    "1:tackle",
    "1:torment",
    "9:growth",
    "12:rollout",
    "18:megadrain",
    "20:razorwind",
    "24:feintattack",
    "24:payback",
    "30:naturepower",
    "36:sunnyday",
    "43:extrasensory",
    "50:suckerpunch",
    "57:leafblade",
    "100:amnesia",
    "100:assurance",
    "100:attract",
    "100:beatup",
    "100:bodyslam",
    "100:brickbreak",
    "100:bulletseed",
    "100:captivate",
    "100:confide",
    "100:cut",
    "100:darkpulse",
    "100:dig",
    "100:doubleteam",
    "100:embargo",
    "100:endure",
    "100:energyball",
    "100:explosion",
    "100:facade",
    "100:falseswipe",
    "100:flash",
    "100:fling",
    "100:foulplay",
    "100:frustration",
    "100:gigadrain",
    "100:grassknot",
    "100:grassyterrain",
    "100:hiddenpower",
    "100:hyperbeam",
    "100:leafblade",
    "100:lowkick",
    "100:lowsweep",
    "100:megakick",
    "100:nastyplot",
    "100:naturalgift",
    "100:naturepower",
    "100:payback",
    "100:powerswap",
    "100:poweruppunch",
    "100:protect",
    "100:psychup",
    "100:rest",
    "100:retaliate",
    "100:return",
    "100:rockslide",
    "100:rocksmash",
    "100:rocktomb",
    "100:round",
    "100:secretpower",
    "100:seedbomb",
    "100:selfdestruct",
    "100:shadowball",
    "100:sleeptalk",
    "100:snarl",
    "100:snore",
    "100:solarbeam",
    "100:solarblade",
    "100:strength",
    "100:substitute",
    "100:sunnyday",
    "100:swagger",
    "100:swift",
    "100:swordsdance",
    "100:thief",
    "100:torment",
    "100:toxic",
    "100:bodyslam",
    "100:darkpulse",
    "100:defensecurl",
    "100:defog",
    "100:doubleedge",
    "100:endure",
    "100:explosion",
    "100:foulplay",
    "100:furycutter",
    "100:gigadrain",
    "100:grassyglide",
    "100:headbutt",
    "100:lashout",
    "100:lowkick",
    "100:megakick",
    "100:mimic",
    "100:mudslap",
    "100:psychup",
    "100:rollout",
    "100:seedbomb",
    "100:selfdestruct",
    "100:sleeptalk",
    "100:snore",
    "100:spite",
    "100:substitute",
    "100:swagger",
    "100:swift",
    "100:swordsdance",
    "100:synthesis",
    "100:worryseed"
  ],
  "labels": [
    "gen3"
  ],
  "pokedex": [
    "cobblemon.species.nuzleaf.desc"
  ],
  "preEvolution": "seedot",
  "evolutions": [
    {
      "id": "nuzleaf_shiftry",
      "variant": "item_interact",
      "result": "shiftry",
      "consumeHeldItem": false,
      "learnableMoves": [
        "leaftornado"
      ],
      "requirements": [],
      "requiredContext": "cobblemon:leaf_stone"
    }
  ],
  "baseScale": 1,
  "hitbox": {
    "width": 1,
    "height": 1,
    "fixed": false
  },
  "baseFriendship": 50,
  "evYield": {
    "hp": 0,
    "attack": 2,
    "defence": 0,
    "special_attack": 0,
    "special_defence": 0,
    "speed": 0
  },
  "height": 10,
  "weight": 280,
  "aspects": [],
  "cannotDynamax": false
}