{
  "implemented": true,
  "name": "Poochyena",
  "nationalPokedexNumber": 261,
  "primaryType": "dark",
  "abilities": [
    "runaway",
    "quickfeet",
    "h:rattled"
  ],
  "drops": {
    "amount": 3,
    "entries": [
      {
        "item": "minecraft:bone",
        "quantityRange": "0-1"
      },
      {
        "item": "minecraft:rotten_flesh",
        "quantityRange": "0-1"
      },
      {
        "item": "cobblemon:pecha_berry",
        "percentage": 2.5
      }
    ]
  },
  "baseStats": {
    "hp": 35,
    "attack": 55,
    "defence": 35,
    "special_attack": 30,
    "special_defence": 30,
    "speed": 35
  },
  "catchRate": 255,
  "maleRatio": 0.5,
  "shoulderMountable": false,
  "baseExperienceYield": 56,
  "experienceGroup": "medium_fast",
  "eggCycles": 15,
  "eggGroups": [
    "field"
  ],
  "moves": [
    "1:tackle",
    "4:howl",
    "7:sandattack",
    "10:bite",
    "13:odorsleuth",
    "16:roar",
    "19:swagger",
    "22:assurance",
    "25:scaryface",
    "28:embargo",
    "31:taunt",
    "34:crunch",
    "37:yawn",
    "40:takedown",
    "43:suckerpunch",
    "45:thief",
    "46:playrough",
    "100:astonish",
    "100:covet",
    "100:firefang",
    "100:icefang",
    "100:leer",
    "100:mefirst",
    "100:playrough",
    "100:poisonfang",
    "100:sleeptalk",
    "100:snatch",
    "100:suckerpunch",
    "100:thunderfang",
    "100:yawn",
    "100:attract",
    "100:captivate",
    "100:confide",
    "100:darkpulse",
    "100:dig",
    "100:doubleteam",
    "100:embargo",
    "100:endure",
    "100:facade",
    "100:frustration",
    "100:hiddenpower",
    "100:incinerate",
    "100:irontail",
    "100:naturalgift",
    "100:payback",
    "100:protect",
    "100:raindance",
    "100:rest",
    "100:retaliate",
    "100:return",
    "100:roar",
    "100:rocksmash",
    "100:round",
    "100:secretpower",
    "100:shadowball",
    "100:sleeptalk",
    "100:snarl",
    "100:snatch",
    "100:substitute",
    "100:sunnyday",
    "100:swagger",
    "100:taunt",
    "100:thief",
    "100:torment",
    "100:toxic",
    "100:bodyslam",
    "100:counter",
    "100:covet",
    "100:darkpulse",
    "100:dig",
    "100:doubleedge",
    "100:endure",
    "100:foulplay",
    "100:headbutt",
    "100:healbell",
    "100:howl",
    "100:hypervoice",
    "100:irontail",
    "100:mimic",
    "100:mudslap",
    "100:poisonfang",
    "100:psychup",
    "100:sleeptalk",
    "100:snatch",
    "100:snore",
    "100:spite",
    "100:substitute",
    "100:suckerpunch",
    "100:superfang",
    "100:swagger",
    "100:uproar"
  ],
  "labels": [
    "gen3"
  ],
  "pokedex": [
    "cobblemon.species.poochyena.desc"
  ],
  "evolutions": [
    {
      "id": "poochyena_mightyena",
      "variant": "level_up",
      "result": "mightyena",
      "consumeHeldItem": false,
      "learnableMoves": [],
      "requirements": [
        {
          "variant": "level",
          "minLevel": 18
        }
      ]
    }
  ],
  "baseScale": 0.7,
  "hitbox": {
    "width": 1,
    "height": 1,
    "fixed": false
  },
  "baseFriendship": 70,
  "evYield": {
    "hp": 0,
    "attack": 1,
    "defence": 0,
    "special_attack": 0,
    "special_defence": 0,
    "speed": 0
  },
  "height": 5,
  "weight": 136,
  "aspects": [],
  "cannotDynamax": false
}