{
  "implemented": true,
  "name": "Rayquaza",
  "nationalPokedexNumber": 384,
  "primaryType": "dragon",
  "secondaryType": "flying",
  "abilities": [
    "airlock"
  ],
  "drops": {
    "amount": 5,
    "entries": [
      {
        "item": "minecraft:dragon_breath",
        "quantityRange": "3-5"
      }
    ]
  },
  "baseStats": {
    "hp": 105,
    "attack": 150,
    "defence": 90,
    "special_attack": 150,
    "special_defence": 90,
    "speed": 95
  },
  "catchRate": 45,
  "maleRatio": -1,
  "shoulderMountable": false,
  "forms": [
    {
      "name": "Mega",
      "primaryType": "dragon",
      "secondaryType": "flying",
      "abilities": [
        "deltastream"
      ],
      "baseStats": {
        "hp": 105,
        "attack": 180,
        "defence": 100,
        "special_attack": 180,
        "special_defence": 100,
        "speed": 115
      },
      "catchRate": 45,
      "maleRatio": -1,
      "baseExperienceYield": 340,
      "baseFriendship": 0,
      "evYield": {
        "hp": 0,
        "attack": 2,
        "defence": 0,
        "special_attack": 1,
        "special_defence": 0,
        "speed": 0
      },
      "experienceGroup": "slow",
      "eggCycles": 120,
      "eggGroups": [
        "undiscovered"
      ],
      "labels": [
        "gen6",
        "mega",
        "legendary"
      ],
      "aspects": [
        "mega"
      ],
      "height": 108,
      "weight": 3920,
      "evolutions": [],
      "cannotDynamax": false,
      "battleOnly": true,
      "requiredMove": "Dragon Ascent"
    }
  ],
  "baseExperienceYield": 340,
  "experienceGroup": "slow",
  "eggCycles": 120,
  "eggGroups": [
    "undiscovered"
  ],
  "moves": [
    "1:airslash",
    "1:ancientpower",
    "1:dragonascent",
    "1:scaryface",
    "1:twister",
    "9:crunch",
    "18:dragondance",
    "20:dragonclaw",
    "27:extremespeed",
    "36:dragonpulse",
    "45:hypervoice",
    "54:rest",
    "63:fly",
    "72:hurricane",
    "81:outrage",
    "90:hyperbeam",
    "100:aerialace",
    "100:airslash",
    "100:avalanche",
    "100:blizzard",
    "100:bodyslam",
    "100:breakingswipe",
    "100:brickbreak",
    "100:brutalswing",
    "100:bulkup",
    "100:bulldoze",
    "100:confide",
    "100:cosmicpower",
    "100:crunch",
    "100:dive",
    "100:doubleteam",
    "100:dracometeor",
    "100:dragonclaw",
    "100:dragondance",
    "100:dragonpulse",
    "100:dragontail",
    "100:earthpower",
    "100:earthquake",
    "100:echoedvoice",
    "100:endure",
    "100:energyball",
    "100:facade",
    "100:fireblast",
    "100:flamethrower",
    "100:fling",
    "100:fly",
    "100:focusblast",
    "100:frustration",
    "100:gigaimpact",
    "100:gyroball",
    "100:helpinghand",
    "100:hiddenpower",
    "100:honeclaws",
    "100:hurricane",
    "100:hydropump",
    "100:hyperbeam",
    "100:hypervoice",
    "100:icebeam",
    "100:icywind",
    "100:incinerate",
    "100:ironhead",
    "100:irontail",
    "100:naturalgift",
    "100:outrage",
    "100:overheat",
    "100:protect",
    "100:psychup",
    "100:raindance",
    "100:rest",
    "100:return",
    "100:roar",
    "100:rockslide",
    "100:rocksmash",
    "100:rocktomb",
    "100:round",
    "100:sandstorm",
    "100:scaryface",
    "100:secretpower",
    "100:shadowclaw",
    "100:shockwave",
    "100:skydrop",
    "100:sleeptalk",
    "100:snore",
    "100:solarbeam",
    "100:stealthrock",
    "100:stoneedge",
    "100:strength",
    "100:substitute",
    "100:sunnyday",
    "100:surf",
    "100:swagger",
    "100:swift",
    "100:swordsdance",
    "100:tailwind",
    "100:takedown",
    "100:terablast",
    "100:thunder",
    "100:thunderbolt",
    "100:thunderwave",
    "100:toxic",
    "100:uproar",
    "100:uturn",
    "100:waterfall",
    "100:waterpulse",
    "100:whirlpool",
    "100:wildcharge",
    "100:airslash",
    "100:ancientpower",
    "100:aquatail",
    "100:bind",
    "100:bodyslam",
    "100:brutalswing",
    "100:celebrate",
    "100:defog",
    "100:dive",
    "100:doubleedge",
    "100:dracometeor",
    "100:dragonascent",
    "100:dragonclaw",
    "100:dragondance",
    "100:dragonpulse",
    "100:earthpower",
    "100:endure",
    "100:extremespeed",
    "100:fly",
    "100:furycutter",
    "100:headbutt",
    "100:hyperbeam",
    "100:hypervoice",
    "100:icywind",
    "100:ironhead",
    "100:irontail",
    "100:meteorbeam",
    "100:mimic",
    "100:mudslap",
    "100:outrage",
    "100:psychup",
    "100:rest",
    "100:rockslide",
    "100:scaleshot",
    "100:shockwave",
    "100:sleeptalk",
    "100:snore",
    "100:substitute",
    "100:swagger",
    "100:swift",
    "100:tailwind",
    "100:thunder",
    "100:thunderwave",
    "100:twister",
    "100:uproar",
    "100:vcreate",
    "100:waterpulse"
  ],
  "labels": [
    "gen3",
    "legendary"
  ],
  "pokedex": [
    "cobblemon.species.rayquaza.desc"
  ],
  "evolutions": [],
  "baseScale": 1.5,
  "hitbox": {
    "width": 2.5,
    "height": 3.8,
    "fixed": false
  },
  "baseFriendship": 0,
  "evYield": {
    "hp": 0,
    "attack": 2,
    "defence": 0,
    "special_attack": 1,
    "special_defence": 0,
    "speed": 0
  },
  "height": 70,
  "weight": 2065,
  "aspects": [],
  "cannotDynamax": false
}