{
  "name": "Regice",
  "nationalPokedexNumber": 378,
  "primaryType": "ice",
  "abilities": [
    "clearbody",
    "h:icebody"
  ],
  "baseStats": {
    "hp": 80,
    "attack": 50,
    "defence": 100,
    "special_attack": 100,
    "special_defence": 200,
    "speed": 50
  },
  "catchRate": 3,
  "maleRatio": -1,
  "shoulderMountable": false,
  "baseExperienceYield": 290,
  "experienceGroup": "slow",
  "eggCycles": 80,
  "eggGroups": [
    "undiscovered"
  ],
  "moves": [
    "1:chargebeam",
    "1:icywind",
    "6:bulldoze",
    "12:ancientpower",
    "18:stomp",
    "24:icebeam",
    "30:curse",
    "36:amnesia",
    "42:hammerarm",
    "48:blizzard",
    "54:superpower",
    "60:lockon",
    "66:zapcannon",
    "72:hyperbeam",
    "78:explosion",
    "100:amnesia",
    "100:auroraveil",
    "100:avalanche",
    "100:blizzard",
    "100:bodyslam",
    "100:brickbreak",
    "100:bulldoze",
    "100:chargebeam",
    "100:confide",
    "100:doubleteam",
    "100:earthquake",
    "100:endure",
    "100:explosion",
    "100:facade",
    "100:flashcannon",
    "100:fling",
    "100:focusblast",
    "100:focuspunch",
    "100:frostbreath",
    "100:frustration",
    "100:gigaimpact",
    "100:hail",
    "100:heavyslam",
    "100:hiddenpower",
    "100:hyperbeam",
    "100:icebeam",
    "100:icepunch",
    "100:iciclespear",
    "100:icywind",
    "100:ironhead",
    "100:megakick",
    "100:megapunch",
    "100:naturalgift",
    "100:poweruppunch",
    "100:protect",
    "100:psychup",
    "100:raindance",
    "100:rest",
    "100:return",
    "100:rockclimb",
    "100:rockpolish",
    "100:rockslide",
    "100:rocksmash",
    "100:rocktomb",
    "100:round",
    "100:safeguard",
    "100:secretpower",
    "100:selfdestruct",
    "100:shockwave",
    "100:sleeptalk",
    "100:snore",
    "100:stompingtantrum",
    "100:strength",
    "100:substitute",
    "100:superpower",
    "100:swagger",
    "100:thunder",
    "100:thunderbolt",
    "100:thunderpunch",
    "100:thunderwave",
    "100:toxic",
    "100:amnesia",
    "100:ancientpower",
    "100:block",
    "100:bodyslam",
    "100:bulldoze",
    "100:chargebeam",
    "100:counter",
    "100:curse",
    "100:defensecurl",
    "100:doubleedge",
    "100:dynamicpunch",
    "100:endure",
    "100:explosion",
    "100:focuspunch",
    "100:gravity",
    "100:hail",
    "100:hammerarm",
    "100:headbutt",
    "100:hyperbeam",
    "100:icebeam",
    "100:icepunch",
    "100:icywind",
    "100:ironhead",
    "100:lockon",
    "100:megakick",
    "100:megapunch",
    "100:mimic",
    "100:mudslap",
    "100:psychup",
    "100:rockslide",
    "100:rollout",
    "100:seismictoss",
    "100:selfdestruct",
    "100:shockwave",
    "100:signalbeam",
    "100:sleeptalk",
    "100:snore",
    "100:stomp",
    "100:stompingtantrum",
    "100:substitute",
    "100:superpower",
    "100:swagger",
    "100:thunderbolt",
    "100:thunderpunch",
    "100:thunderwave",
    "100:zapcannon"
  ],
  "labels": [
    "gen3",
    "legendary"
  ],
  "pokedex": [
    "cobblemon.species.regice.desc"
  ],
  "evolutions": [],
  "baseScale": 1,
  "hitbox": {
    "width": 1,
    "height": 1,
    "fixed": false
  },
  "baseFriendship": 35,
  "evYield": {
    "hp": 0,
    "attack": 0,
    "defence": 0,
    "special_attack": 0,
    "special_defence": 3,
    "speed": 0
  },
  "height": 18,
  "weight": 1750,
  "aspects": [],
  "cannotDynamax": false,
  "drops": {
    "amount": 1,
    "entries": [
      {
        "item": "cobblemon:never_melt_ice"
      }
    ]
  }
}