{
  "implemented": true,
  "name": "Sableye",
  "nationalPokedexNumber": 302,
  "primaryType": "dark",
  "secondaryType": "ghost",
  "abilities": [
    "keeneye",
    "stall",
    "h:prankster"
  ],
  "baseStats": {
    "hp": 50,
    "attack": 75,
    "defence": 75,
    "special_attack": 65,
    "special_defence": 65,
    "speed": 50
  },
  "catchRate": 45,
  "maleRatio": 0.5,
  "shoulderMountable": true,
  "forms": [
    {
      "name": "Mega",
      "primaryType": "dark",
      "secondaryType": "ghost",
      "abilities": [
        "magicbounce"
      ],
      "baseStats": {
        "hp": 50,
        "attack": 85,
        "defence": 125,
        "special_attack": 85,
        "special_defence": 115,
        "speed": 20
      },
      "catchRate": 45,
      "maleRatio": 0.5,
      "baseExperienceYield": 133,
      "baseFriendship": 35,
      "evYield": {
        "hp": 0,
        "attack": 1,
        "defence": 1,
        "special_attack": 0,
        "special_defence": 0,
        "speed": 0
      },
      "experienceGroup": "medium_slow",
      "eggCycles": 25,
      "eggGroups": [
        "human_like"
      ],
      "labels": [
        "gen6",
        "mega"
      ],
      "aspects": [
        "mega"
      ],
      "height": 5,
      "weight": 1610,
      "evolutions": [],
      "cannotDynamax": false,
      "battleOnly": true
    }
  ],
  "baseExperienceYield": 133,
  "experienceGroup": "medium_slow",
  "eggCycles": 25,
  "eggGroups": [
    "human_like"
  ],
  "drops": {
    "amount": 5,
    "entries": [
      {
        "item": "minecraft:amethyst_shard",
        "quantityRange": "0-2"
      },
      {
        "item": "minecraft:diamond",
        "percentage": 5.0
      },
      {
        "item": "minecraft:emerald",
        "percentage": 5.0
      },
      {
        "item": "cobblemon:roseli_berry",
        "percentage": 5.0
      }
    ]
  },
  "moves": [
    "1:leer",
    "1:scratch",
    "3:astonish",
    "4:foresight",
    "6:confuseray",
    "9:shadowsneak",
    "12:fakeout",
    "15:disable",
    "18:detect",
    "19:feintattack",
    "21:nightshade",
    "24:furyswipes",
    "24:punishment",
    "27:knockoff",
    "30:quash",
    "33:shadowclaw",
    "36:meanlook",
    "39:powergem",
    "42:zenheadbutt",
    "45:shadowball",
    "48:foulplay",
    "100:captivate",
    "100:feint",
    "100:flatter",
    "100:imprison",
    "100:meanlook",
    "100:metalburst",
    "100:moonlight",
    "100:nastyplot",
    "100:psychup",
    "100:recover",
    "100:suckerpunch",
    "100:torment",
    "100:trick",
    "100:aerialace",
    "100:allyswitch",
    "100:attract",
    "100:bodyslam",
    "100:brickbreak",
    "100:bulkup",
    "100:calmmind",
    "100:captivate",
    "100:confide",
    "100:confuseray",
    "100:cut",
    "100:darkpulse",
    "100:dazzlinggleam",
    "100:dig",
    "100:doubleteam",
    "100:drainpunch",
    "100:dreameater",
    "100:embargo",
    "100:encore",
    "100:endure",
    "100:energyball",
    "100:facade",
    "100:firepunch",
    "100:flash",
    "100:fling",
    "100:focuspunch",
    "100:foulplay",
    "100:frustration",
    "100:gigadrain",
    "100:gigaimpact",
    "100:gyroball",
    "100:helpinghand",
    "100:hex",
    "100:hiddenpower",
    "100:honeclaws",
    "100:hyperbeam",
    "100:icepunch",
    "100:icywind",
    "100:imprison",
    "100:incinerate",
    "100:lightscreen",
    "100:lowkick",
    "100:lowsweep",
    "100:megakick",
    "100:megapunch",
    "100:metalclaw",
    "100:metronome",
    "100:mudshot",
    "100:mudslap",
    "100:nastyplot",
    "100:naturalgift",
    "100:nightshade",
    "100:payback",
    "100:phantomforce",
    "100:poisonjab",
    "100:powergem",
    "100:poweruppunch",
    "100:protect",
    "100:psybeam",
    "100:psychic",
    "100:psychup",
    "100:quash",
    "100:raindance",
    "100:reflect",
    "100:rest",
    "100:retaliate",
    "100:return",
    "100:rocksmash",
    "100:rocktomb",
    "100:round",
    "100:secretpower",
    "100:shadowball",
    "100:shadowclaw",
    "100:shockwave",
    "100:skillswap",
    "100:sleeptalk",
    "100:snarl",
    "100:snatch",
    "100:snore",
    "100:substitute",
    "100:sunnyday",
    "100:swagger",
    "100:takedown",
    "100:taunt",
    "100:telekinesis",
    "100:terablast",
    "100:thief",
    "100:thunderpunch",
    "100:thunderwave",
    "100:torment",
    "100:toxic",
    "100:trick",
    "100:waterpulse",
    "100:willowisp",
    "100:wonderroom",
    "100:xscissor",
    "100:zenheadbutt",
    "100:allyswitch",
    "100:bodyslam",
    "100:calmmind",
    "100:counter",
    "100:darkpulse",
    "100:doubleedge",
    "100:dreameater",
    "100:dynamicpunch",
    "100:endure",
    "100:feintattack",
    "100:firepunch",
    "100:focuspunch",
    "100:foresight",
    "100:foulplay",
    "100:furycutter",
    "100:gravity",
    "100:headbutt",
    "100:helpinghand",
    "100:icepunch",
    "100:icywind",
    "100:knockoff",
    "100:lashout",
    "100:leer",
    "100:lowkick",
    "100:magiccoat",
    "100:megakick",
    "100:megapunch",
    "100:metronome",
    "100:mimic",
    "100:mudslap",
    "100:nightmare",
    "100:nightshade",
    "100:octazooka",
    "100:ominouswind",
    "100:painsplit",
    "100:poltergeist",
    "100:psychup",
    "100:recover",
    "100:roleplay",
    "100:scratch",
    "100:seismictoss",
    "100:shadowball",
    "100:shockwave",
    "100:signalbeam",
    "100:sleeptalk",
    "100:snatch",
    "100:snore",
    "100:spite",
    "100:substitute",
    "100:suckerpunch",
    "100:swagger",
    "100:taunt",
    "100:telekinesis",
    "100:thunderpunch",
    "100:tickle",
    "100:trick",
    "100:waterpulse",
    "100:willowisp",
    "100:wonderroom",
    "100:zenheadbutt"
  ],
  "labels": [
    "gen3"
  ],
  "pokedex": [
    "cobblemon.species.sableye.desc"
  ],
  "evolutions": [],
  "baseScale": 0.65,
  "hitbox": {
    "width": 0.7,
    "height": 1.2,
    "fixed": false
  },
  "baseFriendship": 35,
  "evYield": {
    "hp": 0,
    "attack": 1,
    "defence": 1,
    "special_attack": 0,
    "special_defence": 0,
    "speed": 0
  },
  "height": 5,
  "weight": 110,
  "aspects": [],
  "cannotDynamax": false
}