{
  "implemented": true,
  "name": "Sceptile",
  "nationalPokedexNumber": 254,
  "primaryType": "grass",
  "abilities": [
    "overgrow",
    "h:unburden"
  ],
  "baseStats": {
    "hp": 70,
    "attack": 85,
    "defence": 65,
    "special_attack": 105,
    "special_defence": 85,
    "speed": 120
  },
  "catchRate": 45,
  "maleRatio": 0.875,
  "shoulderMountable": false,
  "forms": [
    {
      "name": "Mega",
      "primaryType": "grass",
      "secondaryType": "dragon",
      "abilities": [
        "lightningrod"
      ],
      "baseStats": {
        "hp": 70,
        "attack": 110,
        "defence": 75,
        "special_attack": 145,
        "special_defence": 85,
        "speed": 145
      },
      "catchRate": 45,
      "maleRatio": 0.875,
      "baseExperienceYield": 265,
      "baseFriendship": 50,
      "evYield": {
        "hp": 0,
        "attack": 0,
        "defence": 0,
        "special_attack": 0,
        "special_defence": 0,
        "speed": 3
      },
      "experienceGroup": "medium_slow",
      "eggCycles": 20,
      "eggGroups": [
        "monster",
        "dragon"
      ],
      "labels": [
        "gen6",
        "mega"
      ],
      "aspects": [
        "mega"
      ],
      "height": 19,
      "weight": 552,
      "evolutions": [],
      "cannotDynamax": false,
      "battleOnly": true
    }
  ],
  "baseExperienceYield": 265,
  "experienceGroup": "medium_slow",
  "eggCycles": 20,
  "eggGroups": [
    "monster",
    "dragon"
  ],
  "drops": {
    "amount": 4,
    "entries": [
      {
        "item": "minecraft:stick",
        "quantityRange": "0-3"
      },
      {
        "item": "cobblemon:miracle_seed",
        "percentage": 25.0
      }
    ]
  },
  "moves": [
    "1:absorb",
    "1:dualchop",
    "1:energyball",
    "1:falseswipe",
    "1:furycutter",
    "1:leafage",
    "1:leer",
    "1:nightslash",
    "1:pound",
    "1:quickattack",
    "1:xscissor",
    "5:megadrain",
    "12:detect",
    "15:quickguard",
    "18:pursuit",
    "20:assurance",
    "25:gigadrain",
    "28:agility",
    "30:slam",
    "35:doubleteam",
    "42:leafblade",
    "49:screech",
    "56:endeavor",
    "63:leafstorm",
    "100:acrobatics",
    "100:aerialace",
    "100:agility",
    "100:assurance",
    "100:attract",
    "100:bodyslam",
    "100:breakingswipe",
    "100:brickbreak",
    "100:brutalswing",
    "100:bulldoze",
    "100:bulletseed",
    "100:captivate",
    "100:confide",
    "100:crosspoison",
    "100:crunch",
    "100:cut",
    "100:dig",
    "100:doubleteam",
    "100:dragonclaw",
    "100:dragondance",
    "100:dragonpulse",
    "100:drainpunch",
    "100:earthquake",
    "100:endure",
    "100:energyball",
    "100:facade",
    "100:falseswipe",
    "100:flash",
    "100:fling",
    "100:focusblast",
    "100:focuspunch",
    "100:frustration",
    "100:gigadrain",
    "100:gigaimpact",
    "100:grassknot",
    "100:grassyterrain",
    "100:hiddenpower",
    "100:honeclaws",
    "100:hyperbeam",
    "100:irontail",
    "100:leafblade",
    "100:leafstorm",
    "100:lowkick",
    "100:lowsweep",
    "100:magicalleaf",
    "100:megakick",
    "100:megapunch",
    "100:naturalgift",
    "100:naturepower",
    "100:outrage",
    "100:poweruppunch",
    "100:protect",
    "100:rest",
    "100:return",
    "100:roar",
    "100:rockclimb",
    "100:rockslide",
    "100:rocksmash",
    "100:rocktomb",
    "100:round",
    "100:safeguard",
    "100:screech",
    "100:secretpower",
    "100:seedbomb",
    "100:sleeptalk",
    "100:snore",
    "100:solarbeam",
    "100:solarblade",
    "100:strength",
    "100:substitute",
    "100:sunnyday",
    "100:swagger",
    "100:swift",
    "100:swordsdance",
    "100:throatchop",
    "100:thunderpunch",
    "100:toxic",
    "100:workup",
    "100:xscissor",
    "100:bodyslam",
    "100:counter",
    "100:doubleedge",
    "100:dragonpulse",
    "100:drainpunch",
    "100:dualchop",
    "100:dynamicpunch",
    "100:endeavor",
    "100:endure",
    "100:focusblast",
    "100:focuspunch",
    "100:frenzyplant",
    "100:furycutter",
    "100:gigadrain",
    "100:grasspledge",
    "100:grassyglide",
    "100:headbutt",
    "100:irontail",
    "100:laserfocus",
    "100:leafstorm",
    "100:lowkick",
    "100:megakick",
    "100:megapunch",
    "100:mimic",
    "100:mudslap",
    "100:outrage",
    "100:rockslide",
    "100:scaleshot",
    "100:seedbomb",
    "100:seismictoss",
    "100:sleeptalk",
    "100:snore",
    "100:substitute",
    "100:swagger",
    "100:swift",
    "100:swordsdance",
    "100:synthesis",
    "100:throatchop",
    "100:thunderpunch",
    "100:worryseed"
  ],
  "labels": [
    "gen3"
  ],
  "pokedex": [
    "cobblemon.species.sceptile.desc"
  ],
  "preEvolution": "grovyle",
  "evolutions": [],
  "baseScale": 1.1,
  "hitbox": {
    "width": 1,
    "height": 2.2,
    "fixed": false
  },
  "baseFriendship": 50,
  "evYield": {
    "hp": 0,
    "attack": 0,
    "defence": 0,
    "special_attack": 0,
    "special_defence": 0,
    "speed": 3
  },
  "height": 17,
  "weight": 522,
  "aspects": [],
  "cannotDynamax": false
}