{
  "implemented": true,
  "name": "Shroomish",
  "nationalPokedexNumber": 285,
  "primaryType": "grass",
  "abilities": [
    "effectspore",
    "poisonheal",
    "h:quickfeet"
  ],
  "drops": {
    "amount": 2,
    "entries": [
      {
        "item": "minecraft:brown_mushroom",
        "quantityRange": "0-1"
      },
      {
        "item": "cobblemon:kebia_berry",
        "percentage": 2.5
      }
    ]
  },
  "baseStats": {
    "hp": 60,
    "attack": 40,
    "defence": 60,
    "special_attack": 40,
    "special_defence": 60,
    "speed": 35
  },
  "catchRate": 255,
  "maleRatio": 0.5,
  "shoulderMountable": false,
  "baseExperienceYield": 59,
  "experienceGroup": "fluctuating",
  "eggCycles": 15,
  "eggGroups": [
    "fairy",
    "grass"
  ],
  "moves": [
    "1:absorb",
    "1:tackle",
    "5:stunspore",
    "8:leechseed",
    "12:megadrain",
    "15:headbutt",
    "19:poisonpowder",
    "22:worryseed",
    "26:gigadrain",
    "29:growth",
    "33:toxic",
    "36:seedbomb",
    "40:spore",
    "100:bulletseed",
    "100:charm",
    "100:drainpunch",
    "100:faketears",
    "100:falseswipe",
    "100:focuspunch",
    "100:helpinghand",
    "100:naturalgift",
    "100:seedbomb",
    "100:swagger",
    "100:wakeupslap",
    "100:worryseed",
    "100:attract",
    "100:bodyslam",
    "100:bulletseed",
    "100:captivate",
    "100:charm",
    "100:confide",
    "100:doubleteam",
    "100:drainpunch",
    "100:endure",
    "100:energyball",
    "100:facade",
    "100:faketears",
    "100:falseswipe",
    "100:flash",
    "100:frustration",
    "100:gigadrain",
    "100:grassknot",
    "100:grassyterrain",
    "100:gunkshot",
    "100:helpinghand",
    "100:hiddenpower",
    "100:magicalleaf",
    "100:naturalgift",
    "100:pounce",
    "100:protect",
    "100:raindance",
    "100:rest",
    "100:return",
    "100:round",
    "100:safeguard",
    "100:secretpower",
    "100:seedbomb",
    "100:sleeptalk",
    "100:sludgebomb",
    "100:snatch",
    "100:solarbeam",
    "100:substitute",
    "100:sunnyday",
    "100:swagger",
    "100:swift",
    "100:swordsdance",
    "100:takedown",
    "100:terablast",
    "100:toxic",
    "100:venoshock",
    "100:zenheadbutt",
    "100:bodyslam",
    "100:bulletseed",
    "100:doubleedge",
    "100:drainpunch",
    "100:endure",
    "100:falseswipe",
    "100:focuspunch",
    "100:gigadrain",
    "100:headbutt",
    "100:helpinghand",
    "100:megadrain",
    "100:mimic",
    "100:refresh",
    "100:seedbomb",
    "100:sleeptalk",
    "100:snatch",
    "100:snore",
    "100:stunspore",
    "100:substitute",
    "100:swagger",
    "100:swordsdance",
    "100:synthesis",
    "100:worryseed"
  ],
  "labels": [
    "gen3"
  ],
  "pokedex": [
    "cobblemon.species.shroomish.desc"
  ],
  "evolutions": [
    {
      "id": "shroomish_breloom",
      "variant": "level_up",
      "result": "breloom",
      "consumeHeldItem": false,
      "learnableMoves": [
        "machpunch"
      ],
      "requirements": [
        {
          "variant": "level",
          "minLevel": 23
        }
      ]
    }
  ],
  "baseScale": 0.8,
  "hitbox": {
    "width": 0.7,
    "height": 0.6,
    "fixed": false
  },
  "baseFriendship": 70,
  "evYield": {
    "hp": 1,
    "attack": 0,
    "defence": 0,
    "special_attack": 0,
    "special_defence": 0,
    "speed": 0
  },
  "height": 4,
  "weight": 45,
  "aspects": [],
  "cannotDynamax": false
}