{
  "name": "Shuppet",
  "nationalPokedexNumber": 353,
  "primaryType": "ghost",
  "abilities": [
    "insomnia",
    "frisk",
    "h:cursedbody"
  ],
  "baseStats": {
    "hp": 44,
    "attack": 75,
    "defence": 35,
    "special_attack": 63,
    "special_defence": 33,
    "speed": 45
  },
  "catchRate": 225,
  "maleRatio": 0.5,
  "shoulderMountable": false,
  "baseExperienceYield": 59,
  "experienceGroup": "fast",
  "eggCycles": 25,
  "eggGroups": [
    "amorphous"
  ],
  "moves": [
    "1:astonish",
    "1:knockoff",
    "4:screech",
    "7:nightshade",
    "10:spite",
    "16:willowisp",
    "19:feintattack",
    "19:shadowsneak",
    "22:hex",
    "26:curse",
    "30:shadowball",
    "34:embargo",
    "34:roleplay",
    "38:suckerpunch",
    "42:snatch",
    "42:trick",
    "46:grudge",
    "48:phantomforce",
    "100:astonish",
    "100:confuseray",
    "100:destinybond",
    "100:disable",
    "100:foresight",
    "100:gunkshot",
    "100:imprison",
    "100:ominouswind",
    "100:payback",
    "100:phantomforce",
    "100:pursuit",
    "100:shadowsneak",
    "100:attract",
    "100:calmmind",
    "100:captivate",
    "100:chargebeam",
    "100:confide",
    "100:confuseray",
    "100:darkpulse",
    "100:dazzlinggleam",
    "100:doubleteam",
    "100:dreameater",
    "100:embargo",
    "100:encore",
    "100:endure",
    "100:facade",
    "100:flash",
    "100:foulplay",
    "100:frustration",
    "100:gunkshot",
    "100:helpinghand",
    "100:hex",
    "100:hiddenpower",
    "100:icywind",
    "100:imprison",
    "100:metronome",
    "100:nastyplot",
    "100:naturalgift",
    "100:nightshade",
    "100:payback",
    "100:phantomforce",
    "100:pounce",
    "100:protect",
    "100:psybeam",
    "100:psychic",
    "100:psychup",
    "100:raindance",
    "100:rest",
    "100:return",
    "100:round",
    "100:scaryface",
    "100:secretpower",
    "100:shadowball",
    "100:shockwave",
    "100:skillswap",
    "100:sleeptalk",
    "100:snatch",
    "100:substitute",
    "100:sunnyday",
    "100:swagger",
    "100:taunt",
    "100:telekinesis",
    "100:terablast",
    "100:thief",
    "100:thunder",
    "100:thunderbolt",
    "100:thunderwave",
    "100:torment",
    "100:toxic",
    "100:trick",
    "100:trickroom",
    "100:willowisp",
    "100:allyswitch",
    "100:bodyslam",
    "100:darkpulse",
    "100:destinybond",
    "100:doubleedge",
    "100:dreameater",
    "100:endure",
    "100:feintattack",
    "100:foulplay",
    "100:gunkshot",
    "100:headbutt",
    "100:icywind",
    "100:knockoff",
    "100:magiccoat",
    "100:magicroom",
    "100:mimic",
    "100:nightmare",
    "100:nightshade",
    "100:ominouswind",
    "100:painsplit",
    "100:psychup",
    "100:roleplay",
    "100:shadowball",
    "100:shockwave",
    "100:skillswap",
    "100:sleeptalk",
    "100:snatch",
    "100:snore",
    "100:spite",
    "100:substitute",
    "100:suckerpunch",
    "100:swagger",
    "100:telekinesis",
    "100:thunderwave",
    "100:trick",
    "100:willowisp"
  ],
  "labels": [
    "gen3"
  ],
  "pokedex": [
    "cobblemon.species.shuppet.desc"
  ],
  "evolutions": [
    {
      "id": "shuppet_banette",
      "variant": "level_up",
      "result": "banette",
      "consumeHeldItem": false,
      "learnableMoves": [
        "knockoff"
      ],
      "requirements": [
        {
          "variant": "level",
          "minLevel": 37
        }
      ]
    }
  ],
  "baseScale": 1,
  "hitbox": {
    "width": 1,
    "height": 1,
    "fixed": false
  },
  "baseFriendship": 35,
  "evYield": {
    "hp": 0,
    "attack": 1,
    "defence": 0,
    "special_attack": 0,
    "special_defence": 0,
    "speed": 0
  },
  "height": 6,
  "weight": 23,
  "aspects": [],
  "cannotDynamax": false,
  "drops": {
    "amount": 1,
    "entries": [
      {
        "item": "cobblemon:spell_tag",
        "percentage": 2.5
      }
    ]
  }
}