{
  "name": "Skitty",
  "nationalPokedexNumber": 300,
  "primaryType": "normal",
  "abilities": [
    "cutecharm",
    "normalize",
    "h:wonderskin"
  ],
  "baseStats": {
    "hp": 50,
    "attack": 45,
    "defence": 45,
    "special_attack": 35,
    "special_defence": 35,
    "speed": 50
  },
  "catchRate": 255,
  "maleRatio": 0.25,
  "shoulderMountable": false,
  "baseExperienceYield": 52,
  "experienceGroup": "fast",
  "eggCycles": 15,
  "eggGroups": [
    "field",
    "fairy"
  ],
  "moves": [
    "1:fakeout",
    "1:growl",
    "1:tackle",
    "1:tailwhip",
    "4:foresight",
    "7:sing",
    "10:attract",
    "13:disarmingvoice",
    "16:doubleslap",
    "19:copycat",
    "22:feintattack",
    "25:charm",
    "28:wakeupslap",
    "31:assist",
    "34:covet",
    "37:healbell",
    "40:doubleedge",
    "43:captivate",
    "46:playrough",
    "100:batonpass",
    "100:captivate",
    "100:cosmicpower",
    "100:fakeout",
    "100:faketears",
    "100:helpinghand",
    "100:lastresort",
    "100:mudbomb",
    "100:psychup",
    "100:simplebeam",
    "100:substitute",
    "100:suckerpunch",
    "100:tickle",
    "100:uproar",
    "100:wish",
    "100:zenheadbutt",
    "100:attract",
    "100:blizzard",
    "100:calmmind",
    "100:captivate",
    "100:chargebeam",
    "100:confide",
    "100:dig",
    "100:doubleteam",
    "100:dreameater",
    "100:echoedvoice",
    "100:endure",
    "100:facade",
    "100:flash",
    "100:frustration",
    "100:grassknot",
    "100:hiddenpower",
    "100:icebeam",
    "100:irontail",
    "100:naturalgift",
    "100:payback",
    "100:protect",
    "100:psychup",
    "100:raindance",
    "100:rest",
    "100:retaliate",
    "100:return",
    "100:round",
    "100:safeguard",
    "100:secretpower",
    "100:shadowball",
    "100:shockwave",
    "100:sleeptalk",
    "100:solarbeam",
    "100:substitute",
    "100:sunnyday",
    "100:swagger",
    "100:thunder",
    "100:thunderbolt",
    "100:thunderwave",
    "100:toxic",
    "100:waterpulse",
    "100:wildcharge",
    "100:workup",
    "100:attract",
    "100:bodyslam",
    "100:captivate",
    "100:covet",
    "100:defensecurl",
    "100:doubleedge",
    "100:dreameater",
    "100:endure",
    "100:foresight",
    "100:growl",
    "100:headbutt",
    "100:healbell",
    "100:helpinghand",
    "100:hypervoice",
    "100:icywind",
    "100:irontail",
    "100:lastresort",
    "100:mimic",
    "100:mudslap",
    "100:payday",
    "100:psychup",
    "100:rollout",
    "100:shockwave",
    "100:sleeptalk",
    "100:snore",
    "100:substitute",
    "100:suckerpunch",
    "100:swagger",
    "100:swift",
    "100:tackle",
    "100:tailwhip",
    "100:thunderwave",
    "100:tickle",
    "100:uproar",
    "100:waterpulse",
    "100:zenheadbutt"
  ],
  "labels": [
    "gen3"
  ],
  "pokedex": [
    "cobblemon.species.skitty.desc"
  ],
  "evolutions": [
    {
      "id": "skitty_delcatty",
      "variant": "item_interact",
      "result": "delcatty",
      "consumeHeldItem": false,
      "learnableMoves": [],
      "requirements": [],
      "requiredContext": "cobblemon:moon_stone"
    }
  ],
  "baseScale": 1,
  "hitbox": {
    "width": 1,
    "height": 1,
    "fixed": false
  },
  "baseFriendship": 70,
  "evYield": {
    "hp": 0,
    "attack": 0,
    "defence": 0,
    "special_attack": 0,
    "special_defence": 0,
    "speed": 1
  },
  "height": 6,
  "weight": 110,
  "aspects": [],
  "cannotDynamax": false,
  "drops": {
    "amount": 2,
    "entries": [
      {
        "item": "cobblemon:silk_scarf",
        "percentage": 2.5
      },
      {
        "item": "cobblemon:pecha_berry",
        "percentage": 2.5
      }
    ]
  }
}