{
  "name": "Snorunt",
  "nationalPokedexNumber": 361,
  "primaryType": "ice",
  "abilities": [
    "innerfocus",
    "icebody",
    "h:moody"
  ],
  "baseStats": {
    "hp": 50,
    "attack": 50,
    "defence": 50,
    "special_attack": 50,
    "special_defence": 50,
    "speed": 50
  },
  "catchRate": 190,
  "maleRatio": 0.5,
  "shoulderMountable": false,
  "baseExperienceYield": 60,
  "experienceGroup": "medium_fast",
  "eggCycles": 20,
  "eggGroups": [
    "fairy",
    "mineral"
  ],
  "moves": [
    "1:astonish",
    "1:headbutt",
    "1:powdersnow",
    "5:leer",
    "10:doubleteam",
    "15:iceshard",
    "20:protect",
    "25:icywind",
    "30:frostbreath",
    "34:icebeam",
    "35:bite",
    "40:icefang",
    "45:hail",
    "45:snowscape",
    "50:weatherball",
    "55:crunch",
    "60:blizzard",
    "100:avalanche",
    "100:bide",
    "100:block",
    "100:disable",
    "100:faketears",
    "100:hex",
    "100:iciclecrash",
    "100:rollout",
    "100:spikes",
    "100:switcheroo",
    "100:weatherball",
    "100:attract",
    "100:avalanche",
    "100:blizzard",
    "100:bodyslam",
    "100:captivate",
    "100:chillingwater",
    "100:confide",
    "100:crunch",
    "100:doubleteam",
    "100:endure",
    "100:facade",
    "100:faketears",
    "100:flash",
    "100:frostbreath",
    "100:frustration",
    "100:hail",
    "100:helpinghand",
    "100:hex",
    "100:hiddenpower",
    "100:icebeam",
    "100:icefang",
    "100:icespinner",
    "100:icywind",
    "100:lightscreen",
    "100:naturalgift",
    "100:protect",
    "100:raindance",
    "100:rest",
    "100:return",
    "100:round",
    "100:safeguard",
    "100:secretpower",
    "100:shadowball",
    "100:sleeptalk",
    "100:snore",
    "100:snowscape",
    "100:spikes",
    "100:substitute",
    "100:swagger",
    "100:takedown",
    "100:terablast",
    "100:toxic",
    "100:trailblaze",
    "100:waterpulse",
    "100:weatherball",
    "100:bite",
    "100:block",
    "100:bodyslam",
    "100:doubleedge",
    "100:endure",
    "100:headbutt",
    "100:icywind",
    "100:mimic",
    "100:powdersnow",
    "100:rollout",
    "100:sing",
    "100:sleeptalk",
    "100:snore",
    "100:spite",
    "100:substitute",
    "100:swagger",
    "100:waterpulse",
    "100:weatherball"
  ],
  "labels": [
    "gen3"
  ],
  "pokedex": [
    "cobblemon.species.snorunt.desc"
  ],
  "evolutions": [
    {
      "id": "snorunt_glalie",
      "variant": "level_up",
      "result": "glalie",
      "consumeHeldItem": false,
      "learnableMoves": [
        "freezedry"
      ],
      "requirements": [
        {
          "variant": "level",
          "minLevel": 42
        }
      ]
    },
    {
      "id": "snorunt_froslass",
      "variant": "item_interact",
      "result": "froslass",
      "consumeHeldItem": false,
      "learnableMoves": [],
      "requirements": [
        {
          "variant": "properties",
          "target": "gender=female"
        }
      ],
      "requiredContext": "cobblemon:dawn_stone"
    }
  ],
  "baseScale": 1,
  "hitbox": {
    "width": 1,
    "height": 1,
    "fixed": false
  },
  "baseFriendship": 50,
  "evYield": {
    "hp": 1,
    "attack": 0,
    "defence": 0,
    "special_attack": 0,
    "special_defence": 0,
    "speed": 0
  },
  "height": 7,
  "weight": 168,
  "aspects": [],
  "cannotDynamax": false,
  "drops": {
    "amount": 4,
    "entries": [
      {
        "item": "minecraft:snowball",
        "quantityRange": "0-1"
      },
      {
        "item": "cobblemon:dawn_stone",
        "percentage": 2.5
      },
      {
        "item": "cobblemon:never_melt_ice",
        "percentage": 2.5
      },
      {
        "item": "cobblemon:babiri_berry",
        "percentage": 2.5
      }
    ]
  }
}