{
  "name": "Swablu",
  "nationalPokedexNumber": 333,
  "primaryType": "normal",
  "secondaryType": "flying",
  "abilities": [
    "naturalcure",
    "h:cloudnine"
  ],
  "baseStats": {
    "hp": 45,
    "attack": 40,
    "defence": 60,
    "special_attack": 40,
    "special_defence": 75,
    "speed": 50
  },
  "catchRate": 255,
  "maleRatio": 0.5,
  "shoulderMountable": false,
  "baseExperienceYield": 62,
  "experienceGroup": "erratic",
  "eggCycles": 20,
  "eggGroups": [
    "flying",
    "dragon"
  ],
  "moves": [
    "1:growl",
    "1:peck",
    "3:astonish",
    "4:disarmingvoice",
    "8:mist",
    "12:furyattack",
    "16:round",
    "20:dragonbreath",
    "20:naturalgift",
    "24:safeguard",
    "26:refresh",
    "28:sing",
    "30:mirrormove",
    "32:cottonguard",
    "36:takedown",
    "38:dragonpulse",
    "40:moonblast",
    "44:perishsong",
    "100:agility",
    "100:astonish",
    "100:defog",
    "100:dragonrush",
    "100:featherdance",
    "100:haze",
    "100:hypervoice",
    "100:playrough",
    "100:powerswap",
    "100:pursuit",
    "100:rage",
    "100:roost",
    "100:steelwing",
    "100:tailwind",
    "100:acrobatics",
    "100:aerialace",
    "100:agility",
    "100:attract",
    "100:bodyslam",
    "100:bravebird",
    "100:captivate",
    "100:confide",
    "100:dazzlinggleam",
    "100:disarmingvoice",
    "100:doubleteam",
    "100:dragonpulse",
    "100:dreameater",
    "100:echoedvoice",
    "100:endure",
    "100:facade",
    "100:falseswipe",
    "100:fly",
    "100:frustration",
    "100:heatwave",
    "100:helpinghand",
    "100:hiddenpower",
    "100:hurricane",
    "100:hypervoice",
    "100:icebeam",
    "100:naturalgift",
    "100:outrage",
    "100:playrough",
    "100:pluck",
    "100:powerswap",
    "100:protect",
    "100:psychup",
    "100:raindance",
    "100:rest",
    "100:return",
    "100:roost",
    "100:round",
    "100:safeguard",
    "100:secretpower",
    "100:sleeptalk",
    "100:snore",
    "100:solarbeam",
    "100:steelwing",
    "100:substitute",
    "100:sunnyday",
    "100:swagger",
    "100:swift",
    "100:tailwind",
    "100:takedown",
    "100:terablast",
    "100:thief",
    "100:toxic",
    "100:trailblaze",
    "100:uproar",
    "100:aircutter",
    "100:bodyslam",
    "100:defog",
    "100:doubleedge",
    "100:dragonpulse",
    "100:dreameater",
    "100:dualwingbeat",
    "100:endure",
    "100:falseswipe",
    "100:featherdance",
    "100:growl",
    "100:healbell",
    "100:heatwave",
    "100:hypervoice",
    "100:mimic",
    "100:mudslap",
    "100:ominouswind",
    "100:outrage",
    "100:peck",
    "100:psychup",
    "100:roost",
    "100:skyattack",
    "100:sleeptalk",
    "100:snore",
    "100:substitute",
    "100:swagger",
    "100:swift",
    "100:tailwind",
    "100:twister",
    "100:uproar"
  ],
  "labels": [
    "gen3"
  ],
  "pokedex": [
    "cobblemon.species.swablu.desc"
  ],
  "evolutions": [
    {
      "id": "swablu_altaria",
      "variant": "level_up",
      "result": "altaria",
      "consumeHeldItem": false,
      "learnableMoves": [
        "dragonpulse"
      ],
      "requirements": [
        {
          "variant": "level",
          "minLevel": 35
        }
      ]
    }
  ],
  "baseScale": 1,
  "hitbox": {
    "width": 1,
    "height": 1,
    "fixed": false
  },
  "baseFriendship": 50,
  "evYield": {
    "hp": 0,
    "attack": 0,
    "defence": 0,
    "special_attack": 0,
    "special_defence": 1,
    "speed": 0
  },
  "height": 4,
  "weight": 12,
  "aspects": [],
  "cannotDynamax": false,
  "drops": {
    "amount": 3,
    "entries": [
      {
        "item": "minecraft:white_wool"
      },
      {
        "item": "minecraft:chicken"
      },
      {
        "item": "cobblemon:yache_berry",
        "percentage": 2.5
      }
    ]
  }
}