{
  "name": "Swalot",
  "nationalPokedexNumber": 317,
  "primaryType": "poison",
  "abilities": [
    "liquidooze",
    "stickyhold",
    "h:gluttony"
  ],
  "baseStats": {
    "hp": 100,
    "attack": 73,
    "defence": 83,
    "special_attack": 73,
    "special_defence": 83,
    "speed": 55
  },
  "catchRate": 75,
  "maleRatio": 0.5,
  "shoulderMountable": false,
  "baseExperienceYield": 163,
  "experienceGroup": "fluctuating",
  "eggCycles": 20,
  "eggGroups": [
    "amorphous"
  ],
  "moves": [
    "1:bodyslam",
    "1:gunkshot",
    "1:poisongas",
    "1:pound",
    "1:sludge",
    "1:venomdrench",
    "1:wringout",
    "1:yawn",
    "12:amnesia",
    "17:acidspray",
    "20:encore",
    "25:toxic",
    "30:spitup",
    "30:stockpile",
    "30:swallow",
    "37:sludgebomb",
    "42:gastroacid",
    "49:belch",
    "100:acidspray",
    "100:amnesia",
    "100:attract",
    "100:bodypress",
    "100:bodyslam",
    "100:brickbreak",
    "100:bulldoze",
    "100:bulletseed",
    "100:captivate",
    "100:confide",
    "100:doubleteam",
    "100:dreameater",
    "100:earthquake",
    "100:encore",
    "100:endure",
    "100:explosion",
    "100:facade",
    "100:firepunch",
    "100:fling",
    "100:frustration",
    "100:gigadrain",
    "100:gigaimpact",
    "100:gunkshot",
    "100:helpinghand",
    "100:hiddenpower",
    "100:hyperbeam",
    "100:icebeam",
    "100:icepunch",
    "100:infestation",
    "100:metronome",
    "100:mudshot",
    "100:mudslap",
    "100:naturalgift",
    "100:poisonjab",
    "100:poweruppunch",
    "100:protect",
    "100:raindance",
    "100:rest",
    "100:return",
    "100:rocksmash",
    "100:round",
    "100:secretpower",
    "100:seedbomb",
    "100:shadowball",
    "100:shockwave",
    "100:sleeptalk",
    "100:sludgebomb",
    "100:sludgewave",
    "100:snatch",
    "100:solarbeam",
    "100:strength",
    "100:substitute",
    "100:sunnyday",
    "100:swagger",
    "100:swordsdance",
    "100:takedown",
    "100:terablast",
    "100:thief",
    "100:thunderpunch",
    "100:thunderwave",
    "100:toxic",
    "100:toxicspikes",
    "100:venoshock",
    "100:waterpulse",
    "100:zenheadbutt",
    "100:block",
    "100:bodyslam",
    "100:counter",
    "100:defensecurl",
    "100:doubleedge",
    "100:dreameater",
    "100:dynamicpunch",
    "100:endure",
    "100:explosion",
    "100:firepunch",
    "100:gastroacid",
    "100:gigadrain",
    "100:gunkshot",
    "100:headbutt",
    "100:icepunch",
    "100:mimic",
    "100:mudslap",
    "100:nightmare",
    "100:painsplit",
    "100:rollout",
    "100:seedbomb",
    "100:selfdestruct",
    "100:shockwave",
    "100:sleeptalk",
    "100:snatch",
    "100:snore",
    "100:substitute",
    "100:swagger",
    "100:thunderpunch",
    "100:waterpulse"
  ],
  "labels": [
    "gen3"
  ],
  "pokedex": [
    "cobblemon.species.swalot.desc"
  ],
  "preEvolution": "gulpin",
  "evolutions": [],
  "baseScale": 1,
  "hitbox": {
    "width": 1,
    "height": 1,
    "fixed": false
  },
  "baseFriendship": 70,
  "evYield": {
    "hp": 2,
    "attack": 0,
    "defence": 0,
    "special_attack": 0,
    "special_defence": 0,
    "speed": 0
  },
  "height": 17,
  "weight": 800,
  "aspects": [],
  "cannotDynamax": false,
  "drops": {
    "amount": 2,
    "entries": [
      {
        "item": "cobblemon:black_sludge",
        "percentage": 5.0
      },
      {
        "item": "cobblemon:oran_berry",
        "percentage": 5.0
      }
    ]
  }
}