{
  "implemented": true,
  "name": "Torchic",
  "nationalPokedexNumber": 255,
  "primaryType": "fire",
  "abilities": [
    "blaze",
    "h:speedboost"
  ],
  "baseStats": {
    "hp": 45,
    "attack": 60,
    "defence": 40,
    "special_attack": 70,
    "special_defence": 50,
    "speed": 45
  },
  "catchRate": 45,
  "maleRatio": 0.875,
  "shoulderMountable": false,
  "baseExperienceYield": 62,
  "experienceGroup": "medium_slow",
  "eggCycles": 20,
  "eggGroups": [
    "field"
  ],
  "drops": {
    "amount": 3,
    "entries": [
      {
        "item": "minecraft:feather",
        "quantityRange": "0-1"
      },
      {
        "item": "minecraft:chicken"
      },
      {
        "item": "cobblemon:charcoal_stick",
        "percentage": 5.0
      }
    ]
  },
  "moves": [
    "1:growl",
    "1:scratch",
    "3:ember",
    "6:quickattack",
    "9:flamecharge",
    "12:detect",
    "14:peck",
    "15:sandattack",
    "18:aerialace",
    "19:firespin",
    "21:slash",
    "24:bounce",
    "27:focusenergy",
    "28:flameburst",
    "30:flamethrower",
    "33:featherdance",
    "36:reversal",
    "39:flareblitz",
    "41:mirrormove",
    "100:agility",
    "100:batonpass",
    "100:counter",
    "100:crushclaw",
    "100:curse",
    "100:endure",
    "100:featherdance",
    "100:feint",
    "100:flameburst",
    "100:lastresort",
    "100:lowkick",
    "100:nightslash",
    "100:peck",
    "100:reversal",
    "100:rockslide",
    "100:smellingsalts",
    "100:swagger",
    "100:aerialace",
    "100:agility",
    "100:assurance",
    "100:attract",
    "100:batonpass",
    "100:bodyslam",
    "100:bounce",
    "100:captivate",
    "100:confide",
    "100:cut",
    "100:dig",
    "100:doubleteam",
    "100:echoedvoice",
    "100:endure",
    "100:facade",
    "100:fireblast",
    "100:firespin",
    "100:flamecharge",
    "100:flamethrower",
    "100:flareblitz",
    "100:focusenergy",
    "100:frustration",
    "100:heatwave",
    "100:helpinghand",
    "100:hiddenpower",
    "100:honeclaws",
    "100:incinerate",
    "100:lowkick",
    "100:megakick",
    "100:megapunch",
    "100:naturalgift",
    "100:overheat",
    "100:protect",
    "100:rest",
    "100:return",
    "100:reversal",
    "100:rockslide",
    "100:rocksmash",
    "100:rocktomb",
    "100:round",
    "100:secretpower",
    "100:shadowclaw",
    "100:sleeptalk",
    "100:snore",
    "100:strength",
    "100:substitute",
    "100:sunnyday",
    "100:swagger",
    "100:swordsdance",
    "100:toxic",
    "100:willowisp",
    "100:workup",
    "100:bodyslam",
    "100:bounce",
    "100:counter",
    "100:defog",
    "100:doubleedge",
    "100:ember",
    "100:endure",
    "100:firepledge",
    "100:focusenergy",
    "100:growl",
    "100:headbutt",
    "100:heatwave",
    "100:helpinghand",
    "100:lastresort",
    "100:lowkick",
    "100:megakick",
    "100:megapunch",
    "100:mimic",
    "100:mudslap",
    "100:rockslide",
    "100:scratch",
    "100:seismictoss",
    "100:sleeptalk",
    "100:snore",
    "100:substitute",
    "100:swagger",
    "100:swift",
    "100:swordsdance"
  ],
  "labels": [
    "gen3"
  ],
  "pokedex": [
    "cobblemon.species.torchic.desc"
  ],
  "evolutions": [
    {
      "id": "torchic_combusken",
      "variant": "level_up",
      "result": "combusken",
      "consumeHeldItem": false,
      "learnableMoves": [
        "doublekick"
      ],
      "requirements": [
        {
          "variant": "level",
          "minLevel": 16
        }
      ]
    }
  ],
  "baseScale": 0.6,
  "hitbox": {
    "width": 0.8,
    "height": 1.1,
    "fixed": false
  },
  "baseFriendship": 50,
  "evYield": {
    "hp": 0,
    "attack": 0,
    "defence": 0,
    "special_attack": 1,
    "special_defence": 0,
    "speed": 0
  },
  "height": 4,
  "weight": 25,
  "aspects": [],
  "cannotDynamax": false
}