{
  "name": "Trapinch",
  "nationalPokedexNumber": 328,
  "primaryType": "ground",
  "abilities": [
    "hypercutter",
    "arenatrap",
    "h:sheerforce"
  ],
  "baseStats": {
    "hp": 45,
    "attack": 100,
    "defence": 45,
    "special_attack": 45,
    "special_defence": 45,
    "speed": 10
  },
  "catchRate": 255,
  "maleRatio": 0.5,
  "shoulderMountable": false,
  "baseExperienceYield": 58,
  "experienceGroup": "medium_slow",
  "eggCycles": 20,
  "eggGroups": [
    "bug",
    "dragon"
  ],
  "moves": [
    "1:astonish",
    "1:bide",
    "1:feintattack",
    "1:sandattack",
    "4:laserfocus",
    "8:bite",
    "12:mudslap",
    "15:rockslide",
    "16:sandtomb",
    "20:bulldoze",
    "24:dig",
    "28:crunch",
    "29:feint",
    "32:sandstorm",
    "36:earthpower",
    "40:earthquake",
    "43:hyperbeam",
    "44:superpower",
    "48:fissure",
    "100:bugbite",
    "100:earthpower",
    "100:endure",
    "100:feint",
    "100:firstimpression",
    "100:flail",
    "100:focusenergy",
    "100:furycutter",
    "100:gust",
    "100:mudshot",
    "100:quickattack",
    "100:signalbeam",
    "100:attract",
    "100:bodyslam",
    "100:bulldoze",
    "100:captivate",
    "100:confide",
    "100:crunch",
    "100:dig",
    "100:doubleteam",
    "100:earthpower",
    "100:earthquake",
    "100:endure",
    "100:facade",
    "100:focusenergy",
    "100:frustration",
    "100:gigadrain",
    "100:hiddenpower",
    "100:hyperbeam",
    "100:mudshot",
    "100:naturalgift",
    "100:protect",
    "100:rest",
    "100:return",
    "100:rockslide",
    "100:rocksmash",
    "100:rocktomb",
    "100:round",
    "100:sandstorm",
    "100:sandtomb",
    "100:secretpower",
    "100:sleeptalk",
    "100:snore",
    "100:solarbeam",
    "100:strength",
    "100:strugglebug",
    "100:substitute",
    "100:sunnyday",
    "100:superpower",
    "100:swagger",
    "100:toxic",
    "100:bite",
    "100:bodyslam",
    "100:bugbite",
    "100:doubleedge",
    "100:earthpower",
    "100:endure",
    "100:furycutter",
    "100:gigadrain",
    "100:headbutt",
    "100:mimic",
    "100:mudslap",
    "100:rockslide",
    "100:scorchingsands",
    "100:signalbeam",
    "100:sleeptalk",
    "100:snore",
    "100:substitute",
    "100:superpower",
    "100:swagger"
  ],
  "labels": [
    "gen3"
  ],
  "pokedex": [
    "cobblemon.species.trapinch.desc"
  ],
  "evolutions": [
    {
      "id": "trapinch_vibrava",
      "variant": "level_up",
      "result": "vibrava",
      "consumeHeldItem": false,
      "learnableMoves": [
        "dragonbreath"
      ],
      "requirements": [
        {
          "variant": "level",
          "minLevel": 35
        }
      ]
    }
  ],
  "baseScale": 1,
  "hitbox": {
    "width": 1,
    "height": 1,
    "fixed": false
  },
  "baseFriendship": 50,
  "evYield": {
    "hp": 0,
    "attack": 1,
    "defence": 0,
    "special_attack": 0,
    "special_defence": 0,
    "speed": 0
  },
  "height": 7,
  "weight": 150,
  "aspects": [],
  "cannotDynamax": false,
  "drops": {
    "amount": 2,
    "entries": [
      {
        "item": "cobblemon:soft_sand",
        "percentage": 2.5
      },
      {
        "item": "cobblemon:yache_berry",
        "percentage": 2.5
      }
    ]
  }
}