{
  "implemented": true,
  "name": "Treecko",
  "nationalPokedexNumber": 252,
  "primaryType": "grass",
  "abilities": [
    "overgrow",
    "h:unburden"
  ],
  "baseStats": {
    "hp": 40,
    "attack": 45,
    "defence": 35,
    "special_attack": 65,
    "special_defence": 55,
    "speed": 70
  },
  "behaviour": {
    "resting": {
      "canSleep": true,
      "willSleepOnBed": true,
      "depth": "normal",
      "light": "0-4"
    }
  },
  "catchRate": 45,
  "maleRatio": 0.875,
  "shoulderMountable": false,
  "baseExperienceYield": 62,
  "experienceGroup": "medium_slow",
  "eggCycles": 20,
  "eggGroups": [
    "monster",
    "dragon"
  ],
  "drops": {
    "amount": 2,
    "entries": [
      {
        "item": "minecraft:stick",
        "quantityRange": "0-1"
      },
      {
        "item": "cobblemon:miracle_seed",
        "percentage": 5.0
      }
    ]
  },
  "moves": [
    "1:leer",
    "1:pound",
    "3:leafage",
    "5:absorb",
    "6:quickattack",
    "9:megadrain",
    "12:detect",
    "15:quickguard",
    "17:pursuit",
    "18:assurance",
    "21:gigadrain",
    "24:slam",
    "25:agility",
    "27:doubleteam",
    "30:energyball",
    "33:screech",
    "36:endeavor",
    "39:leafstorm",
    "100:absorb",
    "100:bulletseed",
    "100:crunch",
    "100:crushclaw",
    "100:doublekick",
    "100:dragonbreath",
    "100:endeavor",
    "100:grasswhistle",
    "100:grassyterrain",
    "100:leafstorm",
    "100:leechseed",
    "100:magicalleaf",
    "100:mudsport",
    "100:naturalgift",
    "100:nightslash",
    "100:razorwind",
    "100:slash",
    "100:synthesis",
    "100:worryseed",
    "100:acrobatics",
    "100:aerialace",
    "100:agility",
    "100:assurance",
    "100:attract",
    "100:bodyslam",
    "100:brickbreak",
    "100:bulletseed",
    "100:captivate",
    "100:confide",
    "100:crunch",
    "100:cut",
    "100:dig",
    "100:doubleteam",
    "100:drainpunch",
    "100:endure",
    "100:energyball",
    "100:facade",
    "100:flash",
    "100:fling",
    "100:focuspunch",
    "100:frustration",
    "100:gigadrain",
    "100:grassknot",
    "100:grassyterrain",
    "100:hiddenpower",
    "100:irontail",
    "100:leafstorm",
    "100:lowkick",
    "100:magicalleaf",
    "100:megakick",
    "100:megapunch",
    "100:naturalgift",
    "100:naturepower",
    "100:poweruppunch",
    "100:protect",
    "100:rest",
    "100:return",
    "100:rockslide",
    "100:rocksmash",
    "100:rocktomb",
    "100:round",
    "100:safeguard",
    "100:screech",
    "100:secretpower",
    "100:seedbomb",
    "100:sleeptalk",
    "100:snore",
    "100:solarbeam",
    "100:strength",
    "100:substitute",
    "100:sunnyday",
    "100:swagger",
    "100:swift",
    "100:swordsdance",
    "100:thunderpunch",
    "100:toxic",
    "100:workup",
    "100:absorb",
    "100:bodyslam",
    "100:counter",
    "100:doubleedge",
    "100:drainpunch",
    "100:dynamicpunch",
    "100:endeavor",
    "100:endure",
    "100:focuspunch",
    "100:furycutter",
    "100:gigadrain",
    "100:grasspledge",
    "100:grassyglide",
    "100:headbutt",
    "100:irontail",
    "100:leer",
    "100:lowkick",
    "100:megakick",
    "100:megapunch",
    "100:mimic",
    "100:mudslap",
    "100:pound",
    "100:seedbomb",
    "100:seismictoss",
    "100:sleeptalk",
    "100:snore",
    "100:substitute",
    "100:swagger",
    "100:swift",
    "100:swordsdance",
    "100:synthesis",
    "100:thunderpunch",
    "100:worryseed"
  ],
  "labels": [
    "gen3"
  ],
  "pokedex": [
    "cobblemon.species.treecko.desc"
  ],
  "evolutions": [
    {
      "id": "treecko_grovyle",
      "variant": "level_up",
      "result": "grovyle",
      "consumeHeldItem": false,
      "learnableMoves": [],
      "requirements": [
        {
          "variant": "level",
          "minLevel": 16
        }
      ]
    }
  ],
  "baseScale": 0.7,
  "hitbox": {
    "width": 0.6,
    "height": 1.2,
    "fixed": false
  },
  "baseFriendship": 50,
  "evYield": {
    "hp": 0,
    "attack": 0,
    "defence": 0,
    "special_attack": 0,
    "special_defence": 0,
    "speed": 1
  },
  "height": 5,
  "weight": 50,
  "aspects": [],
  "cannotDynamax": false
}