{
  "name": "Tropius",
  "nationalPokedexNumber": 357,
  "primaryType": "grass",
  "secondaryType": "flying",
  "abilities": [
    "chlorophyll",
    "solarpower",
    "h:harvest"
  ],
  "baseStats": {
    "hp": 99,
    "attack": 68,
    "defence": 83,
    "special_attack": 72,
    "special_defence": 87,
    "speed": 51
  },
  "catchRate": 200,
  "maleRatio": 0.5,
  "shoulderMountable": false,
  "baseExperienceYield": 161,
  "experienceGroup": "slow",
  "eggCycles": 25,
  "eggGroups": [
    "monster",
    "grass"
  ],
  "moves": [
    "1:growth",
    "1:gust",
    "1:leafstorm",
    "1:leer",
    "1:razorleaf",
    "6:sweetscent",
    "10:stomp",
    "16:magicalleaf",
    "21:whirlwind",
    "26:leaftornado",
    "30:naturalgift",
    "30:wideguard",
    "36:airslash",
    "41:bodyslam",
    "46:bestow",
    "46:outrage",
    "50:synthesis",
    "56:solarbeam",
    "100:bulletseed",
    "100:curse",
    "100:dragondance",
    "100:dragonhammer",
    "100:headbutt",
    "100:leafblade",
    "100:leafstorm",
    "100:leechseed",
    "100:naturalgift",
    "100:naturepower",
    "100:razorwind",
    "100:slam",
    "100:synthesis",
    "100:aerialace",
    "100:aircutter",
    "100:airslash",
    "100:attract",
    "100:bodypress",
    "100:bodyslam",
    "100:brutalswing",
    "100:bulldoze",
    "100:bulletseed",
    "100:captivate",
    "100:confide",
    "100:cut",
    "100:defog",
    "100:doubleteam",
    "100:dragondance",
    "100:dragonpulse",
    "100:dragontail",
    "100:earthquake",
    "100:endure",
    "100:energyball",
    "100:facade",
    "100:flash",
    "100:fly",
    "100:frustration",
    "100:gigadrain",
    "100:gigaimpact",
    "100:grassknot",
    "100:grassyterrain",
    "100:helpinghand",
    "100:hiddenpower",
    "100:hurricane",
    "100:hyperbeam",
    "100:leafstorm",
    "100:magicalleaf",
    "100:naturalgift",
    "100:naturepower",
    "100:outrage",
    "100:protect",
    "100:raindance",
    "100:rest",
    "100:return",
    "100:roar",
    "100:rocksmash",
    "100:roost",
    "100:round",
    "100:safeguard",
    "100:secretpower",
    "100:seedbomb",
    "100:silverwind",
    "100:sleeptalk",
    "100:solarbeam",
    "100:steelwing",
    "100:stompingtantrum",
    "100:strength",
    "100:substitute",
    "100:sunnyday",
    "100:swagger",
    "100:swordsdance",
    "100:tailwind",
    "100:takedown",
    "100:terablast",
    "100:toxic",
    "100:trailblaze",
    "100:uturn",
    "100:zenheadbutt",
    "100:aircutter",
    "100:airslash",
    "100:bodyslam",
    "100:defog",
    "100:doubleedge",
    "100:dragonpulse",
    "100:endure",
    "100:furycutter",
    "100:gigadrain",
    "100:gust",
    "100:headbutt",
    "100:leechseed",
    "100:mimic",
    "100:mudslap",
    "100:ominouswind",
    "100:outrage",
    "100:roost",
    "100:seedbomb",
    "100:silverwind",
    "100:sleeptalk",
    "100:snore",
    "100:solarbeam",
    "100:stompingtantrum",
    "100:substitute",
    "100:sunnyday",
    "100:swagger",
    "100:swordsdance",
    "100:synthesis",
    "100:tailwind",
    "100:twister",
    "100:worryseed"
  ],
  "labels": [
    "gen3"
  ],
  "pokedex": [
    "cobblemon.species.tropius.desc"
  ],
  "evolutions": [],
  "baseScale": 1,
  "hitbox": {
    "width": 1,
    "height": 1,
    "fixed": false
  },
  "baseFriendship": 70,
  "evYield": {
    "hp": 2,
    "attack": 0,
    "defence": 0,
    "special_attack": 0,
    "special_defence": 0,
    "speed": 0
  },
  "height": 20,
  "weight": 1000,
  "aspects": [],
  "cannotDynamax": false,
  "drops": {
    "amount": 2,
    "entries": [
      {
        "item": "cobblemon:nanab_berry",
        "quantityRange": "0-2"
      }
    ]
  }
}