{
  "implemented": true,
  "name": "Wailord",
  "nationalPokedexNumber": 321,
  "primaryType": "water",
  "abilities": [
    "waterveil",
    "oblivious",
    "h:pressure"
  ],
  "baseStats": {
    "hp": 170,
    "attack": 90,
    "defence": 45,
    "special_attack": 90,
    "special_defence": 45,
    "speed": 60
  },
  "behaviour": {
    "moving": {
      "canLook": false,
      "walk": {
        "avoidsLand": true
      },
      "swim": {
        "canSwimInWater": true,
        "canBreatheUnderwater": true,
        "canWalkOnWater": true
      }
    },
    "resting": {
      "canSleep": true,
      "willSleepOnBed": false,
      "depth": "normal",
      "light": "0-4"
    }
  },
  "catchRate": 60,
  "maleRatio": 0.5,
  "shoulderMountable": false,
  "baseExperienceYield": 175,
  "experienceGroup": "fluctuating",
  "eggCycles": 40,
  "eggGroups": [
    "field",
    "water_2"
  ],
  "drops": {
    "amount": 3,
    "entries": [
      {
        "item": "minecraft:bone_block",
        "quantityRange": "0-2"
      },
      {
        "item": "cobblemon:chesto_berry",
        "percentage": 5.0
      }
    ]
  },
  "moves": [
    "1:astonish",
    "1:growl",
    "1:nobleroar",
    "1:rollout",
    "1:soak",
    "1:splash",
    "1:watergun",
    "15:mist",
    "18:waterpulse",
    "21:heavyslam",
    "24:brine",
    "27:whirlpool",
    "30:dive",
    "33:bounce",
    "36:bodyslam",
    "39:rest",
    "44:amnesia",
    "49:hydropump",
    "54:waterspout",
    "100:amnesia",
    "100:attract",
    "100:avalanche",
    "100:blizzard",
    "100:bodypress",
    "100:bodyslam",
    "100:bounce",
    "100:brine",
    "100:bulldoze",
    "100:captivate",
    "100:confide",
    "100:dive",
    "100:doubleteam",
    "100:earthquake",
    "100:echoedvoice",
    "100:endure",
    "100:facade",
    "100:frustration",
    "100:gigaimpact",
    "100:hail",
    "100:heavyslam",
    "100:hiddenpower",
    "100:hydropump",
    "100:hyperbeam",
    "100:hypervoice",
    "100:icebeam",
    "100:icywind",
    "100:ironhead",
    "100:liquidation",
    "100:naturalgift",
    "100:protect",
    "100:raindance",
    "100:rest",
    "100:return",
    "100:roar",
    "100:rocksmash",
    "100:rocktomb",
    "100:round",
    "100:scald",
    "100:secretpower",
    "100:selfdestruct",
    "100:sleeptalk",
    "100:snore",
    "100:strength",
    "100:substitute",
    "100:surf",
    "100:swagger",
    "100:toxic",
    "100:waterfall",
    "100:waterpulse",
    "100:weatherball",
    "100:whirlpool",
    "100:zenheadbutt",
    "100:amnesia",
    "100:block",
    "100:bodyslam",
    "100:bounce",
    "100:defensecurl",
    "100:dive",
    "100:doubleedge",
    "100:endure",
    "100:headbutt",
    "100:hydropump",
    "100:hypervoice",
    "100:icywind",
    "100:ironhead",
    "100:liquidation",
    "100:mimic",
    "100:mist",
    "100:rest",
    "100:rollout",
    "100:selfdestruct",
    "100:sleeptalk",
    "100:snore",
    "100:steelroller",
    "100:substitute",
    "100:swagger",
    "100:waterpulse",
    "100:waterspout",
    "100:zenheadbutt"
  ],
  "labels": [
    "gen3"
  ],
  "pokedex": [
    "cobblemon.species.wailord.desc"
  ],
  "preEvolution": "wailmer",
  "evolutions": [],
  "baseScale": 2,
  "hitbox": {
    "width": 3.2,
    "height": 2.1,
    "fixed": false
  },
  "baseFriendship": 50,
  "evYield": {
    "hp": 2,
    "attack": 0,
    "defence": 0,
    "special_attack": 0,
    "special_defence": 0,
    "speed": 0
  },
  "height": 145,
  "weight": 3980,
  "aspects": [],
  "cannotDynamax": false
}