{
  "name": "Wurmple",
  "nationalPokedexNumber": 265,
  "primaryType": "bug",
  "abilities": [
    "shielddust",
    "h:runaway"
  ],
  "baseStats": {
    "hp": 45,
    "attack": 45,
    "defence": 35,
    "special_attack": 20,
    "special_defence": 30,
    "speed": 20
  },
  "catchRate": 255,
  "maleRatio": 0.5,
  "shoulderMountable": false,
  "baseExperienceYield": 56,
  "experienceGroup": "medium_fast",
  "eggCycles": 15,
  "eggGroups": [
    "bug"
  ],
  "moves": [
    "1:stringshot",
    "1:tackle",
    "5:poisonsting",
    "15:bugbite",
    "100:bugbite",
    "100:electroweb",
    "100:poisonsting",
    "100:snore",
    "100:stringshot"
  ],
  "labels": [
    "gen3"
  ],
  "pokedex": [
    "cobblemon.species.wurmple.desc"
  ],
  "evolutions": [
    {
      "id": "wurmple_silcoon",
      "variant": "level_up",
      "result": "silcoon",
      "consumeHeldItem": false,
      "learnableMoves": [],
      "requirements": [
        {
          "variant": "level",
          "minLevel": 7
        }
      ]
    },
    {
      "id": "wurmple_cascoon",
      "variant": "level_up",
      "result": "cascoon",
      "consumeHeldItem": false,
      "learnableMoves": [],
      "requirements": [
        {
          "variant": "level",
          "minLevel": 7
        }
      ]
    }
  ],
  "baseScale": 1,
  "hitbox": {
    "width": 1,
    "height": 1,
    "fixed": false
  },
  "baseFriendship": 70,
  "evYield": {
    "hp": 1,
    "attack": 0,
    "defence": 0,
    "special_attack": 0,
    "special_defence": 0,
    "speed": 0
  },
  "height": 3,
  "weight": 36,
  "aspects": [],
  "cannotDynamax": false,
  "drops": {
    "amount": 2,
    "entries": [
      {
        "item": "minecraft:string",
        "quantityRange": "0-1"
      },
      {
        "item": "cobblemon:pecha_berry",
        "percentage": 2.5
      }
    ]
  }
}