{
  "name": "Wynaut",
  "nationalPokedexNumber": 360,
  "primaryType": "psychic",
  "abilities": [
    "shadowtag",
    "h:telepathy"
  ],
  "baseStats": {
    "hp": 95,
    "attack": 23,
    "defence": 48,
    "special_attack": 23,
    "special_defence": 48,
    "speed": 23
  },
  "catchRate": 125,
  "maleRatio": 0.5,
  "shoulderMountable": false,
  "baseExperienceYield": 52,
  "experienceGroup": "medium_fast",
  "eggCycles": 20,
  "eggGroups": [
    "undiscovered"
  ],
  "moves": [
    "1:amnesia",
    "1:charm",
    "1:counter",
    "1:destinybond",
    "1:encore",
    "1:mirrorcoat",
    "1:safeguard",
    "1:splash",
    "100:amnesia",
    "100:charm",
    "100:encore",
    "100:safeguard",
    "100:charm",
    "100:encore",
    "100:splash",
    "100:tickle"
  ],
  "labels": [
    "gen3",
    "baby"
  ],
  "pokedex": [
    "cobblemon.species.wynaut.desc"
  ],
  "evolutions": [
    {
      "id": "wynaut_wobbuffet",
      "variant": "level_up",
      "result": "wobbuffet",
      "consumeHeldItem": false,
      "learnableMoves": [],
      "requirements": [
        {
          "variant": "level",
          "minLevel": 15
        }
      ]
    }
  ],
  "baseScale": 1,
  "hitbox": {
    "width": 1,
    "height": 1,
    "fixed": false
  },
  "baseFriendship": 50,
  "evYield": {
    "hp": 1,
    "attack": 0,
    "defence": 0,
    "special_attack": 0,
    "special_defence": 0,
    "speed": 0
  },
  "height": 6,
  "weight": 140,
  "aspects": [],
  "cannotDynamax": false,
  "drops": {
    "amount": 1,
    "entries": [
      {
        "item": "cobblemon:colbur_berry",
        "percentage": 2.5
      }
    ]
  }
}