{
  "name": "Zangoose",
  "nationalPokedexNumber": 335,
  "primaryType": "normal",
  "abilities": [
    "immunity",
    "h:toxicboost"
  ],
  "baseStats": {
    "hp": 73,
    "attack": 115,
    "defence": 60,
    "special_attack": 60,
    "special_defence": 60,
    "speed": 90
  },
  "catchRate": 90,
  "maleRatio": 0.5,
  "shoulderMountable": false,
  "baseExperienceYield": 160,
  "experienceGroup": "erratic",
  "eggCycles": 20,
  "eggGroups": [
    "field"
  ],
  "moves": [
    "1:bellydrum",
    "1:counter",
    "1:curse",
    "1:disable",
    "1:doublehit",
    "1:doublekick",
    "1:feint",
    "1:finalgambit",
    "1:flail",
    "1:furyswipes",
    "1:leer",
    "1:nightslash",
    "1:quickguard",
    "1:scratch",
    "5:quickattack",
    "8:furycutter",
    "12:metalclaw",
    "12:pursuit",
    "15:honeclaws",
    "19:slash",
    "22:powertrip",
    "22:revenge",
    "26:crushclaw",
    "29:falseswipe",
    "33:embargo",
    "33:switcheroo",
    "36:detect",
    "40:xscissor",
    "43:taunt",
    "47:swordsdance",
    "50:closecombat",
    "100:bellydrum",
    "100:counter",
    "100:curse",
    "100:disable",
    "100:doublehit",
    "100:doublekick",
    "100:feint",
    "100:finalgambit",
    "100:flail",
    "100:furyswipes",
    "100:irontail",
    "100:metalclaw",
    "100:nightslash",
    "100:quickguard",
    "100:razorwind",
    "100:roar",
    "100:aerialace",
    "100:agility",
    "100:attract",
    "100:aurasphere",
    "100:batonpass",
    "100:blizzard",
    "100:bodyslam",
    "100:brickbreak",
    "100:captivate",
    "100:closecombat",
    "100:confide",
    "100:dig",
    "100:doubleteam",
    "100:embargo",
    "100:endure",
    "100:facade",
    "100:falseswipe",
    "100:fireblast",
    "100:firepunch",
    "100:flamethrower",
    "100:fling",
    "100:focusblast",
    "100:focuspunch",
    "100:frustration",
    "100:gigadrain",
    "100:gigaimpact",
    "100:grassknot",
    "100:gunkshot",
    "100:helpinghand",
    "100:hiddenpower",
    "100:honeclaws",
    "100:hyperbeam",
    "100:icebeam",
    "100:icepunch",
    "100:icywind",
    "100:incinerate",
    "100:irontail",
    "100:lowkick",
    "100:lowsweep",
    "100:metalclaw",
    "100:naturalgift",
    "100:payback",
    "100:poisonjab",
    "100:poweruppunch",
    "100:protect",
    "100:raindance",
    "100:rest",
    "100:retaliate",
    "100:return",
    "100:reversal",
    "100:roar",
    "100:rockclimb",
    "100:rockslide",
    "100:rocksmash",
    "100:rocktomb",
    "100:round",
    "100:secretpower",
    "100:seedbomb",
    "100:shadowball",
    "100:shadowclaw",
    "100:shockwave",
    "100:sleeptalk",
    "100:solarbeam",
    "100:strength",
    "100:substitute",
    "100:sunnyday",
    "100:surf",
    "100:swagger",
    "100:swift",
    "100:swordsdance",
    "100:takedown",
    "100:taunt",
    "100:terablast",
    "100:thief",
    "100:thunder",
    "100:thunderbolt",
    "100:thunderpunch",
    "100:thunderwave",
    "100:toxic",
    "100:waterpulse",
    "100:workup",
    "100:xscissor",
    "100:zenheadbutt",
    "100:bodyslam",
    "100:brickbreak",
    "100:counter",
    "100:crushclaw",
    "100:defensecurl",
    "100:doubleedge",
    "100:doublehit",
    "100:dynamicpunch",
    "100:endeavor",
    "100:endure",
    "100:firepunch",
    "100:focuspunch",
    "100:furycutter",
    "100:gigadrain",
    "100:headbutt",
    "100:icepunch",
    "100:icywind",
    "100:irontail",
    "100:knockoff",
    "100:lastresort",
    "100:leer",
    "100:lowkick",
    "100:megakick",
    "100:megapunch",
    "100:mimic",
    "100:mudslap",
    "100:quickattack",
    "100:refresh",
    "100:rockslide",
    "100:rollout",
    "100:scratch",
    "100:seismictoss",
    "100:shockwave",
    "100:sleeptalk",
    "100:snore",
    "100:substitute",
    "100:swagger",
    "100:swift",
    "100:swordsdance",
    "100:throatchop",
    "100:thunderpunch",
    "100:thunderwave",
    "100:waterpulse"
  ],
  "labels": [
    "gen3"
  ],
  "pokedex": [
    "cobblemon.species.zangoose.desc"
  ],
  "evolutions": [],
  "baseScale": 1,
  "hitbox": {
    "width": 1,
    "height": 1,
    "fixed": false
  },
  "baseFriendship": 70,
  "evYield": {
    "hp": 0,
    "attack": 2,
    "defence": 0,
    "special_attack": 0,
    "special_defence": 0,
    "speed": 0
  },
  "height": 13,
  "weight": 403,
  "aspects": [],
  "cannotDynamax": false,
  "drops": {
    "amount": 3,
    "entries": [
      {
        "item": "cobblemon:razor_claw",
        "percentage": 5.0
      },
      {
        "item": "cobblemon:quick_claw",
        "percentage": 5.0
      },
      {
        "item": "cobblemon:pecha_berry",
        "percentage": 5.0
      }
    ]
  }
}