{
	"format_version": "1.8.0",
	"animations": {
		"animation.flygon.ground_idle": {
			"loop": true,
			"bones": {
				"torso": {
					"rotation": [5, 0, 0],
					"position": [0, "-0.1*(math.sin(q.anim_time*90*3-90)*1+1)", 0]
				},
				"neck": {
					"rotation": ["5+1*(math.sin(q.anim_time*90*3)*1+1)+1*(math.sin(q.anim_time*90*3/2)*1+1)", 0, 0],
					"position": [0, "-0.05*(math.sin(q.anim_time*90*3-60)*1+1)", 0]
				},
				"tail": {
					"rotation": [-20, "4*(math.sin(q.anim_time*90*3)*1)+4*(math.sin(q.anim_time*90*3/2)*1)", 0]
				},
				"tail2": {
					"rotation": [30, "6*(math.sin(q.anim_time*90*3-90)*1)+6*(math.sin(q.anim_time*90*3/2-90)*1)", 0]
				},
				"tail3": {
					"rotation": [-20, "6*(math.sin(q.anim_time*90*3-90)*1)+6*(math.sin(q.anim_time*90*3/2-90)*1)", 0]
				},
				"fire": {
					"rotation": [
						"10+6*(math.sin(q.anim_time*90*3*2-90)*1-1)+6*(math.sin(q.anim_time*90*3/2-90)*1-1)",
						0,
						"30+20*(math.sin(q.anim_time*90*3-150)*1-1)+6*(math.sin(q.anim_time*90*3/2-90)*1-1)"
					]
				},
				"arm_left": {
					"rotation": [10, 0, "55+2*(math.sin(q.anim_time*90*3)*1+1)"]
				},
				"forearm_left": {
					"rotation": [0, "45-2*math.clamp(math.sin(q.anim_time*90*3/2)*1+1,0,1)+4*math.clamp(-math.sin(q.anim_time*90*3/2)*1+1,0,1)", 0]
				},
				"finger_left1": {
					"rotation": [0, 15, "45-15*math.clamp(-math.sin(q.anim_time*90*3/2)*1+1,0,1)-15*math.clamp(math.sin(q.anim_time*90*3/2)*1+1,0,1)"]
				},
				"finger_left3": {
					"rotation": [-5, -15, "60-15*math.clamp(-math.sin(q.anim_time*90*3/2)*1+1,0,1)-15*math.clamp(math.sin(q.anim_time*90*3/2)*1+1,0,1)"]
				},
				"finger_left2": {
					"rotation": [0, 0, "45-15*math.clamp(-math.sin(q.anim_time*90*3/2)*1+1,0,1)-15*math.clamp(math.sin(q.anim_time*90*3/2)*1+1,0,1)"]
				},
				"arm_right": {
					"rotation": [10, 0, "-55-2*(math.sin(q.anim_time*90*3)*1+1)"]
				},
				"forearm_right": {
					"rotation": [0, "-45+2*math.clamp(math.sin(q.anim_time*90*3/2)*1+1,0,1)-4*math.clamp(-math.sin(q.anim_time*90*3/2)*1+1,0,1)", 0]
				},
				"finger_right1": {
					"rotation": [0, -15, "-45+15*math.clamp(-math.sin(q.anim_time*90*3/2)*1+1,0,1)+15*math.clamp(math.sin(q.anim_time*90*3/2)*1+1,0,1)"]
				},
				"finger_right3": {
					"rotation": [-5, 15, "-60+15*math.clamp(-math.sin(q.anim_time*90*3/2)*1+1,0,1)+15*math.clamp(math.sin(q.anim_time*90*3/2)*1+1,0,1)"]
				},
				"finger_right2": {
					"rotation": [0, 0, "-45+15*math.clamp(-math.sin(q.anim_time*90*3/2)*1+1,0,1)+15*math.clamp(math.sin(q.anim_time*90*3/2)*1+1,0,1)"]
				},
				"wing_right": {
					"rotation": ["-math.clamp(1*(math.sin(q.anim_time*90*3+90)*1-1),-10,0)", "20*2-1*(math.sin(q.anim_time*90*3)*1+1)", 0],
					"position": [0, 0, -1]
				},
				"wing_right3": {
					"rotation": [0, "-25*2-2*(math.sin(q.anim_time*90*3-90)*1+1)", 0]
				},
				"wing_left": {
					"rotation": ["-math.clamp(1*(math.sin(q.anim_time*90*3+90)*1-1),-10,0)", "-20*2+1*(math.sin(q.anim_time*90*3)*1+1)", 0],
					"position": [0, 0, -1]
				},
				"wing_left3": {
					"rotation": [0, "25*2+2*(math.sin(q.anim_time*90*3-90)*1+1)", 0]
				},
				"neck2": {
					"rotation": [10, 0, 0]
				},
				"jaw": {
					"rotation": ["5+math.sin(q.anim_time*90*1.5-60)*4", 0, 0]
				},
				"wing_left2": {
					"rotation": [0, "10*2+2*(math.sin(q.anim_time*90*3-90)*1+1)", 0]
				},
				"wing_right2": {
					"rotation": [0, "-10*2-2*(math.sin(q.anim_time*90*3-90)*1+1)", 0]
				},
				"body": {
					"position": [0, -1, -1]
				},
				"Flygon": {
					"position": [0, 2, 0]
				}
			}
		},
		"animation.flygon.ground_walk": {
			"loop": true,
			"bones": {
				"leg_left": {
					"rotation": [
						"-math.clamp(math.sin(query.anim_time*90*3*1.5+45)*20,-15,14)-math.clamp(math.sin(query.anim_time*90*3*1.5+45)*20,0,20)+math.clamp(-math.sin(query.anim_time*90*3*1.5+180)*15,5,15)-5",
						0,
						0
					],
					"position": [
						0,
						"-math.clamp(math.sin(query.anim_time*90*3*1.5+25)*0.2,0,0.2)-math.clamp(-math.sin(query.anim_time*90*3*1.5+25)*0.4,0,0.3)+math.clamp(-math.sin(query.anim_time*90*3*1.5+25)*0.8,0.5,0.8)-math.clamp(-math.sin(query.anim_time*90*3*1.5+25+180)*0.8,0.5,0.8)",
						"-math.clamp(math.sin(query.anim_time*90*3*1.5)*0.5,-0.25,1)-math.clamp(math.sin(query.anim_time*90*3*1.5)*0.25,-0.8,0)"
					]
				},
				"foot_left": {
					"rotation": ["math.clamp(math.sin(query.anim_time*90*3*1.5+45)*15,-14,14)+math.clamp(math.sin(query.anim_time*90*3*1.5+45)*15,0,8)", 0, 0]
				},
				"leg_right": {
					"rotation": [
						"-math.clamp(math.sin(query.anim_time*90*3*1.5+45+180)*20,-15,14)-math.clamp(math.sin(query.anim_time*90*3*1.5+45+180)*20,0,20)+math.clamp(-math.sin(query.anim_time*90*3*1.5+180*2)*15,5,15)-5",
						0,
						0
					],
					"position": [
						0,
						"0.2-math.clamp(math.sin(query.anim_time*90*3*1.5+25+180)*0.2,0,0.2)-math.clamp(-math.sin(query.anim_time*90*3*1.5+25+180)*0.4,0,0.3)+math.clamp(-math.sin(query.anim_time*90*3*1.5+25+180)*0.8,0.5,0.8)-math.clamp(-math.sin(query.anim_time*90*3*1.5+25+180*2)*0.8,0.5,0.8)",
						"-math.clamp(math.sin(query.anim_time*90*3*1.5+180)*0.5,-0.25,1)-math.clamp(math.sin(query.anim_time*90*3*1.5+180)*0.25,-0.8,0)"
					]
				},
				"foot_right": {
					"rotation": ["math.clamp(math.sin(query.anim_time*90*3*1.5+45+180)*15,-14,14)+math.clamp(math.sin(query.anim_time*90*3*1.5+45+180)*15,0,8)", 0, 0]
				},
				"fire": {
					"rotation": [-20, 0, 0]
				},
				"arm_left": {
					"rotation": [0, "-math.sin(query.anim_time*90*3*1.5)*10", "-5+2*(math.sin(q.anim_time*90*9)*1+1)"]
				},
				"forearm_left": {
					"rotation": [0, "5-math.sin(query.anim_time*90*3*1.5)*6", 0]
				},
				"hand_left": {
					"rotation": [0, 0, 15]
				},
				"arm_right": {
					"rotation": [0, "-math.sin(query.anim_time*90*3*1.5+30)*10", "5-2*(math.sin(q.anim_time*90*9)*1+1)"]
				},
				"forearm_right": {
					"rotation": [0, "-5-math.sin(query.anim_time*90*3*1.5+30)*6", 0]
				},
				"hand_right": {
					"rotation": [0, 0, -15]
				},
				"wing_right": {
					"rotation": [0, 10, 0]
				},
				"wing_left": {
					"rotation": [0, -10, 0]
				},
				"body": {
					"rotation": ["math.clamp(math.sin(query.anim_time*180*3*1.5/2+20)*1,0.2,0.9)+math.clamp(-math.sin(query.anim_time*180*3*1.5/2)*1,0.2,0.9)-0.8", 0, 0],
					"position": [
						0,
						"-math.clamp(math.sin(-query.anim_time*90*3*1.5-90+45/2)*0.5,0,1)-math.clamp(math.sin(-query.anim_time*90*3*1.5-90+45/2+180)*0.5,0,1)-0.7",
						"-math.clamp(math.sin(query.anim_time*90*3*1.5+90)*0.2,0,0.2)-math.clamp(math.sin(-query.anim_time*90*3*1.5-90)*0.2,0,0.2)"
					]
				}
			}
		},
		"animation.flygon.air_idle": {
			"loop": true,
			"bones": {
				"neck": {
					"rotation": ["10-math.sin(q.anim_time*90*3*1.5)*2", 0, 0]
				},
				"head_ai": {
					"rotation": [-17.5, 0, 0]
				},
				"tail": {
					"rotation": ["-47.5-2*(math.sin(q.anim_time*90*3*1.5-30)*2+1)", 0, 0],
					"position": [0, -2, -1]
				},
				"tail2": {
					"rotation": ["-5-3*(math.sin(q.anim_time*90*3*1.5-60)*1+1)", 0, 0]
				},
				"tail3": {
					"rotation": ["-5-4*(math.sin(q.anim_time*90*3*1.5-60)*1+1)", 0, 0]
				},
				"fire": {
					"rotation": [
						"30-6*(math.sin(q.anim_time*90*3*1.5-90)*1+1)+4*(math.sin(q.anim_time*90*3*2+90)*1-1)",
						0,
						"10+4*(math.sin(q.anim_time*90*3*3-150)*1-1)+6*(math.sin(q.anim_time*90*3/2-90)*1-1)"
					]
				},
				"arm_left": {
					"rotation": [-16.55588, 0.09873, "-0.5003-2*(math.sin(q.anim_time*90*3*1.5)*1+1)"]
				},
				"forearm_left": {
					"rotation": [0, "45-2*math.clamp(math.sin(q.anim_time*90*3/2)*1+1,0,1)+4*math.clamp(-math.sin(q.anim_time*90*3/2)*1+1,0,1)", 0]
				},
				"finger_left1": {
					"rotation": [0, 15, "45-15*math.clamp(-math.sin(q.anim_time*90*3/2)*1+1,0,1)-15*math.clamp(math.sin(q.anim_time*90*3/2)*1+1,0,1)"]
				},
				"finger_left3": {
					"rotation": [-5, -15, "60-15*math.clamp(-math.sin(q.anim_time*90*3/2)*1+1,0,1)-15*math.clamp(math.sin(q.anim_time*90*3/2)*1+1,0,1)"]
				},
				"finger_left2": {
					"rotation": [0, 0, "45-15*math.clamp(-math.sin(q.anim_time*90*3/2)*1+1,0,1)-15*math.clamp(math.sin(q.anim_time*90*3/2)*1+1,0,1)"]
				},
				"arm_right": {
					"rotation": [-16.55588, 0.09873, "-0.5003-2*(math.sin(q.anim_time*90*3*1.5)*1+1)"]
				},
				"forearm_right": {
					"rotation": [0, "-45+2*math.clamp(math.sin(q.anim_time*90*3/2)*1+1,0,1)-4*math.clamp(-math.sin(q.anim_time*90*3/2)*1+1,0,1)", 0]
				},
				"finger_right1": {
					"rotation": [0, -15, "-45+15*math.clamp(-math.sin(q.anim_time*90*3/2)*1+1,0,1)+15*math.clamp(math.sin(q.anim_time*90*3/2)*1+1,0,1)"]
				},
				"finger_right3": {
					"rotation": [-5, 15, "-60+15*math.clamp(-math.sin(q.anim_time*90*3/2)*1+1,0,1)+15*math.clamp(math.sin(q.anim_time*90*3/2)*1+1,0,1)"]
				},
				"finger_right2": {
					"rotation": [0, 0, "-45+15*math.clamp(-math.sin(q.anim_time*90*3/2)*1+1,0,1)+15*math.clamp(math.sin(q.anim_time*90*3/2)*1+1,0,1)"]
				},
				"leg_left": {
					"rotation": [-15, 3.25, -6.75],
					"position": [0.5, "0.2*(math.sin(q.anim_time*90*3*1.5-150)*1)", 0]
				},
				"foot_left": {
					"rotation": ["25+5*(math.sin(q.anim_time*90*3*1.5-60)*1+1)", 0, 0]
				},
				"leg_right": {
					"rotation": [-15, -3.25, 6.75],
					"position": [-0.5, "0.2*(math.sin(q.anim_time*90*3*1.5-150)*1)", 0]
				},
				"foot_right": {
					"rotation": ["25+5*(math.sin(q.anim_time*90*3*1.5-60)*1+1)", 0, 0]
				},
				"wing_right": {
					"rotation": [
						"34.2051-math.clamp(2*(math.sin(q.anim_time*90*3+90)*1-1),-10,0)",
						"-15.4005-10*(math.sin(q.anim_time*90*3*1.5)*1+1)+math.clamp(10*(-math.sin(q.anim_time*90*3*1.5)*1+1),0,15)",
						"-25.7443+1*(math.sin(q.anim_time*90*3)*1+1)"
					]
				},
				"wing_right3": {
					"rotation": [0, "-10-30*(math.sin(q.anim_time*90*3*1.5-90)*1+1)-math.clamp(-20*(math.sin(q.anim_time*90*3*1.5-90)*1+1),-15,0)", 0]
				},
				"wing_left": {
					"rotation": [
						"34.2051-math.clamp(2*(math.sin(q.anim_time*90*3+90)*1-1),-10,0)",
						"15.4005+10*(math.sin(q.anim_time*90*3*1.5)*1+1)-math.clamp(10*(-math.sin(q.anim_time*90*3*1.5)*1+1),0,15)",
						"25.7443-1*(math.sin(q.anim_time*90*3)*1+1)"
					]
				},
				"wing_left3": {
					"rotation": [0, "10+30*(math.sin(q.anim_time*90*3*1.5-90)*1+1)+math.clamp(-20*(math.sin(q.anim_time*90*3*1.5-90)*1+1),-15,0)", 0]
				},
				"neck2": {
					"rotation": ["7.5-math.sin(q.anim_time*90*3*1.5)*2", 0, 0]
				},
				"jaw": {
					"rotation": ["5+4*math.sin(q.anim_time*90*3*1.5-60)*1", 0, 0]
				},
				"wing_left2": {
					"rotation": [0, "10+30*(math.sin(q.anim_time*90*3*1.5-90)*1+1)+math.clamp(-20*(math.sin(q.anim_time*90*3*1.5-90)*1+1),-15,0)", 0]
				},
				"wing_right2": {
					"rotation": [0, "-10-30*(math.sin(q.anim_time*90*3*1.5-90)*1+1)-math.clamp(-20*(math.sin(q.anim_time*90*3*1.5-90)*1+1),-15,0)", 0]
				},
				"body": {
					"rotation": [-5, 0, 0],
					"position": [0, "11+2*(math.sin(q.anim_time*90*3*1.5-90)*1+1)", 8]
				}
			}
		},
		"animation.flygon.air_fly": {
			"loop": true,
			"bones": {
				"neck": {
					"rotation": ["15-3*(math.sin(q.anim_time*90*3*1.5)*1+1)", 0, 0]
				},
				"tail": {
					"rotation": ["-57.5-4*math.sin(q.anim_time*90*3*1.5-60)*1", 0, 0],
					"position": [0, -2, -1]
				},
				"tail2": {
					"rotation": ["-32.5-8*math.sin(q.anim_time*90*3*1.5-90)*1", 0, 0]
				},
				"leg_left": {
					"rotation": ["3+2*math.sin(q.anim_time*90*3*1.5+150)", 3.25, -6.75],
					"position": [0.5, 0, 0]
				},
				"foot_left": {
					"rotation": ["25+2*math.sin(q.anim_time*90*3*1.5+90)", 0, 0]
				},
				"leg_right": {
					"rotation": ["2*math.sin(q.anim_time*90*3*1.5+150)", -3.25, 6.75],
					"position": [-0.5, 0, 0]
				},
				"foot_right": {
					"rotation": ["25+2*math.sin(q.anim_time*90*3*1.5+90)", 0, 0]
				},
				"head_ai": {
					"rotation": [-52.5, 0, 0],
					"position": [0, 0, -1]
				},
				"arm_left": {
					"rotation": [-16.55588, 0.09873, "-0.5003-2*(math.sin(q.anim_time*90*3*1.5)*1+1)"]
				},
				"forearm_left": {
					"rotation": [-10.73535, 4.98943, "10.667-4*(math.sin(q.anim_time*90*3*1.5+180)*1+1)"]
				},
				"finger_left1": {
					"rotation": [0, 15, "35-6*math.clamp(-math.sin(q.anim_time*90*3/2)*1+1,0,1)-6*math.clamp(math.sin(q.anim_time*90*3/2)*1+1,0,1)"]
				},
				"finger_left3": {
					"rotation": [-5, -15, "50-6*math.clamp(-math.sin(q.anim_time*90*3/2)*1+1,0,1)-6*math.clamp(math.sin(q.anim_time*90*3/2)*1+1,0,1)"]
				},
				"finger_left2": {
					"rotation": [0, 0, "40-6*math.clamp(-math.sin(q.anim_time*90*3/2)*1+1,0,1)-6*math.clamp(math.sin(q.anim_time*90*3/2)*1+1,0,1)"]
				},
				"arm_right": {
					"rotation": [-16.55588, 0.09873, "-0.5003-2*(math.sin(q.anim_time*90*3*1.5)*1+1)"]
				},
				"forearm_right": {
					"rotation": [-10.73535, 4.98943, "10.667-4*(math.sin(q.anim_time*90*3*1.5+180)*1+1)"]
				},
				"finger_right1": {
					"rotation": [0, -15, "-35+6*math.clamp(-math.sin(q.anim_time*90*3/2)*1+1,0,1)+6*math.clamp(math.sin(q.anim_time*90*3/2)*1+1,0,1)"]
				},
				"finger_right3": {
					"rotation": [-5, 15, "-50+6*math.clamp(-math.sin(q.anim_time*90*3/2)*1+1,0,1)+6*math.clamp(math.sin(q.anim_time*90*3/2)*1+1,0,1)"]
				},
				"finger_right2": {
					"rotation": [0, 0, "-40+6*math.clamp(-math.sin(q.anim_time*90*3/2)*1+1,0,1)+6*math.clamp(math.sin(q.anim_time*90*3/2)*1+1,0,1)"]
				},
				"wing_right": {
					"rotation": [
						"47.1628-math.clamp(2*(math.sin(q.anim_time*90*3+90)*1-1),-10,0)",
						"-24.9561-10*(math.sin(q.anim_time*90*3*1.5)*1+1)+math.clamp(10*(-math.sin(q.anim_time*90*3*1.5)*1+1),0,15)",
						"-40.9994+1*(math.sin(q.anim_time*90*3)*1+1)"
					]
				},
				"wing_right3": {
					"rotation": [0, "-10-30*(math.sin(q.anim_time*90*3*1.5-90)*1+1)-math.clamp(-20*(math.sin(q.anim_time*90*3*1.5-90)*1+1),-15,0)", 0]
				},
				"wing_left": {
					"rotation": [
						"47.1631-math.clamp(2*(math.sin(q.anim_time*90*3+90)*1-1),-10,0)",
						"24.9562+10*(math.sin(q.anim_time*90*3*1.5)*1+1)-math.clamp(10*(-math.sin(q.anim_time*90*3*1.5)*1+1),0,15)",
						"40.9993-1*(math.sin(q.anim_time*90*3)*1+1)"
					]
				},
				"wing_left3": {
					"rotation": [0, "10+30*(math.sin(q.anim_time*90*3*1.5-90)*1+1)+math.clamp(-20*(math.sin(q.anim_time*90*3*1.5-90)*1+1),-15,0)", 0]
				},
				"tail3": {
					"rotation": ["-35-4*(math.sin(q.anim_time*90*3*1.5-120)*2+0.5)", 0, 0]
				},
				"fire": {
					"rotation": ["-60-8*(math.sin(q.anim_time*90*3*1.5-180)*2+1)", 0, "15+8*(math.sin(q.anim_time*90*3*3-180)*1-1)+6*(math.sin(q.anim_time*90*3/2-90)*1-1)"]
				},
				"jaw": {
					"rotation": ["2.5+2*math.sin(q.anim_time*90*3*1.5-60)*1", 0, 0]
				},
				"wing_left2": {
					"rotation": [0, "-32.5+30*(math.sin(q.anim_time*90*3*1.5-90)*1+1)+math.clamp(-20*(math.sin(q.anim_time*90*3*1.5-90)*1+1),-15,0)", 0]
				},
				"wing_right2": {
					"rotation": [0, "32.5-30*(math.sin(q.anim_time*90*3*1.5-90)*1+1)-math.clamp(-20*(math.sin(q.anim_time*90*3*1.5-90)*1+1),-15,0)", 0]
				},
				"neck2": {
					"rotation": [10, 0, 0]
				},
				"head": {
					"rotation": [-47.5, 0, 0]
				},
				"body": {
					"rotation": ["52.5+3*(math.sin(q.anim_time*90*3*1.5+90)*1+1)", 0, 0],
					"position": [0, "6+2*(math.sin(q.anim_time*90*3*1.5-90)*1+1)", 0]
				}
			}
		},
		"animation.flygon.sleep": {
			"loop": true,
			"bones": {
				"neck": {
					"rotation": [78.61828, -6.71771, 6.11828],
					"position": [0, -3, 2]
				},
				"neck2": {
					"rotation": [-5, -12.25, 32.25],
					"position": [-0.5, -0.5, 0]
				},
				"head_ai": {
					"rotation": ["-80.5-math.sin(q.anim_time*90*2)*1", 15.75, 0.5]
				},
				"eyelid_right": {
					"position": [-1, 0, 0]
				},
				"eyelid_left": {
					"position": [1.1, 0, 0]
				},
				"jaw": {
					"rotation": ["5+math.sin(q.anim_time*90*2)*1", 0, 0]
				},
				"tail": {
					"rotation": ["-104.5+math.clamp(math.sin(q.anim_time*90*2)*1.5,-0.5,1.45)", -4.05, 11.5],
					"position": [0, -0.75, -1]
				},
				"tail2": {
					"rotation": ["-17.5+math.clamp(math.sin(q.anim_time*90*2-40)*2,-0.75,1.75)", -39.5, 20.75]
				},
				"tail3": {
					"rotation": ["-68.75+math.clamp(math.sin(q.anim_time*90*2-80)*3,-0.75,3)", -49.05, 13.05]
				},
				"fire": {
					"rotation": [
						"5+3*(math.sin(q.anim_time*90*3*2-90)*1-1)+3*(math.sin(q.anim_time*90*3/2-90)*1-1)",
						0,
						"-25+6*(math.sin(q.anim_time*90*3-150)*1-1)+3*(math.sin(q.anim_time*90*3/2-90)*1-1)"
					]
				},
				"arm_right": {
					"rotation": [-19.82293, 2.3132, 342.26616]
				},
				"forearm_right": {
					"rotation": [9.5, -41.5, 11.05]
				},
				"finger_right1": {
					"rotation": [0, 0, -22.5]
				},
				"finger_right2": {
					"rotation": [0, 0, -20]
				},
				"finger_right3": {
					"rotation": [0, 0, -15]
				},
				"arm_left": {
					"rotation": [28.18323, 48.73352, 41.0451]
				},
				"forearm_left": {
					"rotation": [16.05, 67.5, 2.75]
				},
				"finger_left1": {
					"rotation": [0, 0, 10]
				},
				"finger_left2": {
					"rotation": [0, 0, 7.5]
				},
				"wing_right": {
					"rotation": [0, "35-math.sin(q.anim_time*90*2)*0.5", 0]
				},
				"wing_right2": {
					"rotation": [0, "7.5-math.sin(q.anim_time*90*2-40)*1", 0]
				},
				"wing_right3": {
					"rotation": [0, "-107.5+math.sin(q.anim_time*90*2-80)*1.5", 0]
				},
				"wing_left": {
					"rotation": [0.2645, "-64.4999+math.sin(q.anim_time*90*2)*1", 12.21337],
					"position": [0, -0.75, 0]
				},
				"wing_left2": {
					"rotation": [0, "17.5+math.sin(q.anim_time*90*2-40)*1.75", 0]
				},
				"wing_left3": {
					"rotation": [0, "115-math.sin(q.anim_time*90*2-80)*1.75", 0]
				},
				"leg_right": {
					"rotation": [-39.25, 5.25, 10.5],
					"position": [0, 0, 1]
				},
				"foot_right": {
					"rotation": [-42, -6.75, -10.5],
					"position": [0, 0.5, -0.75]
				},
				"leg_left": {
					"rotation": [-37.5, 0, 0],
					"position": [0, 0, 0.75]
				},
				"foot_left": {
					"rotation": [-45.5, 12.75, -8.5],
					"position": [0, 0.75, -0.75]
				},
				"head": {
					"position": [-0.5, 0, -1.25]
				},
				"body": {
					"rotation": [94.24116, -39.95197, -87.7969],
					"position": [0, -10.75, -4]
				}
			}
		},
		"animation.flygon.cry": {
			"animation_length": 1,
			"bones": {
				"head": {
					"rotation": {
						"0.0": [0, 0, 0],
						"0.25": [-20, 0, 0],
						"0.4167": [-20, 0, 0],
						"0.5833": [-32.5, 0, 0],
						"0.75": [-20, 0, 0],
						"1.0": [0, 0, 0]
					}
				},
				"OpenMouth": {
					"position": {
						"0.0": [0, 0, 0],
						"0.2083": [0, -1, 0]
					}
				}
			}
		}
	}
}