{
  "type": "choice",
  "keys": ["jump"],
  "default": "random",
  "choices": [
    "skelly",
    "calico-1",
	"calico-2",
	"calico-3",
	"calico-4",
	"two-tone",
	"orca",
	"dapples",
	"pink-two-tone",
	"pink-orca",
	"pink-dapples",
	"gray-bubbles",
	"gray-diamonds",
	"gray-patches",
	"purple-bubbles",
	"purple-diamonds",
	"purple-patches",
	"apricot-tiger",
	"apricot-zebra",
	"apricot-stripes",
	"brown-tiger",
	"brown-zebra",
	"brown-stripes",
	"orange-forehead",
	"orange-mask",
	"black-forehead",
	"black-mask",
	"blue-saucy",
	"blue-raindrops",
	"violet-saucy",
	"violet-raindrops"
  ],
  "isAspect": true,
  "aspectFormat": "jump-{{choice}}"
}