{
	"format_version": "1.8.0",
	"animations": {
		"animation.melmetal.ground_idle": {
			"loop": true,
			"bones": {
				"torso": {
					"rotation": ["7 + Math.cos((query.anim_time) * 90) * 2.2", 0, 0],
					"position": [0, -0.25, -0.25]
				},
				"platform": {
					"rotation": [2.5, 0, 0]
				},
				"leftarm1": {
					"rotation": [27.5, 30, 2.5],
					"position": [0, 0, 2]
				},
				"forearm": {
					"rotation": ["12.17 + Math.cos((query.anim_time) * 60) * 4", "16.69 + Math.cos((query.anim_time) * 60) * 2", 44.13]
				},
				"elbow": {
					"rotation": [10, 19.92204, 0.92237]
				},
				"leftarm2": {
					"rotation": [27.5, 30, 2.5],
					"position": [0, 0, 2]
				},
				"shoulder": {
					"rotation": [0, 7.5, 0],
					"position": [0, 0, 0]
				},
				"eye": {
					"rotation": ["Math.cos((query.anim_time) * 40) * 7", 0, "Math.cos((query.anim_time) * 40) * 7"],
					"position": ["Math.cos((query.anim_time - .8) * 30) * 0.6", "Math.cos((query.anim_time) * 40) * 0.6", 0]
				},
				"rightarm1": {
					"rotation": [0, 0, -7.5],
					"position": [0.5, 0, 0]
				},
				"shoulder2": {
					"rotation": [0, -7.5, 0],
					"position": [0, 0, 0]
				},
				"forearm2": {
					"rotation": ["12.17 + Math.cos((query.anim_time) * 60) * 4", "-16.69 - Math.cos((query.anim_time) * 60) * 2", -44.13]
				},
				"elbow2": {
					"rotation": [10, -19.922, -0.9224]
				},
				"rightarm2": {
					"rotation": [27.5, -30, -2.5],
					"position": [0, 0, 2]
				},
				"leftarm": {
					"rotation": [0, 0, 7.5],
					"position": [-0.5, 0, 0]
				}
			}
		},
		"animation.melmetal.ground_walk": {
			"loop": true,
			"bones": {
				"torso": {
					"rotation": ["7 + Math.cos((query.anim_time) * 90) * 2.2", 0, 0],
					"position": [0, -0.25, -0.25]
				},
				"platform": {
					"rotation": [2.5, 0, 0]
				},
				"leftarm1": {
					"rotation": [26, 29.5, 2.5],
					"position": [0, 0, 2]
				},
				"forearm": {
					"rotation": ["12.17 + Math.cos((query.anim_time) * 60) * 4", "16.69 + Math.cos((query.anim_time) * 60) * 2", 44.13]
				},
				"elbow": {
					"rotation": [10.5, 22.5, 1.5]
				},
				"leftarm2": {
					"rotation": [26, 29.5, 2.5],
					"position": [0, 0, 2]
				},
				"shoulder": {
					"rotation": [0, 7.5, 0],
					"position": [0, 0, 0]
				},
				"melmetal": {
					"rotation": [0, 0, 0],
					"position": [0, "-1 + Math.cos((query.anim_time) * 180) * 1", 0]
				},
				"eye": {
					"rotation": ["Math.cos((query.anim_time) * 40) * 7", 0, "Math.cos((query.anim_time) * 40) * 7"],
					"position": ["Math.cos((query.anim_time - .8) * 30) * 0.6", "Math.cos((query.anim_time) * 40) * 0.6", 0]
				},
				"leftleg": {
					"rotation": ["Math.sin((query.anim_time) * 90) * 25", 0, 0]
				},
				"leftfoot": {
					"rotation": ["Math.sin((query.anim_time - 2.3) * 90) * 25", 0, 0]
				},
				"rightleg": {
					"rotation": ["Math.sin((query.anim_time - 2) * 90) * 25", 0, 0]
				},
				"rightfoot": {
					"rotation": ["Math.sin((query.anim_time - 4.3) * 90) * 25", 0, 0],
					"scale": 1
				},
				"rightarm1": {
					"rotation": ["45 + Math.sin((query.anim_time) * 90) * 50", "Math.sin((query.anim_time) * 90) * 15", 7.5]
				},
				"shoulder2": {
					"rotation": [0, -7.5, 0]
				},
				"forearm2": {
					"rotation": ["12.17 + Math.cos((query.anim_time) * 60) * 4", "-16.69 - Math.cos((query.anim_time) * 60) * 2", -44.13]
				},
				"elbow2": {
					"rotation": [10.5, -22.5, -1.5]
				},
				"rightarm2": {
					"rotation": [26, -29.5, 2.5],
					"position": [0, 0, 2]
				},
				"leftarm": {
					"rotation": ["45 - Math.sin((query.anim_time) * 90) * 50", "Math.sin((query.anim_time) * 90) * 15", -7.5]
				}
			}
		},
		"animation.melmetal.faint": {
			"loop": "hold_on_last_frame",
			"animation_length": 3.29167,
			"bones": {
				"torso": {
					"rotation": ["7 - Math.cos((query.anim_time + 2.1) * 30) * 20", 0, 0],
					"position": [0, -0.25, -0.25]
				},
				"platform": {
					"rotation": [2.5, 0, 0]
				},
				"leftarm1": {
					"rotation": {
						"0.0": {
							"post": [26.11191, 29.5116, 2.4258],
							"lerp_mode": "catmullrom"
						},
						"0.9167": {
							"post": [26.11, 29.5116, 2.4258],
							"lerp_mode": "catmullrom"
						},
						"1.75": {
							"post": [17.23757, 35.094, -14.0717],
							"lerp_mode": "catmullrom"
						},
						"2.5": {
							"post": [13.76464, 36.4317, -20.0102],
							"lerp_mode": "catmullrom"
						},
						"3.2917": {
							"post": [10.08204, 37.4659, -26.1326],
							"lerp_mode": "catmullrom"
						}
					},
					"position": [-0.5, 0, 2]
				},
				"forearm": {
					"rotation": ["12.17 + Math.cos((query.anim_time) * 60) * 4", "16.69 + Math.cos((query.anim_time) * 60) * 2", 44.13]
				},
				"elbow": {
					"rotation": [10.5, 22.5, 1.5]
				},
				"leftarm2": {
					"rotation": {
						"0.0": {
							"post": [26.11191, 29.51157, 2.42577],
							"lerp_mode": "catmullrom"
						},
						"0.9167": {
							"post": [26.11, 29.51, 2.43],
							"lerp_mode": "catmullrom"
						},
						"1.75": {
							"post": [17.23757, 35.094, -14.07165],
							"lerp_mode": "catmullrom"
						},
						"2.5": {
							"post": [13.76464, 36.43169, -20.01015],
							"lerp_mode": "catmullrom"
						},
						"3.2917": {
							"post": [10.08204, 37.46587, -26.1326],
							"lerp_mode": "catmullrom"
						}
					},
					"position": [0, 0, 2]
				},
				"shoulder": {
					"rotation": [0, 7.5, 0]
				},
				"eye": {
					"rotation": {
						"0.0": {
							"post": [0, 0, 0],
							"lerp_mode": "catmullrom"
						},
						"1.125": {
							"post": [5.7632, 1104.3683, 128.9293],
							"lerp_mode": "catmullrom"
						},
						"1.5": {
							"post": [5.7632, 1104.3683, 128.9293],
							"lerp_mode": "catmullrom"
						},
						"1.5417": {
							"post": [-29.2368, 1104.3683, 128.9293],
							"lerp_mode": "catmullrom"
						},
						"1.8333": {
							"post": [-1.64624, 1117.32605, 179.81981],
							"lerp_mode": "catmullrom"
						}
					},
					"position": {
						"0.0": {
							"post": [0, 0, 0],
							"lerp_mode": "catmullrom"
						},
						"1.1667": {
							"post": [0, 2, 0],
							"lerp_mode": "catmullrom"
						},
						"1.3333": {
							"post": [0, 2, 0],
							"lerp_mode": "catmullrom"
						},
						"1.5": {
							"post": [-0.05, -0.94, 0.09],
							"lerp_mode": "catmullrom"
						},
						"1.5833": {
							"post": [0.16, -1.06, 0.33],
							"lerp_mode": "catmullrom"
						},
						"1.8333": {
							"post": [1, -1.75, 1.25],
							"lerp_mode": "catmullrom"
						}
					}
				},
				"rightarm1": {
					"rotation": {
						"0.0": [0, 0, -7.5],
						"1.75": [0, -12.5, -7.5]
					},
					"position": [0.5, 0, 0]
				},
				"shoulder2": {
					"rotation": [0, -7.5, 0]
				},
				"forearm2": {
					"rotation": ["12.17 + Math.cos((query.anim_time) * 60) * 4", "-16.69 - Math.cos((query.anim_time) * 60) * 2", -44.13]
				},
				"elbow2": {
					"rotation": [10.5, -22.5, -1.5]
				},
				"rightarm2": {
					"rotation": {
						"0.0": {
							"post": [26.11191, -29.5116, -2.4258],
							"lerp_mode": "catmullrom"
						},
						"0.9167": {
							"post": [26.11, -29.5116, -2.4258],
							"lerp_mode": "catmullrom"
						},
						"1.75": {
							"post": [17.23757, -35.094, 14.0717],
							"lerp_mode": "catmullrom"
						},
						"2.5": {
							"post": [13.76464, -36.4317, 20.0102],
							"lerp_mode": "catmullrom"
						},
						"3.2917": {
							"post": [10.08204, -37.4659, 26.1326],
							"lerp_mode": "catmullrom"
						}
					},
					"position": [0, 0, 2]
				},
				"leftarm": {
					"rotation": {
						"0.0": [0, 0, 7.5],
						"1.75": [0, 12.5, 7.5]
					},
					"position": [-0.5, 0, 0]
				}
			}
		}
	}
}