{
  "head": "head",
  "portraitScale": 1.5,
  "portraitTranslation": [0, 3.6, 0],
  "profileScale": 0.4,
  "profileTranslation": [0, 1.2, 0],
  "faint": "bedrock(deoxysattack, faint)",
  "poses": {
      "battle-idle": {
      "poseName": "battle-idle",
      "transformTicks": 10,
      "poseTypes": ["STAND"],
      "isBattle": true,
      "animations": [ "look", "bedrock(deoxysattack, battle_stance)" ]
    },
    "hover": {
      "poseName": "hover",
      "transformTicks": 5,
      "poseTypes": [ "FLY", "HOVER", "FLOAT" ],
      "animations": [ "look", "bedrock(deoxysattack, ground_walk)" ]
},
    "standing": {
      "poseName": "standing",
      "transformTicks": 10,
      "poseTypes": [ "STAND", "NONE", "PORTRAIT", "PROFILE" ],
      "isBattle": false,
      "animations": [ "look", "bedrock(deoxysattack, ground_idle)" ]
    },
    "walking": {
      "poseName": "walking",
      "transformTicks": 8,
      "poseTypes": [ "WALK", "SWIM", "FLOAT" ],
      "isBattle": false,
      "animations": ["look", "bedrock(deoxysattack, ground_walk)"
      ]
    },
    "sleeping": {
      "poseName": "sleeping",
      "transformTicks": 10,
      "poseTypes": [ "SLEEP" ],
      "animations": ["bedrock(deoxysattack, sleep)"]
    }
  }
} 
