{
  "head": "Head",
  "portraitScale": 2,
  "portraitTranslation": [0, 1.4, 0],
  "profileScale": 0.6,
  "profileTranslation": [0, 0.8, 0],
  "faint": "bedrock(salazzle, faint)",
  "poses": {
    "standing": {
      "poseName": "standing",
      "transformTicks": 10,
      "poseTypes": [ "STAND", "NONE", "PORTRAIT", "PROFILE", "FLOAT" ],
      "animations": [ "look", "bedrock(salazzle, ground_idle)" ]
    },
    "walking": {
      "poseName": "walking",
      "transformTicks": 5,
      "poseTypes": [ "WALK", "SWIM" ],
      "animations": [
        "look",
        "bedrock(salazzle, ground_walk)"
      ]
    },
    "sleeping": {
      "poseName": "sleeping",
      "transformTicks": 10,
      "poseTypes": [
        "SLEEP"
      ],
      "animations": [
        "bedrock(salazzle, sleep)"
      ]
    }
  }
  } 
