{
	"format_version": "1.12.0",
	"minecraft:geometry": [
		{
			"description": {
				"identifier": "geometry.unknown",
				"texture_width": 128,
				"texture_height": 128,
				"visible_bounds_width": 6,
				"visible_bounds_height": 3.5,
				"visible_bounds_offset": [0, 1.25, 0]
			},
			"bones": [
				{
					"name": "Salazzle",
					"pivot": [0, 0, 0]
				},
				{
					"name": "Body",
					"parent": "Salazzle",
					"pivot": [0, 17, 3]
				},
				{
					"name": "Hips",
					"parent": "Body",
					"pivot": [0, 17.5, 2.5],
					"cubes": [
						{"origin": [-3, 15, 0.5], "size": [6, 5, 5], "uv": [32, 0]}
					]
				},
				{
					"name": "HipDetail",
					"parent": "Hips",
					"pivot": [0, 18, 0],
					"cubes": [
						{"origin": [1.25, 17.5, 0.49], "size": [1, 2, 0], "uv": [0, 11]},
						{"origin": [-2.25, 17.5, 0.49], "size": [1, 2, 0], "uv": [0, 11], "mirror": true}
					]
				},
				{
					"name": "Waist",
					"parent": "Hips",
					"pivot": [0, 21, 3],
					"cubes": [
						{"origin": [-2, 19, 1], "size": [4, 5, 4], "inflate": -0.01, "uv": [20, 36]}
					]
				},
				{
					"name": "Chest",
					"parent": "Waist",
					"pivot": [0, 25.75, 3],
					"cubes": [
						{"origin": [-2, 27.5, 0.5], "size": [4, 2, 4], "uv": [0, 22]},
						{"origin": [-3, 22.75, 0], "size": [6, 6, 5], "pivot": [0, 25.75, 2.5], "rotation": [5, 0, 0], "uv": [17, 17]}
					]
				},
				{
					"name": "ChestDetails",
					"parent": "Chest",
					"pivot": [0, 24.75, 0],
					"cubes": [
						{"origin": [-0.5, 24.5, 0.05], "size": [1, 2, 0], "pivot": [0, 24.75, 0], "rotation": [5, 0, 0], "uv": [4, 15]},
						{"origin": [-1.5, 22.55, 0.075], "size": [3, 1, 0], "pivot": [0, 24.75, 0], "rotation": [5, 0, 0], "uv": [0, 7]},
						{"origin": [2, 23.75, 0.06], "size": [1, 3, 0], "pivot": [0, 24.75, 0], "rotation": [5, 0, 0], "uv": [0, 15]},
						{"origin": [1.5, 26.5, 0.075], "size": [1, 2, 0], "pivot": [0, 24.75, 0], "rotation": [5, 0, 0], "uv": [14, 0]},
						{"origin": [1.25, 23.25, 0.045], "size": [1, 1, 0], "pivot": [0, 24.75, 0], "rotation": [5, 0, 0], "uv": [4, 11]},
						{"origin": [-3, 23.75, 0.06], "size": [1, 3, 0], "pivot": [0, 24.75, 0], "rotation": [5, 0, 0], "uv": [0, 15], "mirror": true},
						{"origin": [-2.5, 26.5, 0.075], "size": [1, 2, 0], "pivot": [0, 24.75, 0], "rotation": [5, 0, 0], "uv": [14, 0], "mirror": true},
						{"origin": [-2.53792, 23.555, 0.05], "size": [2, 1, 0], "pivot": [-1.78792, 24.84605, -0.02346], "rotation": [0, 5, -90], "uv": [22, 16]},
						{"origin": [-2.25, 23.25, 0.045], "size": [1, 1, 0], "pivot": [0, 24.75, 0], "rotation": [5, 0, 0], "uv": [4, 11], "mirror": true},
						{"origin": [0.53792, 23.555, 0.05], "size": [2, 1, 0], "pivot": [1.78792, 24.84605, -0.02346], "rotation": [0, -5, 90], "uv": [22, 16], "mirror": true}
					]
				},
				{
					"name": "Neck",
					"parent": "Chest",
					"pivot": [0, 30.75, 3],
					"cubes": [
						{"origin": [-1.5, 27.75, 1.5], "size": [3, 5, 3], "inflate": -0.01, "pivot": [0, 30.75, 3], "rotation": [-7.5, 0, 0], "uv": [46, 48]}
					]
				},
				{
					"name": "Head",
					"parent": "Neck",
					"pivot": [0, 33.74116, 2.74487],
					"cubes": [
						{"origin": [-2.5, 31.5, 2.5], "size": [5, 3, 2], "inflate": 0.0111, "uv": [50, 10]},
						{"origin": [-2.5, 33.5, -1.5], "size": [5, 3, 6], "uv": [34, 10]},
						{"origin": [-2, 33.5, -2.5], "size": [4, 2, 3], "uv": [11, 50]},
						{"origin": [-2, 33, -2.5], "size": [4, 1, 4], "uv": [16, 45]},
						{"origin": [-1.5, 32.75, -7.25], "size": [3, 2, 5], "uv": [44, 25]},
						{"origin": [-1, 32.78, -7.75], "size": [2, 2, 1], "inflate": 0.01, "pivot": [0, 34, -7.5], "rotation": [-20, 0, 0], "uv": [39, 52]},
						{"origin": [-0.5, 32.25, -7.75], "size": [1, 1, 1], "inflate": 0.02, "pivot": [0, 33, -7.25], "rotation": [15, 0, 0], "uv": [15, 46]}
					]
				},
				{
					"name": "Left_Eyelid",
					"parent": "Head",
					"pivot": [0, 33.74116, 2.74487],
					"cubes": [
						{"origin": [0.945, 34.7, -0.63], "size": [1, 1, 3], "inflate": 0.01, "pivot": [3.5, 33.74116, 2.74487], "rotation": [7.5, 0, 0], "uv": [63, 0], "mirror": true},
						{"origin": [0.9, 34.3, -0.77175], "size": [1, 1, 3], "inflate": 0.015, "pivot": [1.45, 34.69494, 0.72825], "rotation": [7.5, 0, 0], "uv": [71, 0], "mirror": true}
					]
				},
				{
					"name": "Right_Eyelid",
					"parent": "Head",
					"pivot": [-3.5, 33.74116, 2.74487],
					"cubes": [
						{"origin": [-1.945, 34.7, -0.63], "size": [1, 1, 3], "inflate": 0.01, "pivot": [-3.5, 33.74116, 2.74487], "rotation": [7.5, 0, 0], "uv": [63, 0]},
						{"origin": [-1.9, 34.3, -0.77175], "size": [1, 1, 3], "inflate": 0.015, "pivot": [-1.45, 34.69494, 0.72825], "rotation": [7.5, 0, 0], "uv": [71, 0]}
					]
				},
				{
					"name": "Eyes",
					"parent": "Head",
					"pivot": [0, 5.75, -0.75]
				},
				{
					"name": "RightEyeLiner",
					"parent": "Eyes",
					"pivot": [0.5, 5.75, -0.5],
					"cubes": [
						{"origin": [-2.5, 33.84125, -0.60874], "size": [1, 2, 1], "inflate": 0.01, "pivot": [-2.5, 35.09125, -0.10874], "rotation": [-70, 0, 0], "uv": [0, 22]},
						{"origin": [-2.5, 34.82043, 0.44099], "size": [1, 1, 2], "inflate": 0.01, "uv": [28, 45]},
						{"origin": [-2.515, 34.5, 1.5], "size": [1, 1, 2], "inflate": 0.01, "pivot": [-2.5, 35.5, 2.5], "rotation": [27.5, 0, 0], "uv": [39, 25]},
						{"origin": [-2.51, 35, 1.5], "size": [1, 1, 2], "inflate": 0.01, "pivot": [-2.5, 35.5, 2.5], "rotation": [27.5, 0, 0], "uv": [11, 55]}
					]
				},
				{
					"name": "RightEye",
					"parent": "Eyes",
					"pivot": [-2.5207, 35, 1.08333],
					"rotation": [7.5, 0, 0],
					"cubes": [
						{"origin": [-2.5211, 34.4, 0.45], "size": [1, 1, 1], "inflate": 0.02, "uv": [16, 42]},
						{"origin": [-2.521, 34.4, -0.05], "size": [1, 1, 1], "inflate": 0.015, "uv": [15, 16]},
						{"origin": [-2.52, 34.4, -0.8], "size": [1, 1, 3], "inflate": 0.01, "uv": [20, 28]}
					]
				},
				{
					"name": "LeftEyeLiner",
					"parent": "Eyes",
					"pivot": [-0.5, 5.75, -0.5],
					"cubes": [
						{"origin": [1.5, 33.84125, -0.60874], "size": [1, 2, 1], "inflate": 0.01, "pivot": [2.5, 35.09125, -0.10874], "rotation": [-70, 0, 0], "uv": [12, 22]},
						{"origin": [1.5, 34.82043, 0.44099], "size": [1, 1, 2], "inflate": 0.01, "uv": [11, 46]},
						{"origin": [0.51, 35, 1.5], "size": [2, 1, 2], "inflate": 0.01, "pivot": [2.5, 35.5, 2.5], "rotation": [27.5, 0, 0], "uv": [12, 39]},
						{"origin": [1.515, 34.5, 1.5], "size": [1, 1, 2], "inflate": 0.01, "pivot": [2.5, 35.5, 2.5], "rotation": [27.5, 0, 0], "uv": [30, 2]}
					]
				},
				{
					"name": "LeftEye",
					"parent": "Eyes",
					"pivot": [2.5207, 35, 1.08333],
					"rotation": [7.5, 0, 0],
					"cubes": [
						{"origin": [1.52, 34.4, -0.8], "size": [1, 1, 3], "inflate": 0.01, "uv": [14, 4]},
						{"origin": [1.521, 34.4, -0.05], "size": [1, 1, 1], "inflate": 0.015, "uv": [12, 42]},
						{"origin": [1.5211, 34.4, 0.45], "size": [1, 1, 1], "inflate": 0.02, "uv": [30, 0]}
					]
				},
				{
					"name": "Jaw",
					"parent": "Head",
					"pivot": [0, 33.5, 2.16667],
					"rotation": [-2.5, 0, 0],
					"cubes": [
						{"origin": [-1.5, 32.05, -2.55], "size": [3, 1, 2], "inflate": -0.04, "uv": [32, 36]},
						{"origin": [-2.5, 31.5, -1.5], "size": [5, 2, 4], "inflate": 0.015, "uv": [39, 19]},
						{"origin": [-2, 31.5, -2.5], "size": [4, 1, 2], "inflate": 0.01, "uv": [53, 19]},
						{"origin": [-2, 32, -2.5], "size": [4, 1, 2], "uv": [0, 53]},
						{"origin": [-1.5, 31.75, -6.5], "size": [3, 1, 4], "inflate": -0.01, "uv": [49, 0]},
						{"origin": [1.51, 33.5, -6.08333], "size": [0, 1, 1], "pivot": [1.5, 33, -7.33333], "rotation": [-45, 0, 0], "uv": [21, 3]},
						{"origin": [-1.5, 33.5, -6.08333], "size": [0, 1, 1], "pivot": [1.5, 33, -7.33333], "rotation": [-45, 0, 0], "uv": [18, 15]},
						{"origin": [1.51, 34.5, -5.08333], "size": [0, 1, 1], "pivot": [1.5, 33, -7.33333], "rotation": [-45, 0, 0], "uv": [20, 15]},
						{"origin": [-1.5, 34.5, -5.08333], "size": [0, 1, 1], "pivot": [1.5, 33, -7.33333], "rotation": [-45, 0, 0], "uv": [19, 16]},
						{"origin": [-2.5, 32.91645, 1.52047], "size": [5, 1, 1], "inflate": 0.03, "pivot": [0.01, 33.16645, 1.77047], "rotation": [45, 0, 0], "uv": [52, 46]},
						{"origin": [-1, 31.75, -7.33333], "size": [2, 1, 2], "inflate": -0.015, "uv": [34, 19]},
						{"origin": [-2, 32.5655, -1.58], "size": [4, 1, 2], "inflate": -0.05, "uv": [12, 36]}
					]
				},
				{
					"name": "Right_Back_Frill_Base",
					"parent": "Hips",
					"pivot": [-0.5, 20, 5],
					"cubes": [
						{"origin": [-1, 19.75, 5], "size": [1, 4, 0], "uv": [49, 0], "mirror": true}
					]
				},
				{
					"name": "Right_Back_Frill_Middle",
					"parent": "Right_Back_Frill_Base",
					"pivot": [-0.5, 23.75, 5],
					"cubes": [
						{"origin": [-1, 23.75, 5], "size": [1, 4, 0], "uv": [2, 28], "mirror": true}
					]
				},
				{
					"name": "Right_Back_Frill_Middle2",
					"parent": "Right_Back_Frill_Middle",
					"pivot": [-0.5, 27.75, 5],
					"cubes": [
						{"origin": [-1, 27.75, 5], "size": [1, 4, 0], "uv": [34, 0], "mirror": true}
					]
				},
				{
					"name": "Right_Back_Frill_Tip",
					"parent": "Right_Back_Frill_Middle2",
					"pivot": [-0.5, 31.75, 5],
					"cubes": [
						{"origin": [-1, 31.75, 5], "size": [1, 4, 0], "uv": [0, 28]}
					]
				},
				{
					"name": "Left_Back_Frill_Base",
					"parent": "Hips",
					"pivot": [0.5, 20, 5],
					"cubes": [
						{"origin": [0, 19.75, 5], "size": [1, 4, 0], "uv": [49, 0]}
					]
				},
				{
					"name": "Left_Back_Frill_Middle",
					"parent": "Left_Back_Frill_Base",
					"pivot": [0.5, 23.75, 5],
					"cubes": [
						{"origin": [0, 23.75, 5], "size": [1, 4, 0], "uv": [2, 28]}
					]
				},
				{
					"name": "Left_Back_Frill_Middle8",
					"parent": "Left_Back_Frill_Middle",
					"pivot": [0.5, 27.75, 5],
					"cubes": [
						{"origin": [0, 27.75, 5], "size": [1, 4, 0], "uv": [34, 0]}
					]
				},
				{
					"name": "Left_Back_Frill_Tip",
					"parent": "Left_Back_Frill_Middle8",
					"pivot": [0.5, 31.75, 5],
					"cubes": [
						{"origin": [0, 31.75, 5], "size": [1, 4, 0], "uv": [0, 28], "mirror": true}
					]
				},
				{
					"name": "Tail",
					"parent": "Body",
					"pivot": [0, 17, 5]
				},
				{
					"name": "Tail_Base",
					"parent": "Tail",
					"pivot": [0, 17.5, 5],
					"cubes": [
						{"origin": [-2.5, 15, 5], "size": [5, 5, 6], "inflate": 0.01, "uv": [16, 5]}
					]
				},
				{
					"name": "Tail_1",
					"parent": "Tail_Base",
					"pivot": [0, 17.5, 11],
					"cubes": [
						{"origin": [-2, 15.5, 10], "size": [4, 4, 7], "uv": [0, 11]}
					]
				},
				{
					"name": "Tail_2",
					"parent": "Tail_1",
					"pivot": [0, 17.5, 17],
					"cubes": [
						{"origin": [-1.5, 16, 16], "size": [3, 3, 8], "uv": [0, 0]}
					]
				},
				{
					"name": "Tail_3",
					"parent": "Tail_2",
					"pivot": [0, 17.5, 24],
					"cubes": [
						{"origin": [-1, 16.5, 23], "size": [2, 2, 8], "uv": [0, 36]}
					]
				},
				{
					"name": "Tail_Tip",
					"parent": "Tail_3",
					"pivot": [0, 17.5, 31],
					"cubes": [
						{"origin": [-0.5, 17, 30.5], "size": [1, 1, 7], "uv": [36, 36]}
					]
				},
				{
					"name": "LeftLeg",
					"parent": "Salazzle",
					"pivot": [2.75, 16, 3],
					"rotation": [0, 0, 90]
				},
				{
					"name": "LeftThigh",
					"parent": "LeftLeg",
					"pivot": [1.75, 16, 2.75],
					"cubes": [
						{"origin": [1.75, 14, 0.75], "size": [8, 4, 4], "uv": [0, 28]},
						{"origin": [6.75, 14.5, 1.25], "size": [4, 3, 3], "uv": [45, 33]}
					]
				},
				{
					"name": "LeftCalf",
					"parent": "LeftThigh",
					"pivot": [10.25, 16, 2.75],
					"rotation": [90, 0, 0],
					"cubes": [
						{"origin": [10.75, 15, 1.75], "size": [7, 2, 2], "uv": [34, 44]}
					]
				},
				{
					"name": "LeftFoot",
					"parent": "LeftCalf",
					"pivot": [18.25, 15.70833, 2.75],
					"cubes": [
						{"origin": [17.75, 15.75, 1.25], "size": [1, 4, 3], "uv": [0, 36]}
					]
				},
				{
					"name": "LeftToes",
					"parent": "LeftFoot",
					"pivot": [18.25, 18.70833, 2.75],
					"cubes": [
						{"origin": [17.75, 18, 1.25], "size": [1, 5, 0], "pivot": [18.25, 18.8, 1.25], "rotation": [32.5, 0, 0], "uv": [27, 54]},
						{"origin": [17.75, 19, 1.25], "size": [1, 5, 0], "pivot": [18.25, 19.5, 1.25], "rotation": [10, 0, 0], "uv": [38, 10]},
						{"origin": [17.75, 19, 2.25], "size": [1, 5, 0], "pivot": [18.25, 19.5, 2.25], "rotation": [5, 0, 0], "uv": [45, 25]},
						{"origin": [17.75, 19, 3.25], "size": [1, 5, 0], "pivot": [18.25, 19.5, 3.25], "rotation": [-5, 0, 0], "uv": [54, 5]},
						{"origin": [17.75, 19, 4.25], "size": [1, 5, 0], "pivot": [18.25, 19.5, 4.25], "rotation": [-10, 0, 0], "uv": [47, 25]}
					]
				},
				{
					"name": "RightLeg",
					"parent": "Salazzle",
					"pivot": [-2.75, 16, 3],
					"rotation": [0, 0, -90]
				},
				{
					"name": "RightThigh",
					"parent": "RightLeg",
					"pivot": [-1.75, 16, 2.75],
					"cubes": [
						{"origin": [-9.75, 14, 0.75], "size": [8, 4, 4], "uv": [24, 28]},
						{"origin": [-10.75, 14.5, 1.25], "size": [4, 3, 3], "uv": [0, 46]}
					]
				},
				{
					"name": "RightCalf",
					"parent": "RightThigh",
					"pivot": [-10.25, 16, 2.75],
					"rotation": [90, 0, 0],
					"cubes": [
						{"origin": [-17.75, 15, 1.75], "size": [7, 2, 2], "uv": [14, 0]}
					]
				},
				{
					"name": "RightFoot",
					"parent": "RightCalf",
					"pivot": [-18.25, 15.70833, 2.75],
					"cubes": [
						{"origin": [-18.75, 15.75, 1.25], "size": [1, 4, 3], "uv": [0, 0]}
					]
				},
				{
					"name": "RightToes",
					"parent": "RightFoot",
					"pivot": [-18.25, 18.70833, 2.75],
					"cubes": [
						{"origin": [-18.75, 18.03915, 1.25], "size": [1, 5, 0], "pivot": [-18.25, 18.8, 1.25], "rotation": [32.5, 0, 0], "uv": [25, 54]},
						{"origin": [-18.75, 19, 3.25], "size": [1, 5, 0], "pivot": [-18.25, 19.5, 3.25], "rotation": [-5, 0, 0], "uv": [54, 5], "mirror": true},
						{"origin": [-18.75, 19, 4.25], "size": [1, 5, 0], "pivot": [-18.25, 19.5, 4.25], "rotation": [-10, 0, 0], "uv": [47, 25], "mirror": true},
						{"origin": [-18.75, 19, 2.25], "size": [1, 5, 0], "pivot": [-18.25, 19.5, 2.25], "rotation": [5, 0, 0], "uv": [45, 25], "mirror": true},
						{"origin": [-18.75, 19, 1.25], "size": [1, 5, 0], "pivot": [-18.25, 19.5, 1.25], "rotation": [10, 0, 0], "uv": [38, 10], "mirror": true}
					]
				},
				{
					"name": "Right_Arm",
					"parent": "Salazzle",
					"pivot": [-3, 27.5, 2.5],
					"cubes": [
						{"origin": [-9, 26.5, 1.5], "size": [6, 2, 2], "uv": [45, 39]}
					]
				},
				{
					"name": "RightForearm",
					"parent": "Right_Arm",
					"pivot": [-9, 27.5, 2.5],
					"cubes": [
						{"origin": [-14, 27, 2], "size": [6, 1, 1], "inflate": 0.25, "uv": [50, 44]}
					]
				},
				{
					"name": "RightHand",
					"parent": "RightForearm",
					"pivot": [-14.25, 27.5, 2.5],
					"rotation": [0, 0, -90],
					"cubes": [
						{"origin": [-14.75, 27.5, 1.5], "size": [1, 2, 2], "uv": [0, 11]}
					]
				},
				{
					"name": "RightFingers",
					"parent": "RightHand",
					"pivot": [-14.25, 28.5, 2.5]
				},
				{
					"name": "Right_Thumb",
					"parent": "RightFingers",
					"pivot": [-14.25, 27.84339, 1.4627],
					"cubes": [
						{"origin": [-14.75, 27.5, 1.5], "size": [1, 3, 0], "pivot": [-14.25, 28, 1.5], "rotation": [32.5, 0, 0], "uv": [14, 4]}
					]
				},
				{
					"name": "Right_Index_finger",
					"parent": "RightFingers",
					"pivot": [-14.25, 29, 1.5],
					"cubes": [
						{"origin": [-14.75, 29, 1.5], "size": [1, 3, 0], "uv": [0, 0]}
					]
				},
				{
					"name": "Right_Middle_finger",
					"parent": "RightFingers",
					"pivot": [-14.25, 29, 2.25],
					"cubes": [
						{"origin": [-14.75, 29, 2.25], "size": [1, 3, 0], "uv": [0, 46]}
					]
				},
				{
					"name": "Right_Ring_finger",
					"parent": "RightFingers",
					"pivot": [-14.25, 29, 2.75],
					"cubes": [
						{"origin": [-14.75, 29, 2.75], "size": [1, 3, 0], "uv": [0, 36]}
					]
				},
				{
					"name": "Right_Pinky_finger",
					"parent": "RightFingers",
					"pivot": [-14.25, 29, 3.5],
					"cubes": [
						{"origin": [-14.75, 29, 3.5], "size": [1, 3, 0], "uv": [20, 28]}
					]
				},
				{
					"name": "Left_Arm",
					"parent": "Salazzle",
					"pivot": [3, 27.5, 2.5],
					"cubes": [
						{"origin": [3, 26.5, 1.5], "size": [6, 2, 2], "uv": [30, 48]}
					]
				},
				{
					"name": "LeftForearm",
					"parent": "Left_Arm",
					"pivot": [9, 27.5, 2.5],
					"cubes": [
						{"origin": [8, 27, 2], "size": [6, 1, 1], "inflate": 0.25, "uv": [25, 52]}
					]
				},
				{
					"name": "LeftHand",
					"parent": "LeftForearm",
					"pivot": [14.25, 27.5, 2.5],
					"rotation": [0, 0, 90],
					"cubes": [
						{"origin": [13.75, 27.5, 1.5], "size": [1, 2, 2], "uv": [36, 39]}
					]
				},
				{
					"name": "LeftFingers",
					"parent": "LeftHand",
					"pivot": [14.25, 28.5, 2.5]
				},
				{
					"name": "Left_Thumb",
					"parent": "LeftFingers",
					"pivot": [14.25, 27.84339, 1.7127],
					"cubes": [
						{"origin": [13.75, 27.5, 1.5], "size": [1, 3, 0], "pivot": [14.25, 28, 1.5], "rotation": [32.5, 0, 0], "uv": [5, 0]}
					]
				},
				{
					"name": "Left_Index_Finger",
					"parent": "LeftFingers",
					"pivot": [14.25, 29, 1.5],
					"cubes": [
						{"origin": [13.75, 29, 1.5], "size": [1, 3, 0], "uv": [46, 48]}
					]
				},
				{
					"name": "Left_Middle_Finger",
					"parent": "LeftFingers",
					"pivot": [14.25, 29, 2.25],
					"cubes": [
						{"origin": [13.75, 29, 2.25], "size": [1, 3, 0], "uv": [5, 36]}
					]
				},
				{
					"name": "Left_Ring_Finger",
					"parent": "LeftFingers",
					"pivot": [14.25, 29, 2.75],
					"cubes": [
						{"origin": [13.75, 29, 2.75], "size": [1, 3, 0], "uv": [25, 28]}
					]
				},
				{
					"name": "Left_Pinky_Finger",
					"parent": "LeftFingers",
					"pivot": [14.25, 29, 3.5],
					"cubes": [
						{"origin": [13.75, 29, 3.5], "size": [1, 3, 0], "uv": [19, 4]}
					]
				}
			]
		}
	]
}