{
	"format_version": "1.12.0",
	"minecraft:geometry": [
		{
			"description": {
				"identifier": "geometry.unknown",
				"texture_width": 128,
				"texture_height": 128,
				"visible_bounds_width": 4,
				"visible_bounds_height": 4.5,
				"visible_bounds_offset": [0, 1.75, 0]
			},
			"bones": [
				{
					"name": "darmanitan",
					"pivot": [0, 0, 0],
					"rotation": [-12.5, 0, 0],
					"cubes": [
						{"origin": [-10.5, 10, -11], "size": [21, 20, 23], "uv": [0, 0]},
						{"origin": [-8, 5.3, 3], "size": [16, 6, 10], "pivot": [0.5, 20, 1], "rotation": [40, 0, 0], "uv": [0, 43]}
					]
				},
				{
					"name": "mouth_open",
					"parent": "darmanitan",
					"pivot": [0.5, 11, 1],
					"cubes": [
						{"origin": [-9.5, 12, -10.01], "size": [19, 10, 0], "uv": [72, 73]}
					]
				},
				{
					"name": "eyes",
					"parent": "darmanitan",
					"pivot": [0.5, 20, 1],
					"cubes": [
						{"origin": [3, 23.5, -11.01], "size": [3, 3, 0], "uv": [0, 3]},
						{"origin": [-6, 23.5, -11.01], "size": [3, 3, 0], "uv": [0, 0]}
					]
				},
				{
					"name": "pupil_left",
					"parent": "eyes",
					"pivot": [4.4, 23.9, -11],
					"cubes": [
						{"origin": [3.4, 23.9, -11.02], "size": [2, 2, 0], "uv": [16, 2]}
					]
				},
				{
					"name": "pupil_right",
					"parent": "eyes",
					"pivot": [-4.4, 23.9, -11],
					"cubes": [
						{"origin": [-5.4, 23.9, -11.02], "size": [2, 2, 0], "uv": [16, 0]}
					]
				},
				{
					"name": "eyebrow_left",
					"parent": "darmanitan",
					"pivot": [3, 28, -11],
					"rotation": [0, 0, 42.5],
					"cubes": [
						{"origin": [1.5, 27, -11.03], "size": [4, 19, 0], "uv": [95, 0]}
					]
				},
				{
					"name": "eyebrow_right",
					"parent": "darmanitan",
					"pivot": [-3, 28, -11],
					"rotation": [0, 0, -42.5],
					"cubes": [
						{"origin": [-5.5, 27, -11.03], "size": [4, 19, 0], "uv": [87, 0]}
					]
				},
				{
					"name": "shoulder_right",
					"parent": "darmanitan",
					"pivot": [-10.5, 21, -7],
					"rotation": [-15, 0, 12.5],
					"cubes": [
						{"origin": [-12.5, 7, -9], "size": [5, 14, 6], "pivot": [-10.5, 21, -6], "rotation": [0, 0, 0], "uv": [65, 0]}
					]
				},
				{
					"name": "forearm_right",
					"parent": "shoulder_right",
					"pivot": [-9.5, 9, -6.7],
					"cubes": [
						{"origin": [-13.5, -1, -9.7], "size": [7, 11, 7], "uv": [0, 59]}
					]
				},
				{
					"name": "hand_right",
					"parent": "forearm_right",
					"pivot": [-9.5, 0, -6.5],
					"cubes": [
						{"origin": [-13.9, -3, -10], "size": [8, 4, 8], "pivot": [-9.5, 0, -6.5], "rotation": [27.54374, 4.99981, -11.99809], "uv": [60, 61]}
					]
				},
				{
					"name": "shoulder_left",
					"parent": "darmanitan",
					"pivot": [10.5, 21, -7],
					"rotation": [-15, 0, -12.5],
					"cubes": [
						{"origin": [7.5, 7, -9], "size": [5, 14, 6], "pivot": [11.5, 21, -6], "rotation": [0, 0, 0], "uv": [0, 0]}
					]
				},
				{
					"name": "forearm_left",
					"parent": "shoulder_left",
					"pivot": [9.5, 9, -7],
					"cubes": [
						{"origin": [6.5, -1, -9.7], "size": [7, 11, 7], "uv": [52, 43]}
					]
				},
				{
					"name": "hand_left",
					"parent": "forearm_left",
					"pivot": [9.5, 0, -6.5],
					"cubes": [
						{"origin": [5.8, -3, -9.9], "size": [8, 4, 8], "pivot": [9.5, 0, -6.5], "rotation": [27.31197, -3.1622, 11.80423], "uv": [28, 59]}
					]
				},
				{
					"name": "hip_left",
					"parent": "darmanitan",
					"pivot": [10.5, 13, 9],
					"rotation": [-17.5, 0, -12.5],
					"cubes": [
						{"origin": [9.5, 7, 7], "size": [3, 7, 4], "uv": [58, 73]}
					]
				},
				{
					"name": "calf_left",
					"parent": "hip_left",
					"pivot": [11, 7, 8.8],
					"cubes": [
						{"origin": [10, 1.3, 7.8], "size": [2, 7, 3], "pivot": [11, 7, 8.8], "rotation": [52.5, 0, 0], "uv": [42, 43]}
					]
				},
				{
					"name": "foot_left",
					"parent": "calf_left",
					"pivot": [11, 4.5, 12.8],
					"cubes": [
						{"origin": [9.02945, 1.29766, 12.39934], "size": [4, 5, 2], "pivot": [11, 4.5, 12.8], "rotation": [-60.37835, -4.98093, 8.6822], "uv": [73, 43]}
					]
				},
				{
					"name": "hip_right",
					"parent": "darmanitan",
					"pivot": [-10.5, 13, 9],
					"rotation": [-17.5, 0, 12.5],
					"cubes": [
						{"origin": [-12.5, 7, 7], "size": [3, 7, 4], "uv": [44, 71]}
					]
				},
				{
					"name": "calf_right",
					"parent": "hip_right",
					"pivot": [-11, 7, 8.8],
					"cubes": [
						{"origin": [-12, 1.3, 7.8], "size": [2, 7, 3], "pivot": [11, 7, 8.8], "rotation": [52.5, 0, 0], "uv": [0, 43]}
					]
				},
				{
					"name": "foot_right",
					"parent": "calf_right",
					"pivot": [-11, 4.5, 12.8],
					"cubes": [
						{"origin": [-13.01195, 1.29766, 12.39844], "size": [4, 5, 2], "pivot": [-11, 4.5, 12.8], "rotation": [-60.59158, 6.21271, -10.86815], "uv": [21, 59]}
					]
				}
			]
		}
	]
}