{
    "head": "head",
    "portraitScale": 2.5,
    "portraitTranslation": [ -0.15, -0.5, 0 ],
    "profileScale": 0.8,
    "profileTranslation": [ 0, 0.4, 0 ],
    "faint": "bedrock(gastrodon, faint)",
    "cry": "bedrock(gastrodon, cry)",
    "poses": {
        "standing": {
            "poseName": "standing",
            "transformTicks": 10,
            "poseTypes": [
                "STAND",
                "NONE",
                "PORTRAIT",
                "PROFILE"
            ],
            "animations": [
                "look",
                "bedrock(gastrodon, ground_idle)"
            ]
        },
        "walking": {
            "poseName": "walking",
            "transformTicks": 10,
            "poseTypes": [ "WALK" ],
            "animations": [ "bedrock(gastrodon, ground_walk)" ]
        },
        "floating": {
            "poseName": "floating",
            "transformTicks": 10,
            "poseTypes": [ "FLOAT" ],
            "animations": [ "bedrock(gastrodon, water_idle)" ]
        },
        "swimming": {
            "poseName": "swimming",
            "transformTicks": 10,
            "poseTypes": [ "SWIM" ],
            "animations": [ "bedrock(gastrodon, water_swim)" ]
        }
    }
}