{
	"format_version": "1.12.0",
	"minecraft:geometry": [
		{
			"description": {
				"identifier": "geometry.lilligant_h",
				"texture_width": 64,
				"texture_height": 64,
				"visible_bounds_width": 4,
				"visible_bounds_height": 3.5,
				"visible_bounds_offset": [0, 1.25, 0]
			},
			"bones": [
				{
					"name": "lilligant_hisui",
					"pivot": [0, 0, 0]
				},
				{
					"name": "torso",
					"parent": "lilligant_hisui",
					"pivot": [0, 23, 0],
					"cubes": [
						{"origin": [-1.5, 19.5, -1.5], "size": [3, 5, 3], "inflate": 0.3, "uv": [29, 16]}
					]
				},
				{
					"name": "waist",
					"parent": "torso",
					"pivot": [0, 20, 0],
					"cubes": [
						{"origin": [-2.5, 15, -2], "size": [5, 5, 4], "inflate": 0.3, "uv": [26, 24]}
					]
				},
				{
					"name": "leg_right",
					"parent": "waist",
					"pivot": [-2, 14.9, 0],
					"cubes": [
						{"origin": [-3, 9, -1], "size": [2, 7, 2], "inflate": 0.1, "uv": [0, 38]}
					]
				},
				{
					"name": "leg_right2",
					"parent": "leg_right",
					"pivot": [-2, 9.5, 0],
					"cubes": [
						{"origin": [-3, 3, -1], "size": [2, 7, 2], "uv": [8, 38]}
					]
				},
				{
					"name": "foot_right",
					"parent": "leg_right2",
					"pivot": [-2, 3.31667, -0.08333],
					"cubes": [
						{"origin": [-3, 0, -1], "size": [2, 4, 2], "inflate": 0.1, "uv": [0, 32]},
						{"origin": [-3, 4.2, -1], "size": [2, 1, 1], "inflate": 0.1, "uv": [16, 34]}
					]
				},
				{
					"name": "foot_right2",
					"parent": "foot_right",
					"pivot": [-2, 2, -0.5],
					"cubes": [
						{"origin": [-2, 0, -5], "size": [0, 4, 9], "uv": [26, 24]}
					]
				},
				{
					"name": "leg_left",
					"parent": "waist",
					"pivot": [2, 14.85, 0],
					"cubes": [
						{"origin": [1, 9, -1], "size": [2, 7, 2], "inflate": 0.1, "uv": [16, 41], "mirror": true}
					]
				},
				{
					"name": "leg_left2",
					"parent": "leg_left",
					"pivot": [2, 9.5, 0],
					"cubes": [
						{"origin": [1, 3, -1], "size": [2, 7, 2], "uv": [24, 41], "mirror": true}
					]
				},
				{
					"name": "foot_left",
					"parent": "leg_left2",
					"pivot": [2, 3.31667, -0.08333],
					"cubes": [
						{"origin": [1, 0, -1], "size": [2, 4, 2], "inflate": 0.1, "uv": [8, 32], "mirror": true},
						{"origin": [1, 4.2, -1], "size": [2, 1, 1], "inflate": 0.1, "uv": [16, 36], "mirror": true}
					]
				},
				{
					"name": "foot_left2",
					"parent": "foot_left",
					"pivot": [2, 2, -0.5],
					"cubes": [
						{"origin": [2, 0, -5], "size": [0, 4, 9], "uv": [26, 24], "mirror": true}
					]
				},
				{
					"name": "skirt_left",
					"parent": "waist",
					"pivot": [2.85, 18.625, 0],
					"cubes": [
						{"origin": [2.85, 16.625, -1.5], "size": [0, 2, 3], "uv": [58, 4]}
					]
				},
				{
					"name": "skirt_left1",
					"parent": "skirt_left",
					"pivot": [2.85, 16.625, 0],
					"cubes": [
						{"origin": [2.85, 14.625, -1.5], "size": [0, 2, 3], "uv": [58, 6]}
					]
				},
				{
					"name": "skirt_left2",
					"parent": "skirt_left1",
					"pivot": [2.85, 14.625, 0],
					"cubes": [
						{"origin": [2.85, 11.625, -1.5], "size": [0, 3, 3], "uv": [58, 8]}
					]
				},
				{
					"name": "skirt_right",
					"parent": "waist",
					"pivot": [-2.85, 18.625, 0],
					"cubes": [
						{"origin": [-2.85, 16.625, -1.5], "size": [0, 2, 3], "uv": [58, -3], "mirror": true}
					]
				},
				{
					"name": "skirt_right1",
					"parent": "skirt_right",
					"pivot": [-2.85, 16.625, 0],
					"cubes": [
						{"origin": [-2.85, 14.625, -1.5], "size": [0, 2, 3], "uv": [58, -1], "mirror": true}
					]
				},
				{
					"name": "skirt_right2",
					"parent": "skirt_right1",
					"pivot": [-2.85, 14.625, 0],
					"cubes": [
						{"origin": [-2.85, 11.625, -1.5], "size": [0, 3, 3], "uv": [58, 1], "mirror": true}
					]
				},
				{
					"name": "neck",
					"parent": "torso",
					"pivot": [0, 24.5, 0],
					"cubes": [
						{"origin": [-1, 22, -1], "size": [2, 5, 2], "uv": [16, 27]}
					]
				},
				{
					"name": "head",
					"parent": "neck",
					"pivot": [-0.01866, 25.9823, -0.025],
					"cubes": [
						{"origin": [-3, 26, -3], "size": [6, 6, 6], "inflate": -0.01, "uv": [0, 0]},
						{"origin": [-2.25, 27.5, -3.025], "size": [1, 2, 0], "pivot": [-1.75, 28.5, -3], "rotation": [0, 0, -22.5], "uv": [0, 1]},
						{"origin": [1.25, 27.5, -3.025], "size": [1, 2, 0], "pivot": [1.75, 28.5, -3], "rotation": [0, 0, 22.5], "uv": [0, 1]},
						{"origin": [1.2, 27.525, -3.35], "size": [1, 2, 1], "inflate": -0.3, "pivot": [1.75, 28.5, -3], "rotation": [0, 0, 22.5], "uv": [2, 3]},
						{"origin": [-2.2, 27.525, -3.35], "size": [1, 2, 1], "inflate": -0.3, "pivot": [-1.75, 28.5, -3], "rotation": [0, 0, -22.5], "uv": [2, 0], "mirror": true},
						{"origin": [-3.675, 30.55, -3.175], "size": [7, 3, 6], "inflate": 0.2, "pivot": [0, 32, 0], "rotation": [0, 0, -12.5], "uv": [0, 12]}
					]
				},
				{
					"name": "hair_back",
					"parent": "head",
					"pivot": [0.06397, 30.37549, 3],
					"cubes": [
						{"origin": [-3.41241, 24.26945, 3], "size": [7, 7, 0], "pivot": [0.06397, 30.37549, 3], "rotation": [17.5, 0, -12.5], "uv": [0, 21]},
						{"origin": [3.58759, 28.26945, 0], "size": [0, 3, 3], "pivot": [0.06397, 30.37549, 3], "rotation": [17.5, 0, -12.5], "uv": [22, 18]}
					]
				},
				{
					"name": "sidehair_left",
					"parent": "head",
					"pivot": [3.25, 31.375, -1.75],
					"rotation": [0, -85, 0],
					"cubes": [
						{"origin": [2.25, 29.25, -1.75], "size": [2, 3, 0], "uv": [18, 21]}
					]
				},
				{
					"name": "sidehair_left1",
					"parent": "sidehair_left",
					"pivot": [3.25, 29.25, -1.75],
					"cubes": [
						{"origin": [2.25, 26.25, -1.75], "size": [2, 3, 0], "uv": [18, 24]}
					]
				},
				{
					"name": "sidehair_right",
					"parent": "head",
					"pivot": [-3.35, 29.75, -1.75],
					"rotation": [0, 87.5, 0],
					"cubes": [
						{"origin": [-4.35, 29.25, -1.75], "size": [2, 1, 0], "uv": [14, 21]}
					]
				},
				{
					"name": "sidehair_right1",
					"parent": "sidehair_right",
					"pivot": [-3.35, 29.25, -1.75],
					"cubes": [
						{"origin": [-4.35, 26.25, -1.75], "size": [2, 3, 0], "uv": [14, 22]}
					]
				},
				{
					"name": "flower",
					"parent": "head",
					"pivot": [4.19591, 34.71089, -2.4],
					"rotation": [20, 0, 30]
				},
				{
					"name": "petal1",
					"parent": "flower",
					"pivot": [3.45, 34.45, -2.4],
					"rotation": [0, -60, 0],
					"cubes": [
						{"origin": [2.45, 32.7, -1.4], "size": [2, 2, 3], "inflate": 0.009, "uv": [44, 24]},
						{"origin": [2.95, 33.875, -1.4], "size": [1, 1, 3], "inflate": -0.15, "uv": [45, 40]},
						{"origin": [2.95, 32.7, 1.6], "size": [1, 1, 0], "pivot": [3.45, 32.7, 1.6], "rotation": [-40, 0, 0], "uv": [51, 21]}
					]
				},
				{
					"name": "petal2",
					"parent": "flower",
					"pivot": [3.45, 32.7, -2.4],
					"cubes": [
						{"origin": [2.45, 32.7, -1.4], "size": [2, 2, 3], "inflate": 0.008, "uv": [54, 24]},
						{"origin": [2.95, 33.875, -1.4], "size": [1, 1, 3], "inflate": -0.15, "uv": [55, 40]},
						{"origin": [2.95, 32.7, 1.6], "size": [1, 1, 0], "pivot": [3.45, 32.7, 1.6], "rotation": [-40, 0, 0], "uv": [55, 21]}
					]
				},
				{
					"name": "stamen",
					"parent": "petal2",
					"pivot": [3.45, 34.7, -1.4],
					"cubes": [
						{"origin": [2.95, 33.7, -1.4], "size": [1, 2, 0], "inflate": 0.01, "uv": [51, 12]}
					]
				},
				{
					"name": "stapen_top",
					"parent": "stamen",
					"pivot": [3.45, 35.7, -1.4],
					"cubes": [
						{"origin": [2.95, 35.7, -1.9], "size": [1, 1, 1], "inflate": 0.01, "uv": [50, 10]}
					]
				},
				{
					"name": "petal3",
					"parent": "flower",
					"pivot": [3.45, 34.45, -2.4],
					"rotation": [0, -120, 0],
					"cubes": [
						{"origin": [2.45, 32.7, -1.4], "size": [2, 2, 3], "inflate": 0.01, "uv": [44, 19]},
						{"origin": [2.95, 33.875, -1.4], "size": [1, 1, 3], "inflate": -0.15, "uv": [45, 35]},
						{"origin": [2.95, 32.7, 1.6], "size": [1, 1, 0], "pivot": [3.45, 32.7, 1.6], "rotation": [-40, 0, 0], "uv": [51, 20]}
					]
				},
				{
					"name": "stamen2",
					"parent": "petal3",
					"pivot": [3.45, 34.7, -1.4],
					"cubes": [
						{"origin": [2.95, 33.7, -1.4], "size": [1, 2, 0], "inflate": 0.01, "uv": [47, 12]}
					]
				},
				{
					"name": "stapen_top2",
					"parent": "stamen2",
					"pivot": [3.45, 35.7, -1.4],
					"cubes": [
						{"origin": [2.95, 35.7, -1.9], "size": [1, 1, 1], "uv": [46, 10]}
					]
				},
				{
					"name": "petal4",
					"parent": "flower",
					"pivot": [3.45, 34.45, -2.4],
					"rotation": [0, 180, 0],
					"cubes": [
						{"origin": [2.45, 32.7, -1.4], "size": [2, 2, 3], "inflate": 0.009, "uv": [44, 14]},
						{"origin": [2.95, 33.875, -1.4], "size": [1, 1, 3], "inflate": -0.15, "uv": [45, 30]},
						{"origin": [2.95, 32.7, 1.6], "size": [1, 1, 0], "pivot": [3.45, 32.7, 1.6], "rotation": [-40, 0, 0], "uv": [51, 19]}
					]
				},
				{
					"name": "petal5",
					"parent": "flower",
					"pivot": [3.45, 34.45, -2.4],
					"rotation": [0, 120, 0],
					"cubes": [
						{"origin": [2.45, 32.7, -1.4], "size": [2, 2, 3], "inflate": 0.008, "uv": [54, 14]},
						{"origin": [2.95, 33.875, -1.4], "size": [1, 1, 3], "inflate": -0.15, "uv": [55, 30]},
						{"origin": [2.95, 32.7, 1.6], "size": [1, 1, 0], "pivot": [3.45, 32.7, 1.6], "rotation": [-40, 0, 0], "uv": [55, 19]}
					]
				},
				{
					"name": "stamen3",
					"parent": "petal5",
					"pivot": [3.45, 34.7, -1.4],
					"cubes": [
						{"origin": [2.95, 33.7, -1.4], "size": [1, 2, 0], "inflate": 0.01, "uv": [55, 12]}
					]
				},
				{
					"name": "stapen_top3",
					"parent": "stamen3",
					"pivot": [3.45, 35.7, -1.4],
					"cubes": [
						{"origin": [2.95, 35.7, -1.9], "size": [1, 1, 1], "inflate": 0.01, "uv": [54, 10]}
					]
				},
				{
					"name": "petal6",
					"parent": "flower",
					"pivot": [3.45, 34.45, -2.4],
					"rotation": [0, 60, 0],
					"cubes": [
						{"origin": [2.45, 32.7, -1.4], "size": [2, 2, 3], "inflate": 0.007, "uv": [54, 19]},
						{"origin": [2.95, 33.875, -1.4], "size": [1, 1, 3], "inflate": -0.15, "uv": [55, 35]},
						{"origin": [2.95, 32.7, 1.6], "size": [1, 1, 0], "pivot": [3.45, 32.7, 1.6], "rotation": [-40, 0, 0], "uv": [55, 20]}
					]
				},
				{
					"name": "stigma",
					"parent": "flower",
					"pivot": [3.45, 32.7, -2.4],
					"cubes": [
						{"origin": [2.45, 34.2, -3.3], "size": [2, 0, 2], "inflate": 0.2, "uv": [50, 15]}
					]
				},
				{
					"name": "leaf_right2",
					"parent": "flower",
					"pivot": [2.3, 32.625, -1.675],
					"cubes": [
						{"origin": [-1.6, 32.625, -4.175], "size": [5, 0, 5], "uv": [19, 10]}
					]
				},
				{
					"name": "leaf_left2",
					"parent": "flower",
					"pivot": [4.25, 32.675, -1.6],
					"rotation": [0, 0, 2.5],
					"cubes": [
						{"origin": [3.35086, 32.63574, -4.1], "size": [5, 0, 5], "uv": [29, 10], "mirror": true}
					]
				},
				{
					"name": "necklace",
					"parent": "head",
					"pivot": [0, 26, -1]
				},
				{
					"name": "necklace_front",
					"parent": "necklace",
					"pivot": [0, 26, -1],
					"cubes": [
						{"origin": [-1, 26, -4], "size": [2, 0, 3], "uv": [1, 29]}
					]
				},
				{
					"name": "necklace_back",
					"parent": "necklace",
					"pivot": [0, 26, 1],
					"cubes": [
						{"origin": [-1, 26, 1], "size": [2, 0, 3], "uv": [-3, 29]}
					]
				},
				{
					"name": "necklace_left",
					"parent": "necklace",
					"pivot": [1, 26, 0],
					"cubes": [
						{"origin": [1, 26, -1], "size": [3, 0, 2], "uv": [6, 28]}
					]
				},
				{
					"name": "necklace_right",
					"parent": "necklace",
					"pivot": [-1, 26, 0],
					"cubes": [
						{"origin": [-4, 26, -1], "size": [3, 0, 2], "uv": [6, 30]}
					]
				},
				{
					"name": "arm_left",
					"parent": "torso",
					"pivot": [1.85, 24.5, 0],
					"cubes": [
						{"origin": [1.85, 24.5, -1.5], "size": [5, 0, 3], "uv": [15, 3]}
					]
				},
				{
					"name": "arm_left1",
					"parent": "arm_left",
					"pivot": [6.85, 24.5, 0],
					"cubes": [
						{"origin": [6.85, 24.5, -2.5], "size": [5, 0, 5], "uv": [23, 5]}
					]
				},
				{
					"name": "arm_left2",
					"parent": "arm_left1",
					"pivot": [11.85, 24.5, 0],
					"cubes": [
						{"origin": [11.85, 24.5, -2.5], "size": [5, 0, 5], "uv": [33, 5]}
					]
				},
				{
					"name": "arm_left3",
					"parent": "arm_left2",
					"pivot": [16.85, 24.5, 0],
					"cubes": [
						{"origin": [16.85, 24.5, -1.5], "size": [5, 0, 3], "uv": [45, 3]}
					]
				},
				{
					"name": "arm_right",
					"parent": "torso",
					"pivot": [-1.8, 24.5, 0],
					"cubes": [
						{"origin": [-6.8, 24.5, -1.5], "size": [5, 0, 3], "uv": [15, 0], "mirror": true}
					]
				},
				{
					"name": "arm_right1",
					"parent": "arm_right",
					"pivot": [-6.8, 24.5, 0],
					"cubes": [
						{"origin": [-11.8, 24.5, -2.5], "size": [5, 0, 5], "uv": [23, 0], "mirror": true}
					]
				},
				{
					"name": "arm_right2",
					"parent": "arm_right1",
					"pivot": [-11.8, 24.5, 0],
					"cubes": [
						{"origin": [-16.8, 24.5, -2.5], "size": [5, 0, 5], "uv": [33, 0], "mirror": true}
					]
				},
				{
					"name": "arm_right3",
					"parent": "arm_right2",
					"pivot": [-16.8, 24.5, 0],
					"cubes": [
						{"origin": [-21.8, 24.5, -1.5], "size": [5, 0, 3], "uv": [45, 0], "mirror": true}
					]
				}
			]
		}
	]
}