{
    "enabled": true,
    "neededInstalledMods": [],
    "neededUninstalledMods": [],
    "spawns": [
        {
            "id": "gastrodon-1",
            "pokemon": "gastrodon",
            "presets": [
                "beach"
            ],
            "type": "pokemon",
            "context": "grounded",
            "bucket": "rare",
            "level": "28-40",
            "weight": 5.0,
            "condition": {
                "canSeeSky": true
            }
        },
        {
            "id": "gastrodon-2",
            "pokemon": "gastrodon",
            "presets": [
                "warms"
            ],
            "type": "pokemon",
            "context": "submerged",
            "bucket": "rare",
            "level": "28-49",
            "weight": 5.0,
            "condition": {
                "canSeeSky": true
            }
        },
        {
            "id": "gastrodon-3",
            "pokemon": "gastrodon",
            "presets": [
                "natural"
            ],
            "type": "pokemon",
            "context": "grounded",
            "bucket": "rare",
            "level": "28-49",
            "weight": 5.0,
            "condition": {
                "canSeeSky": true,
                "biomes": [
                    "#cobblemon:is_swamp"
                ],
                "isRaining": true
            }
        },
        {
            "id": "gastrodon-east-1",
            "pokemon": "gastrodon east",
            "presets": [
                "colds"
            ],
            "type": "pokemon",
            "context": "submerged",
            "bucket": "rare",
            "level": "28-49",
            "weight": 5.0,
            "condition": {
                "canSeeSky": true
            }
        },
        {
            "id": "gastrodon-east-2",
            "pokemon": "gastrodon east",
            "presets": [
                "beach"
            ],
            "type": "pokemon",
            "context": "grounded",
            "bucket": "rare",
            "level": "28-40",
            "weight": 5.0,
            "condition": {
                "canSeeSky": true
            }
        },
        {
            "id": "gastrodon-east-3",
            "pokemon": "gastrodon east",
            "presets": [
                "natural"
            ],
            "type": "pokemon",
            "context": "grounded",
            "bucket": "rare",
            "level": "28-49",
            "weight": 5.0,
            "condition": {
                "canSeeSky": true,
                "biomes": [
                    "#cobblemon:is_hills"
                ],
                "isRaining": true
            }
        }
    ]
}