{
	"format_version": "1.8.0",
	"animations": {
		"animation.cranidos.ground_idle": {
			"loop": true,
			"bones": {
				"torso": {
					"rotation": ["-2.5+1*math.cos(q.anim_time*90*2-90)*1", 0, "-1*math.cos(q.anim_time*90*1-30)*0.5"],
					"position": [0, "-0.1*math.cos(q.anim_time*90*2-60)*1", 0]
				},
				"tail1": {
					"rotation": [6.0183, "10*math.cos(q.anim_time*90*1-150)*1", 0.21016]
				},
				"tail2": {
					"rotation": [8.14828, "5*math.cos(q.anim_time*90*1-120)*1", 0.85527]
				},
				"torso2": {
					"rotation": ["-7.5-1*math.cos(q.anim_time*90*2-30)*0.5", 0, "-1*math.cos(q.anim_time*90*1-30)*1"]
				},
				"left_arm": {
					"rotation": [14.82068, 22.98023, "-20.5999+3*math.cos(q.anim_time*90*2-30)*1"],
					"position": [0, 0, 0.1]
				},
				"left_arm2": {
					"rotation": ["-24.4703+3*math.cos(q.anim_time*90*2-30)*1", 12.0632, "19.1435+3*math.cos(q.anim_time*90*2-90)*1"]
				},
				"left_hand": {
					"rotation": [0, 0, "-(1*math.sin(q.anim_time*90*2-30)*1)"]
				},
				"left_finger1": {
					"rotation": [23.09453, 24.3176, -5.738]
				},
				"left_finger2": {
					"rotation": [-28.0945, -24.3176, 5.738]
				},
				"left_finger3": {
					"rotation": [0, 0, 22.5]
				},
				"right_arm": {
					"rotation": [14.82068, -22.98023, "20.5999-3*math.cos(q.anim_time*90*2-30)*1"],
					"position": [0, 0, 0.1]
				},
				"right_arm2": {
					"rotation": ["-24.4703+3*math.cos(q.anim_time*90*2-30)*1", -12.06324, "-19.1435-3*math.cos(q.anim_time*90*2-90)*1"]
				},
				"right_hand": {
					"rotation": [0, 0, "1*math.sin(q.anim_time*90*2-30)*1"]
				},
				"right_finger1": {
					"rotation": [23.09453, -24.31762, 5.738]
				},
				"right_finger2": {
					"rotation": [-28.0945, 24.3176, -5.738]
				},
				"right_finger3": {
					"rotation": [0, 0, -22.5]
				},
				"neck": {
					"rotation": ["12.5-2*math.cos(q.anim_time*90*2-30)*0.5", 0, 0]
				},
				"head": {
					"rotation": ["-1*math.cos(q.anim_time*90*2-90)*1", "-1*math.cos(q.anim_time*90*1-90)*1", 0]
				},
				"leg_right": {
					"rotation": ["5.8214+1*math.cos(q.anim_time*90*2-60)*1", -0.39235, -1.68259],
					"position": [0, "-0.2-0.1*math.cos(q.anim_time*90*2-60)*1", 0]
				},
				"rightfoot_toe2": {
					"rotation": [0, 25, 0]
				},
				"rightfoot_toe3": {
					"rotation": [0, -25, 0]
				},
				"leg_left": {
					"rotation": ["5.8214+1*math.cos(q.anim_time*90*2-60)*1", 0.39235, 1.68259],
					"position": [0, "-0.2-0.1*math.cos(q.anim_time*90*2-60)*1", 0]
				},
				"leftfoot_toe2": {
					"rotation": [0, -25, 0]
				},
				"leftfoot_toe3": {
					"rotation": [0, 25, 0]
				},
				"chain": {
					"rotation": ["78.25+2*math.cos(q.anim_time*90*2-120)*1", "0+2*math.cos(q.anim_time*90*1-120)*1", "0+2*math.cos(q.anim_time*90*1-120)*1"]
				},
				"leg_right2": {
					"rotation": ["-12-2*math.cos(q.anim_time*90*2-60)*1", 0, 0],
					"position": [0, "0.1+0.06*math.cos(q.anim_time*90*2-60)*1", "-0.375+0.07*math.cos(q.anim_time*90*2-60)*1"]
				},
				"foot_right": {
					"rotation": ["6.2987+1*math.cos(q.anim_time*90*2-60)*1", 15.85949, 2.14346]
				},
				"leg_left2": {
					"rotation": ["-12-2*math.cos(q.anim_time*90*2-60)*1", 0, 0],
					"position": [0, "0.1+0.06*math.cos(q.anim_time*90*2-60)*1", "-0.375+0.07*math.cos(q.anim_time*90*2-60)*1"]
				},
				"foot_left": {
					"rotation": ["6.2987+1*math.cos(q.anim_time*90*2-60)*1", -15.85949, -2.14346]
				},
				"tail": {
					"rotation": ["-2*math.cos(q.anim_time*90*2-120)*1", "4*math.cos(q.anim_time*90*1-70)*1", 0]
				}
			}
		},
		"animation.cranidos.battle_idle": {
			"loop": true,
			"bones": {
				"torso": {
					"rotation": ["8.7077+1*math.cos(q.anim_time*90*3)*1", 0, "-2*math.cos(q.anim_time*90*1.5)*0.5"],
					"position": [0, "-0.6-0.1*math.cos(q.anim_time*90*3-60)*1", 0]
				},
				"tail1": {
					"rotation": [14.98856, "4.9931*math.cos(q.anim_time*90*3-120)*1", -0.26234]
				},
				"tail2": {
					"rotation": [6.99449, "5.9991*math.cos(q.anim_time*90*3-150)*1", -0.1051]
				},
				"torso2": {
					"rotation": ["-1.5-0.5*math.cos(q.anim_time*90*3-60)*1", 0, "2*math.cos(q.anim_time*90*1.5)*0.5"]
				},
				"left_arm": {
					"rotation": ["-12.1423+1*math.cos(q.anim_time*90*3-30)*1", 5.49996, "-36.8329-3*math.cos(q.anim_time*90*3-30)*1"],
					"position": [0, 0, 0.1]
				},
				"left_arm2": {
					"rotation": ["-29.4703+0.5*math.cos(q.anim_time*90*3-30)*1", 14.365, "23.7035-0.5*math.cos(q.anim_time*90*3-90)*1"]
				},
				"left_hand": {
					"rotation": [0, 0, "-1*math.sin(q.anim_time*90*3-30)*1"]
				},
				"left_finger1": {
					"rotation": [23.09453, 24.3176, -5.738]
				},
				"left_finger2": {
					"rotation": [-28.0945, -24.3176, 5.738]
				},
				"left_finger3": {
					"rotation": [0, 0, 22.5]
				},
				"right_arm": {
					"rotation": ["-12.6406+1*math.cos(q.anim_time*90*3-30)*1", -4.2113, 42.7141],
					"position": [0, 0, 0.1]
				},
				"right_arm2": {
					"rotation": ["-29.4703+0.5*math.cos(q.anim_time*90*3-30)*1", -14.365, "-23.7035+0.5*math.cos(q.anim_time*90*3-90)*1"]
				},
				"right_hand": {
					"rotation": [0, 0, "1*math.sin(q.anim_time*90*2-30)*1"]
				},
				"right_finger1": {
					"rotation": [23.09453, -24.31762, 5.738]
				},
				"right_finger2": {
					"rotation": [-28.0945, 24.3176, -5.738]
				},
				"right_finger3": {
					"rotation": [0, 0, -22.5]
				},
				"neck": {
					"rotation": ["27.5-1*math.cos(q.anim_time*90*3-30)*1", 0, 0]
				},
				"head": {
					"rotation": ["-29.25-1*math.sin(q.anim_time*90*3-30)*0.5", "1*math.cos(q.anim_time*90*1.5-50)*1", 0]
				},
				"leg_right": {
					"rotation": ["15.9138+1*math.cos(q.anim_time*90*3-60)*1", 19.92798, 2.37257],
					"position": [0, "-0.3-0.1*math.cos(q.anim_time*90*3-60)*1", 1.2]
				},
				"rightfoot_toe2": {
					"rotation": [0, 25, 0]
				},
				"rightfoot_toe3": {
					"rotation": [0, -25, 0]
				},
				"leg_left": {
					"rotation": ["-9+2*math.cos(q.anim_time*90*3-60)*1", -12.5, 0],
					"position": [0, "-1.1-0.1*math.cos(q.anim_time*90*3-60)*1", -0.425]
				},
				"leftfoot_toe2": {
					"rotation": [0, -25, 0]
				},
				"leftfoot_toe3": {
					"rotation": [0, 25, 0]
				},
				"chain": {
					"rotation": ["47+4*math.cos(q.anim_time*90*3-90)*1", "0+1*math.cos(q.anim_time*90*1.5-150)*1", "0+1*math.cos(q.anim_time*90*1.5-150)*1"]
				},
				"leg_right2": {
					"rotation": ["-6-3*math.cos(q.anim_time*90*3-60)*1", 0, 0],
					"position": [0, "-0.05+0.05*math.cos(q.anim_time*90*3-60)*1", "0.166*math.cos(q.anim_time*90*3-60)*1"]
				},
				"foot_right": {
					"rotation": ["5+3*math.cos(q.anim_time*90*3-60)*1", 0, 0]
				},
				"leg_left2": {
					"rotation": ["-32-3*math.cos(q.anim_time*90*3-60)*1", 0, 0],
					"position": [0, "-0.025*math.cos(q.anim_time*90*3-60)*1", "0.02*math.cos(q.anim_time*90*3-60)*1"]
				},
				"foot_left": {
					"rotation": ["41+1*math.cos(q.anim_time*90*3-60)*1", 0, 0],
					"position": [0, "0.01*math.cos(q.anim_time*90*3-60)*1", "-0.15-0.025*math.cos(q.anim_time*90*3-60)*1"]
				},
				"tail": {
					"rotation": [2, "4.2387*math.cos(q.anim_time*90*3-60)*1", -0.34433]
				},
				"eye_right": {
					"rotation": [5.5, 0, 0]
				},
				"slanted_eyelid_right": {
					"rotation": [8, 0, 0],
					"position": [0, 0.15, -0.05]
				},
				"eye_left": {
					"rotation": [5.5, 0, 0]
				},
				"slanted_eyelid_left": {
					"rotation": [8, 0, 0],
					"position": [0, 0.15, -0.05]
				},
				"foot_right2": {
					"rotation": ["-14-1.5*math.cos(q.anim_time*90*3-60)*1", 0, 0]
				},
				"foot_left2": {
					"rotation": [0, 0, 0]
				}
			}
		},
		"animation.cranidos.ground_walk": {
			"loop": true,
			"animation_length": 1.33333,
			"bones": {
				"torso": {
					"rotation": ["-9+2*math.sin(q.anim_time*90*6)*1", "0+8*math.cos(q.anim_time*90*3)*1", "0+4*math.sin(q.anim_time*90*3-60)*1"],
					"position": [0, "-0.5*math.cos(q.anim_time*90*6-50)*1", 0]
				},
				"tail": {
					"rotation": ["7+3*math.cos(q.anim_time*90*6-120)*1", "0+8*math.cos(q.anim_time*90*3-70)*1", 0]
				},
				"tail1": {
					"rotation": [6.0183, "15*math.cos(q.anim_time*90*3-150)*1", 0.21016]
				},
				"tail2": {
					"rotation": [8.14828, "5*math.cos(q.anim_time*90*3-120)*1", 0.85527]
				},
				"torso2": {
					"rotation": ["1+1*math.sin(q.anim_time*90*6-90)*1", "0-2*math.cos(q.anim_time*90*3)*1", 0]
				},
				"left_arm": {
					"rotation": [-2.23193, 29.02307, "-28.2483+5*math.cos(q.anim_time*90*3-30)*1"],
					"position": [0, 0, 0.1]
				},
				"left_arm2": {
					"rotation": ["-29.4703+1*math.cos(q.anim_time*90*3-90)*1", 14.365, "23.7035+2*math.cos(q.anim_time*90*3-90)*1"]
				},
				"left_hand": {
					"rotation": [0, 0, "-1*math.sin(q.anim_time*90*6-120)*1"]
				},
				"left_finger1": {
					"rotation": [23.09453, 24.31762, -5.738]
				},
				"left_finger2": {
					"rotation": [-28.0945, -24.3176, 5.738]
				},
				"left_finger3": {
					"rotation": [0, 0, 22.5]
				},
				"right_arm": {
					"rotation": [-2.23193, -29.02307, "28.2483-5*math.cos(q.anim_time*90*3-30)*1"],
					"position": [0, 0, 0.1]
				},
				"right_arm2": {
					"rotation": ["-29.4703+1*math.cos(q.anim_time*90*3-90)*1", -14.365, "-23.7035-2*math.cos(q.anim_time*90*3-90)*1"]
				},
				"right_hand": {
					"rotation": [0, 0, "-1*math.sin(q.anim_time*90*6-120)*1"]
				},
				"right_finger1": {
					"rotation": [23.09453, -24.31762, 5.738]
				},
				"right_finger2": {
					"rotation": [-28.0945, 24.3176, -5.738]
				},
				"right_finger3": {
					"rotation": [0, 0, -22.5]
				},
				"neck": {
					"rotation": ["17+2*math.sin(q.anim_time*90*6-90)*1", "-3*math.cos(q.anim_time*90*3)*1", 0]
				},
				"head": {
					"rotation": ["3*math.sin(q.anim_time*90*6-120)*1", "-3*math.cos(q.anim_time*90*3)*1", "3.4188*math.cos(q.anim_time*90*3)*1"]
				},
				"leg_right": {
					"rotation": {
						"0.0": [15.75, -0.85, 0.51],
						"0.1667": {
							"pre": [17.77654, -2.4399, 4.89599],
							"post": [17.77654, -2.4399, 4.89599],
							"lerp_mode": "catmullrom"
						},
						"0.2917": {
							"post": [11.61668, -3.93181, 6.39931],
							"lerp_mode": "catmullrom"
						},
						"0.5833": {
							"post": [-17.0278, -3.7501, 2.87775],
							"lerp_mode": "catmullrom"
						},
						"0.6667": [-17, -6, 0],
						"1.2917": [13.00191, -0.97437, -0.22497],
						"1.3333": [15.75, -0.85, 0.51]
					},
					"position": {
						"0.0": [0.19, -0.08, 1.52],
						"0.2917": {
							"pre": [0, 1.38, 0.13],
							"post": [0, 1.38, 0.13],
							"lerp_mode": "catmullrom"
						},
						"0.4583": {
							"post": [-0.01, 2.05, -0.23],
							"lerp_mode": "catmullrom"
						},
						"0.5833": {
							"post": [0, 1.6, -0.62],
							"lerp_mode": "catmullrom"
						},
						"0.6667": [0, 0, -1.2],
						"0.8333": [0.06, 0.07, -0.46],
						"1.0": [0.11, 0.03, 0.275],
						"1.2917": [0.2, -0.2, 1.575],
						"1.3333": [0.19, -0.08, 1.52]
					}
				},
				"leg_right2": {
					"rotation": {
						"0.0": [-3.07, 0, 0],
						"0.0833": {
							"pre": [-1.85, 0, 0],
							"post": [-1.85, 0, 0],
							"lerp_mode": "catmullrom"
						},
						"0.2083": {
							"post": [15.29, 0, 0],
							"lerp_mode": "catmullrom"
						},
						"0.3333": {
							"post": [9.09, 0, 0],
							"lerp_mode": "catmullrom"
						},
						"0.5833": {
							"post": [-6.83, 0, 0],
							"lerp_mode": "catmullrom"
						},
						"0.6667": [-6, 0, 0],
						"1.2917": [-3, 0, 0],
						"1.3333": [-3.07, 0, 0]
					}
				},
				"foot_right": {
					"rotation": {
						"0.0": [9.24, 7.81, -2.01],
						"0.0417": {
							"pre": [13.77729, 7.9962, 0.24731],
							"post": [13.77729, 7.9962, 0.24731],
							"lerp_mode": "catmullrom"
						},
						"0.125": {
							"post": [24.0473, 7.92223, 1.11636],
							"lerp_mode": "catmullrom"
						},
						"0.2917": {
							"post": [17.80624, 7.70121, 2.17253],
							"lerp_mode": "catmullrom"
						},
						"0.5833": {
							"post": [14.01473, 9.9867, -0.51816],
							"lerp_mode": "catmullrom"
						},
						"0.6667": [22.44319, 11.11462, 4.55258],
						"1.2917": [7.82005, 8.00688, -3.18444],
						"1.3333": [9.24, 7.81, -2.01]
					}
				},
				"foot_right2": {
					"rotation": {
						"0.0": [-23.75, -0.06, 0],
						"0.0417": {
							"pre": [-22, 0, 0],
							"post": [-22, 0, 0],
							"lerp_mode": "catmullrom"
						},
						"0.2083": {
							"post": [-7, 0, 0],
							"lerp_mode": "catmullrom"
						},
						"0.2917": {
							"post": [0, 0, 0],
							"lerp_mode": "catmullrom"
						},
						"0.4167": {
							"post": [-14, 0, 0],
							"lerp_mode": "catmullrom"
						},
						"0.5417": {
							"post": [-17.81677, -0.05933, 0],
							"lerp_mode": "catmullrom"
						},
						"0.625": {
							"post": [-12, 0, 0],
							"lerp_mode": "catmullrom"
						},
						"0.6667": [0, 1, 0],
						"1.2917": [-21, 0, 0],
						"1.3333": [-23.75, -0.06, 0]
					}
				},
				"rightfoot_toe2": {
					"rotation": [0, 25, 0]
				},
				"rightfoot_toe3": {
					"rotation": [0, -25, 0]
				},
				"leg_left": {
					"rotation": {
						"0.0": [-17, 6, 0],
						"0.625": [13.00191, 0.97437, 0.22497],
						"0.8333": {
							"pre": [17.77654, 2.4399, -4.89599],
							"post": [17.77654, 2.4399, -4.89599],
							"lerp_mode": "catmullrom"
						},
						"0.9583": {
							"post": [11.61668, 3.93181, -6.39931],
							"lerp_mode": "catmullrom"
						},
						"1.25": {
							"post": [-17.0278, 3.7501, -2.87775],
							"lerp_mode": "catmullrom"
						},
						"1.3333": [-17, 6, 0]
					},
					"position": {
						"0.0": [0, 0, -1.2],
						"0.1667": [-0.06, 0.07, -0.46],
						"0.3333": [-0.11, 0.03, 0.275],
						"0.625": [-0.2, -0.2, 1.575],
						"0.9583": {
							"pre": [0, 1.38, 0.13],
							"post": [0, 1.38, 0.13],
							"lerp_mode": "catmullrom"
						},
						"1.125": {
							"post": [0.01, 2.05, -0.23],
							"lerp_mode": "catmullrom"
						},
						"1.25": {
							"post": [0, 1.6, -0.62],
							"lerp_mode": "catmullrom"
						},
						"1.3333": [0, 0, -1.2]
					}
				},
				"leg_left2": {
					"rotation": {
						"0.0": [-6, 0, 0],
						"0.625": [-3, 0, 0],
						"0.75": {
							"pre": [-1.85, 0, 0],
							"post": [-1.85, 0, 0],
							"lerp_mode": "catmullrom"
						},
						"0.875": {
							"post": [15.29, 0, 0],
							"lerp_mode": "catmullrom"
						},
						"1.0": {
							"post": [9.09, 0, 0],
							"lerp_mode": "catmullrom"
						},
						"1.25": {
							"post": [-6.83, 0, 0],
							"lerp_mode": "catmullrom"
						},
						"1.3333": [-6, 0, 0]
					}
				},
				"foot_left": {
					"rotation": {
						"0.0": [22.44, -11.11, -4.55],
						"0.625": [7.82005, -8.00688, 3.18444],
						"0.7083": {
							"pre": [13.77729, -7.9962, -0.24731],
							"post": [13.77729, -7.9962, -0.24731],
							"lerp_mode": "catmullrom"
						},
						"0.7917": {
							"post": [24.0473, -7.92223, -1.11636],
							"lerp_mode": "catmullrom"
						},
						"0.9583": {
							"post": [17.80624, -7.70121, -2.17253],
							"lerp_mode": "catmullrom"
						},
						"1.25": {
							"post": [14.01473, -9.9867, 0.51816],
							"lerp_mode": "catmullrom"
						},
						"1.3333": [22.44, -11.11, -4.55]
					}
				},
				"foot_left2": {
					"rotation": {
						"0.0": [0, -1, 0],
						"0.625": [-21, 0, 0],
						"0.7083": {
							"pre": [-22, 0, 0],
							"post": [-22, 0, 0],
							"lerp_mode": "catmullrom"
						},
						"0.875": {
							"post": [-7, 0, 0],
							"lerp_mode": "catmullrom"
						},
						"0.9583": {
							"post": [0, 0, 0],
							"lerp_mode": "catmullrom"
						},
						"1.0833": {
							"post": [-14, 0, 0],
							"lerp_mode": "catmullrom"
						},
						"1.2083": {
							"post": [-17.81677, 0.05933, 0],
							"lerp_mode": "catmullrom"
						},
						"1.2917": {
							"post": [-12, 0, 0],
							"lerp_mode": "catmullrom"
						},
						"1.3333": [0, -1, 0]
					}
				},
				"leftfoot_toe2": {
					"rotation": [0, -25, 0]
				},
				"leftfoot_toe3": {
					"rotation": [0, 25, 0]
				},
				"chain": {
					"rotation": ["73.5+5*math.cos(q.anim_time*90*6-230)*1", "0-5*math.cos(q.anim_time*90*3-210)*1", "0+5*math.cos(q.anim_time*90*3-210)*1"]
				}
			}
		},
		"animation.cranidos.ground_run": {
			"loop": true,
			"animation_length": 0.8,
			"bones": {
				"torso": {
					"rotation": ["-0.3195-4*math.cos(q.anim_time*90*10-60)*1", "0-7*math.cos(q.anim_time*90*5-120)*1", "0+3*math.cos(q.anim_time*90*5-90-90)*1"],
					"position": [0, "0.3-0.5*math.cos(q.anim_time*90*10-30)*2", 0]
				},
				"tail1": {
					"rotation": [6.0183, "15*math.cos(q.anim_time*90*5-150)*1", 0.21016]
				},
				"tail2": {
					"rotation": [8.14828, "5*math.cos(q.anim_time*90*5-150)*1", 0.85527]
				},
				"torso2": {
					"rotation": ["7.25+5*math.cos(q.anim_time*90*10-90)*1", "0+5*math.cos(q.anim_time*90*5-120)*1", "0-2*math.cos(q.anim_time*90*5-90-90)*1"]
				},
				"left_arm": {
					"rotation": ["-3.1845+10*math.cos(q.anim_time*90*5-30)*1", "17.129-5*math.cos(q.anim_time*90*5-30)*1", "-38.8335+5*math.cos(q.anim_time*90*5-30)*1"],
					"position": [0, 0, 0.1]
				},
				"left_arm2": {
					"rotation": ["-29.4703+3*math.cos(q.anim_time*90*5-90)*1", 14.365, 23.7035]
				},
				"left_hand": {
					"rotation": [0, 0, 1]
				},
				"left_finger1": {
					"rotation": [23.09453, 24.3176, -5.738]
				},
				"left_finger2": {
					"rotation": [-28.0945, -24.3176, 5.738]
				},
				"left_finger3": {
					"rotation": [0, 0, 22.5]
				},
				"right_arm": {
					"rotation": ["-3.1845-10*math.cos(q.anim_time*90*5-30)*1", "-17.129+5*math.cos(q.anim_time*90*5-30)*1", "38.8335-5*math.cos(q.anim_time*90*5-30)*1"],
					"position": [0, 0, 0.1]
				},
				"right_arm2": {
					"rotation": ["-29.4703-3*math.cos(q.anim_time*90*5-90)*1", -14.365, -23.7035]
				},
				"right_hand": {
					"rotation": [0, 0, 1]
				},
				"right_finger1": {
					"rotation": [23.09453, -24.31762, 5.738]
				},
				"right_finger2": {
					"rotation": [-28.0945, 24.3176, -5.738]
				},
				"right_finger3": {
					"rotation": [0, 0, -22.5]
				},
				"neck": {
					"rotation": {
						"0.0": ["26+2*math.cos(q.anim_time*90*10-90)*1", 0, 0],
						"0.0833": ["27+2*math.cos(q.anim_time*90*10-90)*1", 0, 0]
					}
				},
				"head": {
					"rotation": {
						"0.0": ["-31.9857-4*math.cos(q.anim_time*90*10-30)*1", "3*math.cos(q.anim_time*90*5-60)*1", 0.95637],
						"0.0833": ["-30.9857-4*math.cos(q.anim_time*90*10-30)*1", "0+3*math.cos(q.anim_time*90*5-60)*1", 0.95637]
					}
				},
				"leg_right": {
					"rotation": {
						"0.0": {
							"post": [24.86008, 2.14838, 0.57118],
							"lerp_mode": "catmullrom"
						},
						"0.2917": {
							"post": [-38, 1.7, 0],
							"lerp_mode": "catmullrom"
						},
						"0.4167": {
							"post": [-13.43893, 3.34087, 4.05703],
							"lerp_mode": "catmullrom"
						},
						"0.7917": {
							"post": [24.86008, 2.14838, 0.57118],
							"lerp_mode": "catmullrom"
						}
					},
					"position": {
						"0.0": {
							"post": [0, 1.27, 1.45],
							"lerp_mode": "catmullrom"
						},
						"0.0833": {
							"post": [0, 1.21, 0.95],
							"lerp_mode": "catmullrom"
						},
						"0.1667": {
							"post": [0, 2.1, 0.17],
							"lerp_mode": "catmullrom"
						},
						"0.2917": {
							"post": [0, 1.46, -1.94],
							"lerp_mode": "catmullrom"
						},
						"0.4167": {
							"post": [0, -0.1, -1.5],
							"lerp_mode": "catmullrom"
						},
						"0.5": {
							"post": [0, 0.2, -0.24],
							"lerp_mode": "catmullrom"
						},
						"0.625": {
							"post": [0, -0.1, 0.39],
							"lerp_mode": "catmullrom"
						},
						"0.7917": {
							"post": [0, 1.27, 1.45],
							"lerp_mode": "catmullrom"
						}
					}
				},
				"rightfoot_toe2": {
					"rotation": [0, 25, 0]
				},
				"rightfoot_toe3": {
					"rotation": [0, -25, 0]
				},
				"leg_left": {
					"rotation": {
						"0.0": {
							"post": [-13.43893, -3.34087, -4.05703],
							"lerp_mode": "catmullrom"
						},
						"0.375": {
							"post": [24.86008, -2.14838, -0.57118],
							"lerp_mode": "catmullrom"
						},
						"0.4583": {
							"post": [24.86008, -2.14838, -0.57118],
							"lerp_mode": "catmullrom"
						},
						"0.7083": {
							"post": [-38, -1.7, 0],
							"lerp_mode": "catmullrom"
						},
						"0.7917": {
							"post": [-13.43893, -3.34087, -4.05703],
							"lerp_mode": "catmullrom"
						}
					},
					"position": {
						"0.0": {
							"post": [0, -0.1, -1.5],
							"lerp_mode": "catmullrom"
						},
						"0.0833": {
							"post": [0, 0.2, -0.24],
							"lerp_mode": "catmullrom"
						},
						"0.2083": {
							"post": [0, -0.1, 0.39],
							"lerp_mode": "catmullrom"
						},
						"0.375": {
							"post": [0, 1.27, 1.45],
							"lerp_mode": "catmullrom"
						},
						"0.5": {
							"post": [0, 1.21, 0.95],
							"lerp_mode": "catmullrom"
						},
						"0.5833": {
							"post": [0, 2.1, 0.17],
							"lerp_mode": "catmullrom"
						},
						"0.7083": {
							"post": [0, 1.46, -1.94],
							"lerp_mode": "catmullrom"
						},
						"0.7917": {
							"post": [0, -0.1, -1.5],
							"lerp_mode": "catmullrom"
						}
					}
				},
				"leftfoot_toe2": {
					"rotation": [0, -25, 0]
				},
				"leftfoot_toe3": {
					"rotation": [0, 25, 0]
				},
				"chain": {
					"rotation": ["41.25+7*math.cos(q.anim_time*90*10-120)*1", "5*math.cos(q.anim_time*90*5-210)*1", "5*math.cos(q.anim_time*90*5-210)*1"]
				},
				"leg_right2": {
					"rotation": {
						"0.0": [25, 0, 0],
						"0.0833": {
							"pre": [-6.17, 0, 0],
							"post": [-6.17, 0, 0],
							"lerp_mode": "catmullrom"
						},
						"0.2083": {
							"post": [-25.61, 0, 0],
							"lerp_mode": "catmullrom"
						},
						"0.2917": {
							"post": [-19.57, 0, 0],
							"lerp_mode": "catmullrom"
						},
						"0.375": {
							"post": [-0.50452, 0.29836, 0.23548],
							"lerp_mode": "catmullrom"
						},
						"0.4167": {
							"post": [-0.50452, 0.29836, 0.23548],
							"lerp_mode": "catmullrom"
						},
						"0.7917": [25, 0, 0]
					},
					"position": {
						"0.0": [0, -0.025, 0.166],
						"0.0833": [0, 0.78, 0.17],
						"0.375": [0, -0.025, 0.166],
						"0.4167": [0, -0.025, 0.166],
						"0.7917": [0, -0.025, 0.166]
					}
				},
				"foot_right": {
					"rotation": {
						"0.0": [44.91195, 1.09125, -1.35629],
						"0.1667": {
							"pre": [50.92, 0, 0],
							"post": [50.92, 0, 0],
							"lerp_mode": "catmullrom"
						},
						"0.2917": {
							"post": [11.97, 0, 0],
							"lerp_mode": "catmullrom"
						},
						"0.375": [13, 0, 0],
						"0.4167": [10.9694, 0.89911, -3.8978],
						"0.625": [10.9694, 0.89911, -3.8978],
						"0.7917": [44.91195, 1.09125, -1.35629]
					}
				},
				"leg_left2": {
					"rotation": {
						"0.0": [-0.50452, -0.29836, -0.23548],
						"0.375": [25, 0, 0],
						"0.5": {
							"pre": [-6.17, 0, 0],
							"post": [-6.17, 0, 0],
							"lerp_mode": "catmullrom"
						},
						"0.625": {
							"post": [-25.61, 0, 0],
							"lerp_mode": "catmullrom"
						},
						"0.7083": {
							"post": [-19.57, 0, 0],
							"lerp_mode": "catmullrom"
						},
						"0.7917": {
							"post": [-0.50452, -0.29836, -0.23548],
							"lerp_mode": "catmullrom"
						}
					},
					"position": {
						"0.0": [0, -0.025, 0.166],
						"0.375": [0, -0.025, 0.166],
						"0.5": [0, 0.78, 0.17],
						"0.7917": [0, -0.025, 0.166]
					}
				},
				"foot_left": {
					"rotation": {
						"0.0": {
							"post": [10.9694, -0.89911, 3.8978],
							"lerp_mode": "catmullrom"
						},
						"0.2083": {
							"post": [10.9694, -0.89911, 3.8978],
							"lerp_mode": "catmullrom"
						},
						"0.375": {
							"post": [44.91195, -1.09125, 1.35629],
							"lerp_mode": "catmullrom"
						},
						"0.5833": {
							"post": [50.92, 0, 0],
							"lerp_mode": "catmullrom"
						},
						"0.7083": {
							"post": [11.97, 0, 0],
							"lerp_mode": "catmullrom"
						},
						"0.7917": {
							"post": [10.9694, -0.89911, 3.8978],
							"lerp_mode": "catmullrom"
						}
					}
				},
				"tail": {
					"rotation": ["8*math.cos(q.anim_time*90*10)*1", "8*math.cos(q.anim_time*90*5-70)*1", 0]
				},
				"foot_right2": {
					"rotation": {
						"0.0": {
							"post": [16, 0, 0],
							"lerp_mode": "catmullrom"
						},
						"0.125": {
							"post": [-14.6, 0, 0],
							"lerp_mode": "catmullrom"
						},
						"0.25": {
							"post": [-22.22, 0, 0],
							"lerp_mode": "catmullrom"
						},
						"0.4167": {
							"post": [0, 0, 0],
							"lerp_mode": "catmullrom"
						},
						"0.5": {
							"post": [-5.69, 0, 0],
							"lerp_mode": "catmullrom"
						},
						"0.625": {
							"post": [-30.12, 0, 0],
							"lerp_mode": "catmullrom"
						},
						"0.7083": {
							"post": [-14.19, 0, 0],
							"lerp_mode": "catmullrom"
						},
						"0.7917": {
							"post": [16, 0, 0],
							"lerp_mode": "catmullrom"
						}
					}
				},
				"foot_left2": {
					"rotation": {
						"0.0": {
							"post": [0, 0, 0],
							"lerp_mode": "catmullrom"
						},
						"0.0833": {
							"post": [-5.69, 0, 0],
							"lerp_mode": "catmullrom"
						},
						"0.2083": {
							"post": [-30.12, 0, 0],
							"lerp_mode": "catmullrom"
						},
						"0.2917": {
							"post": [-14.19, 0, 0],
							"lerp_mode": "catmullrom"
						},
						"0.375": {
							"post": [16, 0, 0],
							"lerp_mode": "catmullrom"
						},
						"0.5417": {
							"post": [-14.6, 0, 0],
							"lerp_mode": "catmullrom"
						},
						"0.6667": {
							"post": [-22.22, 0, 0],
							"lerp_mode": "catmullrom"
						},
						"0.7917": {
							"post": [0, 0, 0],
							"lerp_mode": "catmullrom"
						}
					}
				}
			}
		},
		"animation.cranidos.sleep": {
			"loop": true,
			"bones": {
				"torso": {
					"rotation": ["-29.5+2*math.cos(q.anim_time*90*1)*1", -1, "1*math.cos(q.anim_time*90*2-90)*0.25"],
					"position": [0, -5.1, 0]
				},
				"tail1": {
					"rotation": ["17.1564-1*math.cos(q.anim_time*90*1)*1", "-14.1202-1*math.cos(q.anim_time*90*1-60)*0.5", -4.11677]
				},
				"tail2": {
					"rotation": ["-1.4888-1*math.cos(q.anim_time*90*1)*1", "-6.9979-1*math.cos(q.anim_time*90*1-90)*0.5", 0.81585]
				},
				"torso2": {
					"rotation": ["1*math.cos(q.anim_time*90*1-30)*0.5", 0, -1]
				},
				"left_arm": {
					"rotation": [13.57061, "50.932+2*math.cos(q.anim_time*90*1-30)*1", "-13.7601-2*math.cos(q.anim_time*90*1-30)*1"],
					"position": [0, 0, 0.1]
				},
				"left_arm2": {
					"rotation": [-11.87315, 8.25925, "30.7343+2*math.cos(q.anim_time*90*1-90)*1"]
				},
				"left_hand": {
					"rotation": [0, 0, 1]
				},
				"left_finger1": {
					"rotation": [23.09453, 24.3176, -5.738]
				},
				"left_finger2": {
					"rotation": [-28.0945, -24.3176, 5.738]
				},
				"left_finger3": {
					"rotation": [0, 0, 22.5]
				},
				"right_arm": {
					"rotation": [13.57061, "-50.932-2*math.cos(q.anim_time*90*1-30)*1", "13.7601+2*math.cos(q.anim_time*90*1-30)*1"],
					"position": [0, 0, 0.1]
				},
				"right_arm2": {
					"rotation": [-11.87315, -8.25925, "-30.7343-2*math.cos(q.anim_time*90*1-90)*1"]
				},
				"right_hand": {
					"rotation": [0, 0, 1]
				},
				"right_finger1": {
					"rotation": [23.09453, -24.31762, 5.738]
				},
				"right_finger2": {
					"rotation": [-28.0945, 24.3176, -5.738]
				},
				"right_finger3": {
					"rotation": [0, 0, -22.5]
				},
				"neck": {
					"rotation": ["33.4634+3*math.cos(q.anim_time*90*1-60)*0.5", -1.68789, 2.48049],
					"position": [0, -0.7, 0.6]
				},
				"head": {
					"rotation": [
						"33.9844+3*math.cos(q.anim_time*90*1-90)*0.5",
						"4.9204-5*math.cos(q.anim_time*90*0.5-30)*0.5",
						"7.734+5*math.cos(q.anim_time*90*0.5-30)*0.5"
					]
				},
				"leg_right": {
					"rotation": [-54, 12.5, 0],
					"position": [0, -4.7, 0]
				},
				"rightfoot_toe2": {
					"rotation": [0, 25, 0]
				},
				"rightfoot_toe3": {
					"rotation": [0, -25, 0]
				},
				"leg_left": {
					"rotation": [-54, -12.5, 0],
					"position": [0, -4.7, 0]
				},
				"leftfoot_toe2": {
					"rotation": [0, -25, 0]
				},
				"leftfoot_toe3": {
					"rotation": [0, 25, 0]
				},
				"chain": {
					"rotation": ["74.25+2*math.cos(q.anim_time*90*1-90)*1", "0+2*math.cos(q.anim_time*90*0.5-120)*1", "0+2*math.cos(q.anim_time*90*0.5-120)*1"]
				},
				"leg_right2": {
					"rotation": [-39, 0, 0],
					"position": [0, -0.025, 0.166]
				},
				"foot_right": {
					"rotation": ["10-4*math.cos(q.anim_time*90*1+30)*1", 0, 0],
					"position": [0, -0.2, 0]
				},
				"leg_left2": {
					"rotation": [-39, 0, 0],
					"position": [0, -0.025, 0.166]
				},
				"foot_left": {
					"rotation": ["10+4*math.cos(q.anim_time*90*1-30)*-1", 0, 0],
					"position": [0, -0.2, 0]
				},
				"tail": {
					"rotation": ["8.0223-1*math.cos(q.anim_time*90*1)*1", "-4.981-1*math.cos(q.anim_time*90*1-30)*0.5", 0.56282]
				},
				"eyelid_right": {
					"position": [-0.1, 0, 0]
				},
				"eyelid_left": {
					"position": [0.1, 0, 0]
				},
				"jaw": {
					"rotation": ["10+10*math.sin(q.anim_time*90*1+60)", 0, 0]
				},
				"foot_right2": {
					"rotation": ["-3*math.cos(q.anim_time*90*1-60)*1", 0, 0]
				},
				"foot_left2": {
					"rotation": ["3*math.cos(q.anim_time*90*1-60)*1", 0, 0]
				},
				"slanted_eyelid_right": {
					"position": [0, -0.25, 0]
				},
				"slanted_eyelid_left": {
					"position": [0, -0.25, 0]
				}
			}
		},
		"animation.cranidos.faint": {
			"loop": "hold_on_last_frame",
			"animation_length": 3,
			"bones": {
				"torso": {
					"rotation": {
						"0.0": {
							"post": [-2.5, -1, 1],
							"lerp_mode": "catmullrom"
						},
						"0.1667": {
							"post": [4.0106, -1, 1],
							"lerp_mode": "catmullrom"
						},
						"0.2917": {
							"post": [-5.06787, -0.27025, 6.36664],
							"lerp_mode": "catmullrom"
						},
						"0.5417": {
							"post": [-5.06787, -2.47025, 0.86664],
							"lerp_mode": "catmullrom"
						},
						"0.6667": {
							"post": [12.90585, 0.07917, -2.90232],
							"lerp_mode": "catmullrom"
						},
						"1.0": {
							"post": [6.5121, -5.82421, -4.16962],
							"lerp_mode": "catmullrom"
						},
						"1.2917": {
							"post": [-2.77505, -0.5059, 2.38167],
							"lerp_mode": "catmullrom"
						},
						"1.4583": {
							"post": [12.47562, -7.44922, 1.19956],
							"lerp_mode": "catmullrom"
						},
						"1.6667": {
							"post": [-9.10053, 3.4577, -13.58747],
							"lerp_mode": "catmullrom"
						},
						"1.7917": {
							"post": [-10.7403, 7.54049, 16.15939],
							"lerp_mode": "catmullrom"
						},
						"1.9167": {
							"post": [13.36076, -0.32336, 2.35105],
							"lerp_mode": "catmullrom"
						},
						"2.2083": {
							"post": [11.96076, -0.32336, 2.35105],
							"lerp_mode": "catmullrom"
						},
						"2.5": [12.36076, -0.32336, 2.35105]
					},
					"position": {
						"0.75": [0, -0.1, 0],
						"1.0": {
							"pre": [0, -0.9, 0],
							"post": [0, -0.9, 0],
							"lerp_mode": "catmullrom"
						},
						"1.1667": {
							"post": [0, -0.1, 0],
							"lerp_mode": "catmullrom"
						},
						"1.4167": [0, 0, 0]
					}
				},
				"tail1": {
					"rotation": {
						"0.0": [7.5, 0, 0],
						"0.125": [0, 0, 0],
						"0.3333": {
							"pre": [8.25, 0, 0],
							"post": [8.25, 0, 0],
							"lerp_mode": "catmullrom"
						},
						"0.5833": {
							"post": [1.75, 0, 0],
							"lerp_mode": "catmullrom"
						},
						"0.7917": {
							"post": [-9.18, 0, 0],
							"lerp_mode": "catmullrom"
						},
						"1.0417": {
							"post": [7.5, 0, 0],
							"lerp_mode": "catmullrom"
						},
						"1.2917": {
							"post": [5.25, 0, 0],
							"lerp_mode": "catmullrom"
						},
						"1.5": {
							"post": [0.5098, 11.24957, 0.09945],
							"lerp_mode": "catmullrom"
						},
						"1.7083": {
							"post": [5.27548, 8.97049, 0.07911],
							"lerp_mode": "catmullrom"
						},
						"1.875": {
							"post": [10.99184, 6.23206, -0.17514],
							"lerp_mode": "catmullrom"
						},
						"2.125": {
							"post": [-2.50816, 6.23206, -0.17514],
							"lerp_mode": "catmullrom"
						},
						"2.375": {
							"post": [-0.00816, 6.23206, -0.17514],
							"lerp_mode": "catmullrom"
						},
						"2.875": [-0.00816, 6.23206, -0.17514]
					}
				},
				"tail2": {
					"rotation": {
						"0.0": [17.5, 0, 0],
						"0.1667": [0, 0, 0],
						"0.375": {
							"pre": [8.25, 0, 0],
							"post": [8.25, 0, 0],
							"lerp_mode": "catmullrom"
						},
						"0.625": {
							"post": [1.75, 0, 0],
							"lerp_mode": "catmullrom"
						},
						"0.8333": {
							"post": [-9.18, 0, 0],
							"lerp_mode": "catmullrom"
						},
						"1.0833": {
							"post": [7.5, 0, 0],
							"lerp_mode": "catmullrom"
						},
						"1.3333": {
							"post": [5.25, 0, 0],
							"lerp_mode": "catmullrom"
						},
						"1.5417": {
							"post": [0.5098, 11.24957, 0.09945],
							"lerp_mode": "catmullrom"
						},
						"1.75": {
							"post": [5.27548, 8.97049, 0.07911],
							"lerp_mode": "catmullrom"
						},
						"1.9167": {
							"post": [10.99184, 6.23206, -0.17514],
							"lerp_mode": "catmullrom"
						},
						"2.1667": {
							"post": [-4.50816, 6.23206, -0.17514],
							"lerp_mode": "catmullrom"
						},
						"2.4167": {
							"post": [-2.00816, 6.23206, -0.17514],
							"lerp_mode": "catmullrom"
						},
						"2.9167": [-2.00816, 6.23206, -0.17514]
					}
				},
				"torso2": {
					"rotation": {
						"0.0": [-7.5, 0, -1],
						"0.2083": {
							"pre": [-2.8797, 0, -1],
							"post": [-2.8797, 0, -1],
							"lerp_mode": "catmullrom"
						},
						"0.3333": {
							"post": [-6.1297, 0, -1],
							"lerp_mode": "catmullrom"
						},
						"0.7083": {
							"post": [5.1203, 0, -1],
							"lerp_mode": "catmullrom"
						},
						"0.9167": {
							"post": [7.1203, 0, -1],
							"lerp_mode": "catmullrom"
						},
						"1.2917": {
							"post": [11.06046, 0, -1],
							"lerp_mode": "catmullrom"
						},
						"1.4583": {
							"post": [16.07437, 0, -1],
							"lerp_mode": "catmullrom"
						},
						"1.6667": {
							"post": [21.36004, 0, -1],
							"lerp_mode": "catmullrom"
						},
						"1.8333": {
							"post": [6.61004, 0, -1],
							"lerp_mode": "catmullrom"
						},
						"2.0": {
							"post": [14.06317, 0, -1],
							"lerp_mode": "catmullrom"
						},
						"2.3333": [14.36004, 0, -1]
					}
				},
				"left_arm": {
					"rotation": {
						"0.0": [11.1759, 25.0559, -40],
						"0.125": {
							"pre": [16.87537, 21.76571, -36.72365],
							"post": [16.87537, 21.76571, -36.72365],
							"lerp_mode": "catmullrom"
						},
						"0.375": {
							"post": [-0.76403, 27.27774, -38.17626],
							"lerp_mode": "catmullrom"
						},
						"0.5417": {
							"post": [-0.7551, 10.3893, -49.74546],
							"lerp_mode": "catmullrom"
						},
						"0.75": {
							"post": [11.57398, -0.08806, -30.54278],
							"lerp_mode": "catmullrom"
						},
						"1.0417": {
							"post": [18.91304, 8.25136, -39.37409],
							"lerp_mode": "catmullrom"
						},
						"1.25": {
							"post": [20.18004, 1.6191, -24.75058],
							"lerp_mode": "catmullrom"
						},
						"1.5": {
							"post": [19.88819, 5.30546, -32.82141],
							"lerp_mode": "catmullrom"
						},
						"1.7083": {
							"post": [2.62172, -28.91271, -97.11146],
							"lerp_mode": "catmullrom"
						},
						"1.7917": {
							"post": [20.98357, -20.51997, -108.27527],
							"lerp_mode": "catmullrom"
						},
						"1.9583": {
							"post": [0.49931, -28.40777, -92.73286],
							"lerp_mode": "catmullrom"
						},
						"2.125": {
							"post": [1.65478, -28.59402, -95.02979],
							"lerp_mode": "catmullrom"
						},
						"2.375": [0.49931, -28.40777, -92.73286]
					},
					"position": [0, 0, 0.1]
				},
				"left_arm2": {
					"rotation": {
						"0.0": [-29.4703, 14.365, 23.7035],
						"0.2083": {
							"pre": [-25.50756, 20.85636, 24.72921],
							"post": [-25.50756, 20.85636, 24.72921],
							"lerp_mode": "catmullrom"
						},
						"0.4167": {
							"post": [-30.98606, 10.3322, 16.62883],
							"lerp_mode": "catmullrom"
						},
						"0.6667": {
							"post": [-28.08932, 16.82693, 28.48563],
							"lerp_mode": "catmullrom"
						},
						"0.8333": {
							"post": [-27.29297, 19.43673, 34.56364],
							"lerp_mode": "catmullrom"
						},
						"1.0833": {
							"post": [-18.86477, 19.43673, 34.56364],
							"lerp_mode": "catmullrom"
						},
						"1.2917": {
							"post": [-26.04937, 13.28918, 21.18361],
							"lerp_mode": "catmullrom"
						},
						"1.5": {
							"post": [-23.32988, 19.27533, 34.37793],
							"lerp_mode": "catmullrom"
						},
						"1.6667": {
							"post": [-18.91549, 23.61674, 46.40444],
							"lerp_mode": "catmullrom"
						},
						"1.8333": {
							"post": [-24.25764, 18.06472, 31.48047],
							"lerp_mode": "catmullrom"
						},
						"2.0": {
							"post": [-29.02264, 5.85825, 7.39854],
							"lerp_mode": "catmullrom"
						},
						"2.125": [-28.22814, 10.1821, 15.17896]
					}
				},
				"left_hand": {
					"rotation": {
						"0.0": [0, 0, -1],
						"0.2083": {
							"pre": [0, 0, 15],
							"post": [0, 0, 15],
							"lerp_mode": "catmullrom"
						},
						"0.3333": {
							"post": [0, 0, 6.5],
							"lerp_mode": "catmullrom"
						},
						"0.5417": {
							"post": [0, 0, 8.75],
							"lerp_mode": "catmullrom"
						},
						"0.7083": {
							"post": [0, 0, 22.25],
							"lerp_mode": "catmullrom"
						},
						"0.875": {
							"post": [0, 0, 17.5],
							"lerp_mode": "catmullrom"
						},
						"1.0833": {
							"post": [0, 0, 8.5],
							"lerp_mode": "catmullrom"
						},
						"1.25": {
							"post": [0, 0, 13.75],
							"lerp_mode": "catmullrom"
						},
						"1.4167": {
							"post": [0, 0, 7.75],
							"lerp_mode": "catmullrom"
						},
						"1.5833": {
							"post": [0, 0, -11.75],
							"lerp_mode": "catmullrom"
						},
						"1.75": {
							"post": [0, 0, -18.5],
							"lerp_mode": "catmullrom"
						},
						"1.875": {
							"post": [0, 0, -19.5],
							"lerp_mode": "catmullrom"
						},
						"2.0": [0, 0, 0]
					}
				},
				"left_finger1": {
					"rotation": [23.09453, 24.3176, -5.738]
				},
				"left_finger2": {
					"rotation": [-28.0945, -24.3176, 5.738]
				},
				"left_finger3": {
					"rotation": [0, 0, 22.5]
				},
				"right_arm": {
					"rotation": {
						"0.0": [11.1759, -25.0559, 40],
						"0.125": {
							"pre": [16.87537, -21.76571, 36.72365],
							"post": [16.87537, -21.76571, 36.72365],
							"lerp_mode": "catmullrom"
						},
						"0.375": {
							"post": [-0.76403, -27.27774, 38.17626],
							"lerp_mode": "catmullrom"
						},
						"0.5417": {
							"post": [-0.7551, -10.3893, 49.74546],
							"lerp_mode": "catmullrom"
						},
						"0.75": {
							"post": [11.57398, 0.08806, 30.54278],
							"lerp_mode": "catmullrom"
						},
						"1.0417": {
							"post": [18.91304, -8.25136, 39.37409],
							"lerp_mode": "catmullrom"
						},
						"1.25": {
							"post": [20.18004, -1.6191, 24.75058],
							"lerp_mode": "catmullrom"
						},
						"1.5": {
							"post": [19.88819, -5.30546, 32.82141],
							"lerp_mode": "catmullrom"
						},
						"1.7083": {
							"post": [2.62172, 28.91271, 97.11146],
							"lerp_mode": "catmullrom"
						},
						"1.7917": {
							"post": [20.98357, 20.51997, 108.27527],
							"lerp_mode": "catmullrom"
						},
						"1.9583": {
							"post": [0.49931, 28.40777, 92.73286],
							"lerp_mode": "catmullrom"
						},
						"2.125": {
							"post": [1.65478, 28.59402, 95.02979],
							"lerp_mode": "catmullrom"
						},
						"2.375": [0.49931, 28.40777, 92.73286]
					},
					"position": [0, 0, 0.1]
				},
				"right_arm2": {
					"rotation": {
						"0.0": [-29.4703, -14.365, -23.7035],
						"0.2083": {
							"pre": [-25.50756, -20.85636, -24.72921],
							"post": [-25.50756, -20.85636, -24.72921],
							"lerp_mode": "catmullrom"
						},
						"0.4167": {
							"post": [-30.98606, -10.3322, -16.62883],
							"lerp_mode": "catmullrom"
						},
						"0.6667": {
							"post": [-28.08932, -16.82693, -28.48563],
							"lerp_mode": "catmullrom"
						},
						"0.8333": {
							"post": [-27.29297, -19.43673, -34.56364],
							"lerp_mode": "catmullrom"
						},
						"1.0833": {
							"post": [-18.86477, -19.43673, -34.56364],
							"lerp_mode": "catmullrom"
						},
						"1.2917": {
							"post": [-26.04937, -13.28918, -21.18361],
							"lerp_mode": "catmullrom"
						},
						"1.5": {
							"post": [-23.32988, -19.27533, -34.37793],
							"lerp_mode": "catmullrom"
						},
						"1.6667": {
							"post": [-18.91549, -23.61674, -46.40444],
							"lerp_mode": "catmullrom"
						},
						"1.8333": {
							"post": [-24.25764, -18.06472, -31.48047],
							"lerp_mode": "catmullrom"
						},
						"2.0": {
							"post": [-29.02264, -5.85825, -7.39854],
							"lerp_mode": "catmullrom"
						},
						"2.125": [-28.22814, -10.1821, -15.17896]
					}
				},
				"right_hand": {
					"rotation": {
						"0.0": [0, 0, 1],
						"0.2083": {
							"pre": [0, 0, -15],
							"post": [0, 0, -15],
							"lerp_mode": "catmullrom"
						},
						"0.3333": {
							"post": [0, 0, -6.5],
							"lerp_mode": "catmullrom"
						},
						"0.5417": {
							"post": [0, 0, -8.75],
							"lerp_mode": "catmullrom"
						},
						"0.7083": {
							"post": [0, 0, -22.25],
							"lerp_mode": "catmullrom"
						},
						"0.875": {
							"post": [0, 0, -17.5],
							"lerp_mode": "catmullrom"
						},
						"1.0833": {
							"post": [0, 0, -8.5],
							"lerp_mode": "catmullrom"
						},
						"1.25": {
							"post": [0, 0, -13.75],
							"lerp_mode": "catmullrom"
						},
						"1.4167": {
							"post": [0, 0, -7.75],
							"lerp_mode": "catmullrom"
						},
						"1.5833": {
							"post": [0, 0, 11.75],
							"lerp_mode": "catmullrom"
						},
						"1.75": {
							"post": [0, 0, 18.5],
							"lerp_mode": "catmullrom"
						},
						"1.875": {
							"post": [0, 0, 19.5],
							"lerp_mode": "catmullrom"
						},
						"2.0": [0, 0, 0]
					}
				},
				"right_finger1": {
					"rotation": [23.09453, -24.31762, 5.738]
				},
				"right_finger2": {
					"rotation": [-28.0945, 24.3176, -5.738]
				},
				"right_finger3": {
					"rotation": [0, 0, -22.5]
				},
				"neck": {
					"rotation": {
						"0.0": [12.5, 0, 0],
						"0.1667": {
							"pre": [23.61, 0, 0],
							"post": [23.61, 0, 0],
							"lerp_mode": "catmullrom"
						},
						"0.375": {
							"post": [23.61, 0, 0],
							"lerp_mode": "catmullrom"
						},
						"0.5417": {
							"post": [14.75, 0, 0],
							"lerp_mode": "catmullrom"
						},
						"0.7917": {
							"post": [14, 0, 0],
							"lerp_mode": "catmullrom"
						},
						"1.0417": {
							"post": [18.25, 0, 0],
							"lerp_mode": "catmullrom"
						},
						"1.375": {
							"post": [23.75, 0, 0],
							"lerp_mode": "catmullrom"
						},
						"1.5833": {
							"post": [11.75, 0, 0],
							"lerp_mode": "catmullrom"
						},
						"1.8333": {
							"post": [26.56407, 8.22061, 3.11453],
							"lerp_mode": "catmullrom"
						},
						"2.1667": {
							"post": [32.81407, 8.22061, 3.11453],
							"lerp_mode": "catmullrom"
						},
						"2.4583": [31.31407, 8.22061, 3.11453]
					}
				},
				"head": {
					"rotation": {
						"0.0": [0, 0, 0],
						"0.1667": {
							"pre": [-3.25, 0, 0],
							"post": [-3.25, 0, 0],
							"lerp_mode": "catmullrom"
						},
						"0.3333": {
							"post": [17, 0, 0],
							"lerp_mode": "catmullrom"
						},
						"0.625": {
							"post": [14, 0, 0],
							"lerp_mode": "catmullrom"
						},
						"0.8333": {
							"post": [-16.04, 0, 0],
							"lerp_mode": "catmullrom"
						},
						"1.0833": {
							"post": [-17.75, 0, 0],
							"lerp_mode": "catmullrom"
						},
						"1.2917": {
							"post": [-13.25, 0, 0],
							"lerp_mode": "catmullrom"
						},
						"1.5417": {
							"post": [7, 0, 0],
							"lerp_mode": "catmullrom"
						},
						"1.7917": {
							"post": [-29, 33.1, 11],
							"lerp_mode": "catmullrom"
						},
						"2.0": {
							"post": [25.04452, 45.94762, 25.36594],
							"lerp_mode": "catmullrom"
						},
						"2.75": [27.09817, 44.9585, 23.24713]
					}
				},
				"leg_right": {
					"rotation": {
						"0.0417": [6, 12.5, 0],
						"0.2083": {
							"pre": [27.87835, 12.5, 0],
							"post": [27.87835, 12.5, 0],
							"lerp_mode": "catmullrom"
						},
						"0.5": {
							"post": [-20.2433, 12.5, 0],
							"lerp_mode": "catmullrom"
						},
						"0.625": [1.7567, 12.5, 0],
						"0.9167": {
							"pre": [28.80152, 12.5, 0],
							"post": [28.80152, 12.5, 0],
							"lerp_mode": "catmullrom"
						},
						"1.0417": {
							"post": [39.08256, 12.5, 0],
							"lerp_mode": "catmullrom"
						},
						"1.2083": {
							"post": [13.08256, 12.5, 0],
							"lerp_mode": "catmullrom"
						},
						"1.4167": [3.30198, 3.96943, 1.23094],
						"1.625": [30.62363, -8.06415, 6.13994],
						"1.7917": {
							"pre": [50.62363, -8.06415, 6.83994],
							"post": [50.62363, -8.06415, 6.83994],
							"lerp_mode": "catmullrom"
						},
						"1.9167": {
							"post": [67.22519, -8.06415, 5.62119],
							"lerp_mode": "catmullrom"
						},
						"2.0417": {
							"post": [59.12363, -8.06415, 2.63994],
							"lerp_mode": "catmullrom"
						},
						"2.2083": {
							"post": [62.12363, -8.06415, 2.63994],
							"lerp_mode": "catmullrom"
						},
						"2.9583": [62.12363, -8.06415, 2.63994]
					},
					"position": {
						"0.0417": [0, -0.2, 0],
						"0.2083": {
							"pre": [-0.02, -1, -0.53],
							"post": [-0.02, -1, -0.53],
							"lerp_mode": "catmullrom"
						},
						"0.5": {
							"post": [0, 1.77, -1.67],
							"lerp_mode": "catmullrom"
						},
						"0.625": [0, 0, -2.2],
						"0.9167": [0, -0.6, 0.2],
						"1.0417": {
							"pre": [0, -1.3, 0.2],
							"post": [0, -1.3, 0.2],
							"lerp_mode": "catmullrom"
						},
						"1.2083": {
							"post": [0, 1.2, -0.9],
							"lerp_mode": "catmullrom"
						},
						"1.4167": [0, -0.5, -1.3],
						"1.625": [0, 0.4, 0.8],
						"1.8333": [0, 0.7, -0.6]
					}
				},
				"rightfoot_toe2": {
					"rotation": [0, 25, 0]
				},
				"rightfoot_toe3": {
					"rotation": [0, -25, 0]
				},
				"leg_left": {
					"rotation": {
						"0.0": {
							"post": [6, -12.5, 0],
							"lerp_mode": "catmullrom"
						},
						"0.7083": {
							"post": [13.5, -12.5, 0],
							"lerp_mode": "catmullrom"
						},
						"1.5": [6, -12.5, 0],
						"1.625": [10.62363, 8.06415, -6.13994],
						"1.7917": {
							"pre": [50.62363, 8.06415, -6.83994],
							"post": [50.62363, 8.06415, -6.83994],
							"lerp_mode": "catmullrom"
						},
						"1.9167": {
							"post": [67.22519, 8.06415, -5.62119],
							"lerp_mode": "catmullrom"
						},
						"2.0417": {
							"post": [59.12363, 8.06415, -2.63994],
							"lerp_mode": "catmullrom"
						},
						"2.2083": {
							"post": [62.12363, 8.06415, -2.63994],
							"lerp_mode": "catmullrom"
						},
						"2.9583": [62.12363, 8.06415, -2.63994]
					},
					"position": {
						"0.0": {
							"post": [0, -0.2, 0],
							"lerp_mode": "catmullrom"
						},
						"0.7083": {
							"post": [0, -0.5, 0],
							"lerp_mode": "catmullrom"
						},
						"1.4167": [0, -0.2, 0],
						"1.5833": [0, -0.9, 0],
						"1.8333": [0, 0.7, -0.6]
					}
				},
				"leftfoot_toe2": {
					"rotation": [0, -25, 0]
				},
				"leftfoot_toe3": {
					"rotation": [0, 25, 0]
				},
				"chain": {
					"rotation": {
						"0.0": {
							"post": [82.5, 0, 0],
							"lerp_mode": "catmullrom"
						},
						"0.4167": {
							"post": [52.25, 0, 4],
							"lerp_mode": "catmullrom"
						},
						"0.6667": {
							"post": [74.25, 0, 22.5],
							"lerp_mode": "catmullrom"
						},
						"0.8333": {
							"post": [34.25, 0, -4.7],
							"lerp_mode": "catmullrom"
						},
						"1.0417": {
							"post": [59.5, 0, 0.7],
							"lerp_mode": "catmullrom"
						},
						"1.2083": {
							"post": [44.25, 0, 2.6],
							"lerp_mode": "catmullrom"
						},
						"1.3333": {
							"post": [44.25, 0, 4.7],
							"lerp_mode": "catmullrom"
						},
						"1.625": {
							"post": [54, 0, -0.5],
							"lerp_mode": "catmullrom"
						},
						"1.7917": {
							"post": [19.25, 0, -6.3],
							"lerp_mode": "catmullrom"
						},
						"1.9583": [28.25, 0, 0]
					}
				},
				"leg_right2": {
					"rotation": {
						"0.1667": {
							"pre": [-12, 0, 0],
							"post": [-12, 0, 0],
							"lerp_mode": "catmullrom"
						},
						"0.375": {
							"post": [-12.5, 0, 0],
							"lerp_mode": "catmullrom"
						},
						"0.5": {
							"post": [-30.15736, 2.93741, -2.82308],
							"lerp_mode": "catmullrom"
						},
						"0.625": [-8.5, 0, 0],
						"0.9167": {
							"pre": [-18.5, 0, 0],
							"post": [-18.5, 0, 0],
							"lerp_mode": "catmullrom"
						},
						"1.0417": {
							"post": [-5.5, 0, 0],
							"lerp_mode": "catmullrom"
						},
						"1.2083": {
							"post": [3.5, 0, 0],
							"lerp_mode": "catmullrom"
						},
						"1.3333": {
							"post": [-28.44, 0, 0],
							"lerp_mode": "catmullrom"
						},
						"1.4583": {
							"post": [-12.65, 0, 0],
							"lerp_mode": "catmullrom"
						},
						"1.625": {
							"post": [16.81, 0, 0],
							"lerp_mode": "catmullrom"
						},
						"1.7917": {
							"post": [8.81, 0, 0],
							"lerp_mode": "catmullrom"
						},
						"2.1667": {
							"post": [-2.64, 0, 0],
							"lerp_mode": "catmullrom"
						},
						"2.6667": [-2.64, 0, 0]
					}
				},
				"foot_right": {
					"rotation": {
						"0.0": [6, 0, 0],
						"0.1667": {
							"pre": [3.25, 0, 0],
							"post": [3.25, 0, 0],
							"lerp_mode": "catmullrom"
						},
						"0.375": {
							"post": [16, 0, 0],
							"lerp_mode": "catmullrom"
						},
						"0.8333": {
							"post": [12.5, 0, 0],
							"lerp_mode": "catmullrom"
						},
						"1.1667": {
							"post": [26, 0, 0],
							"lerp_mode": "catmullrom"
						},
						"1.2917": {
							"post": [8.75, 0, 0],
							"lerp_mode": "catmullrom"
						},
						"1.4583": {
							"post": [13.5, 0, 0],
							"lerp_mode": "catmullrom"
						},
						"1.5417": {
							"post": [20.5, 0, 0],
							"lerp_mode": "catmullrom"
						},
						"1.9167": {
							"post": [41, 0, 0],
							"lerp_mode": "catmullrom"
						},
						"2.125": {
							"post": [65, 0, 0],
							"lerp_mode": "catmullrom"
						},
						"2.3333": {
							"post": [65, 0, 0],
							"lerp_mode": "catmullrom"
						},
						"2.8333": [65, 0, 0]
					},
					"position": {
						"1.7917": [0, 0, 0],
						"1.9583": [0, 0, 0.8]
					}
				},
				"leg_left2": {
					"rotation": {
						"0.0": {
							"post": [-12, 0, 0],
							"lerp_mode": "catmullrom"
						},
						"0.7083": {
							"post": [-22, 0, 0],
							"lerp_mode": "catmullrom"
						},
						"1.5": [-12, 0, 0],
						"1.7917": {
							"pre": [16.81, 0, 0],
							"post": [16.81, 0, 0],
							"lerp_mode": "catmullrom"
						},
						"1.9583": {
							"post": [8.81, 0, 0],
							"lerp_mode": "catmullrom"
						},
						"2.3333": {
							"post": [-2.64, 0, 0],
							"lerp_mode": "catmullrom"
						},
						"2.8333": [-2.64, 0, 0]
					}
				},
				"foot_left": {
					"rotation": {
						"0.0": [8, 0, 0],
						"0.7083": [8, 0, 0],
						"1.5": [8, 0, 0],
						"1.6667": {
							"pre": [-5.5, 0, 0],
							"post": [-5.5, 0, 0],
							"lerp_mode": "catmullrom"
						},
						"1.9167": {
							"post": [41, 0, 0],
							"lerp_mode": "catmullrom"
						},
						"2.125": {
							"post": [65, 0, 0],
							"lerp_mode": "catmullrom"
						},
						"2.3333": {
							"post": [65, 0, 0],
							"lerp_mode": "catmullrom"
						},
						"2.8333": [65, 0, 0]
					},
					"position": {
						"0.0": [0, 0, 0],
						"1.7917": [0, 0, 0],
						"1.9583": [0, 0, 0.8]
					}
				},
				"body": {
					"position": {
						"1.4583": [0, 0, 0],
						"1.5833": {
							"pre": [0, 0.62, -2.18],
							"post": [0, 0.62, -2.18],
							"lerp_mode": "catmullrom"
						},
						"1.6667": {
							"post": [0, 0.37, -4.64],
							"lerp_mode": "catmullrom"
						},
						"1.8333": [0, -5.34, -8.3]
					}
				},
				"slanted_eyelid_right": {
					"rotation": {
						"0.8333": [0, 0, 0],
						"0.875": [-1, 0, 0]
					},
					"position": {
						"0.0": [0, 0, 0],
						"0.0417": [0, -0.25, 0],
						"0.375": [0, -0.25, 0],
						"0.4167": [0, 0, 0],
						"0.7917": [0, 0, 0],
						"0.8333": [0, -0.25, 0],
						"0.9167": [0, -0.25, 0],
						"0.9583": [0, 0, 0],
						"1.5": [0, -0.2, 0],
						"1.5417": [0, 0.7, 0],
						"1.7083": [0, 0.7, 0],
						"1.75": [0, -0.25, 0]
					}
				},
				"eyelid_right": {
					"position": {
						"0.0": [0, 0, 0],
						"0.0417": {"pre": [0, 0, 0], "post": [-0.1, 0, 0]},
						"0.375": {"pre": [-0.1, 0, 0], "post": [-0.1, 0, 0]},
						"0.4167": {"pre": [-0.1, 0, 0], "post": [0, 0, 0]},
						"0.7917": {"pre": [0, 0, 0], "post": [0, 0, 0]},
						"0.8333": {"pre": [0, 0, 0], "post": [-0.1, 0, 0]},
						"0.9167": {"pre": [-0.1, 0, 0], "post": [-0.1, 0, 0]},
						"0.9583": {"pre": [-0.1, 0, 0], "post": [0, 0, 0]},
						"1.7083": {"pre": [0, 0, 0], "post": [0, 0, 0]},
						"1.75": {"pre": [0, 0, 0], "post": [-0.1, 0, 0]},
						"2.8333": {"pre": [-0.1, 0, 0], "post": [-0.1, 0, 0]}
					}
				},
				"jaw": {
					"rotation": {
						"0.0": [0, 0, 0],
						"0.2917": {
							"pre": [15.25, 0, 0],
							"post": [15.25, 0, 0],
							"lerp_mode": "catmullrom"
						},
						"0.4583": {
							"post": [21, 0, 0],
							"lerp_mode": "catmullrom"
						},
						"0.6667": {
							"post": [1, 0, 0],
							"lerp_mode": "catmullrom"
						},
						"0.8333": {
							"post": [1.5, 0, 0],
							"lerp_mode": "catmullrom"
						},
						"1.1667": {
							"post": [8.5, 0, 0],
							"lerp_mode": "catmullrom"
						},
						"1.3333": {
							"post": [12.75, 0, 0],
							"lerp_mode": "catmullrom"
						},
						"1.5417": {
							"post": [11, 0, 0],
							"lerp_mode": "catmullrom"
						},
						"1.6667": {
							"post": [39.75, 0, 0],
							"lerp_mode": "catmullrom"
						},
						"1.8333": {
							"post": [45.5, 0, 0],
							"lerp_mode": "catmullrom"
						},
						"2.1667": {
							"post": [8.5, 0, 0],
							"lerp_mode": "catmullrom"
						},
						"2.5": [8.5, 0, 0]
					}
				},
				"foot_right2": {
					"rotation": {
						"0.0": [0, 0, 0],
						"0.1667": {
							"pre": [-21, 0, 0],
							"post": [-21, 0, 0],
							"lerp_mode": "catmullrom"
						},
						"0.25": {
							"post": [-23.5, 0, 0],
							"lerp_mode": "catmullrom"
						},
						"0.4583": {
							"post": [-5.75, 0, 0],
							"lerp_mode": "catmullrom"
						},
						"0.5417": {
							"post": [-30.87, 0, 0],
							"lerp_mode": "catmullrom"
						},
						"0.625": {
							"post": [-8, 0, 0],
							"lerp_mode": "catmullrom"
						},
						"0.9583": {
							"post": [-35, 0, 0],
							"lerp_mode": "catmullrom"
						},
						"1.0417": {
							"post": [-53, 0, 0],
							"lerp_mode": "catmullrom"
						},
						"1.2083": {
							"post": [4, 0, 0],
							"lerp_mode": "catmullrom"
						},
						"1.3333": {
							"post": [-21, 0, 0],
							"lerp_mode": "catmullrom"
						},
						"1.4167": {
							"post": [-7.44, 0, 0],
							"lerp_mode": "catmullrom"
						},
						"1.5833": {
							"post": [-11.71, 0, 0],
							"lerp_mode": "catmullrom"
						},
						"1.6667": {
							"post": [15.62, 0, 0],
							"lerp_mode": "catmullrom"
						},
						"1.7917": {
							"post": [24.7, 0, 0],
							"lerp_mode": "catmullrom"
						},
						"1.875": [20, 0, 0]
					}
				},
				"foot_left2": {
					"rotation": {
						"1.5": [0, 0, 0],
						"1.5833": {
							"pre": [-11.61, 0, 0],
							"post": [-11.61, 0, 0],
							"lerp_mode": "catmullrom"
						},
						"1.7083": {
							"post": [17, 0, 0],
							"lerp_mode": "catmullrom"
						},
						"1.8333": {
							"post": [17, 0, 0],
							"lerp_mode": "catmullrom"
						},
						"1.9583": [20, 0, 0]
					}
				},
				"tail": {
					"rotation": {
						"0.0": [0, 0, 0],
						"0.2083": {
							"pre": [8.25, 0, 0],
							"post": [8.25, 0, 0],
							"lerp_mode": "catmullrom"
						},
						"0.4583": {
							"post": [1.75, 0, 0],
							"lerp_mode": "catmullrom"
						},
						"0.6667": {
							"post": [-9.18, 0, 0],
							"lerp_mode": "catmullrom"
						},
						"0.9167": {
							"post": [7.5, 0, 0],
							"lerp_mode": "catmullrom"
						},
						"1.1667": {
							"post": [5.25, 0, 0],
							"lerp_mode": "catmullrom"
						},
						"1.375": {
							"post": [0.5098, 11.24957, 0.09945],
							"lerp_mode": "catmullrom"
						},
						"1.5833": {
							"post": [5.27548, 8.97049, 0.07911],
							"lerp_mode": "catmullrom"
						},
						"1.75": {
							"post": [10.99184, 6.23206, -0.17514],
							"lerp_mode": "catmullrom"
						},
						"2.0": {
							"post": [-11.50816, 6.23206, -0.17514],
							"lerp_mode": "catmullrom"
						},
						"2.25": {
							"post": [-9.00816, 6.23206, -0.17514],
							"lerp_mode": "catmullrom"
						},
						"2.75": [-9.00816, 6.23206, -0.17514]
					}
				},
				"slanted_eyelid_left": {
					"rotation": {
						"0.8333": [0, 0, 0],
						"0.875": [-1, 0, 0]
					},
					"position": {
						"0.0": [0, 0, 0],
						"0.0417": [0, -0.25, 0],
						"0.375": [0, -0.25, 0],
						"0.4167": [0, 0, 0],
						"0.7917": [0, 0, 0],
						"0.8333": [0, -0.25, 0],
						"0.9167": [0, -0.25, 0],
						"0.9583": [0, 0, 0],
						"1.5": [0, -0.2, 0],
						"1.5417": [0, 0.7, 0],
						"1.7083": [0, 0.7, 0],
						"1.75": [0, -0.25, 0]
					}
				},
				"eyelid_left": {
					"position": {
						"0.0": [0, 0, 0],
						"0.0417": {"pre": [0, 0, 0], "post": [0.1, 0, 0]},
						"0.375": {"pre": [0.1, 0, 0], "post": [0.1, 0, 0]},
						"0.4167": {"pre": [0.1, 0, 0], "post": [0, 0, 0]},
						"0.7917": {"pre": [0, 0, 0], "post": [0, 0, 0]},
						"0.8333": {"pre": [0, 0, 0], "post": [0.1, 0, 0]},
						"0.9167": {"pre": [0.1, 0, 0], "post": [0.1, 0, 0]},
						"0.9583": {"pre": [0.1, 0, 0], "post": [0, 0, 0]},
						"1.7083": {"pre": [0, 0, 0], "post": [0, 0, 0]},
						"1.75": {"pre": [0, 0, 0], "post": [0.1, 0, 0]}
					}
				}
			}
		},
		"animation.cranidos.cry": {
			"animation_length": 2,
			"bones": {
				"torso2": {
					"rotation": {
						"0.0": {
							"post": [0, 0, 0],
							"lerp_mode": "catmullrom"
						},
						"0.25": {
							"post": [2.5, 0, 0],
							"lerp_mode": "catmullrom"
						},
						"0.4167": {
							"post": [10.98632, 0.71945, -1.32007],
							"lerp_mode": "catmullrom"
						},
						"0.7083": {
							"post": [10.98288, -0.80696, 1.07813],
							"lerp_mode": "catmullrom"
						},
						"1.0": {
							"post": [9, 0, 0],
							"lerp_mode": "catmullrom"
						},
						"1.5": {
							"post": [0.75, 0, 0],
							"lerp_mode": "catmullrom"
						},
						"1.9583": {
							"post": [0, 0, 0],
							"lerp_mode": "catmullrom"
						}
					}
				},
				"neck": {
					"rotation": {
						"0.0": {
							"post": [0, 0, 0],
							"lerp_mode": "catmullrom"
						},
						"0.1667": {
							"post": [10.5, 0, 0],
							"lerp_mode": "catmullrom"
						},
						"0.4583": {
							"post": [-1.31922, 0.96638, 2.80641],
							"lerp_mode": "catmullrom"
						},
						"0.7083": {
							"post": [-2.30791, 0.18437, -1.53382],
							"lerp_mode": "catmullrom"
						},
						"1.1667": {
							"post": [0.75, 0, 0],
							"lerp_mode": "catmullrom"
						},
						"1.875": {
							"post": [0, 0, 0],
							"lerp_mode": "catmullrom"
						}
					}
				},
				"head": {
					"rotation": {
						"0.0": {
							"post": [0, 0, 0],
							"lerp_mode": "catmullrom"
						},
						"0.125": {
							"post": [6.75, 0, 0],
							"lerp_mode": "catmullrom"
						},
						"0.2917": {
							"post": [4.5, 0, 0],
							"lerp_mode": "catmullrom"
						},
						"0.4167": {
							"post": [-6.06746, -0.97184, 3.94113],
							"lerp_mode": "catmullrom"
						},
						"0.7917": {
							"post": [-6.98614, 0.14756, -3.20194],
							"lerp_mode": "catmullrom"
						},
						"0.9583": {
							"post": [-3.98614, 0.14756, -1.20194],
							"lerp_mode": "catmullrom"
						},
						"1.2083": {
							"post": [-2.75, 0, 0],
							"lerp_mode": "catmullrom"
						},
						"1.6667": {
							"post": [0, 0, 0],
							"lerp_mode": "catmullrom"
						}
					}
				},
				"jaw": {
					"rotation": {
						"0.0417": [0, 0, 0],
						"0.2083": [32.225, 0, 0],
						"0.4167": [30.5, 0, 0],
						"0.5833": [19.45, 0, 0],
						"0.7917": [18.525, 0, 0],
						"1.125": [0, 0, 0]
					}
				},
				"torso": {
					"rotation": {
						"0.0": {
							"post": [0, 0, 0],
							"lerp_mode": "catmullrom"
						},
						"0.2083": {
							"post": [4.25, 0, 0],
							"lerp_mode": "catmullrom"
						},
						"0.4167": {
							"post": [-5.49986, -0.02181, -0.24924],
							"lerp_mode": "catmullrom"
						},
						"0.75": {
							"post": [-5.49468, -0.28497, -2.24861],
							"lerp_mode": "catmullrom"
						},
						"1.3333": {
							"post": [2, 0, 0],
							"lerp_mode": "catmullrom"
						},
						"1.875": {
							"post": [0, 0, 0],
							"lerp_mode": "catmullrom"
						}
					}
				},
				"chain": {
					"rotation": {
						"0.0": {
							"post": [0.25, 0, 0],
							"lerp_mode": "catmullrom"
						},
						"0.125": {
							"post": [0.39, 0, 0],
							"lerp_mode": "catmullrom"
						},
						"0.2917": {
							"post": [-4.22, 0, 0],
							"lerp_mode": "catmullrom"
						},
						"0.5417": {
							"post": [-11.33, 2.65, 5],
							"lerp_mode": "catmullrom"
						},
						"0.7917": {
							"post": [-0.35, 0, -3],
							"lerp_mode": "catmullrom"
						},
						"1.1667": {
							"post": [1.13, -5, 7],
							"lerp_mode": "catmullrom"
						},
						"1.5417": {
							"post": [-1.65, 0, -4],
							"lerp_mode": "catmullrom"
						},
						"2.0": [0.25, 0, 0]
					}
				},
				"slanted_eyelid_right": {
					"position": {
						"0.0417": [0, 0, 0],
						"0.0833": [0, -0.25, 0],
						"0.2917": [0, -0.25, 0],
						"0.3333": [0, 0, 0]
					}
				},
				"eyelid_right": {
					"position": {
						"0.0": [0, 0, 0],
						"0.0417": {"pre": [0, 0, 0], "post": [0, 0, 0]},
						"0.0833": {"pre": [0, 0, 0], "post": [-0.1, 0, 0]},
						"0.2917": {"pre": [-0.1, 0, 0], "post": [-0.1, 0, 0]},
						"0.3333": {"pre": [-0.1, 0, 0], "post": [0, 0, 0]}
					}
				},
				"slanted_eyelid_left": {
					"position": {
						"0.0417": [0, 0, 0],
						"0.0833": [0, -0.25, 0],
						"0.2917": [0, -0.25, 0],
						"0.3333": [0, 0, 0]
					}
				},
				"eyelid_left": {
					"position": {
						"0.0417": [0, 0, 0],
						"0.0833": {"pre": [0, 0, 0], "post": [0.1, 0, 0]},
						"0.2917": {"pre": [0.1, 0, 0], "post": [0.1, 0, 0]},
						"0.3333": {"pre": [0.1, 0, 0], "post": [0, 0, 0]}
					}
				}
			},
			"sound_effects": {
				"0.125": {
					"effect": "pokemon.cranidos.cry"
				}
			}
		},
		"animation.cranidos.blink": {
			"animation_length": 0.16667,
			"bones": {
				"eyelid_right": {
					"position": {
						"0.0": [-0.1, 0, 0],
						"0.125": [-0.1, 0, 0],
						"0.1667": [0, 0, 0]
					}
				},
				"slanted_eyelid_right": {
					"position": {
						"0.0": [0, -0.25, 0],
						"0.125": [0, -0.25, 0],
						"0.1667": [0, 0, 0]
					}
				},
				"slanted_eyelid_left": {
					"position": {
						"0.0": [0, -0.25, 0],
						"0.125": [0, -0.25, 0],
						"0.1667": [0, 0, 0]
					}
				},
				"eyelid_left": {
					"position": {
						"0.0": [0.1, 0, 0],
						"0.125": [0.1, 0, 0],
						"0.1667": [0.1, 0, 0]
					}
				}
			}
		},
		"animation.cranidos.quirk_idle": {
			"animation_length": 4,
			"bones": {
				"torso": {
					"rotation": {
						"0.0": {
							"post": [0, 0, 0],
							"lerp_mode": "catmullrom"
						},
						"0.25": {
							"post": [5, 0, 0],
							"lerp_mode": "catmullrom"
						},
						"0.5417": {
							"post": [-1.05267, 10.98343, -0.31929],
							"lerp_mode": "catmullrom"
						},
						"1.4167": {
							"post": [-1.05267, 10.98343, -0.31929],
							"lerp_mode": "catmullrom"
						},
						"1.875": {
							"post": [-2.07862, -7.00348, 0.52672],
							"lerp_mode": "catmullrom"
						},
						"2.25": {
							"post": [-5.10935, -19.96376, 0.71098],
							"lerp_mode": "catmullrom"
						},
						"2.75": {
							"post": [-2.10935, -19.96376, 0.71098],
							"lerp_mode": "catmullrom"
						},
						"3.3333": {
							"post": [0, -0.1, 0],
							"lerp_mode": "catmullrom"
						},
						"3.9167": {
							"post": [0, 0, 0],
							"lerp_mode": "catmullrom"
						}
					}
				},
				"tail": {
					"rotation": {
						"0.0": {
							"post": [0, 0, 0],
							"lerp_mode": "catmullrom"
						},
						"0.5": {
							"post": [0.81725, -8.24692, -0.51925],
							"lerp_mode": "catmullrom"
						},
						"0.7917": {
							"post": [-3.1631, -5.25151, -0.68644],
							"lerp_mode": "catmullrom"
						},
						"1.125": {
							"post": [-3.15056, -1.25758, -0.90702],
							"lerp_mode": "catmullrom"
						},
						"1.4583": {
							"post": [-3.14984, -0.25909, -0.96198],
							"lerp_mode": "catmullrom"
						},
						"1.6667": {
							"post": [-3.17782, 7.04968, -1.36682],
							"lerp_mode": "catmullrom"
						},
						"1.9167": {
							"post": [-3.50558, 6.01476, -1.33875],
							"lerp_mode": "catmullrom"
						},
						"2.1667": {
							"post": [-3.17323, -1.46612, -0.68384],
							"lerp_mode": "catmullrom"
						},
						"2.5": {
							"post": [1.77948, -0.29874, -0.96027],
							"lerp_mode": "catmullrom"
						},
						"2.75": {
							"post": [5.6845, -0.29874, -0.96027],
							"lerp_mode": "catmullrom"
						},
						"3.0833": {
							"post": [0, 2, 0],
							"lerp_mode": "catmullrom"
						},
						"3.5": {
							"post": [0, 0, 0],
							"lerp_mode": "catmullrom"
						}
					}
				},
				"tail1": {
					"rotation": {
						"0.0": {
							"post": [0, 0, 0],
							"lerp_mode": "catmullrom"
						},
						"0.25": {
							"post": [0, -1.98, 0],
							"lerp_mode": "catmullrom"
						},
						"0.7083": {
							"post": [0, 2, 0],
							"lerp_mode": "catmullrom"
						},
						"1.5833": {
							"post": [0, 15, 0],
							"lerp_mode": "catmullrom"
						},
						"2.0417": {
							"post": [0, -5, 0],
							"lerp_mode": "catmullrom"
						},
						"2.2917": {
							"post": [0, -12, 0],
							"lerp_mode": "catmullrom"
						},
						"2.7083": {
							"post": [4, -4, 0],
							"lerp_mode": "catmullrom"
						},
						"3.2917": {
							"post": [2.10528, 2.62245, 0.13514],
							"lerp_mode": "catmullrom"
						},
						"3.8333": {
							"post": [0, 0, 0],
							"lerp_mode": "catmullrom"
						}
					}
				},
				"torso2": {
					"rotation": {
						"0.0": {
							"post": [0, 0, 0],
							"lerp_mode": "catmullrom"
						},
						"0.125": {
							"post": [2, 0, 0],
							"lerp_mode": "catmullrom"
						},
						"0.4583": {
							"post": [6, 0, 0],
							"lerp_mode": "catmullrom"
						},
						"0.6667": {
							"post": [6.02275, 4.97254, 0.52396],
							"lerp_mode": "catmullrom"
						},
						"1.375": {
							"post": [2.04604, 9.96939, 0.70292],
							"lerp_mode": "catmullrom"
						},
						"1.7083": {
							"post": [8.04604, 9.96939, 0.70292],
							"lerp_mode": "catmullrom"
						},
						"2.2083": {
							"post": [5.39937, -11.96577, -2.64198],
							"lerp_mode": "catmullrom"
						},
						"2.6667": {
							"post": [4.40402, -13.86537, -2.72129],
							"lerp_mode": "catmullrom"
						},
						"3.25": {
							"post": [0, -1, 0],
							"lerp_mode": "catmullrom"
						},
						"3.8333": {
							"post": [0, 0, 0],
							"lerp_mode": "catmullrom"
						}
					}
				},
				"neck": {
					"rotation": {
						"0.0": {
							"post": [0, 0, 0],
							"lerp_mode": "catmullrom"
						},
						"0.4167": {
							"post": [-2.96163, 4.0081, 0.31421],
							"lerp_mode": "catmullrom"
						},
						"0.9167": {
							"post": [-0.98846, 11.00045, 0.05331],
							"lerp_mode": "catmullrom"
						},
						"1.6667": {
							"post": [5.86787, 11.27429, -0.32056],
							"lerp_mode": "catmullrom"
						},
						"1.875": {
							"post": [0.83658, -9.61868, -2.45017],
							"lerp_mode": "catmullrom"
						},
						"2.4583": {
							"post": [2.78858, -9.61868, -2.45017],
							"lerp_mode": "catmullrom"
						},
						"3.125": {
							"post": [-0.09154, 0.01522, 0.07551],
							"lerp_mode": "catmullrom"
						},
						"3.7917": {
							"post": [0, 0, 0],
							"lerp_mode": "catmullrom"
						}
					}
				},
				"head": {
					"rotation": {
						"0.0": {
							"post": [0, 0, 0],
							"lerp_mode": "catmullrom"
						},
						"0.1667": {
							"post": [5, 0, 0],
							"lerp_mode": "catmullrom"
						},
						"0.5417": {
							"post": [-5, 0, 0],
							"lerp_mode": "catmullrom"
						},
						"0.9167": {
							"post": [-4.6578, 8.39196, -0.77168],
							"lerp_mode": "catmullrom"
						},
						"1.4583": {
							"post": [-3, 4.48195, -0.3944],
							"lerp_mode": "catmullrom"
						},
						"1.8333": {
							"post": [0.27484, 21.46192, -0.73295],
							"lerp_mode": "catmullrom"
						},
						"2.125": {
							"post": [3.25885, -6.45588, -0.86254],
							"lerp_mode": "catmullrom"
						},
						"2.375": {
							"post": [-9.75475, -10.09413, -0.9811],
							"lerp_mode": "catmullrom"
						},
						"2.5": {
							"post": [-7.96496, -10.667, -1.03791],
							"lerp_mode": "catmullrom"
						},
						"2.625": {
							"post": [-10.46183, -11.08675, -1.11661],
							"lerp_mode": "catmullrom"
						},
						"2.875": {
							"post": [-1.75049, -16.44662, -0.90754],
							"lerp_mode": "catmullrom"
						},
						"3.5833": {
							"post": [0.11837, 0.3, 0.0593],
							"lerp_mode": "catmullrom"
						},
						"4.0": {
							"post": [0, 0, 0],
							"lerp_mode": "catmullrom"
						}
					}
				},
				"eyelid_right": {
					"position": {
						"0.0833": [0, 0, 0],
						"0.125": {"pre": [0, 0, 0], "post": [-0.1, 0, 0]},
						"0.4583": {"pre": [-0.1, 0, 0], "post": [-0.1, 0, 0]},
						"0.5": {"pre": [-0.1, 0, 0], "post": [0, 0, 0]},
						"1.2083": {"pre": [0, 0, 0], "post": [0, 0, 0]},
						"1.25": {"pre": [0, 0, 0], "post": [-0.1, 0, 0]},
						"1.3333": {"pre": [-0.1, 0, 0], "post": [-0.1, 0, 0]},
						"1.375": {"pre": [-0.1, 0, 0], "post": [0, 0, 0]},
						"2.0833": {"pre": [0, 0, 0], "post": [0, 0, 0]},
						"2.125": {"pre": [0, 0, 0], "post": [-0.1, 0, 0]},
						"2.875": {"pre": [-0.1, 0, 0], "post": [-0.1, 0, 0]},
						"2.9167": {"pre": [-0.1, 0, 0], "post": [0, 0, 0]}
					}
				},
				"eyelid_left": {
					"position": {
						"0.0833": [0, 0, 0],
						"0.125": {"pre": [0, 0, 0], "post": [0.1, 0, 0]},
						"0.4583": {"pre": [0.1, 0, 0], "post": [0.1, 0, 0]},
						"0.5": {"pre": [0.1, 0, 0], "post": [0, 0, 0]},
						"1.2083": {"pre": [0, 0, 0], "post": [0, 0, 0]},
						"1.25": {"pre": [0, 0, 0], "post": [0.1, 0, 0]},
						"1.3333": {"pre": [0.1, 0, 0], "post": [0.1, 0, 0]},
						"1.375": {"pre": [0.1, 0, 0], "post": [0, 0, 0]},
						"2.0833": {"pre": [0, 0, 0], "post": [0, 0, 0]},
						"2.125": {"pre": [0, 0, 0], "post": [0.1, 0, 0]},
						"2.875": {"pre": [0.1, 0, 0], "post": [0.1, 0, 0]},
						"2.9167": {"pre": [0.1, 0, 0], "post": [0, 0, 0]}
					}
				},
				"jaw": {
					"rotation": {
						"0.1667": {
							"pre": [0, 0, 0],
							"post": [0, 0, 0],
							"lerp_mode": "catmullrom"
						},
						"0.75": {
							"post": [13, 0, 0],
							"lerp_mode": "catmullrom"
						},
						"1.1667": {
							"post": [6, 0, 0],
							"lerp_mode": "catmullrom"
						},
						"1.3333": [0, 0, 0],
						"1.8333": [0, 0, 0],
						"2.2083": [0, 0, 0],
						"2.7083": {
							"pre": [6.98, 0, 0],
							"post": [6.98, 0, 0],
							"lerp_mode": "catmullrom"
						},
						"2.9583": {
							"post": [0, 0, 0],
							"lerp_mode": "catmullrom"
						}
					}
				},
				"chain": {
					"rotation": {
						"0.0": {
							"post": [0, 0, 0],
							"lerp_mode": "catmullrom"
						},
						"0.2917": {
							"post": [-3, 0, 0],
							"lerp_mode": "catmullrom"
						},
						"0.5833": {
							"post": [-5, 0.08135, -12.87973],
							"lerp_mode": "catmullrom"
						},
						"1.0": {
							"post": [-8.17288, 0, 5.1259],
							"lerp_mode": "catmullrom"
						},
						"1.375": {
							"post": [-8.1131, 0.15707, -5.364],
							"lerp_mode": "catmullrom"
						},
						"1.5833": {
							"post": [-8.07809, -0.28405, -7.6698],
							"lerp_mode": "catmullrom"
						},
						"1.75": {
							"post": [-2.78611, 0.29118, -0.43187],
							"lerp_mode": "catmullrom"
						},
						"1.9583": {
							"post": [-0.63498, -0.04112, 6.91039],
							"lerp_mode": "catmullrom"
						},
						"2.5": {
							"post": [-3.8069, 0.11397, -2.65004],
							"lerp_mode": "catmullrom"
						},
						"3.2083": {
							"post": [-2.8311, -0.12339, -3.63692],
							"lerp_mode": "catmullrom"
						},
						"3.5417": {
							"post": [1.03813, 0.28488, 5.26496],
							"lerp_mode": "catmullrom"
						},
						"4.0833": {
							"post": [0, 0, 0],
							"lerp_mode": "catmullrom"
						}
					}
				},
				"slanted_eyelid_right": {
					"position": {
						"0.0833": [0, 0, 0],
						"0.125": [0, -0.25, 0],
						"0.4583": [0, -0.25, 0],
						"0.5": [0, 0, 0],
						"1.25": [0, 0, 0],
						"1.2917": [0, -0.25, 0],
						"1.375": [0, -0.25, 0],
						"1.4167": [0, 0, 0],
						"2.125": [0, 0, 0],
						"2.1667": [0, -0.25, 0],
						"2.9167": [0, -0.25, 0],
						"2.9583": [0, 0, 0]
					}
				},
				"slanted_eyelid_left": {
					"position": {
						"0.0833": [0, 0, 0],
						"0.125": [0, -0.25, 0],
						"0.4583": [0, -0.25, 0],
						"0.5": [0, 0, 0],
						"1.25": [0, 0, 0],
						"1.2917": [0, -0.25, 0],
						"1.375": [0, -0.25, 0],
						"1.4167": [0, 0, 0],
						"2.125": [0, 0, 0],
						"2.1667": [0, -0.25, 0],
						"2.9167": [0, -0.25, 0],
						"2.9583": [0, 0, 0]
					}
				}
			}
		},
		"animation.cranidos.quirk_shake": {
			"animation_length": 2.5,
			"bones": {
				"torso": {
					"rotation": {
						"0.3333": {
							"pre": [0, 0, 0],
							"post": [0, 0, 0],
							"lerp_mode": "catmullrom"
						},
						"0.5": {
							"post": [2, 3, 3],
							"lerp_mode": "catmullrom"
						},
						"0.6667": {
							"post": [-5, -3, -3],
							"lerp_mode": "catmullrom"
						},
						"0.7917": {
							"post": [-8, 3, 3],
							"lerp_mode": "catmullrom"
						},
						"0.9167": {
							"post": [-8.5, -3, -3],
							"lerp_mode": "catmullrom"
						},
						"1.0417": {
							"post": [-8, 3, 3],
							"lerp_mode": "catmullrom"
						},
						"1.25": {
							"post": [-4.60665, -0.19509, -1.90245],
							"lerp_mode": "catmullrom"
						},
						"1.625": {
							"post": [0, 0, 1],
							"lerp_mode": "catmullrom"
						},
						"2.0417": {
							"post": [0, 0, 0],
							"lerp_mode": "catmullrom"
						}
					}
				},
				"tail": {
					"rotation": {
						"0.4167": {
							"pre": [0, 0, 0],
							"post": [0, 0, 0],
							"lerp_mode": "catmullrom"
						},
						"0.5833": {
							"post": [3, -5, 0],
							"lerp_mode": "catmullrom"
						},
						"0.75": {
							"post": [7, 7, 0],
							"lerp_mode": "catmullrom"
						},
						"0.9167": {
							"post": [8.4, -5, 0],
							"lerp_mode": "catmullrom"
						},
						"1.0833": {
							"post": [12.4, 7, 0],
							"lerp_mode": "catmullrom"
						},
						"1.25": {
							"post": [11, -5, 0],
							"lerp_mode": "catmullrom"
						},
						"1.4167": {
							"post": [5.8, 0, 0],
							"lerp_mode": "catmullrom"
						},
						"1.5833": {
							"post": [1.04573, 1.51545, -0.00356],
							"lerp_mode": "catmullrom"
						},
						"1.8333": {
							"post": [0, -2, 0],
							"lerp_mode": "catmullrom"
						},
						"2.1667": {
							"post": [0, 0, 0],
							"lerp_mode": "catmullrom"
						}
					}
				},
				"tail1": {
					"rotation": {
						"0.3333": {
							"pre": [0, 0, 0],
							"post": [0, 0, 0],
							"lerp_mode": "catmullrom"
						},
						"0.5": {
							"post": [1.57989, 8.73725, 0.1891],
							"lerp_mode": "catmullrom"
						},
						"0.625": {
							"post": [2, 0, 0],
							"lerp_mode": "catmullrom"
						},
						"0.7083": {
							"post": [-2.35669, -10.28115, 0.42729],
							"lerp_mode": "catmullrom"
						},
						"0.8333": {
							"post": [-2.20295, 4.01274, -0.15452],
							"lerp_mode": "catmullrom"
						},
						"1.0": {
							"post": [-2.35669, -10.28115, 0.42729],
							"lerp_mode": "catmullrom"
						},
						"1.1667": {
							"post": [-2.20295, 4.01274, -0.15452],
							"lerp_mode": "catmullrom"
						},
						"1.3333": {
							"post": [-2.35669, -10.28115, 0.42729],
							"lerp_mode": "catmullrom"
						},
						"1.5833": {
							"post": [2.80633, 3.0121, 0.14593],
							"lerp_mode": "catmullrom"
						},
						"1.9167": {
							"post": [0, -4, 0],
							"lerp_mode": "catmullrom"
						},
						"2.3333": {
							"post": [0, 0, 0],
							"lerp_mode": "catmullrom"
						}
					},
					"position": {
						"0.3333": [0, 0, 0],
						"0.7083": [0, -0.2, 0],
						"1.5833": [0, 0, 0]
					}
				},
				"torso2": {
					"rotation": {
						"0.0417": {
							"pre": [0, 0, 0],
							"post": [0, 0, 0],
							"lerp_mode": "catmullrom"
						},
						"0.2083": {
							"post": [-0.5, 0, 0],
							"lerp_mode": "catmullrom"
						},
						"0.3333": {
							"post": [6, 5, 5],
							"lerp_mode": "catmullrom"
						},
						"0.5": {
							"post": [9, -5, -5],
							"lerp_mode": "catmullrom"
						},
						"0.7083": {
							"post": [9, 5, 5],
							"lerp_mode": "catmullrom"
						},
						"0.8333": {
							"post": [9, -5, -5],
							"lerp_mode": "catmullrom"
						},
						"0.9583": {
							"post": [9, 5, 5],
							"lerp_mode": "catmullrom"
						},
						"1.1667": {
							"post": [2.42, 0, 0],
							"lerp_mode": "catmullrom"
						},
						"1.5417": {
							"post": [-0.05234, -0.99863, -0.99954],
							"lerp_mode": "catmullrom"
						},
						"1.9583": {
							"post": [0, 0, 0],
							"lerp_mode": "catmullrom"
						}
					}
				},
				"head": {
					"rotation": {
						"0.0": {
							"post": [0, 0, 0],
							"lerp_mode": "catmullrom"
						},
						"0.1667": {
							"post": [35, 15.573, 20],
							"lerp_mode": "catmullrom"
						},
						"0.2917": {
							"post": [35, -15.573, -20],
							"lerp_mode": "catmullrom"
						},
						"0.4583": {
							"post": [35, 15.573, 20],
							"lerp_mode": "catmullrom"
						},
						"0.625": {
							"post": [35, -15.573, -20],
							"lerp_mode": "catmullrom"
						},
						"0.8333": {
							"post": [10, 10, 5],
							"lerp_mode": "catmullrom"
						},
						"1.0833": {
							"post": [5, 0, 0],
							"lerp_mode": "catmullrom"
						},
						"1.6667": {
							"post": [0, 0, 0.5],
							"lerp_mode": "catmullrom"
						},
						"2.2083": {
							"post": [0, 0, 0],
							"lerp_mode": "catmullrom"
						}
					}
				},
				"eyelid_right": {
					"position": {
						"0.0417": [0, 0, 0],
						"0.0833": {"pre": [0, 0, 0], "post": [-0.1, 0, 0]},
						"1.0": {"pre": [-0.1, 0, 0], "post": [-0.1, 0, 0]},
						"1.0417": {"pre": [-0.1, 0, 0], "post": [0, 0, 0]}
					}
				},
				"eyelid_left": {
					"position": {
						"0.0417": [0, 0, 0],
						"0.0833": {"pre": [0, 0, 0], "post": [0.1, 0, 0]},
						"1.0": {"pre": [0.1, 0, 0], "post": [0.1, 0, 0]},
						"1.0417": {"pre": [0.1, 0, 0], "post": [0, 0, 0]}
					}
				},
				"jaw": {
					"rotation": {
						"0.125": {
							"pre": [0, 0, 0],
							"post": [0, 0, 0],
							"lerp_mode": "catmullrom"
						},
						"0.2917": {
							"post": [16, 0, 0],
							"lerp_mode": "catmullrom"
						},
						"0.9167": {
							"post": [17, 0, 0],
							"lerp_mode": "catmullrom"
						},
						"1.0417": {
							"post": [0, 0, 0],
							"lerp_mode": "catmullrom"
						}
					}
				},
				"chain": {
					"rotation": {
						"0.2917": {
							"pre": [0, 0, 0],
							"post": [0, 0, 0],
							"lerp_mode": "catmullrom"
						},
						"0.4583": {
							"post": [-0.5, 0, 0],
							"lerp_mode": "catmullrom"
						},
						"0.5833": {
							"post": [6, 9, 5],
							"lerp_mode": "catmullrom"
						},
						"0.75": {
							"post": [6, -9, -5],
							"lerp_mode": "catmullrom"
						},
						"0.9583": {
							"post": [9, 9, 5],
							"lerp_mode": "catmullrom"
						},
						"1.0833": {
							"post": [9, -9, -5],
							"lerp_mode": "catmullrom"
						},
						"1.4583": {
							"post": [-0.05234, 6.00137, 4.00046],
							"lerp_mode": "catmullrom"
						},
						"1.9583": {
							"post": [-0.05234, -2.0014, -3.0005],
							"lerp_mode": "catmullrom"
						},
						"2.375": {
							"post": [0, 0, 0],
							"lerp_mode": "catmullrom"
						}
					}
				},
				"slanted_eyelid_right": {
					"position": {
						"0.0417": [0, 0, 0],
						"0.0833": [0, -0.25, 0],
						"1.0": [0, -0.25, 0],
						"1.0417": [0, 0, 0]
					}
				},
				"slanted_eyelid_left": {
					"position": {
						"0.0417": [0, 0, 0],
						"0.0833": [0, -0.25, 0],
						"1.0": [0, -0.25, 0],
						"1.0417": [0, 0, 0]
					}
				}
			}
		},
		"animation.cranidos.walk speed test": {
			"loop": true,
			"bones": {
				"chansey": {
					"position": [0, 0, "-q.anim_time*90*0.12"]
				},
				"cranidos": {
					"position": [0, 0, "-q.anim_time*90*0.12"]
				}
			}
		},
		"animation.cranidos.run speed test": {
			"loop": true,
			"bones": {
				"chansey": {
					"position": [0, 0, "-q.anim_time*90*0.12"]
				},
				"cranidos": {
					"position": [0, 0, "-q.anim_time*90*0.34"]
				}
			}
		},
		"animation.cranidos.idle_copy": {
			"loop": true,
			"bones": {
				"torso": {
					"rotation": [-2.5, -1, 1],
					"position": [0, -0.1, 0]
				},
				"tail1": {
					"rotation": [7.5, 0, 0]
				},
				"tail2": {
					"rotation": [17.5, 0, 0]
				},
				"torso2": {
					"rotation": [-7.5, 0, -1]
				},
				"left_arm": {
					"rotation": [11.1759, 25.0559, -40],
					"position": [0, 0, 0.1]
				},
				"left_arm2": {
					"rotation": [-29.4703, 14.365, 23.7035]
				},
				"left_hand": {
					"rotation": [0, 0, 1]
				},
				"left_finger1": {
					"rotation": [23.09453, 24.3176, -5.738]
				},
				"left_finger2": {
					"rotation": [-28.0945, -24.3176, 5.738]
				},
				"left_finger3": {
					"rotation": [0, 0, 22.5]
				},
				"right_arm": {
					"rotation": [11.1759, -25.0559, "40+3"],
					"position": [0, 0, 0.1]
				},
				"right_arm2": {
					"rotation": [-29.4703, -14.365, -23.7035]
				},
				"right_hand": {
					"rotation": [0, 0, 1]
				},
				"right_finger1": {
					"rotation": [23.09453, -24.31762, 5.738]
				},
				"right_finger2": {
					"rotation": [-28.0945, 24.3176, -5.738]
				},
				"right_finger3": {
					"rotation": [0, 0, -22.5]
				},
				"neck": {
					"rotation": [12.5, 0, 0]
				},
				"head": {
					"rotation": [2, 1, 0]
				},
				"leg_right": {
					"rotation": [6, 12.5, 0],
					"position": [0, -0.2, 0]
				},
				"rightfoot_toe2": {
					"rotation": [0, 25, 0]
				},
				"rightfoot_toe3": {
					"rotation": [0, -25, 0]
				},
				"leg_left": {
					"rotation": [6, -12.5, 0],
					"position": [0, -0.2, 0]
				},
				"leftfoot_toe2": {
					"rotation": [0, -25, 0]
				},
				"leftfoot_toe3": {
					"rotation": [0, 25, 0]
				},
				"chain": {
					"rotation": [82.5, 0, 0]
				},
				"leg_right2": {
					"rotation": [-12, 0, 0],
					"position": [0, -0.025, 0.166]
				},
				"foot_right": {
					"rotation": [6, 0, 0]
				},
				"leg_left2": {
					"rotation": [-12, 0, 0],
					"position": [0, -0.025, 0.166]
				},
				"foot_left": {
					"rotation": [6, 0, 0]
				}
			}
		},
		"animation.cranidos.pose": {
			"loop": true,
			"animation_length": 10.29167,
			"bones": {
				"torso": {
					"rotation": [-15, 0, 0]
				},
				"body": {
					"position": [0, -0.5, 0]
				},
				"tail": {
					"rotation": [15.019, -4.98093, -0.43688]
				},
				"tail1": {
					"rotation": [25.39807, -11.91276, -3.81397]
				},
				"tail2": {
					"rotation": [35.23163, -6.13784, -4.31837]
				},
				"torso2": {
					"rotation": [0, 0, 0]
				},
				"neck": {
					"rotation": [10, 0, 0]
				},
				"head": {
					"rotation": [-9.78217, 2.57594, 9.6658]
				},
				"jaw": {
					"rotation": [50, 0, 0]
				},
				"leg_right": {
					"rotation": [17.5, 12.5, 0]
				},
				"leg_right2": {
					"rotation": [-17.5, 0, 0]
				},
				"foot_right": {
					"rotation": [0, 0, 0]
				},
				"rightfoot_toe2": {
					"rotation": [0, 15, 0]
				},
				"rightfoot_toe3": {
					"rotation": [0, -22.5, 0]
				},
				"leg_left": {
					"rotation": [30.09468, -4.32875, -2.50477]
				},
				"leg_left2": {
					"rotation": [-7.5, 0, 0]
				},
				"foot_left": {
					"rotation": [20, 0, 0]
				},
				"foot_left2": {
					"rotation": [-42.5, 0, 0]
				},
				"leftfoot_toe2": {
					"rotation": [0, -17.5, 0]
				},
				"leftfoot_toe3": {
					"rotation": [0, 15, 0]
				},
				"backleft_toe2": {
					"rotation": [-35, 0, 0]
				},
				"right_arm": {
					"rotation": [21.00097, -20.71501, 46.58994]
				},
				"right_arm2": {
					"rotation": [-25, 0, 0]
				},
				"right_finger2": {
					"rotation": [-20, 0, 0]
				},
				"right_finger1": {
					"rotation": [20, 0, 0]
				},
				"left_arm": {
					"rotation": [21.00097, 20.715, -46.5899]
				},
				"left_arm2": {
					"rotation": [-25, 0, 0]
				},
				"left_finger1": {
					"rotation": [20, 0, 0]
				},
				"left_finger2": {
					"rotation": [-20, 0, 0]
				},
				"cranidos": {
					"rotation": {
						"0.0": [0, "0-q.anim_time*35", 0],
						"10.2917": [0, "0-q.anim_time*35", 0]
					},
					"position": [0, 0, 0]
				},
				"left_hand": {
					"rotation": [0, 0, 27.5]
				},
				"right_hand": {
					"rotation": [0, 0, -20]
				},
				"collar": {
					"rotation": [10, 0, 0],
					"position": [0, 0.75, -0.5]
				},
				"chain": {
					"rotation": [72.89033, 3.73171, 11.93845]
				}
			}
		}
	}
}