{
	"format_version": "1.8.0",
	"animations": {
		"animation.rampardos.ground_idle": {
			"loop": true,
			"bones": {
				"rampardos": {
					"position": [0, 0, 0]
				},
				"torso": {
					"rotation": ["7.5-1*math.cos(q.anim_time*90*2-60)*0.5", "-1*math.cos(q.anim_time*90*1-90)*0.5", "1*math.cos(q.anim_time*90*1-60)*0.5"],
					"position": [0, "0.2*math.cos(q.anim_time*90*2-60)*1", 0]
				},
				"neck1": {
					"rotation": ["5-1*math.cos(q.anim_time*90*2-120)*1", "-1*math.cos(q.anim_time*90*1-30)*0.5", 0]
				},
				"neck2": {
					"rotation": ["-15-1*math.cos(q.anim_time*90*2-150)*1", 0, 0]
				},
				"tail": {
					"rotation": [-5.09271, 1.9637, "-3.4054*math.sin(q.anim_time*90*1-60)*1"]
				},
				"tail2": {
					"rotation": [17.4548, 1.27693, "-4.054*math.sin(q.anim_time*90*1-90)*1"]
				},
				"tail3": {
					"rotation": [24.87966, 2.5319, "-5.4414*math.sin(q.anim_time*90*1-120)*1"]
				},
				"left_upper_leg": {
					"rotation": ["2-1.9*math.cos(q.anim_time*90*2-60)*1", -15, 0],
					"position": [0, "-0.3+0.025*math.cos(q.anim_time*90*2-60)*1", 0]
				},
				"leftleg_left_toe": {
					"rotation": [0, 0, -30]
				},
				"leftleg_right_toe": {
					"rotation": [0, 0, 30]
				},
				"right_arm": {
					"rotation": [66.5941, "-45.9406-2*math.sin(q.anim_time*90*2-30)*1", "-75.4352-1*math.sin(q.anim_time*90*2-30)*1"]
				},
				"right_arm2": {
					"rotation": [16.4599, "-22.3801-1*math.sin(q.anim_time*90*2-40)*1", "37.9138+2*math.sin(q.anim_time*90*2-40)*1"]
				},
				"right_arm3": {
					"rotation": [0, "-40.3801-1*math.sin(q.anim_time*90*2-50)*1", "22.5+2*math.sin(q.anim_time*90*2-50)*1"]
				},
				"right_thumb": {
					"rotation": [-3.81397, "-11.9128-5*math.sin(q.anim_time*90*2-90)*1", 17.89807]
				},
				"right_finger1": {
					"rotation": [0, "-27.5-5*math.sin(q.anim_time*90*2-90)*1", 0]
				},
				"right_finger2": {
					"rotation": [15, "-12.5-5*math.sin(q.anim_time*90*2-90)*1", -50]
				},
				"right_upper_leg": {
					"rotation": ["2-1.9*math.cos(q.anim_time*90*2-60)*1", 15, 0],
					"position": [0, "-0.3+0.025*math.cos(q.anim_time*90*2-60)*1", 0]
				},
				"rightleg_right_toe": {
					"rotation": [0, 0, 30]
				},
				"rightleg_left_toe": {
					"rotation": [0, 0, -30]
				},
				"left_arm": {
					"rotation": [66.5941, "45.9406+2*math.sin(q.anim_time*90*2-50)*1", "75.4352+1*math.sin(q.anim_time*90*2-50)*1"]
				},
				"left_arm2": {
					"rotation": [16.4599, "22.3801+1*math.sin(q.anim_time*90*2-60)*1", "-37.9138-2*math.sin(q.anim_time*90*2-60)*1"]
				},
				"left_arm3": {
					"rotation": [0, "40.3801+1*math.sin(q.anim_time*90*2-70)*1", "-22.5-2*math.sin(q.anim_time*90*2-70)*1"]
				},
				"left_finger1": {
					"rotation": [-3.81397, "11.9128+5*math.sin(q.anim_time*90*2-120)*1", -17.8981]
				},
				"left_finger2": {
					"rotation": [0, "27.5+5*math.sin(q.anim_time*90*2-120)*1", 0]
				},
				"left_thumb": {
					"rotation": [15, "12.5+5*math.sin(q.anim_time*90*2-120)*1", 50]
				},
				"head": {
					"rotation": ["-1*math.cos(q.anim_time*90*2-150)*0.5", 0, 0]
				},
				"left_leg1": {
					"rotation": ["2*math.cos(q.anim_time*90*2-60)*1", 0, 0]
				},
				"left_leg2": {
					"rotation": ["1*math.cos(q.anim_time*90*2-60)*1", 0, 0]
				},
				"left_foot": {
					"rotation": ["-1.75-1*math.cos(q.anim_time*90*2-60)*1", 0, 0]
				},
				"right_leg1": {
					"rotation": ["2*math.cos(q.anim_time*90*2-60)*1", 0, 0]
				},
				"right_leg2": {
					"rotation": ["1*math.cos(q.anim_time*90*2-60)*1", 0, 0]
				},
				"right_foot": {
					"rotation": ["-1.75-1*math.cos(q.anim_time*90*2-60)*1", 0, 0]
				},
				"collar_chain": {
					"rotation": ["47.5+5*math.cos(q.anim_time*90*2-120)*1", "5*math.cos(q.anim_time*90*1-90)*0.5", "10*math.cos(q.anim_time*90*1-90)*0.5"]
				},
				"collar_chain2": {
					"rotation": ["5*math.cos(q.anim_time*90*2-150)*1", "-5*math.cos(q.anim_time*90*1-120)*0.5", 0]
				},
				"collar_chain3": {
					"rotation": ["3*math.cos(q.anim_time*90*2-180)*1", 0, 0]
				},
				"ravager_horn_left2": {
					"rotation": ["-15+10*math.cos(q.anim_time*90*2-150)*0.5", 0, 29.5]
				},
				"ravager_horn_left3": {
					"rotation": ["10*math.cos(q.anim_time*90*2-210)*0.5", 0, 0]
				},
				"ravager_horn_right2": {
					"rotation": ["-15+10*math.cos(q.anim_time*90*2-150)*0.5", 0, -29.5]
				},
				"ravager_horn_right3": {
					"rotation": ["10*math.cos(q.anim_time*90*2-210)*0.5", 0, 0]
				},
				"left_arm_chain": {
					"rotation": ["10.1164+5*math.sin(q.anim_time*90*2-120)*1", 23.2905, "-54.8616-5*math.sin(q.anim_time*90*2-120)*1"]
				},
				"left_arm_chain2": {
					"rotation": ["5*math.sin(q.anim_time*90*2-150)*1", 0, 0]
				},
				"right_arm_chain": {
					"rotation": ["10.1164+5*math.sin(q.anim_time*90*2-120)*1", -23.2905, "54.8616+5*math.sin(q.anim_time*90*2-120)*1"]
				},
				"right_arm_chain2": {
					"rotation": ["5*math.sin(q.anim_time*90*2-150)*1", 0, 0]
				}
			}
		},
		"animation.rampardos.battle_idle": {
			"loop": true,
			"animation_length": 2.66,
			"bones": {
				"rampardos": {
					"position": [0, 0, 0]
				},
				"torso": {
					"rotation": ["17.2378+1*math.cos(q.anim_time*90*3-90)*0.5", "-1*math.cos(q.anim_time*90*1.5-90)*0.25", "-1*math.sin(q.anim_time*90*1.5-30)*0.5"],
					"position": [0, "-0.2-0.3*math.cos(q.anim_time*90*3-30)*1", 0]
				},
				"neck1": {
					"rotation": ["2.4982*math.cos(q.anim_time*90*3-120)*0.5", "-1.2393*math.cos(q.anim_time*90*1.5-90)*0.5", -0.16318]
				},
				"neck2": {
					"rotation": ["-16.5603+3*math.cos(q.anim_time*90*3-90)*0.5", 0, -1.36236]
				},
				"tail": {
					"rotation": ["2.2484-2*math.sin(q.anim_time*90*3)", "-1.6726*math.sin(q.anim_time*90*1.5)", "-2.2809*math.sin(q.anim_time*90*1.5)"]
				},
				"tail2": {
					"rotation": ["11.75-2*math.sin(q.anim_time*90*3-60)", "-2*math.sin(q.anim_time*90*1.5-60)", "-3*math.sin(q.anim_time*90*1.5-60)"]
				},
				"tail3": {
					"rotation": ["14-2*math.sin(q.anim_time*90*3-120)", "-3*math.sin(q.anim_time*90*1.5-120)", "-3*math.sin(q.anim_time*90*1.5-120)"]
				},
				"left_upper_leg": {
					"rotation": ["24.7081+2*math.cos(q.anim_time*90*3-40)*1", -21.55414, -0.28383],
					"position": ["0.1*math.cos(q.anim_time*90*3-40)*1", "-0.05-0.165*math.cos(q.anim_time*90*3-40)*1", "0.9-0.23*math.cos(q.anim_time*90*3-40)*1"]
				},
				"leftleg_left_toe": {
					"rotation": [0, 0, -30]
				},
				"leftleg_right_toe": {
					"rotation": [0, 0, 30]
				},
				"right_arm": {
					"rotation": [41.9063, "-73.2391-3*math.sin(q.anim_time*90*3)*1", "-63.99835+2*math.sin(q.anim_time*90*3)*1"]
				},
				"right_arm2": {
					"rotation": [23.25949, -6.8286, "17.9348+2*math.sin(q.anim_time*90*3-30)*1"]
				},
				"right_arm3": {
					"rotation": [0, "-21.53-2*math.sin(q.anim_time*90*3-50)*1", 22.555]
				},
				"right_thumb": {
					"rotation": [-3.81397, "-11.9128-5*math.sin(q.anim_time*90*3-90)*1", 17.89807]
				},
				"right_finger1": {
					"rotation": [0, "-16.5-5*math.sin(q.anim_time*90*3-90)*1", 0]
				},
				"right_finger2": {
					"rotation": [15, "-12.5-5*math.sin(q.anim_time*90*3-90)*1", -50]
				},
				"right_upper_leg": {
					"rotation": ["-11.7919+2*math.cos(q.anim_time*90*3-40)*1", 21.55414, 0.28383],
					"position": ["-0.1*math.cos(q.anim_time*90*3-40)*1", "0.375-0.03*math.cos(q.anim_time*90*3-40)*1", "-2.35-0.25*math.cos(q.anim_time*90*3-40)*1"]
				},
				"rightleg_right_toe": {
					"rotation": [0, 0, 30]
				},
				"rightleg_left_toe": {
					"rotation": [0, 0, -30]
				},
				"left_arm": {
					"rotation": [41.90633, "73.2391+2*math.sin(q.anim_time*90*3)*1", "63.9983-2*math.sin(q.anim_time*90*3)*1"]
				},
				"left_arm2": {
					"rotation": [23.25952, 6.82852, "-17.9347-2*math.sin(q.anim_time*90*3-30)*1"]
				},
				"left_arm3": {
					"rotation": [0, "21.5+2*math.sin(q.anim_time*90*3-50)*1", -22.5]
				},
				"left_finger1": {
					"rotation": [0, "16.5+5*math.sin(q.anim_time*90*3-90)*1", 0]
				},
				"left_finger2": {
					"rotation": [0, "27.5+5*math.sin(q.anim_time*90*3-120)*1", 0]
				},
				"left_thumb": {
					"rotation": [15, "12.5+5*math.sin(q.anim_time*90*3-120)*1", 50]
				},
				"head": {
					"rotation": ["0.75-3*math.cos(q.anim_time*90*3-90)*0.5", "-1*math.cos(q.anim_time*90*1.5-90)*0.5", 0]
				},
				"jaw": {
					"rotation": ["14-2*math.sin(q.anim_time*90*1.5-70)*1", 0, 0]
				},
				"left_leg1": {
					"rotation": ["-24.75-1*math.cos(q.anim_time*90*3-40)*1", 0, 0]
				},
				"left_leg2": {
					"rotation": ["8.7434-0.95*math.cos(q.anim_time*90*3-40)*1", -0.05463, -0.05984]
				},
				"left_foot": {
					"rotation": ["-8-0.1*math.cos(q.anim_time*90*3-40)*1", 0, 0]
				},
				"left_toes": {
					"rotation": [0, 0, 0]
				},
				"right_leg1": {
					"rotation": ["-9.75-1*math.cos(q.anim_time*90*3-40)*1", 0, 0]
				},
				"right_leg2": {
					"rotation": ["1.4934-1*math.cos(q.anim_time*90*3-40)*1", 0.05463, 0.05984]
				},
				"right_foot": {
					"rotation": ["20-0.1*math.cos(q.anim_time*90*3-40)*1", 0, 0]
				}
			}
		},
		"animation.rampardos.ground_walk": {
			"loop": true,
			"animation_length": 2,
			"bones": {
				"rampardos": {
					"position": [0, 0, 0]
				},
				"torso": {
					"rotation": ["1.3059+3.25*math.cos(q.anim_time*90*4-90)*1", "5*math.cos(q.anim_time*90*2-30)*1", "-2*math.cos(q.anim_time*90*2-30)*1"],
					"position": [0, "-0.5*math.cos(q.anim_time*90*4-90)*1", 0]
				},
				"neck1": {
					"rotation": ["3.5*math.cos(q.anim_time*90*4-180)*1", "-3*math.cos(q.anim_time*90*2-30)*1", 0]
				},
				"neck2": {
					"rotation": ["-10.5+2*math.cos(q.anim_time*90*4-150)*1", "0-2*math.cos(q.anim_time*90*2-90)*1", 0]
				},
				"tail": {
					"rotation": ["5.3059-6*math.cos(q.anim_time*90*4-120)*1", "-5*math.sin(q.anim_time*90*2-180)*1", "5.0924*math.sin(q.anim_time*90*2-90)*1"]
				},
				"tail2": {
					"rotation": ["5.3059-2*math.cos(q.anim_time*90*4-180)*1", "-1*math.sin(q.anim_time*90*2-90)*1", "10.0924*math.sin(q.anim_time*90*2-210)*1"]
				},
				"tail3": {
					"rotation": ["15-5*math.cos(q.anim_time*90*4-240)*1", 0, "3*math.sin(q.anim_time*90*2-250)*1"]
				},
				"left_upper_leg": {
					"rotation": {
						"0.0": [-8.5, -9, 0],
						"1.0": [18.75, -9, 0],
						"1.1667": {
							"pre": [30.49382, -9, 0],
							"post": [30.49382, -9, 0],
							"lerp_mode": "catmullrom"
						},
						"1.2917": {
							"post": [35.95809, -9, 0],
							"lerp_mode": "catmullrom"
						},
						"1.375": {
							"post": [32.4547, -9, 0],
							"lerp_mode": "catmullrom"
						},
						"1.5": {
							"post": [21.72084, -9, 0],
							"lerp_mode": "catmullrom"
						},
						"1.9167": {
							"post": [-23.29208, -9, 0],
							"lerp_mode": "catmullrom"
						},
						"2.0": [-8.5, -9, 0]
					},
					"position": {
						"0.0": [-1.25, 0.25, -4.65],
						"1.0": [0, -0.67, -0.04],
						"1.2083": {
							"pre": [0, 0.12, 0.01],
							"post": [0, 0.12, 0.01],
							"lerp_mode": "catmullrom"
						},
						"1.4167": {
							"post": [0, 0.985, -0.635],
							"lerp_mode": "catmullrom"
						},
						"1.625": {
							"post": [0, 2.91, -1.155],
							"lerp_mode": "catmullrom"
						},
						"1.9167": {
							"post": [-1.25, 3.22, -1.675],
							"lerp_mode": "catmullrom"
						},
						"2.0": [-1.25, 0.25, -4.65]
					}
				},
				"leftleg_left_toe": {
					"rotation": [0, 0, -30]
				},
				"leftleg_right_toe": {
					"rotation": [0, 0, 30]
				},
				"right_arm": {
					"rotation": ["107.8904-5*math.sin(q.anim_time*90*2-30)*1", "-58.5704-5*math.sin(q.anim_time*90*2-30)*1", "-98.9788-5*math.sin(q.anim_time*90*2-30)*1"]
				},
				"right_arm2": {
					"rotation": [-1.50773, "-6.0354+5*math.sin(q.anim_time*90*2-60)*1", "10.9556+5*math.sin(q.anim_time*90*2-60)*1"]
				},
				"right_arm3": {
					"rotation": [6.84491, "-29.2798+10*math.sin(q.anim_time*90*2-90)*1", "8.71+5*math.sin(q.anim_time*90*2-90)*1"]
				},
				"right_thumb": {
					"rotation": [-3.81397, "-11.9128-7*math.sin(q.anim_time*90*2-90)*1", 17.89807]
				},
				"right_finger1": {
					"rotation": [0, "-27.5-7*math.sin(q.anim_time*90*2-90)*1", 0]
				},
				"right_finger2": {
					"rotation": [15, "-12.5-5*math.sin(q.anim_time*90*2-90)*1", -50]
				},
				"right_upper_leg": {
					"rotation": {
						"0.0": [18.75, 9, 0],
						"0.1667": {
							"pre": [30.49382, 9, 0],
							"post": [30.49382, 9, 0],
							"lerp_mode": "catmullrom"
						},
						"0.2917": {
							"post": [35.95809, 9, 0],
							"lerp_mode": "catmullrom"
						},
						"0.375": {
							"post": [32.4547, 9, 0],
							"lerp_mode": "catmullrom"
						},
						"0.5": {
							"post": [21.72084, 9, 0],
							"lerp_mode": "catmullrom"
						},
						"0.9167": {
							"post": [-23.29208, 9, 0],
							"lerp_mode": "catmullrom"
						},
						"1.0": [-8.5, 9, 0],
						"2.0": [18.75, 9, 0]
					},
					"position": {
						"0.0": [0, -0.67, -0.04],
						"0.2083": {
							"pre": [0, 0.12, 0.01],
							"post": [0, 0.12, 0.01],
							"lerp_mode": "catmullrom"
						},
						"0.4167": {
							"post": [0, 0.985, -0.635],
							"lerp_mode": "catmullrom"
						},
						"0.625": {
							"post": [0, 2.91, -1.155],
							"lerp_mode": "catmullrom"
						},
						"0.9167": {
							"post": [1.25, 3.22, -1.675],
							"lerp_mode": "catmullrom"
						},
						"1.0": [1.25, 0.25, -4.65],
						"2.0": [0, -0.67, -0.04]
					}
				},
				"rightleg_right_toe": {
					"rotation": {
						"0.0": [0, 0, 30],
						"1.0": [0, 0, 30],
						"2.0": [0, 0, 30]
					}
				},
				"rightleg_left_toe": {
					"rotation": [0, 0, -30]
				},
				"left_arm": {
					"rotation": ["107.8904-5*math.sin(q.anim_time*90*2-30)*1", "58.5704+5*math.sin(q.anim_time*90*2-30)*1", "98.9788+5*math.sin(q.anim_time*90*2-30)*1"]
				},
				"left_arm2": {
					"rotation": [-1.50773, "6.0354-5*math.sin(q.anim_time*90*2-60)*1", "-10.9556-5*math.sin(q.anim_time*90*2-60)*1"]
				},
				"left_arm3": {
					"rotation": [6.84491, "29.2798-10*math.sin(q.anim_time*90*2-90)*1", "-8.71-5*math.sin(q.anim_time*90*2-90)*1"]
				},
				"left_finger1": {
					"rotation": [-3.81397, "11.9128-7*math.sin(q.anim_time*90*2-120)*1", -17.8981]
				},
				"left_finger2": {
					"rotation": [0, "27.5-7*math.sin(q.anim_time*90*2-120)*1", 0]
				},
				"left_thumb": {
					"rotation": [15, "12.5-7*math.sin(q.anim_time*90*2-120)*1", 50]
				},
				"body": {
					"rotation": [0, 0, 0],
					"position": {
						"0.0": [0, 0, 0],
						"0.0417": [0, -0.5, 0],
						"0.0833": [0, 0.15, 0],
						"0.125": [0, -0.225, 0],
						"0.1667": [0, 0.125, 0],
						"0.2083": [0, -0.125, 0],
						"0.25": [0, 0.125, 0],
						"0.2917": [0, -0.075, 0],
						"0.3333": [0, 0, 0],
						"1.0": [0, 0, 0],
						"1.0417": [0, -0.5, 0],
						"1.0833": [0, 0.15, 0],
						"1.125": [0, -0.225, 0],
						"1.1667": [0, 0.125, 0],
						"1.2083": [0, -0.125, 0],
						"1.25": [0, 0.125, 0],
						"1.2917": [0, -0.075, 0],
						"1.3333": [0, 0, 0]
					}
				},
				"head": {
					"rotation": ["-5*math.cos(q.anim_time*90*4-90)*1", "-3.2773*math.cos(q.anim_time*90*2-30)*1", 0]
				},
				"jaw": {
					"position": {
						"0.0": [0, 0, 0],
						"0.0833": [0, -0.2, 0],
						"0.1667": [0, 0, 0],
						"0.25": [0, -0.1, 0],
						"0.3333": [0, 0, 0],
						"1.0": [0, 0, 0],
						"1.0833": [0, -0.2, 0],
						"1.1667": [0, 0, 0],
						"1.25": [0, -0.1, 0],
						"1.3333": [0, 0, 0]
					}
				},
				"left_leg1": {
					"rotation": {
						"0.0": [-8, 0, 0],
						"1.0": [-2.5, 0, 0],
						"1.1667": {
							"pre": [0.89, 0, 0],
							"post": [0.89, 0, 0],
							"lerp_mode": "catmullrom"
						},
						"1.3333": {
							"post": [1.72, 0, 0],
							"lerp_mode": "catmullrom"
						},
						"1.5417": {
							"post": [-12.23, 0, 0],
							"lerp_mode": "catmullrom"
						},
						"1.875": {
							"post": [-2.43, 0, 0],
							"lerp_mode": "catmullrom"
						},
						"2.0": [-8, 0, 0]
					}
				},
				"left_leg2": {
					"rotation": {
						"0.0": [0, 0, 0],
						"0.5833": [-8.32, 0, 0],
						"1.0": [-7.25, 0, 0],
						"1.2083": {
							"pre": [-10.67, 0, 0],
							"post": [-10.67, 0, 0],
							"lerp_mode": "catmullrom"
						},
						"1.375": {
							"post": [-16.31, 0, 0],
							"lerp_mode": "catmullrom"
						},
						"1.6667": {
							"post": [-1.39, 0, 0],
							"lerp_mode": "catmullrom"
						},
						"1.875": {
							"post": [10.95, 0, 0],
							"lerp_mode": "catmullrom"
						},
						"2.0": [0, 0, 0]
					}
				},
				"left_foot": {
					"rotation": {
						"0.0": [16.25, 0, 0],
						"1.0": [3, 0, 0],
						"1.125": {
							"pre": [14.08, 0, 0],
							"post": [14.08, 0, 0],
							"lerp_mode": "catmullrom"
						},
						"1.25": {
							"post": [17.41, 0, 0],
							"lerp_mode": "catmullrom"
						},
						"1.4167": {
							"post": [19.88, 0, 0],
							"lerp_mode": "catmullrom"
						},
						"1.6667": {
							"post": [11.87, 0, 0],
							"lerp_mode": "catmullrom"
						},
						"1.7917": {
							"post": [4.2, 0, 0],
							"lerp_mode": "catmullrom"
						},
						"1.875": {
							"post": [7.42, 0, 0],
							"lerp_mode": "catmullrom"
						},
						"2.0": [16.25, 0, 0]
					}
				},
				"left_toes": {
					"rotation": {
						"0.0": [0, 0, 0],
						"0.5": [-3.66, 0, 0],
						"1.0": [-13.5, 0, 0],
						"1.125": {
							"pre": [-24.94, 0, 0],
							"post": [-24.94, 0, 0],
							"lerp_mode": "catmullrom"
						},
						"1.2917": {
							"post": [0, 0, 0],
							"lerp_mode": "catmullrom"
						},
						"1.5417": {
							"post": [4.75, 0, 0],
							"lerp_mode": "catmullrom"
						},
						"1.7083": {
							"post": [9.07, 0, 0],
							"lerp_mode": "catmullrom"
						},
						"1.875": {
							"post": [-7, 0, 0],
							"lerp_mode": "catmullrom"
						},
						"2.0": [0, 0, 0]
					}
				},
				"right_leg1": {
					"rotation": {
						"0.0": [-2.5, 0, 0],
						"0.1667": {
							"pre": [0.89, 0, 0],
							"post": [0.89, 0, 0],
							"lerp_mode": "catmullrom"
						},
						"0.3333": {
							"post": [1.72, 0, 0],
							"lerp_mode": "catmullrom"
						},
						"0.5417": {
							"post": [-12.23, 0, 0],
							"lerp_mode": "catmullrom"
						},
						"0.875": {
							"post": [-2.43, 0, 0],
							"lerp_mode": "catmullrom"
						},
						"1.0": [-8, 0, 0],
						"2.0": [-2.5, 0, 0]
					}
				},
				"right_leg2": {
					"rotation": {
						"0.0": [-7.25, 0, 0],
						"0.2083": {
							"pre": [-10.67, 0, 0],
							"post": [-10.67, 0, 0],
							"lerp_mode": "catmullrom"
						},
						"0.375": {
							"post": [-16.31, 0, 0],
							"lerp_mode": "catmullrom"
						},
						"0.6667": {
							"post": [-1.39, 0, 0],
							"lerp_mode": "catmullrom"
						},
						"0.875": {
							"post": [10.95, 0, 0],
							"lerp_mode": "catmullrom"
						},
						"1.0": [0, 0, 0],
						"1.5833": [-8.32, 0, 0],
						"2.0": [-7.25, 0, 0]
					}
				},
				"right_foot": {
					"rotation": {
						"0.0": [3, 0, 0],
						"0.125": {
							"pre": [14.08, 0, 0],
							"post": [14.08, 0, 0],
							"lerp_mode": "catmullrom"
						},
						"0.25": {
							"post": [17.41, 0, 0],
							"lerp_mode": "catmullrom"
						},
						"0.4167": {
							"post": [19.88, 0, 0],
							"lerp_mode": "catmullrom"
						},
						"0.6667": {
							"post": [11.87, 0, 0],
							"lerp_mode": "catmullrom"
						},
						"0.7917": {
							"post": [4.2, 0, 0],
							"lerp_mode": "catmullrom"
						},
						"0.875": {
							"post": [7.42, 0, 0],
							"lerp_mode": "catmullrom"
						},
						"1.0": [16.25, 0, 0],
						"2.0": [3, 0, 0]
					}
				},
				"right_toes": {
					"rotation": {
						"0.0": [-13.5, 0, 0],
						"0.125": {
							"pre": [-24.94, 0, 0],
							"post": [-24.94, 0, 0],
							"lerp_mode": "catmullrom"
						},
						"0.2917": {
							"post": [0, 0, 0],
							"lerp_mode": "catmullrom"
						},
						"0.5417": {
							"post": [4.75, 0, 0],
							"lerp_mode": "catmullrom"
						},
						"0.7083": {
							"post": [9.07, 0, 0],
							"lerp_mode": "catmullrom"
						},
						"0.875": {
							"post": [-7, 0, 0],
							"lerp_mode": "catmullrom"
						},
						"1.0": [0, 0, 0],
						"1.5": [-3.66, 0, 0],
						"2.0": [-13.5, 0, 0]
					}
				},
				"collar_chain": {
					"rotation": ["53.4087-15.5*math.cos(q.anim_time*90*4-150)*1", "5*math.cos(q.anim_time*90*2-90)*1", "10*math.cos(q.anim_time*90*2-90)*1"]
				},
				"collar_chain2": {
					"rotation": ["-5*math.cos(q.anim_time*90*4-180)*1", 0, 0]
				},
				"collar_chain3": {
					"rotation": ["-5*math.cos(q.anim_time*90*4-210)*1", 0, 0]
				}
			}
		},
		"animation.rampardos.ground_run": {
			"loop": true,
			"animation_length": 1,
			"bones": {
				"rampardos": {
					"position": [0, 0, 0]
				},
				"torso": {
					"rotation": ["14-3*math.cos(q.anim_time*90*8-30)", "3*math.cos(q.anim_time*90*4-30)", "5*math.cos(q.anim_time*90*4-90)"],
					"position": [0, "0.5+1.25*math.cos(q.anim_time*90*8+30)*1", 0]
				},
				"neck1": {
					"rotation": ["6+1*math.cos(q.anim_time*90*8+30)", "3*math.cos(q.anim_time*90*4-30)", "3*math.cos(q.anim_time*90*4)"]
				},
				"neck2": {
					"rotation": ["-25.5+3*math.cos(q.anim_time*90*8)", "-2*math.cos(q.anim_time*90*4-60)", "-5*math.cos(q.anim_time*90*4-30)"]
				},
				"tail": {
					"rotation": ["2*math.cos(q.anim_time*90*8-120)*1", "5*math.sin(q.anim_time*90*4-120)*1", "5*math.sin(q.anim_time*90*4-120)*1"]
				},
				"tail2": {
					"rotation": ["3*math.cos(q.anim_time*90*8-180)*1", 0, "5*math.sin(q.anim_time*90*4-180)*1"]
				},
				"tail3": {
					"rotation": ["10+3*math.cos(q.anim_time*90*8-240)*1", 0, "5*math.sin(q.anim_time*90*4-240)*1"]
				},
				"left_upper_leg": {
					"rotation": {
						"0.0": [-22.25, -0.58277, -2.02409],
						"0.375": [24.15122, -0.58277, -2.02409],
						"0.5": [49.2857, 0.90755, -1.61253],
						"0.625": {
							"pre": [29.2107, 0.90755, -1.61253],
							"post": [29.2107, 0.90755, -1.61253],
							"lerp_mode": "catmullrom"
						},
						"0.7083": {
							"post": [19.2107, 0.90755, -1.61253],
							"lerp_mode": "catmullrom"
						},
						"0.9167": {
							"post": [-34.6576, 0.08642, 0],
							"lerp_mode": "catmullrom"
						},
						"1.0": [-22.25, -0.58277, -2.02409]
					},
					"position": {
						"0.0": [0, 0, -5.2],
						"0.2083": [0.12, 1.045, -2.73],
						"0.2917": [0.19, 1.555, -1.94],
						"0.375": [0, 0.93, -0.98],
						"0.5": [0, 1.9, 0.82],
						"0.625": {
							"pre": [0, 3.555, 0.34],
							"post": [0, 3.555, 0.34],
							"lerp_mode": "catmullrom"
						},
						"0.7083": {
							"post": [0, 3.555, 0.34],
							"lerp_mode": "catmullrom"
						},
						"0.9167": {
							"post": [0, 4.125, -3.64],
							"lerp_mode": "catmullrom"
						},
						"1.0": [0, 0, -5.2]
					}
				},
				"leftleg_right_toe": {
					"rotation": [0, 0, 30]
				},
				"right_arm": {
					"rotation": ["58.9006+5*math.sin(q.anim_time*90*4-120)*1", "-54.3527+5*math.sin(q.anim_time*90*4-120)*1", "-86.4396-2*math.sin(q.anim_time*90*4-120)*1"]
				},
				"right_arm2": {
					"rotation": [16.4599, "-22.3801-2*math.sin(q.anim_time*90*4-150)*1", "27.9138-2*math.sin(q.anim_time*90*4-150)*1"]
				},
				"right_arm3": {
					"rotation": [0, "-30+5*math.sin(q.anim_time*90*4-180)*1", "22.5-10*math.sin(q.anim_time*90*4-180)*1"]
				},
				"right_thumb": {
					"rotation": [-3.81397, -11.91276, 17.89807]
				},
				"right_finger1": {
					"rotation": [0, -27.5, 0]
				},
				"right_finger2": {
					"rotation": [15, -12.5, -50]
				},
				"right_upper_leg": {
					"rotation": {
						"0.0": [49.2857, -0.90755, 1.61253],
						"0.2083": {
							"pre": [19.2107, -0.90755, 1.61253],
							"post": [19.2107, -0.90755, 1.61253],
							"lerp_mode": "catmullrom"
						},
						"0.4167": {
							"post": [-34.6576, -0.08642, 0],
							"lerp_mode": "catmullrom"
						},
						"0.5": [-22.25, 0.58277, 2.02409],
						"0.875": [24.15122, 0.58277, 2.02409],
						"1.0": [49.2857, -0.90755, 1.61253]
					},
					"position": {
						"0.0": [0, 1.9, 0.82],
						"0.2083": {
							"pre": [0, 3.555, 0.34],
							"post": [0, 3.555, 0.34],
							"lerp_mode": "catmullrom"
						},
						"0.4167": {
							"post": [0, 4.125, -3.64],
							"lerp_mode": "catmullrom"
						},
						"0.5": [0, 0, -5.2],
						"0.7083": [-0.12, 1.045, -2.73],
						"0.7917": [-0.19, 1.555, -1.94],
						"0.875": [0, 0.93, -0.98],
						"1.0": [0, 1.9, 0.82]
					}
				},
				"rightleg_right_toe": {
					"rotation": [0, 0, 30]
				},
				"rightleg_left_toe": {
					"rotation": [0, 0, -30]
				},
				"left_arm": {
					"rotation": ["67.374+5*math.sin(q.anim_time*90*4-120)*1", "70.9956-5*math.sin(q.anim_time*90*4-120)*1", "90.9384+2*math.sin(q.anim_time*90*4-120)*1"]
				},
				"left_arm2": {
					"rotation": [16.4599, "22.3801+2*math.sin(q.anim_time*90*4-150)*1", "-27.9138+2*math.sin(q.anim_time*90*4-150)*1"]
				},
				"left_arm3": {
					"rotation": [0, "30-5*math.sin(q.anim_time*90*4-180)*-1", "-22.5+10*math.sin(q.anim_time*90*4-180)*1"]
				},
				"left_finger1": {
					"rotation": [-3.81397, 11.9128, -17.8981]
				},
				"left_finger2": {
					"rotation": [0, 27.5, 0]
				},
				"left_thumb": {
					"rotation": [15, 12.5, 50]
				},
				"head": {
					"rotation": ["-6+1*math.cos(q.anim_time*90*8)*1", "-3*math.cos(q.anim_time*90*4-60)*1", "3*math.cos(q.anim_time*90*4-30)*1"]
				},
				"jaw": {
					"rotation": [0, 0, 0]
				},
				"left_leg1": {
					"rotation": {
						"0.0": [-8.25, 0, 0],
						"0.25": [3.5, 0, 0],
						"0.5": {
							"pre": [16.25, 0, 0],
							"post": [16.25, 0, 0],
							"lerp_mode": "catmullrom"
						},
						"0.625": {
							"post": [18.905, 0, 0],
							"lerp_mode": "catmullrom"
						},
						"0.75": {
							"post": [18.445, 0, 0],
							"lerp_mode": "catmullrom"
						},
						"0.875": {
							"post": [13.98, 0, 0],
							"lerp_mode": "catmullrom"
						},
						"1.0": [-8.25, 0, 0]
					}
				},
				"left_leg2": {
					"rotation": {
						"0.0": [9, 0, 0],
						"0.1667": [-1.77, 0, 0],
						"0.3333": [6.49, 0, 0],
						"0.5": [13.71, 0, 0],
						"0.5833": {
							"pre": [14, 0, 0],
							"post": [14, 0, 0],
							"lerp_mode": "catmullrom"
						},
						"0.75": {
							"post": [-8.06, 0, 0],
							"lerp_mode": "catmullrom"
						},
						"0.875": {
							"post": [-5.12, 0, 0],
							"lerp_mode": "catmullrom"
						},
						"1.0": [9, 0, 0]
					}
				},
				"left_foot": {
					"rotation": {
						"0.0": [19.25, 0, 0],
						"0.1667": [9.38, 0, 0],
						"0.3333": {
							"pre": [3.94, 0, 0],
							"post": [3.94, 0, 0],
							"lerp_mode": "catmullrom"
						},
						"0.5": {
							"post": [26, 0, 0],
							"lerp_mode": "catmullrom"
						},
						"1.0": [19.25, 0, 0]
					}
				},
				"left_toes": {
					"rotation": {
						"0.0": [0, 0, 0],
						"0.1667": [-5.85, 0, 0],
						"0.25": [-23.02, 0, 0],
						"0.4167": [-7.72, 0, 0],
						"0.5": {
							"pre": [27, 0, 0],
							"post": [27, 0, 0],
							"lerp_mode": "catmullrom"
						},
						"0.875": {
							"post": [27, 0, 0],
							"lerp_mode": "catmullrom"
						},
						"1.0": [0, 0, 0]
					}
				},
				"right_leg1": {
					"rotation": {
						"0.0": {
							"post": [16.25, 0, 0],
							"lerp_mode": "catmullrom"
						},
						"0.125": {
							"post": [18.905, 0, 0],
							"lerp_mode": "catmullrom"
						},
						"0.25": {
							"post": [18.445, 0, 0],
							"lerp_mode": "catmullrom"
						},
						"0.375": {
							"post": [13.98, 0, 0],
							"lerp_mode": "catmullrom"
						},
						"0.5": [-8.25, 0, 0],
						"0.75": [3.5, 0, 0],
						"1.0": [16.25, 0, 0]
					}
				},
				"right_leg2": {
					"rotation": {
						"0.0": [13.71, 0, 0],
						"0.0833": {
							"pre": [14, 0, 0],
							"post": [14, 0, 0],
							"lerp_mode": "catmullrom"
						},
						"0.25": {
							"post": [-8.06, 0, 0],
							"lerp_mode": "catmullrom"
						},
						"0.375": {
							"post": [-5.12, 0, 0],
							"lerp_mode": "catmullrom"
						},
						"0.5": [9, 0, 0],
						"0.6667": [-1.77, 0, 0],
						"0.8333": [6.49, 0, 0],
						"1.0": [13.71, 0, 0]
					}
				},
				"right_foot": {
					"rotation": {
						"0.0": {
							"post": [26, 0, 0],
							"lerp_mode": "catmullrom"
						},
						"0.5": {
							"post": [19.25, 0, 0],
							"lerp_mode": "catmullrom"
						},
						"0.6667": [9.38, 0, 0],
						"0.8333": [3.94, 0, 0],
						"1.0": [26, 0, 0]
					}
				},
				"right_toes": {
					"rotation": {
						"0.0": [27, 0, 0],
						"0.375": {
							"pre": [27, 0, 0],
							"post": [27, 0, 0],
							"lerp_mode": "catmullrom"
						},
						"0.5": {
							"post": [0, 0, 0],
							"lerp_mode": "catmullrom"
						},
						"0.6667": [-5.85, 0, 0],
						"0.75": [-23.02, 0, 0],
						"0.9167": [-7.72, 0, 0],
						"1.0": [27, 0, 0]
					}
				},
				"leftleg_left_toe": {
					"rotation": [0, 0, -30]
				},
				"body": {
					"position": {
						"0.0": [0, 0, 0],
						"0.0417": [0, -0.5, 0],
						"0.0833": [0, 0.15, 0],
						"0.125": [0, -0.525, 0],
						"0.1667": [0, 0.125, 0],
						"0.2083": [0, -0.325, 0],
						"0.25": [0, 0.125, 0],
						"0.2917": [0, -0.125, 0],
						"0.3333": [0, 0, 0],
						"0.5": [0, 0, 0],
						"0.5417": [0, -0.5, 0],
						"0.5833": [0, 0.15, 0],
						"0.625": [0, -0.525, 0],
						"0.6667": [0, 0.125, 0],
						"0.7083": [0, -0.325, 0],
						"0.75": [0, 0.125, 0],
						"0.7917": [0, -0.125, 0],
						"0.8333": [0, 0, 0]
					}
				}
			}
		},
		"animation.rampardos.sleep": {
			"loop": true,
			"animation_length": 8,
			"bones": {
				"rampardos": {
					"position": [0, 0, 0]
				},
				"torso": {
					"rotation": ["10.0269+1*math.cos(q.anim_time*90*1)*1", "1.6067+1*math.cos(q.anim_time*90*0.5-30)*1", "-1*math.cos(q.anim_time*90*0.5-30)*1"]
				},
				"neck1": {
					"rotation": ["12.25+1*math.cos(q.anim_time*90*1-30)*1", 0, "-1*math.cos(q.anim_time*90*0.5-30)*1"]
				},
				"neck2": {
					"rotation": ["10.2606+2*math.cos(q.anim_time*90*1-60)*1", -3.08785, "-4.8516-3*math.cos(q.anim_time*90*0.5-30)*1"]
				},
				"tail": {
					"rotation": ["19.3411-2*math.cos(q.anim_time*90*1)*1", "10.7995+3*math.cos(q.anim_time*90*0.5-30)*1", "-12.2152-4*math.cos(q.anim_time*90*0.5-30)*1"]
				},
				"tail2": {
					"rotation": [-4, 4.49196, "-34.7472-10*math.cos(q.anim_time*90*0.5-90)*1"]
				},
				"tail3": {
					"rotation": [7, 1.53408, "-21.949-5*math.cos(q.anim_time*90*0.5-180)*1"]
				},
				"left_upper_leg": {
					"rotation": [-67.35665, -19.74129, -4.66068],
					"position": [0, -3.975, 0]
				},
				"leftleg_left_toe": {
					"rotation": [0, 0, -30]
				},
				"leftleg_right_toe": {
					"rotation": [0, 0, 30]
				},
				"right_arm": {
					"rotation": [49.53958, "-41.9056-1*math.cos(q.anim_time*90*1-30)*1", "-76.3517+2*math.cos(q.anim_time*90*1-30)*1"]
				},
				"right_arm2": {
					"rotation": [25.15319, "-11.5694+2*math.cos(q.anim_time*90*1-60)*1", "8.8522+1*math.cos(q.anim_time*90*1-60)*1"]
				},
				"right_arm3": {
					"rotation": [18.43414, "-29.8753+3*math.cos(q.anim_time*90*1-90)*1", -6.79112]
				},
				"right_thumb": {
					"rotation": [-3.81397, "-11.9128+5*math.cos(q.anim_time*90*1-120)*1", 17.89807]
				},
				"right_finger1": {
					"rotation": [0, "-27.5+5*math.cos(q.anim_time*90*1-120)*1", 0]
				},
				"right_finger2": {
					"rotation": [15, "-12.5+5*math.cos(q.anim_time*90*1-120)*1", -50]
				},
				"right_upper_leg": {
					"rotation": [-67.35665, 19.74129, 4.66068],
					"position": [0, -3.975, 0]
				},
				"rightleg_right_toe": {
					"rotation": [0, 0, 30]
				},
				"rightleg_left_toe": {
					"rotation": [0, 0, -30]
				},
				"left_arm": {
					"rotation": [49.53958, "41.9056+1*math.cos(q.anim_time*90*1-30)*1", "76.3517-2*math.cos(q.anim_time*90*1-30)*1"]
				},
				"left_arm2": {
					"rotation": [25.15319, "11.5694-2*math.cos(q.anim_time*90*1-60)*1", "-8.8522-1*math.cos(q.anim_time*90*1-60)*1"]
				},
				"left_arm3": {
					"rotation": [18.43414, "29.8753-3*math.cos(q.anim_time*90*1-90)*1", 6.79112]
				},
				"left_finger1": {
					"rotation": [-3.81397, "11.9128-5*math.cos(q.anim_time*90*1-120)*1", -17.8981]
				},
				"left_finger2": {
					"rotation": [0, "27.5-5*math.cos(q.anim_time*90*1-120)*1", 0]
				},
				"left_thumb": {
					"rotation": [15, "12.5-5*math.cos(q.anim_time*90*1-120)*1", 50]
				},
				"body": {
					"rotation": [-16.5, 0, 0],
					"position": [0, -5.95, 0]
				},
				"head": {
					"rotation": {
						"0.0": [7.1, 0, 0],
						"1.0": ["11.5+1*math.sin(q.anim_time*90*25)*0.2", 1.65954, 0.55544],
						"1.5": ["13.2+2*math.sin(q.anim_time*90*22.5)*0.1", 1.65954, 0.55544],
						"3.0": [7.1, 0, 0],
						"4.0": [7.1, 0, 0],
						"5.0": ["11.5+1*math.sin(q.anim_time*90*25)*0.2", 1.65954, 0.55544],
						"5.5": ["13.2+2*math.sin(q.anim_time*90*22.5)*0.1", 1.65954, 0.55544],
						"7.0": [7.1, 0, 0]
					}
				},
				"eyelid_right": {
					"position": [-0.1, 0, -0.1]
				},
				"eyelid_left": {
					"position": [0.1, 0, -0.1]
				},
				"jaw": {
					"rotation": {
						"0.0": [6.5, 0, 0],
						"1.0": ["13.425+3*math.sin(q.anim_time*90*35)*0.2", 1.65954, 0.55544],
						"1.5": ["12.35+2*math.sin(q.anim_time*90*30)*0.1", 1.65954, 0.55544],
						"3.0": [6.5, 0, 0],
						"4.0": [6.5, 0, 0],
						"5.0": ["13.425+3*math.sin(q.anim_time*90*35)*0.2", 1.65954, 0.55544],
						"5.5": ["12.35+2*math.sin(q.anim_time*90*30)*0.1", 1.65954, 0.55544],
						"7.0": [6.5, 0, 0]
					}
				},
				"left_leg2": {
					"rotation": [9, 0, 0]
				},
				"right_leg2": {
					"rotation": [9, 0, 0]
				}
			}
		},
		"animation.rampardos.faint": {
			"loop": "hold_on_last_frame",
			"animation_length": 3,
			"bones": {
				"rampardos": {
					"position": [0, 0, 0]
				},
				"torso": {
					"rotation": {
						"0.0": [7.5, 0, 0],
						"0.2083": {
							"pre": [14, 0, 0],
							"post": [14, 0, 0],
							"lerp_mode": "catmullrom"
						},
						"0.6667": {
							"post": [14.39844, 3.27996, 5.06957],
							"lerp_mode": "catmullrom"
						},
						"1.0417": {
							"post": [6.47419, 1.46273, 2.68044],
							"lerp_mode": "catmullrom"
						},
						"1.5833": {
							"post": [20.97419, 1.46273, 2.68044],
							"lerp_mode": "catmullrom"
						},
						"1.9583": {
							"post": [16.67419, 1.46273, 2.68044],
							"lerp_mode": "catmullrom"
						},
						"2.4167": {
							"post": [28.37419, 1.46273, 2.68044],
							"lerp_mode": "catmullrom"
						},
						"3.0": [29.47419, 1.46273, 2.68044]
					}
				},
				"neck1": {
					"rotation": {
						"0.0": [5, 0, 0],
						"0.2917": {
							"pre": [10.85, 0, 0],
							"post": [10.85, 0, 0],
							"lerp_mode": "catmullrom"
						},
						"0.5417": {
							"post": [10.85192, 1.95328, 0.11096],
							"lerp_mode": "catmullrom"
						},
						"0.8333": {
							"post": [10.70192, 1.95328, 0.11096],
							"lerp_mode": "catmullrom"
						},
						"1.125": {
							"post": [8.92686, 1.95328, 0.11096],
							"lerp_mode": "catmullrom"
						},
						"1.625": {
							"post": [17.62888, 1.95328, 0.11096],
							"lerp_mode": "catmullrom"
						},
						"2.0": {
							"post": [18.55388, 1.95328, 0.11096],
							"lerp_mode": "catmullrom"
						},
						"2.2917": [17.51458, 1.95328, 0.11096]
					}
				},
				"neck2": {
					"rotation": {
						"0.0": [-15, 0, 0],
						"0.25": {
							"pre": [-1.25, 0, 0],
							"post": [-1.25, 0, 0],
							"lerp_mode": "catmullrom"
						},
						"0.5833": {
							"post": [5.1, 0, 0],
							"lerp_mode": "catmullrom"
						},
						"0.7917": {
							"post": [1.00637, 6.19768, 0.10867],
							"lerp_mode": "catmullrom"
						},
						"1.0": {
							"post": [-9.74363, 6.19768, 0.10867],
							"lerp_mode": "catmullrom"
						},
						"1.2917": {
							"post": [-8.31869, 6.19768, 0.10867],
							"lerp_mode": "catmullrom"
						},
						"1.6667": {
							"post": [13.68131, 6.19768, 0.10867],
							"lerp_mode": "catmullrom"
						},
						"1.75": {
							"post": [19.38131, 6.19768, 0.10867],
							"lerp_mode": "catmullrom"
						},
						"1.9583": {
							"post": [5.43131, 6.19768, 0.10867],
							"lerp_mode": "catmullrom"
						},
						"2.2083": {
							"post": [1.68131, 6.19768, 0.10867],
							"lerp_mode": "catmullrom"
						},
						"2.5417": {
							"post": [14.68131, 6.19768, 0.10867],
							"lerp_mode": "catmullrom"
						},
						"3.0": [12.18131, 6.19768, 0.10867]
					}
				},
				"tail": {
					"rotation": {
						"0.0": [-5, 0, 0],
						"0.2083": {
							"pre": [-11.15458, 2.37051, -0.10492],
							"post": [-11.15458, 2.37051, -0.10492],
							"lerp_mode": "catmullrom"
						},
						"0.4167": {
							"post": [-6.43417, 4.74101, 0.69015],
							"lerp_mode": "catmullrom"
						},
						"0.6667": {
							"post": [-3.43417, 4.74101, 0.69015],
							"lerp_mode": "catmullrom"
						},
						"0.875": {
							"post": [0.90462, 3.84101, 0.69015],
							"lerp_mode": "catmullrom"
						},
						"1.3333": {
							"post": [2.41782, 0.84101, 0.69015],
							"lerp_mode": "catmullrom"
						},
						"1.625": {
							"post": [44.14152, 4.74101, 0.69015],
							"lerp_mode": "catmullrom"
						},
						"1.8333": {
							"post": [45.49152, 0.84101, 0.69015],
							"lerp_mode": "catmullrom"
						},
						"2.0": {
							"post": [52.91374, 0.60768, 0.69015],
							"lerp_mode": "catmullrom"
						},
						"2.3333": [38.14152, 0.74101, 0.69015]
					}
				},
				"tail2": {
					"rotation": {
						"0.0": [27.25, 0, 0],
						"0.3333": {
							"pre": [21.09542, 2.37051, 0.79508],
							"post": [21.09542, 2.37051, 0.79508],
							"lerp_mode": "catmullrom"
						},
						"0.5417": {
							"post": [25.81583, 4.74101, 0.29015],
							"lerp_mode": "catmullrom"
						},
						"0.7917": {
							"post": [28.81583, 4.74101, 0.29015],
							"lerp_mode": "catmullrom"
						},
						"1.0": {
							"post": [28.85462, 3.84101, 0.29015],
							"lerp_mode": "catmullrom"
						},
						"1.5": {
							"post": [29.16782, 0.84101, 0.29015],
							"lerp_mode": "catmullrom"
						},
						"1.75": {
							"post": [-1.2157, 0.06254, -2.70985],
							"lerp_mode": "catmullrom"
						},
						"2.0833": {
							"post": [10.06652, 0.04101, -6.90985],
							"lerp_mode": "catmullrom"
						},
						"2.4167": [-2.28348, 0.24101, -8.30985]
					}
				},
				"tail3": {
					"rotation": {
						"0.0": [27.25, 0, 0],
						"0.4583": {
							"pre": [21.09542, 2.37051, 0.79508],
							"post": [21.09542, 2.37051, 0.79508],
							"lerp_mode": "catmullrom"
						},
						"0.6667": {
							"post": [25.81583, 4.74101, 0.19015],
							"lerp_mode": "catmullrom"
						},
						"0.9167": {
							"post": [28.81583, 4.74101, 0.19015],
							"lerp_mode": "catmullrom"
						},
						"1.125": {
							"post": [28.85462, 3.84101, 0.19015],
							"lerp_mode": "catmullrom"
						},
						"1.7083": {
							"post": [19.16782, 0.84101, 0.19015],
							"lerp_mode": "catmullrom"
						},
						"1.9167": {
							"post": [-2.18348, 0.54101, -2.80985],
							"lerp_mode": "catmullrom"
						},
						"2.2083": {
							"post": [4.26652, 0.84101, -7.60985],
							"lerp_mode": "catmullrom"
						},
						"2.5": [3.11652, 0.24101, -9.80985]
					}
				},
				"left_upper_leg": {
					"rotation": {
						"1.3333": [0, -15, 0],
						"1.5417": {
							"pre": [-30, -15, 0],
							"post": [-30, -15, 0],
							"lerp_mode": "catmullrom"
						},
						"1.75": {
							"post": [-33.97717, -15, 0],
							"lerp_mode": "catmullrom"
						},
						"2.0": {
							"post": [-44.75629, -15, 0],
							"lerp_mode": "catmullrom"
						},
						"2.875": [-41.75629, -15, 0]
					}
				},
				"leftleg_left_toe": {
					"rotation": [0, 0, -30]
				},
				"leftleg_right_toe": {
					"rotation": [0, 0, 30]
				},
				"right_arm": {
					"rotation": {
						"0.0": [66.59415, -45.9406, -75.4352],
						"0.375": {
							"pre": [45.40045, -60.87376, -65.00198],
							"post": [45.40045, -60.87376, -65.00198],
							"lerp_mode": "catmullrom"
						},
						"0.7917": {
							"post": [57.51433, -59.66186, -78.94416],
							"lerp_mode": "catmullrom"
						},
						"1.3333": {
							"post": [56.1301, -56.27033, -77.31205],
							"lerp_mode": "catmullrom"
						},
						"1.5417": {
							"post": [99.17746, -80.9905, -122.26064],
							"lerp_mode": "catmullrom"
						},
						"1.8333": {
							"post": [56.20669, -41.48897, -78.07133],
							"lerp_mode": "catmullrom"
						},
						"2.1667": {
							"post": [54.63582, -44.42886, -75.83917],
							"lerp_mode": "catmullrom"
						},
						"2.4583": {
							"post": [55.27694, -39.25306, -76.31036],
							"lerp_mode": "catmullrom"
						},
						"2.7083": [55.27694, -39.25306, -76.31036]
					}
				},
				"right_arm2": {
					"rotation": {
						"0.0": [16.45992, -22.3801, 37.9138],
						"0.5": {
							"pre": [13.79622, -16.72959, 19.33872],
							"post": [13.79622, -16.72959, 19.33872],
							"lerp_mode": "catmullrom"
						},
						"0.75": {
							"post": [12.99279, -17.01101, 20.81746],
							"lerp_mode": "catmullrom"
						},
						"1.25": {
							"post": [24.37507, -9.89721, -2.33732],
							"lerp_mode": "catmullrom"
						},
						"1.4583": {
							"post": [22.71393, -5.10639, -0.76156],
							"lerp_mode": "catmullrom"
						},
						"1.75": {
							"post": [22.01383, -7.67727, 31.19431],
							"lerp_mode": "catmullrom"
						},
						"2.0": {
							"post": [24.56939, -5.62604, -1.27123],
							"lerp_mode": "catmullrom"
						},
						"3.0": [24.99508, -17.60028, 5.96582]
					}
				},
				"right_arm3": {
					"rotation": {
						"0.0": [0, -40, 22.5],
						"0.3333": {
							"pre": [-6.45575, -23.51226, 12.22395],
							"post": [-6.45575, -23.51226, 12.22395],
							"lerp_mode": "catmullrom"
						},
						"0.875": {
							"post": [1.79111, -25.51401, 11.73103],
							"lerp_mode": "catmullrom"
						},
						"1.2083": {
							"post": [1.39894, 6.30725, 13.05798],
							"lerp_mode": "catmullrom"
						},
						"1.6667": {
							"post": [1.6795, -23.54417, 12.20404],
							"lerp_mode": "catmullrom"
						},
						"2.375": {
							"post": [4.33308, -13.28558, 2.95364],
							"lerp_mode": "catmullrom"
						},
						"2.8333": [2.91184, -13.65612, 9.0434]
					}
				},
				"right_thumb": {
					"rotation": [-3.81397, -11.91276, 17.89807]
				},
				"right_finger1": {
					"rotation": [0, -27.5, 0]
				},
				"right_finger2": {
					"rotation": [15, -12.5, -50]
				},
				"right_upper_leg": {
					"rotation": {
						"0.0": [0, 15, 0],
						"1.3333": [0, 15, 0],
						"1.5417": {
							"pre": [-30, 15, 0],
							"post": [-30, 15, 0],
							"lerp_mode": "catmullrom"
						},
						"1.75": {
							"post": [-33.97717, 15, 0],
							"lerp_mode": "catmullrom"
						},
						"2.0": {
							"post": [-44.75629, 15, 0],
							"lerp_mode": "catmullrom"
						},
						"2.875": [-41.75629, 15, 0]
					}
				},
				"rightleg_right_toe": {
					"rotation": [0, 0, 30]
				},
				"rightleg_left_toe": {
					"rotation": [0, 0, -30]
				},
				"left_arm": {
					"rotation": {
						"0.0": [66.59415, 45.9406, 75.4352],
						"0.375": {
							"pre": [45.40045, 60.87376, 65.00198],
							"post": [45.40045, 60.87376, 65.00198],
							"lerp_mode": "catmullrom"
						},
						"0.7917": {
							"post": [57.51433, 59.66186, 78.94416],
							"lerp_mode": "catmullrom"
						},
						"1.3333": {
							"post": [56.1301, 56.27033, 77.31205],
							"lerp_mode": "catmullrom"
						},
						"1.5417": {
							"post": [99.17746, 80.9905, 122.26064],
							"lerp_mode": "catmullrom"
						},
						"1.8333": {
							"post": [56.20669, 41.48897, 78.07133],
							"lerp_mode": "catmullrom"
						},
						"2.1667": {
							"post": [54.63582, 44.42886, 75.83917],
							"lerp_mode": "catmullrom"
						},
						"2.4583": {
							"post": [55.27694, 39.25306, 76.31036],
							"lerp_mode": "catmullrom"
						},
						"2.7083": [55.27694, 39.25306, 76.31036]
					}
				},
				"left_arm2": {
					"rotation": {
						"0.0": [16.45992, 22.3801, -37.9138],
						"0.5": {
							"pre": [13.79622, 16.72959, -19.33872],
							"post": [13.79622, 16.72959, -19.33872],
							"lerp_mode": "catmullrom"
						},
						"0.75": {
							"post": [12.99279, 17.01101, -20.81746],
							"lerp_mode": "catmullrom"
						},
						"1.25": {
							"post": [24.37507, 9.89721, 2.33732],
							"lerp_mode": "catmullrom"
						},
						"1.4583": {
							"post": [22.71393, 5.10639, 0.76156],
							"lerp_mode": "catmullrom"
						},
						"1.75": {
							"post": [22.01383, 7.67727, -31.19431],
							"lerp_mode": "catmullrom"
						},
						"2.0": {
							"post": [24.56939, 5.62604, 1.27123],
							"lerp_mode": "catmullrom"
						},
						"3.0": [24.99508, 17.60028, -5.96582]
					}
				},
				"left_arm3": {
					"rotation": {
						"0.0": [0, 40, -22.5],
						"0.3333": {
							"pre": [-6.45575, 23.51226, -12.22395],
							"post": [-6.45575, 23.51226, -12.22395],
							"lerp_mode": "catmullrom"
						},
						"0.875": {
							"post": [1.79111, 25.51401, -11.73103],
							"lerp_mode": "catmullrom"
						},
						"1.2083": {
							"post": [1.39894, -6.30725, -13.05798],
							"lerp_mode": "catmullrom"
						},
						"1.6667": {
							"post": [1.6795, 23.54417, -12.20404],
							"lerp_mode": "catmullrom"
						},
						"2.375": {
							"post": [4.33308, 13.28558, -2.95364],
							"lerp_mode": "catmullrom"
						},
						"2.8333": [2.91184, 13.65612, -9.0434]
					}
				},
				"left_finger1": {
					"rotation": [-3.81397, 11.9128, -17.8981]
				},
				"left_finger2": {
					"rotation": [0, 27.5, 0]
				},
				"left_thumb": {
					"rotation": [15, 12.5, 50]
				},
				"body": {
					"rotation": {
						"1.3333": [0, 0, 0],
						"1.5": {
							"pre": [-9.67, 0, 0],
							"post": [-9.67, 0, 0],
							"lerp_mode": "catmullrom"
						},
						"1.7083": {
							"post": [-36.5, 0, 0],
							"lerp_mode": "catmullrom"
						},
						"1.9167": [-37, 0, 0]
					},
					"position": {
						"1.3333": [0, 0, 0],
						"1.5": [0, -0.355, 4.68],
						"1.7083": [0, -8.05, 10.95],
						"1.75": [0, -9, 11.7],
						"1.7917": [0, -7.825, 11.7],
						"1.8333": [0, -8.3, 11.7],
						"1.875": [0, -7.85, 11.7],
						"1.9167": [0, -8.1, 11.7]
					}
				},
				"head": {
					"rotation": {
						"0.0": [0, 0, 0],
						"0.1667": {
							"pre": [-11.5, 0, 0],
							"post": [-11.5, 0, 0],
							"lerp_mode": "catmullrom"
						},
						"0.4167": {
							"post": [0.75, 0, 0],
							"lerp_mode": "catmullrom"
						},
						"0.7083": {
							"post": [9.15737, 3.16494, 0.26326],
							"lerp_mode": "catmullrom"
						},
						"0.9167": {
							"post": [4.75156, 1.42096, 0.1181],
							"lerp_mode": "catmullrom"
						},
						"1.0833": {
							"post": [4.76122, 3.91235, 0.32561],
							"lerp_mode": "catmullrom"
						},
						"1.25": {
							"post": [-1.60916, 0.11235, 0.32561],
							"lerp_mode": "catmullrom"
						},
						"1.4583": {
							"post": [5.9087, 0.11235, 6.72561],
							"lerp_mode": "catmullrom"
						},
						"1.7083": {
							"post": [12.42664, 0.11235, 6.72561],
							"lerp_mode": "catmullrom"
						},
						"1.7917": {
							"post": [18.77664, 0.11235, 6.72561],
							"lerp_mode": "catmullrom"
						},
						"2.0417": {
							"post": [1.92664, -0.78765, 6.72561],
							"lerp_mode": "catmullrom"
						},
						"2.2917": {
							"post": [3.57664, -3.68765, 0.62561],
							"lerp_mode": "catmullrom"
						},
						"3.0": [6.32664, -3.68765, -1.67439]
					}
				},
				"eyelid_right": {
					"position": {
						"0.0": [0, 0, 0],
						"0.0833": {"pre": [0, 0, 0], "post": [-0.1, 0, -0.1]},
						"0.2083": {"pre": [-0.1, 0, -0.1], "post": [0, 0, 0]},
						"0.625": {"pre": [0, 0, 0], "post": [-0.1, 0, -0.1]},
						"0.75": {"pre": [-0.1, 0, -0.1], "post": [0, 0, 0]},
						"1.625": {"pre": [0, 0, 0], "post": [-0.1, 0, -0.1]}
					}
				},
				"eyelid_left": {
					"position": {
						"0.0": [0, 0, 0],
						"0.0833": {"pre": [0, 0, 0], "post": [0.1, 0, -0.1]},
						"0.2083": {"pre": [0.1, 0, -0.1], "post": [0, 0, 0]},
						"0.625": {"pre": [0, 0, 0], "post": [0.1, 0, -0.1]},
						"0.75": {"pre": [0.1, 0, -0.1], "post": [0, 0, 0]},
						"1.625": {"pre": [0, 0, 0], "post": [0.1, 0, -0.1]}
					}
				},
				"jaw": {
					"rotation": {
						"0.0": [0, 0, 0],
						"0.1667": {
							"pre": [10.75, 0, 0],
							"post": [10.75, 0, 0],
							"lerp_mode": "catmullrom"
						},
						"0.375": {
							"post": [24.75, 0, 0],
							"lerp_mode": "catmullrom"
						},
						"0.5833": {
							"post": [20.25, 0, 0],
							"lerp_mode": "catmullrom"
						},
						"0.9583": {
							"post": [22.5, 0, 0],
							"lerp_mode": "catmullrom"
						},
						"1.0833": {
							"post": [20, 0, 0],
							"lerp_mode": "catmullrom"
						},
						"1.25": {
							"post": [15, 0, 0],
							"lerp_mode": "catmullrom"
						},
						"1.5": {
							"post": [27.25, 0, 0],
							"lerp_mode": "catmullrom"
						},
						"1.7917": {
							"post": [8.75, 0, 0],
							"lerp_mode": "catmullrom"
						},
						"2.0417": {
							"post": [20.5, 0, 0],
							"lerp_mode": "catmullrom"
						},
						"2.5": {
							"post": [11.75, 0, 0],
							"lerp_mode": "catmullrom"
						},
						"3.0": [17.5, 0, 0]
					},
					"position": {
						"1.75": [0, 0, 0],
						"1.8333": [0, 0.2, 0],
						"1.9583": [0, -0.175, 0],
						"2.0417": [0, 0, 0]
					}
				},
				"left_leg1": {
					"rotation": {
						"1.3333": [0, 0, 0],
						"1.5": {
							"pre": [-19.25, 0, 0],
							"post": [-19.25, 0, 0],
							"lerp_mode": "catmullrom"
						},
						"1.7083": {
							"post": [-18.25, 0, 0],
							"lerp_mode": "catmullrom"
						},
						"1.9583": {
							"post": [-3.25, 0, 0],
							"lerp_mode": "catmullrom"
						},
						"2.875": [-4.25, 0, 0]
					}
				},
				"left_leg2": {
					"rotation": {
						"1.3333": [0, 0, 0],
						"1.5": {
							"pre": [6.75, 0, 0],
							"post": [6.75, 0, 0],
							"lerp_mode": "catmullrom"
						},
						"1.7083": {
							"post": [4, 0, 0],
							"lerp_mode": "catmullrom"
						},
						"1.9583": {
							"post": [14, 0, 0],
							"lerp_mode": "catmullrom"
						},
						"2.875": [10.5, 0, 0]
					}
				},
				"left_foot": {
					"rotation": {
						"1.3333": [0, 0, 0],
						"1.5": {
							"pre": [22.5, 0, 0],
							"post": [22.5, 0, 0],
							"lerp_mode": "catmullrom"
						},
						"1.7083": {
							"post": [21, 0, 0],
							"lerp_mode": "catmullrom"
						},
						"1.9167": {
							"post": [23.75, 0, 0],
							"lerp_mode": "catmullrom"
						},
						"2.2083": {
							"post": [12.4, 0, 0],
							"lerp_mode": "catmullrom"
						},
						"2.875": [12.95, 0, 0]
					}
				},
				"left_toes": {
					"rotation": {
						"1.3333": [0, 0, 0],
						"1.5417": {
							"pre": [15.75, 0, 0],
							"post": [15.75, 0, 0],
							"lerp_mode": "catmullrom"
						},
						"1.9167": {
							"post": [7.5, 0, 0],
							"lerp_mode": "catmullrom"
						},
						"2.1667": {
							"post": [0, 0, 0],
							"lerp_mode": "catmullrom"
						},
						"2.875": [4.25, 0, 0]
					}
				},
				"right_leg1": {
					"rotation": {
						"1.3333": [0, 0, 0],
						"1.5": {
							"pre": [-19.25, 0, 0],
							"post": [-19.25, 0, 0],
							"lerp_mode": "catmullrom"
						},
						"1.7083": {
							"post": [-18.25, 0, 0],
							"lerp_mode": "catmullrom"
						},
						"1.9583": {
							"post": [-3.25, 0, 0],
							"lerp_mode": "catmullrom"
						},
						"2.875": [-4.25, 0, 0]
					}
				},
				"right_leg2": {
					"rotation": {
						"1.3333": [0, 0, 0],
						"1.5": {
							"pre": [6.75, 0, 0],
							"post": [6.75, 0, 0],
							"lerp_mode": "catmullrom"
						},
						"1.7083": {
							"post": [4, 0, 0],
							"lerp_mode": "catmullrom"
						},
						"1.9583": {
							"post": [14, 0, 0],
							"lerp_mode": "catmullrom"
						},
						"2.875": [10.5, 0, 0]
					}
				},
				"right_foot": {
					"rotation": {
						"1.3333": [0, 0, 0],
						"1.5": {
							"pre": [22.5, 0, 0],
							"post": [22.5, 0, 0],
							"lerp_mode": "catmullrom"
						},
						"1.7083": {
							"post": [21, 0, 0],
							"lerp_mode": "catmullrom"
						},
						"1.9167": {
							"post": [23.75, 0, 0],
							"lerp_mode": "catmullrom"
						},
						"2.2083": {
							"post": [12.4, 0, 0],
							"lerp_mode": "catmullrom"
						},
						"2.875": [12.95, 0, 0]
					}
				},
				"right_toes": {
					"rotation": [4.25, 0, 0]
				}
			}
		},
		"animation.rampardos.cry": {
			"animation_length": 2.75,
			"bones": {
				"torso": {
					"rotation": {
						"0.0": {
							"post": [0, 0, 0],
							"lerp_mode": "catmullrom"
						},
						"0.125": {
							"post": [8.8, 2.1, 0.4],
							"lerp_mode": "catmullrom"
						},
						"0.25": {
							"post": [13, 4.975, 2.4],
							"lerp_mode": "catmullrom"
						},
						"0.375": {
							"post": [13.19578, 5.53285, 4.78782],
							"lerp_mode": "catmullrom"
						},
						"0.5": {
							"post": [11.3, 4.9, 3.8],
							"lerp_mode": "catmullrom"
						},
						"0.625": {
							"post": [6.8, 1.3, 0.8],
							"lerp_mode": "catmullrom"
						},
						"0.8333": {
							"post": [2.7, 0, -0.2],
							"lerp_mode": "catmullrom"
						},
						"1.125": {
							"post": [-0.3, 0, -0.2],
							"lerp_mode": "catmullrom"
						},
						"1.7083": {
							"post": [1.4, 0, 0.6],
							"lerp_mode": "catmullrom"
						},
						"2.0417": {
							"post": [0, 0, 0],
							"lerp_mode": "catmullrom"
						}
					}
				},
				"neck1": {
					"rotation": {
						"0.0": {
							"post": [0, 0, 0],
							"lerp_mode": "catmullrom"
						},
						"0.1667": {
							"post": [11.9567, 3.99539, 0.19222],
							"lerp_mode": "catmullrom"
						},
						"0.3333": {
							"post": [14.9567, 3.99539, 0.19222],
							"lerp_mode": "catmullrom"
						},
						"0.4583": {
							"post": [10.29201, 5.88619, 0.41762],
							"lerp_mode": "catmullrom"
						},
						"0.5833": {
							"post": [1.48708, 2.44131, 1.03809],
							"lerp_mode": "catmullrom"
						},
						"0.9167": {
							"post": [0.70197, -0.41965, 0.48822],
							"lerp_mode": "catmullrom"
						},
						"1.375": {
							"post": [1.52907, 0.03103, -0.00151],
							"lerp_mode": "catmullrom"
						},
						"1.75": {
							"post": [2.1, -1, 0],
							"lerp_mode": "catmullrom"
						},
						"2.2083": {
							"post": [0, 0, 0],
							"lerp_mode": "catmullrom"
						}
					}
				},
				"neck2": {
					"rotation": {
						"0.0": {
							"post": [0, 0, 0],
							"lerp_mode": "catmullrom"
						},
						"0.25": {
							"post": [2.94462, 2.31844, 0],
							"lerp_mode": "catmullrom"
						},
						"0.375": {
							"post": [5.65234, 4.27664, 0.06658],
							"lerp_mode": "catmullrom"
						},
						"0.5417": {
							"post": [-5.49766, 3.27664, 0.06658],
							"lerp_mode": "catmullrom"
						},
						"0.6667": {
							"post": [-7.47227, 0.97664, 0.06658],
							"lerp_mode": "catmullrom"
						},
						"1.25": {
							"post": [-7.45739, 0.21761, 1.77776],
							"lerp_mode": "catmullrom"
						},
						"1.75": {
							"post": [0, 0, 0],
							"lerp_mode": "catmullrom"
						},
						"2.2083": {
							"post": [0, 0, 0],
							"lerp_mode": "catmullrom"
						}
					}
				},
				"head": {
					"rotation": {
						"0.0": {
							"post": [0, 0, 0],
							"lerp_mode": "catmullrom"
						},
						"0.1667": {
							"post": [-3.5, 0, 0],
							"lerp_mode": "catmullrom"
						},
						"0.2917": {
							"post": [2.35, 0, 0],
							"lerp_mode": "catmullrom"
						},
						"0.5417": {
							"post": [17.25, 0, 0],
							"lerp_mode": "catmullrom"
						},
						"0.6667": {
							"post": [-9.81005, -2.00487, -1.64592],
							"lerp_mode": "catmullrom"
						},
						"1.5": {
							"post": [-10.33331, 1.34785, -0.38933],
							"lerp_mode": "catmullrom"
						},
						"2.0": {
							"post": [0.7, 1, 0],
							"lerp_mode": "catmullrom"
						},
						"2.4167": {
							"post": [0, 0, 0],
							"lerp_mode": "catmullrom"
						}
					}
				},
				"jaw": {
					"rotation": {
						"0.0833": [0, 0, 0],
						"0.2083": [31.89, 0, 0],
						"0.3333": [15.25, 0, 0],
						"0.5417": [15.25, 0, 0],
						"0.6667": [39.675, 0, 0],
						"1.0833": ["39.675-3*math.sin(q.anim_time*90*50)*0.5", 0, 0],
						"1.625": [36.9, 0, 0],
						"1.7917": [-0.4, 0, 0],
						"1.9167": [1.4, 0, 0],
						"2.0417": [0, 0, 0]
					}
				},
				"left_arm": {
					"rotation": {
						"0.0833": {
							"pre": [0, 0, 0],
							"post": [0, 0, 0],
							"lerp_mode": "catmullrom"
						},
						"0.2083": {
							"post": [0, 0, 10.25],
							"lerp_mode": "catmullrom"
						},
						"0.4583": {
							"post": [0.15221, 3.81478, -0.03207],
							"lerp_mode": "catmullrom"
						},
						"0.75": {
							"post": [-13.45, 0, -15.6],
							"lerp_mode": "catmullrom"
						},
						"1.0": {
							"post": [-13.45, 0, -21.6],
							"lerp_mode": "catmullrom"
						},
						"1.2917": {
							"post": [-13.45, 0, -15.6],
							"lerp_mode": "catmullrom"
						},
						"1.5": {
							"post": [-1.25, 0, -8.7],
							"lerp_mode": "catmullrom"
						},
						"2.0417": {
							"post": [0, 0, 0],
							"lerp_mode": "catmullrom"
						}
					}
				},
				"left_arm2": {
					"rotation": {
						"0.0833": {
							"pre": [0, 0, 0],
							"post": [0, 0, 0],
							"lerp_mode": "catmullrom"
						},
						"0.2917": {
							"post": [0, 0, 0],
							"lerp_mode": "catmullrom"
						},
						"0.4167": {
							"post": [0, -1.4, 0],
							"lerp_mode": "catmullrom"
						},
						"0.625": {
							"post": [0, -3.4, 0],
							"lerp_mode": "catmullrom"
						},
						"0.8333": {
							"post": [-3.8, -4.9, 7.9],
							"lerp_mode": "catmullrom"
						},
						"1.0833": {
							"post": [-3.8, -7.65, 8.9],
							"lerp_mode": "catmullrom"
						},
						"1.2083": {
							"post": [-3.8, -7.9, 8.9],
							"lerp_mode": "catmullrom"
						},
						"1.4167": {
							"post": [-3.8, -4.9, 8.9],
							"lerp_mode": "catmullrom"
						},
						"1.7083": {
							"post": [0, 0.25, 0],
							"lerp_mode": "catmullrom"
						},
						"2.125": {
							"post": [0, 0, 0],
							"lerp_mode": "catmullrom"
						}
					}
				},
				"left_arm3": {
					"rotation": {
						"0.0833": {
							"pre": [0, 0, 0],
							"post": [0, 0, 0],
							"lerp_mode": "catmullrom"
						},
						"0.3333": {
							"post": [-9, 5.25, 0],
							"lerp_mode": "catmullrom"
						},
						"0.4583": {
							"post": [-9, 11.75, 0],
							"lerp_mode": "catmullrom"
						},
						"0.6667": {
							"post": [-9, -24.25, 0],
							"lerp_mode": "catmullrom"
						},
						"0.9167": {
							"post": [-9, -27.5, 0],
							"lerp_mode": "catmullrom"
						},
						"1.125": {
							"post": [-9, -28, 0],
							"lerp_mode": "catmullrom"
						},
						"1.2917": {
							"post": [-9, -28.5, 0],
							"lerp_mode": "catmullrom"
						},
						"1.75": {
							"post": [0, 0.25, 0],
							"lerp_mode": "catmullrom"
						},
						"1.9583": {
							"post": [0, 0, 0],
							"lerp_mode": "catmullrom"
						},
						"2.2917": [0, -0.75, 0]
					}
				},
				"right_arm": {
					"rotation": {
						"0.0833": {
							"pre": [0, 0, 0],
							"post": [0, 0, 0],
							"lerp_mode": "catmullrom"
						},
						"0.2083": {
							"post": [0, 0, -10.25],
							"lerp_mode": "catmullrom"
						},
						"0.4583": {
							"post": [0.15221, -3.81478, 0.03207],
							"lerp_mode": "catmullrom"
						},
						"0.75": {
							"post": [-13.45, 0, 15.6],
							"lerp_mode": "catmullrom"
						},
						"1.0": {
							"post": [-13.45, 0, 21.6],
							"lerp_mode": "catmullrom"
						},
						"1.2917": {
							"post": [-13.45, 0, 15.6],
							"lerp_mode": "catmullrom"
						},
						"1.5": {
							"post": [-1.25, 0, 8.7],
							"lerp_mode": "catmullrom"
						},
						"2.0417": {
							"post": [0, 0, 0],
							"lerp_mode": "catmullrom"
						}
					}
				},
				"right_arm2": {
					"rotation": {
						"0.0833": {
							"pre": [0, 0, 0],
							"post": [0, 0, 0],
							"lerp_mode": "catmullrom"
						},
						"0.2917": {
							"post": [0, 0, 0],
							"lerp_mode": "catmullrom"
						},
						"0.4167": {
							"post": [0, 1.4, 0],
							"lerp_mode": "catmullrom"
						},
						"0.625": {
							"post": [0, 3.4, 0],
							"lerp_mode": "catmullrom"
						},
						"0.8333": {
							"post": [-3.8, 4.9, -7.9],
							"lerp_mode": "catmullrom"
						},
						"1.0833": {
							"post": [-3.8, 7.65, -8.9],
							"lerp_mode": "catmullrom"
						},
						"1.2083": {
							"post": [-3.8, 7.9, -8.9],
							"lerp_mode": "catmullrom"
						},
						"1.4167": {
							"post": [-3.8, 4.9, -8.9],
							"lerp_mode": "catmullrom"
						},
						"1.7083": {
							"post": [0, -0.25, 0],
							"lerp_mode": "catmullrom"
						},
						"2.125": {
							"post": [0, 0, 0],
							"lerp_mode": "catmullrom"
						}
					}
				},
				"right_arm3": {
					"rotation": {
						"0.0833": {
							"pre": [0, 0, 0],
							"post": [0, 0, 0],
							"lerp_mode": "catmullrom"
						},
						"0.3333": {
							"post": [-9, -5.25, 0],
							"lerp_mode": "catmullrom"
						},
						"0.4583": {
							"post": [-9, -11.75, 0],
							"lerp_mode": "catmullrom"
						},
						"0.6667": {
							"post": [-9, 24.25, 0],
							"lerp_mode": "catmullrom"
						},
						"0.9167": {
							"post": [-9, 27.5, 0],
							"lerp_mode": "catmullrom"
						},
						"1.125": {
							"post": [-9, 28, 0],
							"lerp_mode": "catmullrom"
						},
						"1.2917": {
							"post": [-9, 28.5, 0],
							"lerp_mode": "catmullrom"
						},
						"1.75": {
							"post": [0, -0.25, 0],
							"lerp_mode": "catmullrom"
						},
						"1.9583": {
							"post": [0, 0, 0],
							"lerp_mode": "catmullrom"
						}
					}
				},
				"eyelid_right": {
					"position": {
						"0.0833": [0, 0, 0],
						"0.125": {"pre": [0, 0, 0], "post": [-0.1, 0, -0.1]},
						"0.4583": {"pre": [-0.1, 0, -0.1], "post": [0, 0, 0]},
						"1.75": {"pre": [0, 0, 0], "post": [-0.1, 0, -0.1]},
						"1.875": {"pre": [-0.1, 0, -0.1], "post": [0, 0, 0]}
					}
				},
				"eyelid_left": {
					"position": {
						"0.0833": [0, 0, 0],
						"0.125": {"pre": [0, 0, 0], "post": [0.1, 0, -0.1]},
						"0.4583": {"pre": [0.1, 0, -0.1], "post": [0, 0, 0]},
						"1.75": {"pre": [0, 0, 0], "post": [0.1, 0, -0.1]},
						"1.875": {"pre": [0.1, 0, -0.1], "post": [0, 0, 0]}
					}
				},
				"body": {
					"position": {
						"0.1667": [0, 0, 0],
						"0.375": [0, "math.sin(q.anim_time*90*22.5)*0.1", 0],
						"0.75": [0, "math.sin(q.anim_time*90*45)*0.15", 0],
						"1.2083": [0, "math.sin(q.anim_time*90*45)*0.15", 0],
						"1.75": [0, "math.sin(q.anim_time*90*22.5)*0.1", 0],
						"2.0": [0, 0, 0]
					}
				},
				"collar": {
					"rotation": [0, 0, 0]
				}
			},
			"sound_effects": {
				"0.125": {
					"effect": "pokemon.rampardos.cry"
				}
			}
		},
		"animation.rampardos.blink": {
			"animation_length": 0.16667,
			"bones": {
				"eyelid_right": {
					"position": {
						"0.0": [-0.1, 0, -0.1],
						"0.125": [-0.1, 0, -0.1],
						"0.1667": [0, 0, 0]
					}
				},
				"eyelid_left": {
					"position": {
						"0.0": [0.1, 0, -0.1],
						"0.125": [0.1, 0, -0.1],
						"0.1667": [0, 0, 0]
					}
				}
			}
		},
		"animation.rampardos.quirk_battle": {
			"animation_length": 2.5,
			"bones": {
				"torso": {
					"rotation": {
						"0.0": {
							"post": [0, 0, 0],
							"lerp_mode": "catmullrom"
						},
						"0.125": {
							"post": [2, 0, 0],
							"lerp_mode": "catmullrom"
						},
						"0.2917": {
							"post": [3.75, 0, 0],
							"lerp_mode": "catmullrom"
						},
						"1.1667": {
							"post": [-5.69784, -2.85862, 7.37228],
							"lerp_mode": "catmullrom"
						},
						"1.2917": {
							"post": [4.75216, 0.79138, -3.07772],
							"lerp_mode": "catmullrom"
						},
						"1.5": {
							"post": [5.88231, 0.79138, -2.30272],
							"lerp_mode": "catmullrom"
						},
						"1.75": {
							"post": [6.58231, -0.40862, -0.72772],
							"lerp_mode": "catmullrom"
						},
						"2.125": {
							"post": [0.61768, -0.21681, -0.26386],
							"lerp_mode": "catmullrom"
						},
						"2.5": {
							"post": [0, 0, 0],
							"lerp_mode": "catmullrom"
						}
					}
				},
				"neck1": {
					"rotation": {
						"0.0": {
							"post": [0, 0, 0],
							"lerp_mode": "catmullrom"
						},
						"0.125": {
							"post": [3.25, 0, 0],
							"lerp_mode": "catmullrom"
						},
						"0.2917": {
							"post": [5.75, 0, 0],
							"lerp_mode": "catmullrom"
						},
						"0.4583": {
							"post": [6.5, 0, 0],
							"lerp_mode": "catmullrom"
						},
						"0.625": {
							"post": [-4.5, 0, 0],
							"lerp_mode": "catmullrom"
						},
						"1.375": {
							"post": [2.5, 0, 0],
							"lerp_mode": "catmullrom"
						},
						"1.75": {
							"post": [-0.875, 0, 0],
							"lerp_mode": "catmullrom"
						},
						"2.0833": {
							"post": [0, 0, 0],
							"lerp_mode": "catmullrom"
						}
					}
				},
				"neck2": {
					"rotation": {
						"0.0": {
							"post": [0, 0, 0],
							"lerp_mode": "catmullrom"
						},
						"0.1667": {
							"post": [9.75, 0, 0],
							"lerp_mode": "catmullrom"
						},
						"0.5833": {
							"post": [-3, 0, 0],
							"lerp_mode": "catmullrom"
						},
						"1.2083": {
							"post": [-14.5, 0, 0],
							"lerp_mode": "catmullrom"
						},
						"1.4583": {
							"post": [-4.25, 0, 0],
							"lerp_mode": "catmullrom"
						},
						"1.7083": {
							"post": [0, 0, 0],
							"lerp_mode": "catmullrom"
						}
					}
				},
				"head": {
					"rotation": {
						"0.0": {
							"post": [0, 0, 0],
							"lerp_mode": "catmullrom"
						},
						"0.1667": {
							"post": [-6.3, 0, 0],
							"lerp_mode": "catmullrom"
						},
						"0.3333": {
							"post": [-2.75, 0, 0],
							"lerp_mode": "catmullrom"
						},
						"0.5417": {
							"post": [6.5, 0, 0],
							"lerp_mode": "catmullrom"
						},
						"1.25": {
							"post": [1, 0, 0],
							"lerp_mode": "catmullrom"
						},
						"1.4167": {
							"post": [5.12, 0, 0],
							"lerp_mode": "catmullrom"
						},
						"1.5833": {
							"post": [0, 0, 0],
							"lerp_mode": "catmullrom"
						}
					}
				},
				"jaw": {
					"rotation": {
						"0.4167": [0, 0, 0],
						"0.5": [6, 0, 0],
						"1.2917": [23.25, 0, 0],
						"1.3333": [-2.5, 0, 0],
						"2.0": [-2.5, 0, 0],
						"2.2083": [0, 0, 0]
					},
					"position": {
						"1.3333": [0, 0, 0],
						"1.375": [0, 0.275, 0],
						"1.4167": [0, 0, 0],
						"1.4583": [0, 0.15, 0],
						"1.5": [0, 0, 0]
					}
				},
				"right_upper_leg": {
					"rotation": {
						"0.3333": {
							"pre": [0, 0, 0],
							"post": [0, 0, 0],
							"lerp_mode": "catmullrom"
						},
						"0.4167": {
							"post": [7.95, 0, 0],
							"lerp_mode": "catmullrom"
						},
						"0.5833": {
							"post": [10.75, 0, 0],
							"lerp_mode": "catmullrom"
						},
						"1.2083": {
							"post": [-8.625, 0, 0],
							"lerp_mode": "catmullrom"
						},
						"1.2917": {
							"post": [0, 0, 0],
							"lerp_mode": "catmullrom"
						}
					},
					"position": {
						"0.3333": {
							"pre": [0, 0, 0],
							"post": [0, 0, 0],
							"lerp_mode": "catmullrom"
						},
						"0.4583": {
							"post": [0, 2.5, 0],
							"lerp_mode": "catmullrom"
						},
						"0.7083": {
							"post": [0, 3.93, 0],
							"lerp_mode": "catmullrom"
						},
						"1.2083": {
							"post": [0, 3.455, 0],
							"lerp_mode": "catmullrom"
						},
						"1.2917": {
							"post": [0, 0, 0],
							"lerp_mode": "catmullrom"
						}
					}
				},
				"right_leg1": {
					"rotation": {
						"0.3333": {
							"pre": [0, 0, 0],
							"post": [0, 0, 0],
							"lerp_mode": "catmullrom"
						},
						"0.5833": {
							"post": [4.5, 0, 0],
							"lerp_mode": "catmullrom"
						},
						"1.125": {
							"post": [-1.725, 0, 0],
							"lerp_mode": "catmullrom"
						},
						"1.25": {
							"post": [2, 0, 0],
							"lerp_mode": "catmullrom"
						},
						"1.2917": {
							"post": [0, 0, 0],
							"lerp_mode": "catmullrom"
						}
					}
				},
				"right_leg2": {
					"rotation": {
						"0.3333": {
							"pre": [0, 0, 0],
							"post": [0, 0, 0],
							"lerp_mode": "catmullrom"
						},
						"0.4583": {
							"post": [-2.25, 0, 0],
							"lerp_mode": "catmullrom"
						},
						"1.125": {
							"post": [-0.65, 0, 0],
							"lerp_mode": "catmullrom"
						},
						"1.25": {
							"post": [-2.5, 0, 0],
							"lerp_mode": "catmullrom"
						},
						"1.2917": {
							"post": [0, 0, 0],
							"lerp_mode": "catmullrom"
						}
					}
				},
				"right_foot": {
					"rotation": {
						"0.3333": {
							"pre": [0, 0, 0],
							"post": [0, 0, 0],
							"lerp_mode": "catmullrom"
						},
						"0.5833": {
							"post": [1.5, 0, 0],
							"lerp_mode": "catmullrom"
						},
						"1.0833": {
							"post": [-7.1, 0, 0],
							"lerp_mode": "catmullrom"
						},
						"1.25": {
							"post": [-8.75, 0, 0],
							"lerp_mode": "catmullrom"
						},
						"1.2917": {
							"post": [0, 0, 0],
							"lerp_mode": "catmullrom"
						}
					}
				},
				"right_toes": {
					"rotation": {
						"0.3333": {
							"pre": [0, 0, 0],
							"post": [0, 0, 0],
							"lerp_mode": "catmullrom"
						},
						"0.5417": {
							"post": [1.7, 0, 0],
							"lerp_mode": "catmullrom"
						},
						"0.75": {
							"post": [19.24, 0, 0],
							"lerp_mode": "catmullrom"
						},
						"1.2083": {
							"post": [-4.58, 0, 0],
							"lerp_mode": "catmullrom"
						},
						"1.2917": {
							"post": [0, 0, 0],
							"lerp_mode": "catmullrom"
						}
					}
				},
				"body": {
					"position": {
						"1.25": [0, 0, 0],
						"1.2917": [0, -0.5, 0],
						"1.3333": [0, 0.15, 0],
						"1.375": [0, -0.525, 0],
						"1.4167": [0, 0.125, 0],
						"1.4583": [0, -0.325, 0],
						"1.5": [0, 0.125, 0],
						"1.5417": [0, -0.125, 0],
						"1.5833": [0, 0, 0]
					}
				}
			}
		},
		"animation.rampardos.quirk_charge": {
			"animation_length": 4,
			"bones": {
				"torso": {
					"rotation": {
						"0.0": {
							"post": [0, 0, 0],
							"lerp_mode": "catmullrom"
						},
						"0.125": {
							"post": [5.25, 0, 0],
							"lerp_mode": "catmullrom"
						},
						"0.2917": {
							"post": [-1.99327, 0.95048, 0.81188],
							"lerp_mode": "catmullrom"
						},
						"0.5": {
							"post": [-3.99862, 0.36355, 0.34493],
							"lerp_mode": "catmullrom"
						},
						"0.6667": {
							"post": [-3.98275, -1.36598, -1.03126],
							"lerp_mode": "catmullrom"
						},
						"0.8333": {
							"post": [-8, 0, 0],
							"lerp_mode": "catmullrom"
						},
						"1.0833": {
							"post": [14.15, 0, 0],
							"lerp_mode": "catmullrom"
						},
						"1.2083": {
							"post": [17.4, 0, 0],
							"lerp_mode": "catmullrom"
						},
						"1.4583": {
							"post": [15.4, 0, 0],
							"lerp_mode": "catmullrom"
						},
						"2.9167": {
							"post": [15.9, 0, 0],
							"lerp_mode": "catmullrom"
						},
						"3.2917": {
							"post": [3.82, 0, 0],
							"lerp_mode": "catmullrom"
						},
						"3.7917": {
							"post": [0, 0, 0],
							"lerp_mode": "catmullrom"
						}
					}
				},
				"neck1": {
					"rotation": {
						"0.0": {
							"post": [0, 0, 0],
							"lerp_mode": "catmullrom"
						},
						"0.25": {
							"post": [10.75, 0, 0],
							"lerp_mode": "catmullrom"
						},
						"0.75": {
							"post": [-6.91945, -6.62342, 2.33009],
							"lerp_mode": "catmullrom"
						},
						"0.9167": {
							"post": [-3.5, 0, 0],
							"lerp_mode": "catmullrom"
						},
						"1.2083": {
							"post": [15, 0, 0],
							"lerp_mode": "catmullrom"
						},
						"2.875": {
							"post": [15, 0, 0],
							"lerp_mode": "catmullrom"
						},
						"3.125": {
							"post": [6, 0, 0],
							"lerp_mode": "catmullrom"
						},
						"3.625": {
							"post": [0, 0, 0],
							"lerp_mode": "catmullrom"
						}
					}
				},
				"neck2": {
					"rotation": {
						"0.0": {
							"post": [0, 0, 0],
							"lerp_mode": "catmullrom"
						},
						"0.4583": {
							"post": [15.75, 0, 0],
							"lerp_mode": "catmullrom"
						},
						"0.875": {
							"post": [10, 0, 6],
							"lerp_mode": "catmullrom"
						},
						"1.0833": {
							"post": [0, 0, 0],
							"lerp_mode": "catmullrom"
						},
						"1.25": {
							"post": [14.75, 0, 0],
							"lerp_mode": "catmullrom"
						},
						"2.875": {
							"post": [14.75, 0, 0],
							"lerp_mode": "catmullrom"
						},
						"3.2083": {
							"post": [8.94, 0, 0],
							"lerp_mode": "catmullrom"
						},
						"3.625": {
							"post": [0, 0, 0],
							"lerp_mode": "catmullrom"
						}
					}
				},
				"head": {
					"rotation": {
						"0.0": {
							"post": [0, 0, 0],
							"lerp_mode": "catmullrom"
						},
						"0.2083": {
							"post": [7.25, 0, 0],
							"lerp_mode": "catmullrom"
						},
						"0.4167": {
							"post": [-20.25, 0, 0],
							"lerp_mode": "catmullrom"
						},
						"0.7083": {
							"post": [-21.25, 0, 0],
							"lerp_mode": "catmullrom"
						},
						"0.875": {
							"post": [-5.5, 0, 0],
							"lerp_mode": "catmullrom"
						},
						"1.0417": {
							"post": [-8.75, 0, 0],
							"lerp_mode": "catmullrom"
						},
						"1.2083": {
							"post": [3.25, 0, 0],
							"lerp_mode": "catmullrom"
						},
						"2.875": {
							"post": [3.25, 0, 0],
							"lerp_mode": "catmullrom"
						},
						"3.1667": {
							"post": [17.5, 0, 0],
							"lerp_mode": "catmullrom"
						},
						"3.7083": {
							"post": [0, 0, 0],
							"lerp_mode": "catmullrom"
						}
					}
				},
				"eyelid_right": {
					"position": {
						"0.0": [0, 0, 0],
						"0.0417": [-0.1, 0, -0.1],
						"0.2917": [-0.1, 0, -0.1],
						"0.3333": [0, 0, 0],
						"0.9583": [0, 0, 0],
						"1.0": [-0.1, 0, -0.1],
						"3.125": [-0.1, 0, -0.1],
						"3.1667": [0, 0, 0]
					}
				},
				"eyelid_left": {
					"position": {
						"0.0": [0, 0, 0],
						"0.0417": [0.1, 0, -0.1],
						"0.2917": [0.1, 0, -0.1],
						"0.3333": [0, 0, 0],
						"0.9583": [0, 0, 0],
						"1.0": [0.1, 0, -0.1],
						"3.125": [0.1, 0, -0.1],
						"3.1667": [0, 0, 0]
					}
				},
				"jaw": {
					"rotation": {
						"0.0": [0, 0, 0],
						"0.125": [-1.25, 0, 0],
						"0.2917": [24.3, 0, 0],
						"0.375": [28.975, 0, 0],
						"0.4583": [24.3, 0, 0],
						"0.5417": [27.925, 0, 0],
						"0.625": [24.3, 0, 0],
						"0.7083": [26.45, 0, 0],
						"0.9167": [41.48, 0, 0],
						"1.0417": [0, 0, 0],
						"1.25": [-9.425, 0, 0],
						"3.5": [-9.425, 0, 0],
						"3.75": [0, 0, 0]
					}
				}
			}
		},
		"animation.rampardos.walk speed test": {
			"loop": true,
			"bones": {
				"chansey": {
					"position": [0, 0, "-q.anim_time*90*0.12"]
				},
				"cranidos": {
					"position": [0, 0, "-q.anim_time*90*0.12"]
				},
				"rampardos": {
					"position": [0, 0, "-q.anim_time*90*0.13"]
				}
			}
		},
		"animation.rampardos.run speed test": {
			"loop": true,
			"bones": {
				"chansey": {
					"position": [0, 0, "-q.anim_time*90*0.12"]
				},
				"cranidos": {
					"position": [0, 0, "-q.anim_time*90*0.12"]
				},
				"rampardos": {
					"position": [0, 0, "-q.anim_time*90*0.6"]
				}
			}
		},
		"animation.rampardos.idle_copy": {
			"loop": true,
			"bones": {
				"rampardos": {
					"position": [0, 0, 0]
				},
				"torso": {
					"rotation": [7.5, 0, 0]
				},
				"neck1": {
					"rotation": [5, 0, 0]
				},
				"neck2": {
					"rotation": [-15, 0, 0]
				},
				"tail": {
					"rotation": [-5, 0, 0]
				},
				"tail2": {
					"rotation": [17.5, 0, 0]
				},
				"tail3": {
					"rotation": [25, 0, 0]
				},
				"left_upper_leg": {
					"rotation": [0, -15, 0]
				},
				"leftleg_left_toe": {
					"rotation": [0, 0, -30]
				},
				"leftleg_right_toe": {
					"rotation": [0, 0, 30]
				},
				"right_arm": {
					"rotation": [66.59415, -45.94061, -75.43521]
				},
				"right_arm2": {
					"rotation": [16.45992, -22.38006, 37.91377]
				},
				"right_arm3": {
					"rotation": [0, -40, 22.5]
				},
				"right_thumb": {
					"rotation": [-3.81397, -11.91276, 17.89807]
				},
				"right_finger1": {
					"rotation": [0, -27.5, 0]
				},
				"right_finger2": {
					"rotation": [15, -12.5, -50]
				},
				"right_upper_leg": {
					"rotation": [0, 15, 0]
				},
				"rightleg_right_toe": {
					"rotation": [0, 0, 30]
				},
				"rightleg_left_toe": {
					"rotation": [0, 0, -30]
				},
				"left_arm": {
					"rotation": [66.59415, 45.9406, 75.4352]
				},
				"left_arm2": {
					"rotation": [16.45992, 22.3801, -37.9138]
				},
				"left_arm3": {
					"rotation": [0, 40, -22.5]
				},
				"left_finger1": {
					"rotation": [-3.81397, 11.9128, -17.8981]
				},
				"left_finger2": {
					"rotation": [0, 27.5, 0]
				},
				"left_thumb": {
					"rotation": [15, 12.5, 50]
				}
			}
		},
		"animation.rampardos.render": {
			"loop": true,
			"bones": {
				"torso": {
					"rotation": [17.5, 10, 0]
				},
				"neck1": {
					"rotation": [5.1106, 7.15413, -16.13023]
				},
				"neck2": {
					"rotation": [-15.24165, 12.55452, -11.15092]
				},
				"tail": {
					"rotation": [-10.28025, -3.40487, 9.40804]
				},
				"tail2": {
					"rotation": [11.93845, -3.73171, 17.10967]
				},
				"tail3": {
					"rotation": [16.50371, -5.90316, 19.14314]
				},
				"left_upper_leg": {
					"rotation": [-30, 0, 0],
					"position": [0, -1, -3]
				},
				"left_leg1": {
					"rotation": [12.74614, -5.29571, -5.31847]
				},
				"left_leg2": {
					"rotation": [-2.47365, 1.98315, 1.52251]
				},
				"left_foot": {
					"rotation": [22.5, 0, 0],
					"position": [0, 0.5, 0.25]
				},
				"leftleg_left_toe": {
					"rotation": [0, 0, -40]
				},
				"leftleg_right_toe": {
					"rotation": [0, 0, 27.5]
				},
				"right_arm": {
					"rotation": [28.45667, -67.41764, -54.82607]
				},
				"right_arm2": {
					"rotation": [-6.4252, -17.16629, 36.22203]
				},
				"right_arm3": {
					"rotation": [-13.90437, -39.06709, 28.48492]
				},
				"right_finger2": {
					"rotation": [61.6867, -43.85328, -69.53194]
				},
				"right_thumb": {
					"rotation": [-14.46375, -48.4076, 19.02909]
				},
				"right_finger1": {
					"rotation": [17.1423, -47.72648, -22.62906]
				},
				"right_upper_leg": {
					"rotation": [20, 35, 0]
				},
				"right_leg1": {
					"rotation": [-15.46215, 4.20437, -3.6724]
				},
				"right_leg2": {
					"rotation": [4.81348, 0.76228, -3.44846]
				},
				"right_foot": {
					"rotation": [-7.15517, 4.623, 3.13812],
					"position": [0, 0, -1]
				},
				"rightleg_right_toe": {
					"rotation": [0, 0, 25]
				},
				"rightleg_left_toe": {
					"rotation": [0, 0, -20]
				},
				"left_arm": {
					"rotation": [74.13556, 81.93234, 101.43544]
				},
				"left_arm2": {
					"rotation": [-2.77213, 33.12178, -23.89596]
				},
				"left_arm3": {
					"rotation": [-18.27826, 53.4961, -34.4862]
				},
				"left_finger1": {
					"rotation": [-14.46375, 48.4076, -19.0291]
				},
				"left_finger2": {
					"rotation": [17.1423, 47.7265, 22.6291]
				},
				"left_thumb": {
					"rotation": [61.6867, 43.8533, 69.5319]
				},
				"left_toes": {
					"rotation": [-5, 0, 0]
				}
			}
		}
	}
}