{
	"format_version": "1.8.0",
	"animations": {
		"animation.shieldon.test": {
			"loop": true,
			"bones": {
				"shieldon": {
					"position": [0, -0.25, 0]
				},
				"torso": {
					"rotation": [-2.5, 0, 0]
				},
				"head": {
					"rotation": [1.26501, 9.93191, 4.48174]
				},
				"shield": {
					"rotation": [0, 0, 0],
					"position": [0, 0, 0]
				},
				"jaw": {
					"rotation": [37.5, 0, 0]
				},
				"tail_2": {
					"rotation": [25.53051, 11.31255, 5.35254]
				},
				"tail_1": {
					"rotation": [15.12353, 7.24305, 1.95155]
				},
				"left_front_upper_leg": {
					"rotation": [2.52277, -3.08118, -0.13828],
					"position": [-0.25, 0.25, 0]
				},
				"left_front_lower_leg": {
					"rotation": [-2.5, 0, 0]
				},
				"left_back_upper_leg": {
					"rotation": [-9.4072, -16.09199, -0.70792]
				},
				"left_back_lower_leg": {
					"rotation": [10, 0, 0]
				},
				"right_back_upper_leg": {
					"rotation": [-9.4072, 16.09199, 0.70792]
				},
				"right_front_upper_leg": {
					"rotation": [2.58617, 13.0713, 0.58787],
					"position": [-0.25, 0.25, 0]
				},
				"right_front_lower_leg": {
					"rotation": [-2.5, 0, 0]
				},
				"right_back_lower_leg": {
					"rotation": [10, 0, 0]
				},
				"front_torso": {
					"rotation": [0, 5, 0]
				}
			}
		},
		"animation.shieldon.ground_idle": {
			"loop": true,
			"bones": {
				"body": {
					"position": [0, -0.25, 0]
				},
				"tail_1": {
					"rotation": ["-10-math.cos(q.anim_time*90-120)*5", "-math.sin(q.anim_time*90/2-60)*5", 0]
				},
				"tail_2": {
					"rotation": ["15-math.cos(q.anim_time*90-180)*2", "-math.sin(q.anim_time*90/2-90)*10", 0]
				},
				"head": {
					"rotation": ["2-math.cos(q.anim_time*90-60)*0.5", 0, "-math.sin(q.anim_time*90/2-30)*0.25"]
				},
				"shield": {
					"rotation": ["2-math.cos(q.anim_time*90-90)*1", 0, "-math.sin(q.anim_time*90/2-45)*0.5"]
				},
				"left_back_upper_leg": {
					"rotation": [-7.5, 0, 0]
				},
				"left_back_lower_leg": {
					"rotation": [7.5, 0, 0]
				},
				"right_back_upper_leg": {
					"rotation": [-7.5, 0, 0]
				},
				"right_back_lower_leg": {
					"rotation": [7.5, 0, 0]
				},
				"torso": {
					"rotation": ["-2-math.cos(q.anim_time*90)*1.5", 0, "-math.sin(q.anim_time*90/2)*1"]
				},
				"front_torso": {
					"rotation": ["math.cos(q.anim_time*90)*1", 0, 0],
					"position": [0, "-math.cos(q.anim_time*90)*0.05", 0]
				},
				"collar": {
					"rotation": ["2-math.cos(q.anim_time*90-90)*1", 0, "-math.sin(q.anim_time*90/2-45)*0.5"]
				}
			}
		},
		"animation.shieldon.battle_idle": {
			"loop": true,
			"bones": {
				"torso": {
					"rotation": ["10-math.cos(q.anim_time*90*2)*2", "0+math.cos(q.anim_time*90*2+120)*4", 0]
				},
				"tail_1": {
					"rotation": ["10-math.cos(q.anim_time*90*2-30)*1", "0+math.cos(q.anim_time*90*2+90)*10", 0]
				},
				"tail_2": {
					"rotation": ["0-math.cos(q.anim_time*90*2-60)*3", "0+math.cos(q.anim_time*90*2+60)*20", 0]
				},
				"front_torso": {
					"rotation": ["-7.5+math.cos(q.anim_time*90*2-30)*1", "0-math.cos(q.anim_time*90*2+140)*4", 0],
					"position": [0, 0.25, 0]
				},
				"head": {
					"rotation": ["15+math.cos(q.anim_time*90*2-60)*1", "0+math.sin(q.anim_time*90*2-90)*5", "-1 +math.cos(q.anim_time*90*2+90)*2"],
					"position": ["0-math.cos(q.anim_time*90*2+120)*0.3+math.cos(q.anim_time*90*2*3+(120)*3)*0.03", "-0.7-math.cos(q.anim_time*90*2)*0.1", -0.25]
				},
				"shield": {
					"rotation": ["0+math.cos(q.anim_time*90*2-60)*0.5", 0, 0]
				},
				"left_eye": {
					"position": [0, 0.25, 0]
				},
				"right_eye": {
					"position": [0, 0.25, 0]
				},
				"collar": {
					"rotation": ["15+math.cos(q.anim_time*90*2-60)*1", "0+math.sin(q.anim_time*90*2-90)*5", "-1+math.cos(q.anim_time*90*2+90)*2"],
					"position": ["0-math.cos(q.anim_time*90*2+120)*0.2+math.cos(q.anim_time*90*2*3+(120)*3)*0.02", "-0.72-math.cos(q.anim_time*90*2)*0.1", -0.25]
				},
				"chain": {
					"rotation": [
						"math.clamp(40+math.sin(q.anim_time*90*2-120)*2+math.sin(q.anim_time*90*2*3-90)*1,39,50)",
						"math.cos(q.anim_time*90*2-90)*5-math.cos(q.anim_time*90*2*3-90*3)*3",
						"2+math.sin(q.anim_time*90*2+90)*10+math.sin(q.anim_time*90*2*2+90*2-180)*1"
					]
				},
				"left_front_upper_leg": {
					"rotation": [-15, -20, "-((2-math.cos(q.anim_time*90*2-45)*2+math.cos(q.anim_time*90*2*3-(45)*3)*0.2))"],
					"position": ["-((-0.5-math.cos(q.anim_time*90*2-45)*0.2+math.cos(q.anim_time*90*2*3-(45)*3)*0.02))", -0.5, 1.25]
				},
				"left_front_lower_leg": {
					"rotation": [15, 0, 0]
				},
				"right_front_upper_leg": {
					"rotation": [-15, 20, "(2+math.cos(q.anim_time*90*2-45)*2-math.cos(q.anim_time*90*2*3-(45)*3)*0.2)"],
					"position": ["(-0.5+math.cos(q.anim_time*90*2-45)*0.2-math.cos(q.anim_time*90*2*3-(45)*3)*0.02)", -0.5, 1.25]
				},
				"right_front_lower_leg": {
					"rotation": [15, 0, 0]
				},
				"left_back_upper_leg": {
					"rotation": ["(-2.5-math.cos(q.anim_time*90*2-30)*2)", -15, -2.5],
					"position": [0.5, "(-0.15+math.cos(q.anim_time*90*2-30)*-0.05)", "(0+math.cos(q.anim_time*90*2-30)*0.055)"]
				},
				"left_back_lower_leg": {
					"rotation": ["(2.5+math.cos(q.anim_time*90*2-30)*2)", 0, 0]
				},
				"right_back_upper_leg": {
					"rotation": ["(-2.5-math.cos(q.anim_time*90*2-30-180)*2)", 15, 2.5],
					"position": [-0.5, "(-0.15+math.cos(q.anim_time*90*2-30-180)*-0.05)", "(0+math.cos(q.anim_time*90*2-30-180)*0.055)"]
				},
				"right_back_lower_leg": {
					"rotation": ["(2.5+math.cos(q.anim_time*90*2-30-180)*2)", 0, 0]
				}
			}
		},
		"animation.shieldon.ground_walk": {
			"loop": true,
			"animation_length": 1.33333,
			"bones": {
				"torso": {
					"rotation": [
						"-math.sin(q.anim_time*90*3*2+90)*3-math.sin(q.anim_time*90*3*2*3+270)*0.2",
						"-math.sin(q.anim_time*90*3+70)*4",
						"math.sin(q.anim_time*90*3+70)*4"
					],
					"position": [0, "-0.12+math.clamp(math.sin(q.anim_time*90*3*2+20)*0.055, -0.1, 1)+math.clamp(math.sin(q.anim_time*90*3*2+40)*0.055, -0.1, 1)", 0]
				},
				"left_front_upper_leg": {
					"rotation": {
						"0.0": {
							"post": [16, 0, 0],
							"lerp_mode": "catmullrom"
						},
						"0.125": {
							"post": [7.42, 0, 0],
							"lerp_mode": "catmullrom"
						},
						"0.25": {
							"post": [-18.76853, 0, 0],
							"lerp_mode": "catmullrom"
						},
						"0.4167": {
							"post": [-27.9621, 0, 0],
							"lerp_mode": "catmullrom"
						},
						"0.5": {
							"post": [-21.20083, 0, 0],
							"lerp_mode": "catmullrom"
						},
						"0.625": {
							"post": [-2.61266, 0, 0],
							"lerp_mode": "catmullrom"
						},
						"0.6667": [0.29, 0, 0],
						"0.7083": [0, 0, 0],
						"1.0833": {
							"pre": [15.81622, 0, 0],
							"post": [15.81622, 0, 0],
							"lerp_mode": "catmullrom"
						},
						"1.25": {
							"post": [18.31622, 0, 0],
							"lerp_mode": "catmullrom"
						},
						"1.3333": {
							"post": [16, 0, 0],
							"lerp_mode": "catmullrom"
						}
					},
					"position": {
						"0.0": {
							"post": [0, 0.53748, 0.5],
							"lerp_mode": "catmullrom"
						},
						"0.25": {
							"post": [0, 0.46599, 0.31522],
							"lerp_mode": "catmullrom"
						},
						"0.5": {
							"post": [0, 0.00038, -0.06569],
							"lerp_mode": "catmullrom"
						},
						"0.625": {
							"post": [0, 0.00201, 0.14393],
							"lerp_mode": "catmullrom"
						},
						"0.7917": {
							"post": [0, 0, 0.74446],
							"lerp_mode": "catmullrom"
						},
						"0.875": {
							"post": [0, 0.1, 0.96518],
							"lerp_mode": "catmullrom"
						},
						"1.0": {
							"post": [0, 0.3766, 0.8],
							"lerp_mode": "catmullrom"
						},
						"1.25": [0, 0.57938, 0.57654]
					}
				},
				"left_front_lower_leg": {
					"rotation": {
						"0.0": [23.15257, 0, 0],
						"0.5": [0, 0, 0],
						"0.6667": [0, 0, 0],
						"0.7917": [0, 0, 0],
						"1.3333": [23.15257, 0, 0]
					}
				},
				"left_front_claw": {
					"rotation": ["(5+math.clamp(math.sin(q.anim_time*90*3+0)*10,-10,-5))*0.5", 0, 0]
				},
				"body": {
					"position": [0, 0, "math.sin(q.anim_time*90*3*2-30)*0.3"]
				},
				"tail_1": {
					"rotation": ["5-math.sin(q.anim_time*90*3*2+90+30)*1-math.clamp(math.sin(q.anim_time*90*3*2+90+30)*3,-3,0)", "-math.sin(q.anim_time*90*3+40)*3", 0]
				},
				"tail_2": {
					"rotation": ["5-math.sin(q.anim_time*90*3*2+90+60)*0.5-math.clamp(math.sin(q.anim_time*90*3*2+90+60)*2,-3,0)", "-math.sin(q.anim_time*90*3+10)*3", 0]
				},
				"front_torso": {
					"rotation": ["math.sin(q.anim_time*90*3*2+90)*3", "math.sin(q.anim_time*90*3+70)*4", 0],
					"position": [0, "0.05+math.sin(q.anim_time*90*3*2-60)*0.05", 0]
				},
				"head": {
					"rotation": ["4-math.sin(q.anim_time*90*3*2+120+30)*2-math.sin(q.anim_time*90*3*2*3+120)*0.2", 0, 0],
					"position": ["0-math.sin(q.anim_time*90*3+90)*0.15", 0, 0]
				},
				"jaw": {
					"rotation": ["0.9-math.sin(q.anim_time*90*3*2-120)*1-math.sin(q.anim_time*90*3*2*3-360)*0.1", 0, 0]
				},
				"collar": {
					"rotation": ["0-math.sin(q.anim_time*90*3*2-120)*1-math.sin(q.anim_time*90*3*2*3-360)*0.2 ", "0-math.sin(q.anim_time*90*3+200)*1", 0],
					"position": ["0-math.sin(q.anim_time*90*3+90)*0.2", 0, 0]
				},
				"chain": {
					"rotation": ["18-math.sin(q.anim_time*90*3*2-220)*12+math.sin(q.anim_time*90*3*2*2-30)*4", 0, 0]
				},
				"right_front_upper_leg": {
					"rotation": {
						"0.0": [0.29, 0, 0],
						"0.0417": [0, 0, 0],
						"0.4167": {
							"pre": [15.81622, 0, 0],
							"post": [15.81622, 0, 0],
							"lerp_mode": "catmullrom"
						},
						"0.5833": {
							"post": [18.31622, 0, 0],
							"lerp_mode": "catmullrom"
						},
						"0.6667": {
							"post": [16, 0, 0],
							"lerp_mode": "catmullrom"
						},
						"0.7917": {
							"post": [7.42, 0, 0],
							"lerp_mode": "catmullrom"
						},
						"0.9167": {
							"post": [-18.76853, 0, 0],
							"lerp_mode": "catmullrom"
						},
						"1.0833": {
							"post": [-27.9621, 0, 0],
							"lerp_mode": "catmullrom"
						},
						"1.1667": {
							"post": [-21.20083, 0, 0],
							"lerp_mode": "catmullrom"
						},
						"1.2917": {
							"post": [-2.61266, 0, 0],
							"lerp_mode": "catmullrom"
						},
						"1.3333": [0.29, 0, 0]
					},
					"position": {
						"0.0": {
							"post": [0, 0, 0.28],
							"lerp_mode": "catmullrom"
						},
						"0.125": {
							"post": [0, 0, 0.74446],
							"lerp_mode": "catmullrom"
						},
						"0.2083": {
							"post": [0, 0.1, 0.96518],
							"lerp_mode": "catmullrom"
						},
						"0.3333": {
							"post": [0, 0.3766, 0.8],
							"lerp_mode": "catmullrom"
						},
						"0.5833": {
							"post": [0, 0.57938, 0.57654],
							"lerp_mode": "catmullrom"
						},
						"0.6667": {
							"post": [0, 0.53748, 0.5],
							"lerp_mode": "catmullrom"
						},
						"0.9167": {
							"post": [0, 0.46599, 0.31522],
							"lerp_mode": "catmullrom"
						},
						"1.1667": {
							"post": [0, 0.00038, -0.06569],
							"lerp_mode": "catmullrom"
						},
						"1.2917": {
							"post": [0, 0.00201, 0.14393],
							"lerp_mode": "catmullrom"
						},
						"1.3333": {
							"post": [0, 0, 0.28],
							"lerp_mode": "catmullrom"
						}
					}
				},
				"right_front_lower_leg": {
					"rotation": {
						"0.0": [0, 0, 0],
						"0.125": [0, 0, 0],
						"0.6667": [23.15257, 0, 0],
						"1.1667": [0, 0, 0],
						"1.3333": [0, 0, 0]
					}
				},
				"right_front_claw": {
					"rotation": ["(5+math.clamp(math.sin(q.anim_time*90*3+180)*10,-10,-5))*0.5", 0, 0]
				},
				"left_back_upper_leg": {
					"rotation": {
						"0.0": [0.29, 0, 0],
						"0.0417": [0, 0, 0],
						"0.2083": [0.9509, 0, 0],
						"0.4167": {
							"pre": [12.93258, 0, 0],
							"post": [12.93258, 0, 0],
							"lerp_mode": "catmullrom"
						},
						"0.5833": {
							"post": [14.91445, 0, 0],
							"lerp_mode": "catmullrom"
						},
						"0.6667": {
							"post": [13.66025, 0, 0],
							"lerp_mode": "catmullrom"
						},
						"1.1667": {
							"post": [-9.48889, 0, 0],
							"lerp_mode": "catmullrom"
						},
						"1.2917": {
							"post": [-2.61266, 0, 0],
							"lerp_mode": "catmullrom"
						},
						"1.3333": [0.29, 0, 0]
					},
					"position": [
						0,
						"(-0.05+math.sin(q.anim_time*90*3-180+65)*0.3+math.clamp(math.sin(q.anim_time*90*3+0+70)*0.3,0.2,1))",
						"-math.sin(q.anim_time*90*3-30-180)*0.75"
					]
				},
				"left_back_lower_leg": {
					"rotation": {
						"0.0": [0, 0, 0],
						"0.375": [0, 0, 0],
						"0.6667": {
							"pre": [26, 0, 0],
							"post": [26, 0, 0],
							"lerp_mode": "catmullrom"
						},
						"0.7917": {
							"post": [27, 0, 0],
							"lerp_mode": "catmullrom"
						},
						"0.9167": [16.08, 0, 0],
						"1.1667": [0, 0, 0],
						"1.3333": [0, 0, 0]
					}
				},
				"right_back_upper_leg": {
					"rotation": {
						"0.0": {
							"post": [13.66025, 0, 0],
							"lerp_mode": "catmullrom"
						},
						"0.5": {
							"post": [-9.48889, 0, 0],
							"lerp_mode": "catmullrom"
						},
						"0.625": {
							"post": [-2.61266, 0, 0],
							"lerp_mode": "catmullrom"
						},
						"0.6667": [0.29, 0, 0],
						"0.7083": [0, 0, 0],
						"0.875": [0.9509, 0, 0],
						"1.0833": {
							"pre": [12.93258, 0, 0],
							"post": [12.93258, 0, 0],
							"lerp_mode": "catmullrom"
						},
						"1.25": {
							"post": [14.91445, 0, 0],
							"lerp_mode": "catmullrom"
						},
						"1.3333": {
							"post": [13.66025, 0, 0],
							"lerp_mode": "catmullrom"
						}
					},
					"position": [
						0,
						"(-0.05+math.sin(q.anim_time*90*3+65)*0.3+math.clamp(math.sin(q.anim_time*90*3+180+70)*0.3,0.2,1))",
						"-math.sin(q.anim_time*90*3-30)*0.75"
					]
				},
				"right_back_lower_leg": {
					"rotation": {
						"0.0": {
							"post": [26, 0, 0],
							"lerp_mode": "catmullrom"
						},
						"0.125": {
							"post": [27, 0, 0],
							"lerp_mode": "catmullrom"
						},
						"0.25": [16.08, 0, 0],
						"0.5": [0, 0, 0],
						"0.6667": [0, 0, 0],
						"1.0417": [0, 0, 0],
						"1.3333": [26, 0, 0]
					}
				},
				"right_back_claw": {
					"rotation": ["(5+math.clamp(math.sin(q.anim_time*90*3+180+180)*10,-10,-5))*0.5", 0, 0]
				},
				"left_back_claw": {
					"rotation": {
						"0.0": ["(5+math.clamp(math.sin(q.anim_time*90*3+180+180)*10,-10,-5))*0.5", 0, 0],
						"0.6667": ["(5+math.clamp(math.sin(q.anim_time*90*3+180+180)*10,-10,-5))*0.5", 0, 0],
						"1.3333": ["(5+math.clamp(math.sin(q.anim_time*90*3+180+180)*10,-10,-5))*0.5", 0, 0]
					}
				}
			}
		},
		"animation.shieldon.ground_run": {
			"loop": true,
			"animation_length": 0.5,
			"bones": {
				"front_torso": {
					"rotation": ["5+math.sin(q.anim_time*90*8+270)*2", "math.sin(q.anim_time*90*8+60)*-1.5", 0],
					"position": ["math.sin(q.anim_time*90*8+60)*0.15", "math.sin(q.anim_time*90*8+90)*0.1", -0.25]
				},
				"head": {
					"rotation": ["35-math.sin(q.anim_time*90*8+270)*5", "0+math.sin(q.anim_time*90*8+60)*0.5", 0],
					"position": [0, 0, -1]
				},
				"left_eye": {
					"position": [0, 0, 0.1]
				},
				"left_eye_closed": {
					"rotation": [0, 0, -7.5],
					"position": [0.275, -0.125, -0.1]
				},
				"right_eye_closed": {
					"rotation": [0, 0, 7.5],
					"position": [-0.275, -0.125, -0.1]
				},
				"right_eye": {
					"position": [0, 0, 0.1]
				},
				"collar": {
					"rotation": ["25-math.sin(q.anim_time*90*8+240)*10", 0, 0],
					"position": [0, "-0.6+math.sin(q.anim_time*90*8+180-60)*0.15", "-0.95+math.sin(q.anim_time*90*8+180-60)*0.1"]
				},
				"body": {
					"position": [0, "math.clamp(math.sin(q.anim_time*90*8+180)*0.5,0,1)", 0]
				},
				"torso": {
					"rotation": [
						"-5+math.sin(q.anim_time*90*8+240)*4+math.clamp(math.sin(q.anim_time*90*8+240)*2,0,5)",
						"math.sin(q.anim_time*90*8+60)*2",
						"math.cos(q.anim_time*90*16+60)*1"
					],
					"position": [0, "0.4+math.sin(q.anim_time*90*8+180)*0.5", "math.sin(q.anim_time*90*8+180)*0.5"]
				},
				"left_front_upper_leg": {
					"rotation": {
						"0.0": [4.78, 0, 0],
						"0.2083": [-36.61571, 0, 0],
						"0.375": {
							"pre": [29.78, 0, 0],
							"post": [29.78, 0, 0],
							"lerp_mode": "catmullrom"
						},
						"0.5": {
							"post": [4.78, 0, 0],
							"lerp_mode": "catmullrom"
						}
					},
					"position": {
						"0.0": {
							"post": [0, 0.375, 0.7424],
							"lerp_mode": "catmullrom"
						},
						"0.0833": {
							"post": [0, 0.185, 1.05],
							"lerp_mode": "catmullrom"
						},
						"0.2083": {
							"post": [0, -0.78, 0.52],
							"lerp_mode": "catmullrom"
						},
						"0.2917": {
							"post": [0, -0.375, 0.21321],
							"lerp_mode": "catmullrom"
						},
						"0.4167": {
							"post": [0, -0.345, 0.57139],
							"lerp_mode": "catmullrom"
						},
						"0.5": {
							"post": [0, 0.375, 0.7424],
							"lerp_mode": "catmullrom"
						}
					}
				},
				"left_back_upper_leg": {
					"rotation": {
						"0.0": {
							"post": [-18, 0, 0],
							"lerp_mode": "catmullrom"
						},
						"0.1667": {
							"post": [7.65367, 0, 0],
							"lerp_mode": "catmullrom"
						},
						"0.2917": {
							"post": [41.33137, 0, 0],
							"lerp_mode": "catmullrom"
						},
						"0.4167": {
							"post": [11.25, 0, 0],
							"lerp_mode": "catmullrom"
						},
						"0.5": {
							"post": [-18, 0, 0],
							"lerp_mode": "catmullrom"
						}
					},
					"position": {
						"0.0": {
							"post": [0, 0.2, -0.13301],
							"lerp_mode": "catmullrom"
						},
						"0.125": {
							"post": [0, -0.05, 0.07886],
							"lerp_mode": "catmullrom"
						},
						"0.2083": {
							"post": [0, -0.05, 0.55],
							"lerp_mode": "catmullrom"
						},
						"0.25": {
							"post": [0, -0.245, 0.76194],
							"lerp_mode": "catmullrom"
						},
						"0.375": {
							"post": [0, 0.83, 0.60438],
							"lerp_mode": "catmullrom"
						},
						"0.4167": {
							"post": [0, 1.06603, 0.3],
							"lerp_mode": "catmullrom"
						},
						"0.5": {
							"post": [0, 0.21308, -0.11573],
							"lerp_mode": "catmullrom"
						}
					}
				},
				"left_back_lower_leg": {
					"rotation": {
						"0.0": [0, 0, 0],
						"0.2083": [0, 0, 0],
						"0.2917": [25, 0, 0],
						"0.375": [27, 0, 0],
						"0.5": [0, 0, 0]
					}
				},
				"right_back_upper_leg": {
					"rotation": {
						"0.0": {
							"post": [17.5, 0, 0],
							"lerp_mode": "catmullrom"
						},
						"0.0833": {
							"post": [-18, 0, 0],
							"lerp_mode": "catmullrom"
						},
						"0.2917": {
							"post": [7.65367, 0, 0],
							"lerp_mode": "catmullrom"
						},
						"0.375": {
							"post": [41.33137, 0, 0],
							"lerp_mode": "catmullrom"
						},
						"0.5": {
							"post": [17.5, 0, 0],
							"lerp_mode": "catmullrom"
						}
					},
					"position": {
						"0.0": {
							"post": [0, 1.06603, 0.05],
							"lerp_mode": "catmullrom"
						},
						"0.0833": {
							"post": [0, 0.2, -0.38301],
							"lerp_mode": "catmullrom"
						},
						"0.1667": {
							"post": [0, -0.05, -0.42114],
							"lerp_mode": "catmullrom"
						},
						"0.25": {
							"post": [0, -0.05, -0.2],
							"lerp_mode": "catmullrom"
						},
						"0.2917": {
							"post": [0, -0.245, 0.26194],
							"lerp_mode": "catmullrom"
						},
						"0.375": {
							"post": [0, 0.77, 0.73],
							"lerp_mode": "catmullrom"
						},
						"0.4583": {
							"post": [0, 1.08, 0.60438],
							"lerp_mode": "catmullrom"
						},
						"0.5": {
							"post": [0, 1.06603, 0.05],
							"lerp_mode": "catmullrom"
						}
					}
				},
				"right_back_lower_leg": {
					"rotation": {
						"0.0": [8.07, 0, 0],
						"0.125": [0, 0, 0],
						"0.25": [0, 0, 0],
						"0.3333": {
							"pre": [25, 0, 0],
							"post": [25, 0, 0],
							"lerp_mode": "catmullrom"
						},
						"0.4583": {
							"post": [27, 0, 0],
							"lerp_mode": "catmullrom"
						},
						"0.5": {
							"post": [8.07, 0, 0],
							"lerp_mode": "catmullrom"
						}
					}
				},
				"tail_1": {
					"rotation": ["10+math.sin(q.anim_time*90*8+240-90)*2", "math.sin(q.anim_time*90*8-90)*5", 0],
					"position": [0, "-0.05+math.sin(q.anim_time*90*8+90)*0.1", 0]
				},
				"tail_2": {
					"rotation": ["15+math.sin(q.anim_time*90*8+240-120)*4", "math.sin(q.anim_time*90*8-120)*5", 0]
				},
				"shield": {
					"rotation": ["-math.sin(q.anim_time*90*8+300)*1", 0, 0]
				},
				"chain": {
					"rotation": ["25+math.sin(q.anim_time*90*8-90)*30", 0, 0]
				},
				"left_front_lower_leg": {
					"rotation": {
						"0.0": {
							"post": [40, 0, 0],
							"lerp_mode": "catmullrom"
						},
						"0.125": {
							"post": [40, 0, 0],
							"lerp_mode": "catmullrom"
						},
						"0.2083": [0, 0, 0],
						"0.3333": [0, 0, 0],
						"0.4167": {
							"pre": [40, 0, 0],
							"post": [40, 0, 0],
							"lerp_mode": "catmullrom"
						},
						"0.5": {
							"post": [40, 0, 0],
							"lerp_mode": "catmullrom"
						}
					}
				},
				"right_front_upper_leg": {
					"rotation": {
						"0.0": [-36.61571, 0, 0],
						"0.1667": {
							"pre": [29.78, 0, 0],
							"post": [29.78, 0, 0],
							"lerp_mode": "catmullrom"
						},
						"0.2917": {
							"post": [4.78, 0, 0],
							"lerp_mode": "catmullrom"
						},
						"0.5": [-36.61571, 0, 0]
					},
					"position": {
						"0.0": {
							"post": [0, -0.78, 0.52],
							"lerp_mode": "catmullrom"
						},
						"0.0833": {
							"post": [0, -0.375, 0.21321],
							"lerp_mode": "catmullrom"
						},
						"0.2083": {
							"post": [0, -0.345, 0.57139],
							"lerp_mode": "catmullrom"
						},
						"0.2917": {
							"post": [0, 0.375, 0.7424],
							"lerp_mode": "catmullrom"
						},
						"0.375": {
							"post": [0, 0.185, 1.05],
							"lerp_mode": "catmullrom"
						},
						"0.5": {
							"post": [0, -0.78, 0.52],
							"lerp_mode": "catmullrom"
						}
					}
				},
				"right_front_lower_leg": {
					"rotation": {
						"0.0": [0, 0, 0],
						"0.125": [0, 0, 0],
						"0.2083": {
							"pre": [40, 0, 0],
							"post": [40, 0, 0],
							"lerp_mode": "catmullrom"
						},
						"0.2917": {
							"post": [40, 0, 0],
							"lerp_mode": "catmullrom"
						},
						"0.4167": {
							"post": [40, 0, 0],
							"lerp_mode": "catmullrom"
						},
						"0.5": [0, 0, 0]
					}
				}
			}
		},
		"animation.shieldon.cry": {
			"animation_length": 1.5,
			"bones": {
				"head": {
					"rotation": {
						"0.0417": {
							"pre": [0, 0, 0],
							"post": [0, 0, 0],
							"lerp_mode": "catmullrom"
						},
						"0.1667": {
							"post": [13.41667, 0, 0],
							"lerp_mode": "catmullrom"
						},
						"0.25": [25, 0, 0],
						"0.4167": [25, 0.25783, 5.00005],
						"0.5": [25, 0, 12.5],
						"0.625": {
							"pre": [20, -6.1864, -16.40215],
							"post": [20, -6.1864, -16.40215],
							"lerp_mode": "catmullrom"
						},
						"0.7083": {
							"post": [16.7675, -16.09689, -19.38834],
							"lerp_mode": "catmullrom"
						},
						"0.9583": {
							"post": [0, 0, 0],
							"lerp_mode": "catmullrom"
						},
						"1.25": {
							"post": [0, 0, 0],
							"lerp_mode": "catmullrom"
						}
					},
					"position": {
						"0.0417": {
							"pre": [0, 0, 0],
							"post": [0, 0, 0],
							"lerp_mode": "catmullrom"
						},
						"0.1667": {
							"post": [0, 0, 0.5],
							"lerp_mode": "catmullrom"
						},
						"0.2083": {
							"post": [0, 0, 0.5],
							"lerp_mode": "catmullrom"
						},
						"0.25": {
							"post": [0, 0, -0.75],
							"lerp_mode": "catmullrom"
						},
						"0.2917": {
							"post": [0, 0, -0.95],
							"lerp_mode": "catmullrom"
						},
						"0.3333": {
							"post": [0, 0, -0.95],
							"lerp_mode": "catmullrom"
						},
						"0.4167": {
							"post": [0, 0, -0.95],
							"lerp_mode": "catmullrom"
						},
						"0.5": {
							"post": [0, 0, -0.705],
							"lerp_mode": "catmullrom"
						},
						"0.9167": {
							"post": [0, 0, 0],
							"lerp_mode": "catmullrom"
						},
						"1.25": {
							"post": [0, 0, 0],
							"lerp_mode": "catmullrom"
						}
					}
				},
				"jaw": {
					"rotation": {
						"0.0": {
							"post": [0, 0, 0],
							"lerp_mode": "catmullrom"
						},
						"0.0833": {
							"post": [0, 0, 0],
							"lerp_mode": "catmullrom"
						},
						"0.1667": {
							"post": [-2.5, 0, 0],
							"lerp_mode": "catmullrom"
						},
						"0.25": {
							"post": [35, 0, 0],
							"lerp_mode": "catmullrom"
						},
						"0.4583": {
							"post": [24.63, 0, 0],
							"lerp_mode": "catmullrom"
						},
						"0.625": {
							"post": [32.46926, 0, 0],
							"lerp_mode": "catmullrom"
						},
						"0.75": {
							"post": [0, 0, 0],
							"lerp_mode": "catmullrom"
						},
						"1.25": {
							"post": [0, 0, 0],
							"lerp_mode": "catmullrom"
						}
					},
					"position": {
						"0.0": [0, 0, 0],
						"0.1667": [0, 0, 0],
						"0.25": [0, 0, -0.125],
						"0.3333": [0, 0, 0],
						"0.375": [0, 0, 0],
						"0.75": [0, 0, 0],
						"1.25": [0, 0, 0]
					}
				},
				"front_torso": {
					"rotation": {
						"0.0": {
							"post": [0, 0, 0],
							"lerp_mode": "catmullrom"
						},
						"0.0833": {
							"post": [5, 0, 0],
							"lerp_mode": "catmullrom"
						},
						"0.1667": {
							"post": [-3.66667, 0, 0],
							"lerp_mode": "catmullrom"
						},
						"0.25": {
							"post": [-10, 0, 0],
							"lerp_mode": "catmullrom"
						},
						"0.375": {
							"post": [-5.5, 0, 0],
							"lerp_mode": "catmullrom"
						},
						"1.0": {
							"post": [0, 0, 0],
							"lerp_mode": "catmullrom"
						},
						"1.25": {
							"post": [0, 0, 0],
							"lerp_mode": "catmullrom"
						}
					},
					"position": {
						"0.0": {
							"post": [0, 0, 0],
							"lerp_mode": "catmullrom"
						},
						"0.1667": {
							"post": [0, 0, 0.5],
							"lerp_mode": "catmullrom"
						},
						"0.375": {
							"post": [0, 0, -0.25],
							"lerp_mode": "catmullrom"
						},
						"0.75": {
							"post": [0, 0, 0],
							"lerp_mode": "catmullrom"
						},
						"1.25": {
							"post": [0, 0, 0],
							"lerp_mode": "catmullrom"
						}
					}
				},
				"shield": {
					"rotation": {
						"0.0": [0, 0, 0],
						"0.1667": [0, 0, 0],
						"0.2917": [-5, 0, 0],
						"0.4167": [-5, "math.sin(q.anim_time*90*10)*1", 0],
						"0.5833": [-5, "math.sin(q.anim_time*90*10)*2", 0],
						"1.0": [0, "math.sin(q.anim_time*90*5)*1", 0],
						"1.25": [0, 0, 0]
					},
					"position": {
						"0.0833": [0, 0, 0],
						"0.2083": [0, 0, 0],
						"0.25": [0, -0.25, 0],
						"0.3333": [0, 0.25, 0],
						"0.5417": [0, 0.25, 0],
						"0.625": [0, 0, 0],
						"1.25": [0, 0, 0]
					}
				},
				"left_eye": {
					"position": {
						"0.0": [0, 0, 0],
						"0.0833": [0, 0, 0],
						"0.125": {"pre": [0, 0, 0], "post": [0, 0, 0.1]},
						"0.4583": {"pre": [0, 0, 0.1], "post": [0, 0, 0]},
						"0.5833": {"pre": [0, 0, 0], "post": [0, 0, 0.1]},
						"0.6667": {"pre": [0, 0, 0.1], "post": [0, 0, 0]},
						"0.7083": {"pre": [0, 0, 0], "post": [0, 0, 0.1]},
						"0.7917": {"pre": [0, 0, 0.1], "post": [0, 0, 0]},
						"1.25": [0, 0, 0]
					}
				},
				"left_eye_closed": {
					"rotation": {
						"0.125": [0, 0, -7.5],
						"0.5833": [0, 0, -7.5],
						"0.7083": {"pre": [0, 0, -7.5], "post": [0, 0, 0]}
					},
					"position": {
						"0.0": [0, 0, 0],
						"0.0833": [0, 0, 0],
						"0.125": {"pre": [0, 0, 0], "post": [0.275, -0.125, -0.1]},
						"0.4583": {"pre": [0.275, -0.125, -0.1], "post": [0, 0, 0]},
						"0.5833": {"pre": [0, 0, 0], "post": [0.275, -0.125, -0.1]},
						"0.6667": {"pre": [0.275, -0.125, -0.1], "post": [0, 0, 0]},
						"0.7083": {"pre": [0, 0, 0], "post": [0.1, 0, -0.1]},
						"0.7917": {"pre": [0.1, 0, -0.1], "post": [0, 0, 0]},
						"1.25": [0, 0, 0]
					}
				},
				"right_eye_closed": {
					"rotation": {
						"0.125": [0, 0, 7.5],
						"0.5833": [0, 0, 7.5],
						"0.7083": {"pre": [0, 0, 7.5], "post": [0, 0, 0]}
					},
					"position": {
						"0.0": [0, 0, 0],
						"0.0833": [0, 0, 0],
						"0.125": {"pre": [0, 0, 0], "post": [-0.275, -0.125, -0.1]},
						"0.4583": {"pre": [-0.275, -0.125, -0.1], "post": [0, 0, 0]},
						"0.5833": {"pre": [0, 0, 0], "post": [-0.275, -0.125, -0.1]},
						"0.6667": {"pre": [-0.275, -0.125, -0.1], "post": [0, 0, 0]},
						"0.7083": {"pre": [0, 0, 0], "post": [-0.1, 0, -0.1]},
						"0.7917": {"pre": [-0.1, 0, -0.1], "post": [0, 0, 0]},
						"1.25": [0, 0, 0]
					}
				},
				"right_eye": {
					"position": {
						"0.0": [0, 0, 0],
						"0.0833": [0, 0, 0],
						"0.125": {"pre": [0, 0, 0], "post": [0, 0, 0.1]},
						"0.4583": {"pre": [0, 0, 0.1], "post": [0, 0, 0]},
						"0.5833": {"pre": [0, 0, 0], "post": [0, 0, 0.1]},
						"0.6667": {"pre": [0, 0, 0.1], "post": [0, 0, 0]},
						"0.7083": {"pre": [0, 0, 0], "post": [0, 0, 0.1]},
						"0.7917": {"pre": [0, 0, 0.1], "post": [0, 0, 0]},
						"1.25": [0, 0, 0]
					}
				},
				"collar": {
					"rotation": {
						"0.0417": {
							"pre": [0, 0, 0],
							"post": [0, 0, 0],
							"lerp_mode": "catmullrom"
						},
						"0.1667": {
							"post": [13.41667, 0, 0],
							"lerp_mode": "catmullrom"
						},
						"0.25": [25, 0, 0],
						"0.4167": [25, 0.25783, 5.00005],
						"0.5": [25, 0, 9.5],
						"0.625": {
							"pre": [20, -6.1864, -16.40215],
							"post": [20, -6.1864, -16.40215],
							"lerp_mode": "catmullrom"
						},
						"0.7083": {
							"post": [16.7675, -16.09689, -19.38834],
							"lerp_mode": "catmullrom"
						},
						"0.9583": {
							"post": [0, 0, 0],
							"lerp_mode": "catmullrom"
						},
						"1.25": {
							"post": [0, 0, 0],
							"lerp_mode": "catmullrom"
						}
					},
					"position": {
						"0.0417": {
							"pre": [0, 0, 0],
							"post": [0, 0, 0],
							"lerp_mode": "catmullrom"
						},
						"0.1667": {
							"post": [0, 0, 0.5],
							"lerp_mode": "catmullrom"
						},
						"0.2083": {
							"post": [0, 0, 0.5],
							"lerp_mode": "catmullrom"
						},
						"0.25": {
							"post": [0, 0, -0.75],
							"lerp_mode": "catmullrom"
						},
						"0.2917": {
							"post": [0, 0, -0.95],
							"lerp_mode": "catmullrom"
						},
						"0.3333": {
							"post": [0, 0, -0.95],
							"lerp_mode": "catmullrom"
						},
						"0.4167": {
							"post": [0, 0, -0.95],
							"lerp_mode": "catmullrom"
						},
						"0.5": {
							"post": [0.1, 0, -0.705],
							"lerp_mode": "catmullrom"
						},
						"0.9167": {
							"post": [0, 0, 0],
							"lerp_mode": "catmullrom"
						},
						"1.25": {
							"post": [0, 0, 0],
							"lerp_mode": "catmullrom"
						}
					}
				},
				"chain": {
					"rotation": {
						"0.0": {
							"post": [0, 0, 0],
							"lerp_mode": "catmullrom"
						},
						"0.0417": {
							"post": [-2.5, 0, 0],
							"lerp_mode": "catmullrom"
						},
						"0.1667": {
							"post": [-52.5, 0, 0],
							"lerp_mode": "catmullrom"
						},
						"0.2917": {
							"post": [-12.5, 0, 0],
							"lerp_mode": "catmullrom"
						},
						"0.4167": {
							"post": [-16, 0, 0],
							"lerp_mode": "catmullrom"
						},
						"0.5": {
							"post": [-26.74, -5, 0],
							"lerp_mode": "catmullrom"
						},
						"0.5833": {
							"post": [-38.05, 10, 0],
							"lerp_mode": "catmullrom"
						},
						"0.625": {
							"post": [-38.8, -10, 0],
							"lerp_mode": "catmullrom"
						},
						"0.7083": {
							"post": [-27, -25, 0],
							"lerp_mode": "catmullrom"
						},
						"0.8333": {
							"post": [-53.5, -30, 0],
							"lerp_mode": "catmullrom"
						},
						"0.9167": {
							"post": [-18.5, -15, 0],
							"lerp_mode": "catmullrom"
						},
						"1.0": {
							"post": [-33.5, 15, 0],
							"lerp_mode": "catmullrom"
						},
						"1.125": {
							"post": [0, 20, 0],
							"lerp_mode": "catmullrom"
						},
						"1.25": {
							"post": [0, -20, 0],
							"lerp_mode": "catmullrom"
						},
						"1.375": {
							"post": [0, 5, 0],
							"lerp_mode": "catmullrom"
						},
						"1.5": {
							"post": [0, 0, 0],
							"lerp_mode": "catmullrom"
						}
					}
				},
				"torso": {
					"position": {
						"0.0": {
							"post": [0, 0, 0],
							"lerp_mode": "catmullrom"
						},
						"0.125": {
							"post": [0, 0, -0.025],
							"lerp_mode": "catmullrom"
						},
						"0.2083": {
							"post": [0, 0, -0.025],
							"lerp_mode": "catmullrom"
						},
						"0.375": {
							"post": [0, 0, -0.675],
							"lerp_mode": "catmullrom"
						},
						"0.5417": {
							"post": [0, 0, 0],
							"lerp_mode": "catmullrom"
						},
						"0.7083": {
							"post": [0, 0, 0],
							"lerp_mode": "catmullrom"
						},
						"1.25": {
							"post": [0, 0, 0],
							"lerp_mode": "catmullrom"
						}
					}
				},
				"left_front_upper_leg": {
					"rotation": {
						"0.0": [0, 0, 0],
						"0.0833": [-17.61, 0, 0],
						"0.2083": [-26.5, 0, 0],
						"0.2917": {
							"pre": [-9.69, 0, 0],
							"post": [-9.69, 0, 0],
							"lerp_mode": "catmullrom"
						},
						"0.375": {
							"post": [3.25, 0, 0],
							"lerp_mode": "catmullrom"
						},
						"0.4583": {
							"post": [5, 0, 0],
							"lerp_mode": "catmullrom"
						},
						"0.5417": {
							"post": [-2, 0, 0],
							"lerp_mode": "catmullrom"
						},
						"0.75": {
							"post": [0, 0, 0],
							"lerp_mode": "catmullrom"
						}
					},
					"position": {
						"0.0": [0, 0, 0],
						"0.0833": [0, -0.505, 0.61],
						"0.2083": [0, -0.425, 1.125],
						"0.2917": {
							"pre": [0, 0.005, 0.48],
							"post": [0, 0.005, 0.48],
							"lerp_mode": "catmullrom"
						},
						"0.375": {
							"post": [0, 0.13, -0.28],
							"lerp_mode": "catmullrom"
						},
						"0.4583": {
							"post": [0, 0.16, -0.47],
							"lerp_mode": "catmullrom"
						},
						"0.5417": {
							"post": [0, -0.05, 0.1],
							"lerp_mode": "catmullrom"
						},
						"0.75": {
							"post": [0, 0, 0],
							"lerp_mode": "catmullrom"
						}
					}
				},
				"left_front_lower_leg": {
					"rotation": {
						"0.0": [0, 0, 0],
						"0.0833": [16.25, 0, 0],
						"0.2083": [18.75, 0, 0],
						"0.2917": [5, 0, 0],
						"0.375": [0, 0, 0],
						"0.5417": [2.25, 0, 0],
						"0.75": [0, 0, 0]
					}
				},
				"right_front_upper_leg": {
					"rotation": {
						"0.0": [0, 0, 0],
						"0.0833": [-17.61, 0, 0],
						"0.2083": [-26.5, 0, 0],
						"0.2917": {
							"pre": [-9.69, 0, 0],
							"post": [-9.69, 0, 0],
							"lerp_mode": "catmullrom"
						},
						"0.375": {
							"post": [3.25, 0, 0],
							"lerp_mode": "catmullrom"
						},
						"0.4583": {
							"post": [5, 0, 0],
							"lerp_mode": "catmullrom"
						},
						"0.5417": {
							"post": [-2, 0, 0],
							"lerp_mode": "catmullrom"
						},
						"0.75": {
							"post": [0, 0, 0],
							"lerp_mode": "catmullrom"
						}
					},
					"position": {
						"0.0": [0, 0, 0],
						"0.0833": [0, -0.505, 0.61],
						"0.2083": [0, -0.425, 1.125],
						"0.2917": {
							"pre": [0, 0.005, 0.48],
							"post": [0, 0.005, 0.48],
							"lerp_mode": "catmullrom"
						},
						"0.375": {
							"post": [0, 0.13, -0.28],
							"lerp_mode": "catmullrom"
						},
						"0.4583": {
							"post": [0, 0.16, -0.47],
							"lerp_mode": "catmullrom"
						},
						"0.5417": {
							"post": [0, -0.05, 0.1],
							"lerp_mode": "catmullrom"
						},
						"0.75": {
							"post": [0, 0, 0],
							"lerp_mode": "catmullrom"
						}
					}
				},
				"right_front_lower_leg": {
					"rotation": {
						"0.0": [0, 0, 0],
						"0.0833": [16.25, 0, 0],
						"0.2083": [18.75, 0, 0],
						"0.2917": [5, 0, 0],
						"0.375": [0, 0, 0],
						"0.5417": [2.25, 0, 0],
						"0.75": [0, 0, 0]
					}
				}
			},
			"sound_effects": {
				"0.2083": {
					"effect": "pokemon.shieldon.cry"
				}
			}
		},
		"animation.shieldon.blink": {
			"animation_length": 0.16667,
			"bones": {
				"left_eye": {
					"position": {
						"0.0": [0, 0, 0.1],
						"0.125": [0, 0, 0.1],
						"0.1667": {"pre": [0, 0, 0.1], "post": [0, 0, 0]}
					}
				},
				"right_eye": {
					"position": {
						"0.0": [0, 0, 0.1],
						"0.125": [0, 0, 0.1],
						"0.1667": {"pre": [0, 0, 0.1], "post": [0, 0, 0]}
					}
				},
				"left_eye_closed": {
					"position": {
						"0.0": [0.1, 0, -0.1],
						"0.125": [0.1, 0, -0.1],
						"0.1667": {"pre": [0.1, 0, -0.1], "post": [0, 0, 0]}
					}
				},
				"right_eye_closed": {
					"position": {
						"0.0": [-0.1, 0, -0.1],
						"0.125": [-0.1, 0, -0.1],
						"0.1667": {"pre": [-0.1, 0, -0.1], "post": [0, 0, 0]}
					}
				}
			}
		},
		"animation.shieldon.sleep": {
			"loop": true,
			"bones": {
				"left_eye": {
					"position": [0, 0, 0.1]
				},
				"right_eye": {
					"position": [0, 0, 0.1]
				},
				"left_eye_closed": {
					"position": [0.1, 0, -0.1]
				},
				"right_eye_closed": {
					"position": [-0.1, 0, -0.1]
				},
				"body": {
					"position": [0, -3.25, 0]
				},
				"torso": {
					"rotation": [-17.5, 10, -5],
					"position": [0, "1.35+math.sin(q.anim_time*90*1)*0.1", 0]
				},
				"tail_1": {
					"rotation": ["-15-math.sin(q.anim_time*90*1-60)*2", "12.5-math.cos(q.anim_time*90*1/2-60-180)*5", 0],
					"position": [0, -0.2, "0.2-math.sin(q.anim_time*90*1)*0.2"]
				},
				"tail_2": {
					"rotation": ["15.5-math.sin(q.anim_time*90*1-90)*4", "17.5-math.cos(q.anim_time*90*1/2-90-180)*10", 0],
					"position": [0, 0, "0.1-math.sin(q.anim_time*90*1)*0.1"]
				},
				"front_torso": {
					"rotation": [5.56161, "-14.4638-math.sin(q.anim_time*90*1)*0.2", -10],
					"position": [0, -0.825, 0]
				},
				"head": {
					"rotation": ["32.87-math.sin(q.anim_time*90*1+30)*2-math.sin(q.anim_time*90*3+90)*0.1", 11.00398, -28.15522],
					"position": [0, "-0.675-math.sin(q.anim_time*90*1)*0.1", -0.75]
				},
				"shield": {
					"rotation": ["0-math.sin(q.anim_time*90*1+30)*1-math.sin(q.anim_time*90*3+90)*0.1", -15, 0]
				},
				"jaw": {
					"rotation": [
						"12.5+math.sin(q.anim_time*90*1+30)*8+math.sin(q.anim_time*90*1*3+90)*1+math.clamp(math.sin(q.anim_time*90+30)*3+math.sin(q.anim_time*90*4-90)*2,0,20)",
						0,
						0
					]
				},
				"collar": {
					"rotation": [32.19455, 9.9759, -5.77592],
					"position": [0, -0.175, 0.375]
				},
				"chain": {
					"rotation": [-46.04751, -57.50659, -5.95174]
				},
				"left_front_upper_leg": {
					"rotation": [-81.74166, -63.41303, 2.04654],
					"position": [-0.275, 0.5, 0.625]
				},
				"left_front_lower_leg": {
					"rotation": [0, 0, 5],
					"position": [0, 0.2, 0]
				},
				"right_front_upper_leg": {
					"rotation": [-71.55273, 71.27627, 9.50322],
					"position": [-0.1, 0.5, 0.5]
				},
				"right_front_lower_leg": {
					"rotation": [0, 0, -10],
					"position": [0, 0.25, 0]
				},
				"left_back_upper_leg": {
					"rotation": [-45.50437, -44.54102, -0.3567],
					"position": [0, 1.525, 0]
				},
				"left_back_lower_leg": {
					"rotation": [45, 0, 0]
				},
				"right_back_upper_leg": {
					"rotation": [-45.50437, 44.54102, 0.3567],
					"position": [0, 1.525, 0]
				},
				"right_back_lower_leg": {
					"rotation": [45, 0, 0]
				}
			}
		},
		"animation.shieldon.faint": {
			"animation_length": 3,
			"bones": {
				"shieldon": {
					"rotation": {
						"0.0": {
							"post": [0, 0, 0],
							"lerp_mode": "catmullrom"
						},
						"1.2083": {
							"post": [0, 0, 0],
							"lerp_mode": "catmullrom"
						},
						"1.5": {
							"post": [0, 0, 0],
							"lerp_mode": "catmullrom"
						},
						"1.625": {
							"post": [0, 0, 0],
							"lerp_mode": "catmullrom"
						},
						"2.0833": {
							"post": [0, 0, 0],
							"lerp_mode": "catmullrom"
						},
						"2.2917": {
							"post": [0, 0, 0],
							"lerp_mode": "catmullrom"
						},
						"2.75": {
							"post": [0, 0, 0],
							"lerp_mode": "catmullrom"
						}
					},
					"position": {
						"0.0": {
							"post": [0, 0, 0],
							"lerp_mode": "catmullrom"
						},
						"1.2083": {
							"post": [0, 0, 0],
							"lerp_mode": "catmullrom"
						},
						"1.5": {
							"post": [0, 0, 0],
							"lerp_mode": "catmullrom"
						},
						"1.625": {
							"post": [0, 0, 0],
							"lerp_mode": "catmullrom"
						},
						"2.0833": {
							"post": [0, 0, 0],
							"lerp_mode": "catmullrom"
						},
						"2.2917": {
							"post": [0, 0, 0],
							"lerp_mode": "catmullrom"
						},
						"2.75": {
							"post": [0, 0, 0],
							"lerp_mode": "catmullrom"
						}
					}
				},
				"body": {
					"rotation": {
						"0.0": [0, 0, 0],
						"1.2083": [0, 0, 0],
						"1.5": [0, 0, 0],
						"1.625": [0, 0, 0],
						"2.0833": {
							"pre": [0, 0, 47.5],
							"post": [0, 0, 47.5],
							"lerp_mode": "catmullrom"
						},
						"2.2917": {
							"post": [0, 0, 47.5],
							"lerp_mode": "catmullrom"
						},
						"2.75": [0, 0, 47.5]
					},
					"position": {
						"0.0": {
							"post": [0, 0, 0],
							"lerp_mode": "catmullrom"
						},
						"1.2083": {
							"post": [0, 0, 0],
							"lerp_mode": "catmullrom"
						},
						"1.5": {
							"post": [0, 0, 0],
							"lerp_mode": "catmullrom"
						},
						"1.625": {
							"post": [0, 0, 0],
							"lerp_mode": "catmullrom"
						},
						"2.0833": {
							"post": [0, 0, 0],
							"lerp_mode": "catmullrom"
						},
						"2.2917": {
							"post": [0, 0, 0],
							"lerp_mode": "catmullrom"
						},
						"2.75": {
							"post": [0, 0, 0],
							"lerp_mode": "catmullrom"
						}
					}
				},
				"torso": {
					"rotation": {
						"0.0": {
							"post": [0, 0, 0],
							"lerp_mode": "catmullrom"
						},
						"0.25": {
							"post": [-7.5, 0, -15],
							"lerp_mode": "catmullrom"
						},
						"1.2083": {
							"post": [-12.75, 9.5, -21],
							"lerp_mode": "catmullrom"
						},
						"1.375": {
							"post": [6.575, 7.41, 9.805],
							"lerp_mode": "catmullrom"
						},
						"1.5": [6.59232, 5.94739, 10.73743],
						"1.625": [7.30928, 5.03847, 18.21662],
						"1.75": {
							"pre": [0.01018, 7.17191, 3.48419],
							"post": [0.01018, 7.17191, 3.48419],
							"lerp_mode": "catmullrom"
						},
						"1.875": {
							"post": [6.575, 4.41, 9.805],
							"lerp_mode": "catmullrom"
						},
						"2.0417": {
							"post": [1.69, 0.36, 19.22],
							"lerp_mode": "catmullrom"
						},
						"2.25": {
							"post": [6.57, -5, 40],
							"lerp_mode": "catmullrom"
						},
						"2.3333": {
							"post": [6.57, -5, 40],
							"lerp_mode": "catmullrom"
						},
						"2.5417": [6.57, -5, 40]
					},
					"position": {
						"0.0": {
							"post": [0, 0, 0],
							"lerp_mode": "catmullrom"
						},
						"0.25": {
							"post": [-0.5, 0.5, 0],
							"lerp_mode": "catmullrom"
						},
						"0.9583": {
							"post": [-0.5, 0.5, 0],
							"lerp_mode": "catmullrom"
						},
						"1.125": {
							"post": [-0.13, 0.12, 0],
							"lerp_mode": "catmullrom"
						},
						"1.2083": {
							"post": [-0.25, 0.25, 0],
							"lerp_mode": "catmullrom"
						},
						"1.25": {
							"post": [-0.23, 0.195, 0],
							"lerp_mode": "catmullrom"
						},
						"1.3333": {
							"post": [0, -0.1, 0],
							"lerp_mode": "catmullrom"
						},
						"1.4167": {
							"post": [0.19, 0.1, 0],
							"lerp_mode": "catmullrom"
						},
						"1.5": {
							"post": [0.5, -0.25, 0],
							"lerp_mode": "catmullrom"
						},
						"1.625": {
							"post": [1, -1, 0],
							"lerp_mode": "catmullrom"
						},
						"2.0": {
							"post": [1, 1.5, 0],
							"lerp_mode": "catmullrom"
						},
						"2.0833": {
							"post": [1, 1.5, 0],
							"lerp_mode": "catmullrom"
						},
						"2.2083": {
							"post": [1.38179, 1.17714, 0],
							"lerp_mode": "catmullrom"
						},
						"2.3333": {
							"post": [1.35322, 1.51542, 0],
							"lerp_mode": "catmullrom"
						},
						"2.4583": {
							"post": [1.55068, 1.36146, 0],
							"lerp_mode": "catmullrom"
						},
						"2.75": [1.825, 1.36, 0]
					}
				},
				"front_torso": {
					"rotation": {
						"0.0": {
							"post": [0, 0, 0],
							"lerp_mode": "catmullrom"
						},
						"0.25": {
							"post": [0, 12.5, 0],
							"lerp_mode": "catmullrom"
						},
						"0.9583": {
							"post": [0, 12.5, 0],
							"lerp_mode": "catmullrom"
						},
						"1.2083": {
							"post": [0, -10, 0],
							"lerp_mode": "catmullrom"
						},
						"1.375": {
							"post": [0, -10, 0],
							"lerp_mode": "catmullrom"
						},
						"1.5": {
							"post": [15, -10, 0],
							"lerp_mode": "catmullrom"
						},
						"1.625": {
							"post": [0, 2, 0],
							"lerp_mode": "catmullrom"
						},
						"1.7917": {
							"post": [0, 9.28, 0.69],
							"lerp_mode": "catmullrom"
						},
						"2.0833": {
							"post": [0, 5.5, 0],
							"lerp_mode": "catmullrom"
						},
						"2.1667": {
							"post": [0, 22.5, -12.5],
							"lerp_mode": "catmullrom"
						},
						"2.2917": {
							"post": [0, 22.5, -12.5],
							"lerp_mode": "catmullrom"
						},
						"2.75": [0, 22.5, -12.5]
					},
					"position": {
						"0.0": {
							"post": [0, 0, 0],
							"lerp_mode": "catmullrom"
						},
						"1.2083": {
							"post": [0, 0, 0],
							"lerp_mode": "catmullrom"
						},
						"1.5": {
							"post": [0, 0, 0],
							"lerp_mode": "catmullrom"
						},
						"1.625": {
							"post": [0, 0, 0],
							"lerp_mode": "catmullrom"
						},
						"2.1667": {
							"post": [0, 0, 0],
							"lerp_mode": "catmullrom"
						},
						"2.2917": {
							"post": [0, 0, 0],
							"lerp_mode": "catmullrom"
						},
						"2.75": {
							"post": [0, 0, 0],
							"lerp_mode": "catmullrom"
						}
					}
				},
				"head": {
					"rotation": {
						"0.0": [0, 0, 0],
						"1.0833": [0, 0, -12.25],
						"1.1667": {
							"pre": [-8, 0, -4.08],
							"post": [-8, 0, -4.08],
							"lerp_mode": "catmullrom"
						},
						"1.25": {
							"post": [-10.23, 0, -2.4],
							"lerp_mode": "catmullrom"
						},
						"1.375": {
							"post": [-11, 0, 1.44],
							"lerp_mode": "catmullrom"
						},
						"1.5833": {
							"post": [-1.92866, -1.04264, 2.84469],
							"lerp_mode": "catmullrom"
						},
						"1.9583": {
							"post": [35.25, -13.32416, -6.81882],
							"lerp_mode": "catmullrom"
						},
						"2.0833": {
							"post": [37.01824, -13.17548, -14.52272],
							"lerp_mode": "catmullrom"
						},
						"2.2083": {
							"post": [37, -11.38862, 16.5858],
							"lerp_mode": "catmullrom"
						},
						"2.3333": {
							"post": [37, -14.50853, 9.36928],
							"lerp_mode": "catmullrom"
						},
						"2.4583": {
							"post": [37, -13.26645, 10.92407],
							"lerp_mode": "catmullrom"
						},
						"2.5": {
							"post": [38.25, -13.26645, 10.92407],
							"lerp_mode": "catmullrom"
						},
						"2.5833": {
							"post": [40.5, -12.92, 12.36],
							"lerp_mode": "catmullrom"
						},
						"2.7083": {
							"post": [40.5, -12.4044, 15.09238],
							"lerp_mode": "catmullrom"
						},
						"2.8333": [40.5, -12.4, 15.09]
					},
					"position": {
						"0.0": {
							"post": [0, 0, 0],
							"lerp_mode": "catmullrom"
						},
						"0.9167": {
							"post": [-0.94, 0, 0],
							"lerp_mode": "catmullrom"
						},
						"1.3333": {
							"post": [-0.2617, 0.19346, -0.41552],
							"lerp_mode": "catmullrom"
						},
						"1.8333": {
							"post": [-0.33098, 0.36763, -0.89784],
							"lerp_mode": "catmullrom"
						},
						"1.9167": {
							"post": [-1.54124, 0.4177, -0.98095],
							"lerp_mode": "catmullrom"
						},
						"2.0": {
							"post": [-1.13196, -0.30486, -1.29258],
							"lerp_mode": "catmullrom"
						},
						"2.125": {
							"post": [-0.27, -0.29, -1.73],
							"lerp_mode": "catmullrom"
						},
						"2.25": {
							"post": [-0.11563, -0.09414, -1.39537],
							"lerp_mode": "catmullrom"
						},
						"2.4167": {
							"post": [-0.38, 0.22, -1.63],
							"lerp_mode": "catmullrom"
						},
						"2.625": {
							"post": [-0.21, 0.68, -1.56],
							"lerp_mode": "catmullrom"
						},
						"2.8333": [-0.21, 0.68, -1.56]
					}
				},
				"shield": {
					"rotation": {
						"0.0": {
							"post": [0, 0, 0],
							"lerp_mode": "catmullrom"
						},
						"0.25": {
							"post": [0, -4.81, 0],
							"lerp_mode": "catmullrom"
						},
						"0.75": {
							"post": [0, -5.61, 0],
							"lerp_mode": "catmullrom"
						},
						"1.0": {
							"post": [0, -6.25, 0],
							"lerp_mode": "catmullrom"
						},
						"1.125": {
							"post": [0, -5.98, 0],
							"lerp_mode": "catmullrom"
						},
						"1.25": {
							"post": [0, -3.23, 0],
							"lerp_mode": "catmullrom"
						},
						"1.3333": {
							"post": [0, -0.63, 0],
							"lerp_mode": "catmullrom"
						},
						"1.375": {
							"post": [0, 1.37, 0],
							"lerp_mode": "catmullrom"
						},
						"1.4167": {
							"post": [0, 2.37, 0],
							"lerp_mode": "catmullrom"
						},
						"1.5": {
							"post": [0, 5.71, 0],
							"lerp_mode": "catmullrom"
						},
						"1.5833": {
							"post": [0, 10.77, 0],
							"lerp_mode": "catmullrom"
						},
						"1.6667": {
							"post": [0, 10.5, 0],
							"lerp_mode": "catmullrom"
						},
						"1.875": {
							"post": [0, 6.01, 0],
							"lerp_mode": "catmullrom"
						},
						"2.0833": {
							"post": [0, -2, 0],
							"lerp_mode": "catmullrom"
						},
						"2.2917": {
							"post": [0, -0.5, 0],
							"lerp_mode": "catmullrom"
						},
						"2.5": {
							"post": [0, 0, 0],
							"lerp_mode": "catmullrom"
						},
						"2.75": {
							"post": [0, 0, 0],
							"lerp_mode": "catmullrom"
						}
					}
				},
				"jaw": {
					"rotation": {
						"0.0": {
							"post": [0, 0, 0],
							"lerp_mode": "catmullrom"
						},
						"0.25": {
							"post": [27.5, 0, 0],
							"lerp_mode": "catmullrom"
						},
						"0.9583": {
							"post": [27.5, 0, 0],
							"lerp_mode": "catmullrom"
						},
						"1.2083": {
							"post": [-4.25, 0, 0],
							"lerp_mode": "catmullrom"
						},
						"1.5": {
							"post": [0, 0, 0],
							"lerp_mode": "catmullrom"
						},
						"1.625": {
							"post": [3.75, 0, 0],
							"lerp_mode": "catmullrom"
						},
						"2.0833": {
							"post": [10, 0, 0],
							"lerp_mode": "catmullrom"
						},
						"2.2917": {
							"post": [8, 0, 0],
							"lerp_mode": "catmullrom"
						},
						"2.5": {
							"post": [8.59, 0, 0],
							"lerp_mode": "catmullrom"
						},
						"2.8333": {
							"post": [15, 0, 0],
							"lerp_mode": "catmullrom"
						},
						"3.0": {
							"post": [15, 0, 0],
							"lerp_mode": "catmullrom"
						}
					}
				},
				"left_eye": {
					"position": {
						"0.0": [0, 0, 0],
						"0.25": {"pre": [0, 0, 0], "post": [0, 0, 0.1]},
						"0.875": [0, 0, 0.1],
						"0.9583": {"pre": [0, 0, 0.1], "post": [-0.25, 0.25, 0]},
						"1.0417": {"pre": [-0.25, 0.25, 0], "post": [0, 0, 0]},
						"1.1667": {"pre": [0, 0, 0], "post": [0, 0, 0.1]},
						"1.2917": {"pre": [0, 0, 0.1], "post": [0.25, 0.25, 0]},
						"1.4583": {"pre": [0.25, 0.25, 0], "post": [0.5, 0.75, 0]},
						"1.5833": {"pre": [0.5, 0.75, 0], "post": [0.5, 1, 0]},
						"1.6667": {"pre": [0.5, 1, 0], "post": [0, 0, 0.1]},
						"1.7083": [0, 0, 0.1],
						"2.0833": [0, 0, 0.1],
						"2.2917": [0, 0, 0.1]
					}
				},
				"left_eye_closed": {
					"position": {
						"0.0": [0, 0, 0],
						"0.25": {"pre": [0, 0, 0], "post": [0.1, 0, -0.1]},
						"0.875": [0.1, 0, -0.1],
						"0.9583": {"pre": [0.1, 0, -0.1], "post": [0, 0, 0]},
						"1.0417": [0, 0, 0],
						"1.1667": {"pre": [0, 0, 0], "post": [0.1, 0, -0.1]},
						"1.2917": {"pre": [0.1, 0, -0.1], "post": [0, 0, 0]},
						"1.4583": [0, 0, 0],
						"1.6667": {"pre": [0, 0, 0], "post": [0.1, 0.75, -0.1]},
						"1.75": {"pre": [0.1, 0.75, -0.1], "post": [0.1, 0.5, -0.1]},
						"1.7917": {"pre": [0.1, 0.5, -0.1], "post": [0.1, 0.25, -0.1]},
						"2.0417": {"pre": [0.1, 0.25, -0.1], "post": [0.1, 0, -0.1]},
						"2.2917": [0.1, 0, -0.1]
					}
				},
				"right_eye_closed": {
					"position": {
						"0.0": [0, 0, 0],
						"0.25": {"pre": [0, 0, 0], "post": [-0.1, 0, -0.1]},
						"0.875": [-0.1, 0, -0.1],
						"0.9583": {"pre": [-0.1, 0, -0.1], "post": [0, 0, 0]},
						"1.0417": [0, 0, 0],
						"1.1667": {"pre": [0, 0, 0], "post": [-0.1, 0, -0.1]},
						"1.2917": {"pre": [-0.1, 0, -0.1], "post": [0, 0, 0]},
						"1.4583": [0, 0, 0],
						"1.6667": {"pre": [0, 0, 0], "post": [-0.1, 0.75, -0.1]},
						"1.75": {"pre": [-0.1, 0.75, -0.1], "post": [-0.1, 0.5, -0.1]},
						"1.7917": {"pre": [-0.1, 0.5, -0.1], "post": [-0.1, 0.25, -0.1]},
						"2.0417": {"pre": [-0.1, 0.25, -0.1], "post": [-0.1, 0, -0.1]},
						"2.2917": [-0.1, 0, -0.1]
					}
				},
				"right_eye": {
					"position": {
						"0.0": [0, 0, 0],
						"0.25": {"pre": [0, 0, 0], "post": [0, 0, 0.1]},
						"0.875": [0, 0, 0.1],
						"0.9583": {"pre": [0, 0, 0.1], "post": [-0.25, 0.25, 0]},
						"1.0417": {"pre": [-0.25, 0.25, 0], "post": [0, 0, 0]},
						"1.1667": {"pre": [0, 0, 0], "post": [0, 0, 0.1]},
						"1.2917": {"pre": [0, 0, 0.1], "post": [0.25, 0.25, 0]},
						"1.4583": {"pre": [0.25, 0.25, 0], "post": [0.5, 0.75, 0]},
						"1.5833": {"pre": [0.5, 0.75, 0], "post": [0.5, 1, 0]},
						"1.6667": {"pre": [0.5, 1, 0], "post": [0, 0, 0.1]},
						"1.7083": [0, 0, 0.1],
						"2.0833": [0, 0, 0.1],
						"2.2917": [0, 0, 0.1]
					}
				},
				"left_front_upper_leg": {
					"rotation": {
						"0.0": {
							"post": [0, 0, 0],
							"lerp_mode": "catmullrom"
						},
						"0.125": {
							"post": [-51.25, -17.79, -10.11],
							"lerp_mode": "catmullrom"
						},
						"0.25": {
							"post": [-56.92, -60.48, -11.49],
							"lerp_mode": "catmullrom"
						},
						"0.4167": {
							"post": [-23.08, -79.37, -11.45],
							"lerp_mode": "catmullrom"
						},
						"0.625": {
							"post": [-33.56, -33.16, -9.97],
							"lerp_mode": "catmullrom"
						},
						"0.875": {
							"post": [-71.92, -57.23, -11.49],
							"lerp_mode": "catmullrom"
						},
						"1.0833": {
							"post": [-67.20004, -68.71062, -7.45212],
							"lerp_mode": "catmullrom"
						},
						"1.1667": {
							"post": [-7.11, -25.04, -4.36],
							"lerp_mode": "catmullrom"
						},
						"1.2083": {
							"post": [2, -10.88, -2.7],
							"lerp_mode": "catmullrom"
						},
						"1.375": [2, -10.88, -2.7],
						"1.5": [14.01789, -10.95675, -0.1551],
						"1.7083": [14.01789, -10.95675, -0.1551],
						"1.875": [0, 0, 49.5],
						"2.2917": [0, 0, 42.5]
					},
					"position": {
						"0.0": {
							"post": [0, 0, 0],
							"lerp_mode": "catmullrom"
						},
						"0.125": {
							"post": [0.52, 1.31, 0],
							"lerp_mode": "catmullrom"
						},
						"0.25": {
							"post": [-0.45, 1.41, 0],
							"lerp_mode": "catmullrom"
						},
						"0.4167": {
							"post": [-1.31, 1.44, 0],
							"lerp_mode": "catmullrom"
						},
						"0.625": {
							"post": [-1.81, 2.73, 0],
							"lerp_mode": "catmullrom"
						},
						"0.9167": {
							"post": [-1.98, 3.31, 0],
							"lerp_mode": "catmullrom"
						},
						"1.0833": {
							"post": [-0.98, 1.81, 0],
							"lerp_mode": "catmullrom"
						},
						"1.2083": {
							"post": [-0.02, -0.35, -0.75],
							"lerp_mode": "catmullrom"
						},
						"1.25": [0.02, -0.11, -0.79],
						"1.375": [0.02, -0.48, -0.79],
						"1.5": {
							"pre": [0.53644, -2.52663, -0.88904],
							"post": [0.53644, -2.52663, -0.88904],
							"lerp_mode": "catmullrom"
						},
						"1.5833": {
							"post": [0.63, -2.72, -0.96],
							"lerp_mode": "catmullrom"
						},
						"1.7083": {
							"post": [0.53644, -2.27663, -0.88904],
							"lerp_mode": "catmullrom"
						},
						"1.7917": {
							"post": [-0.70982, -2.46356, -0.76637],
							"lerp_mode": "catmullrom"
						},
						"1.875": {
							"post": [-1.39009, -3.43162, -0.25],
							"lerp_mode": "catmullrom"
						},
						"2.1667": {
							"post": [-1.59356, -2.76456, -0.24],
							"lerp_mode": "catmullrom"
						},
						"2.25": {
							"post": [-1.76309, -2.59712, -0.25],
							"lerp_mode": "catmullrom"
						},
						"2.5": {
							"post": [-1.14734, -2.54242, -0.25],
							"lerp_mode": "catmullrom"
						},
						"3.0": {
							"post": [-1.15, -2.54, -0.25],
							"lerp_mode": "catmullrom"
						}
					}
				},
				"left_front_lower_leg": {
					"rotation": {
						"0.0": [0, 0, 0],
						"1.2083": [0, 0, 0],
						"1.375": [0, 0, 0],
						"1.5": {
							"pre": [75, 0, 0],
							"post": [75, 0, 0],
							"lerp_mode": "catmullrom"
						},
						"1.7083": {
							"post": [57.5, 0, 0],
							"lerp_mode": "catmullrom"
						},
						"2.0": {
							"post": [58.45, 0, 0],
							"lerp_mode": "catmullrom"
						},
						"2.0833": {
							"post": [58.45, 0, 0],
							"lerp_mode": "catmullrom"
						},
						"2.4583": [39.2, 0, 0]
					}
				},
				"right_front_upper_leg": {
					"rotation": {
						"0.0": {
							"post": [0, 0, 0],
							"lerp_mode": "catmullrom"
						},
						"0.25": {
							"post": [0, 0, -5],
							"lerp_mode": "catmullrom"
						},
						"0.9583": {
							"post": [0, 0, -5],
							"lerp_mode": "catmullrom"
						},
						"1.2083": [0, 0, 5],
						"1.3333": [0, 0, 5],
						"1.5": {
							"pre": [0, 0, 17],
							"post": [0, 0, 17],
							"lerp_mode": "catmullrom"
						},
						"1.625": {
							"post": [0, 0, 32],
							"lerp_mode": "catmullrom"
						},
						"1.8333": {
							"post": [-5, 0, 67],
							"lerp_mode": "catmullrom"
						},
						"2.0417": {
							"post": [5.5, 0, 62],
							"lerp_mode": "catmullrom"
						},
						"2.1667": {
							"post": [21.5, 0, 41.25],
							"lerp_mode": "catmullrom"
						},
						"2.2917": {
							"post": [14.75, 0, 21],
							"lerp_mode": "catmullrom"
						},
						"2.5": {
							"post": [-3.25, 0, 1.73],
							"lerp_mode": "catmullrom"
						},
						"3.0": {
							"post": [-9, 0, 3.25],
							"lerp_mode": "catmullrom"
						}
					},
					"position": {
						"0.0": {
							"post": [0, 0, 0],
							"lerp_mode": "catmullrom"
						},
						"0.25": {
							"post": [-0.425, 0.05, 0],
							"lerp_mode": "catmullrom"
						},
						"0.5": {
							"post": [-0.675, 0.05, 0],
							"lerp_mode": "catmullrom"
						},
						"0.9583": {
							"post": [-0.675, 0.05, 0],
							"lerp_mode": "catmullrom"
						},
						"1.2083": {
							"post": [-0.4, -0.17, 0.02],
							"lerp_mode": "catmullrom"
						},
						"1.5": {
							"post": [-0.4, -0.17, 0.02],
							"lerp_mode": "catmullrom"
						},
						"1.625": {
							"post": [0.35, 0.33, 0.02],
							"lerp_mode": "catmullrom"
						},
						"1.8333": {
							"post": [-0.38189, 2.61232, -0.4],
							"lerp_mode": "catmullrom"
						},
						"2.0": {
							"post": [-1.20582, 2.9322, 0.6],
							"lerp_mode": "catmullrom"
						},
						"2.0417": {
							"post": [-1.1264, 2.77332, 0.8],
							"lerp_mode": "catmullrom"
						},
						"2.2917": {
							"post": [-0.5, 1.75, 1],
							"lerp_mode": "catmullrom"
						},
						"2.375": {
							"post": [-0.68432, 1.9189, 1],
							"lerp_mode": "catmullrom"
						},
						"2.4583": {
							"post": [-0.5, 1.75, 1],
							"lerp_mode": "catmullrom"
						},
						"2.7083": {
							"post": [-0.31568, 1.5811, 1],
							"lerp_mode": "catmullrom"
						},
						"3.0": {
							"post": [-0.31568, 1.5811, 1],
							"lerp_mode": "catmullrom"
						}
					}
				},
				"right_front_lower_leg": {
					"rotation": {
						"0.0": {
							"post": [0, 0, 0],
							"lerp_mode": "catmullrom"
						},
						"1.2083": {
							"post": [0, 0, 0],
							"lerp_mode": "catmullrom"
						},
						"1.5": {
							"post": [0, 0, 0],
							"lerp_mode": "catmullrom"
						},
						"1.625": {
							"post": [0, 0, 0],
							"lerp_mode": "catmullrom"
						},
						"2.0833": {
							"post": [0, 0, 0],
							"lerp_mode": "catmullrom"
						},
						"2.2917": {
							"post": [0, 0, 0],
							"lerp_mode": "catmullrom"
						}
					}
				},
				"left_back_upper_leg": {
					"rotation": {
						"0.0": {
							"post": [0, 0, 0],
							"lerp_mode": "catmullrom"
						},
						"0.25": {
							"post": [10, 0, -6],
							"lerp_mode": "catmullrom"
						},
						"0.9583": {
							"post": [10, 0, -6],
							"lerp_mode": "catmullrom"
						},
						"1.2083": {
							"post": [-2.75, 0, -7.75],
							"lerp_mode": "catmullrom"
						},
						"1.2917": [0, 0, -4],
						"1.4167": {
							"pre": [-3.75, 0, 3.25],
							"post": [-3.75, 0, 3.25],
							"lerp_mode": "catmullrom"
						},
						"1.7917": {
							"post": [-40, 0, 33.75],
							"lerp_mode": "catmullrom"
						},
						"1.9583": {
							"post": [25, 0, 37.5],
							"lerp_mode": "catmullrom"
						},
						"2.2917": [25, 0, 37.5]
					},
					"position": {
						"0.0": {
							"post": [0, 0, 0],
							"lerp_mode": "catmullrom"
						},
						"0.25": {
							"post": [-0.175, 0.35, -1],
							"lerp_mode": "catmullrom"
						},
						"0.9583": {
							"post": [-0.175, 0.35, -1],
							"lerp_mode": "catmullrom"
						},
						"1.2083": [-0.25, -0.25, 0.275],
						"1.4167": [0.25, -0.25, 0.275],
						"1.625": {
							"pre": [1.5, -1.75, 0.275],
							"post": [1.5, -1.75, 0.275],
							"lerp_mode": "catmullrom"
						},
						"1.7917": {
							"post": [0.52816, -1.76266, 1],
							"lerp_mode": "catmullrom"
						},
						"1.9583": {
							"post": [-0.59586, -1.03214, 1],
							"lerp_mode": "catmullrom"
						},
						"2.1667": {
							"post": [-0.50949, -0.37216, 1],
							"lerp_mode": "catmullrom"
						},
						"2.25": {
							"post": [-0.40963, -0.03069, 1],
							"lerp_mode": "catmullrom"
						},
						"2.5": {
							"post": [-0.0213, 0.20885, 1],
							"lerp_mode": "catmullrom"
						},
						"3.0": {
							"post": [-0.02, 0.21, 1],
							"lerp_mode": "catmullrom"
						}
					}
				},
				"left_back_lower_leg": {
					"rotation": {
						"0.0": [0, 0, 0],
						"1.0": [0, 0, 0],
						"1.2083": [6, 0, 0],
						"1.4167": [6, 0, 0],
						"1.625": [37.58, 0, 0],
						"1.875": {
							"pre": [40, 0, 0],
							"post": [40, 0, 0],
							"lerp_mode": "catmullrom"
						},
						"2.125": {
							"post": [5.16, 0, 0],
							"lerp_mode": "catmullrom"
						},
						"2.4583": [0, 0, 0]
					}
				},
				"right_back_upper_leg": {
					"rotation": {
						"0.0": [0, 0, 0],
						"0.25": [-10, 0, 0],
						"0.75": [-10, 0, 0],
						"0.9583": {
							"pre": [-5, 0, 0],
							"post": [-5, 0, 0],
							"lerp_mode": "catmullrom"
						},
						"1.2083": {
							"post": [35, 0, 25],
							"lerp_mode": "catmullrom"
						},
						"1.375": {
							"post": [11.5, 0, 25],
							"lerp_mode": "catmullrom"
						},
						"1.5": {
							"post": [-10, -0.04, 19.31],
							"lerp_mode": "catmullrom"
						},
						"1.625": {
							"post": [-17, 0, 22],
							"lerp_mode": "catmullrom"
						},
						"1.8333": {
							"post": [-16.81918, 0.57356, 45.9959],
							"lerp_mode": "catmullrom"
						},
						"2.0": {
							"post": [-12.5, 0, 52.5],
							"lerp_mode": "catmullrom"
						},
						"2.1667": {
							"post": [0, 0, 50],
							"lerp_mode": "catmullrom"
						},
						"2.2917": {
							"post": [12, 0, 13.75],
							"lerp_mode": "catmullrom"
						},
						"2.5": {
							"post": [17.5, 0, -3.57],
							"lerp_mode": "catmullrom"
						},
						"3.0": {
							"post": [17.75, 0, 0],
							"lerp_mode": "catmullrom"
						}
					},
					"position": {
						"0.0": [0, 0, 0],
						"0.25": [0, -0.3, 0.325],
						"0.75": [0, -0.3, 0.32],
						"0.9583": {
							"pre": [0, -0.15, 0.575],
							"post": [0, -0.15, 0.575],
							"lerp_mode": "catmullrom"
						},
						"1.2083": {
							"post": [0, 1, 0.75],
							"lerp_mode": "catmullrom"
						},
						"1.375": {
							"post": [0, 1, 0.75],
							"lerp_mode": "catmullrom"
						},
						"1.5": {
							"post": [0, 0.7, 0.325],
							"lerp_mode": "catmullrom"
						},
						"1.625": {
							"post": [0, 0.2, 0.325],
							"lerp_mode": "catmullrom"
						},
						"1.75": {
							"post": [-0.34, 0.56, -0.16],
							"lerp_mode": "catmullrom"
						},
						"1.8333": {
							"post": [-0.38189, 1.61232, -0.4],
							"lerp_mode": "catmullrom"
						},
						"2.0": {
							"post": [-0.31506, 4.00685, 0],
							"lerp_mode": "catmullrom"
						},
						"2.0833": {
							"post": [-0.30769, 2.99463, 0],
							"lerp_mode": "catmullrom"
						},
						"2.1667": {
							"post": [-0.35399, 2.54187, -0.05],
							"lerp_mode": "catmullrom"
						},
						"2.2917": {
							"post": [0.5, 2.75, 0],
							"lerp_mode": "catmullrom"
						},
						"2.375": {
							"post": [0.31568, 2.9189, 0],
							"lerp_mode": "catmullrom"
						},
						"2.4583": {
							"post": [0.5, 2.75, 0],
							"lerp_mode": "catmullrom"
						},
						"2.7083": {
							"post": [0.68432, 2.5811, 0],
							"lerp_mode": "catmullrom"
						},
						"3.0": {
							"post": [0.68432, 2.5811, 0],
							"lerp_mode": "catmullrom"
						}
					}
				},
				"right_back_lower_leg": {
					"rotation": {
						"0.0": [0, 0, 0],
						"0.25": [10, 0, 0],
						"0.9583": [10, 0, 0],
						"1.2083": {
							"pre": [42.5, 0, 0],
							"post": [42.5, 0, 0],
							"lerp_mode": "catmullrom"
						},
						"1.4167": {
							"post": [46.5, 0, 0],
							"lerp_mode": "catmullrom"
						},
						"1.7083": [0, 0, 0],
						"1.8333": [0, 0, 0],
						"2.0417": [0, 0, 0],
						"2.2083": {
							"pre": [18.5, 0, 0],
							"post": [18.5, 0, 0],
							"lerp_mode": "catmullrom"
						},
						"2.2917": {
							"post": [19.25, 0, 0],
							"lerp_mode": "catmullrom"
						},
						"2.7083": [6.25, 0, 0]
					}
				},
				"tail_1": {
					"rotation": {
						"0.0": {
							"post": [0, 0, 0],
							"lerp_mode": "catmullrom"
						},
						"0.2083": {
							"post": [-11, 21.25, 0],
							"lerp_mode": "catmullrom"
						},
						"0.5417": {
							"post": [-15.5, 8.32, 0],
							"lerp_mode": "catmullrom"
						},
						"0.7917": {
							"post": [-16, 3.65, 0],
							"lerp_mode": "catmullrom"
						},
						"0.9583": {
							"post": [-17, -0.68, 0],
							"lerp_mode": "catmullrom"
						},
						"1.0417": {
							"post": [-16, -16.68, 0],
							"lerp_mode": "catmullrom"
						},
						"1.1667": {
							"post": [-13.17, -13.06, 0],
							"lerp_mode": "catmullrom"
						},
						"1.2917": {
							"post": [-1, 1, 0],
							"lerp_mode": "catmullrom"
						},
						"1.5833": {
							"post": [29, 22, 0],
							"lerp_mode": "catmullrom"
						},
						"1.7917": {
							"post": [34.75, -22, 0],
							"lerp_mode": "catmullrom"
						},
						"2.0417": {
							"post": [28, -35, 0],
							"lerp_mode": "catmullrom"
						},
						"2.25": {
							"post": [13, 14.75, 0],
							"lerp_mode": "catmullrom"
						},
						"2.4167": {
							"post": [-4, 7, 0],
							"lerp_mode": "catmullrom"
						},
						"2.625": {
							"post": [-15, 22.25, 0],
							"lerp_mode": "catmullrom"
						},
						"3.0": {
							"post": [-21, 31.25, 0],
							"lerp_mode": "catmullrom"
						}
					}
				},
				"tail_2": {
					"rotation": {
						"0.0": {
							"post": [0, 0, 0],
							"lerp_mode": "catmullrom"
						},
						"0.2083": {
							"post": [0, -10, 0],
							"lerp_mode": "catmullrom"
						},
						"0.4167": {
							"post": [-4, 5, 0],
							"lerp_mode": "catmullrom"
						},
						"0.75": {
							"post": [-8.5, -4.93, 0],
							"lerp_mode": "catmullrom"
						},
						"1.0": {
							"post": [-8.5, -4.93, 0],
							"lerp_mode": "catmullrom"
						},
						"1.125": {
							"post": [-10, -19.18, 0],
							"lerp_mode": "catmullrom"
						},
						"1.2083": {
							"post": [-9, -16.68, 0],
							"lerp_mode": "catmullrom"
						},
						"1.375": {
							"post": [-6.17, -26.31, 0],
							"lerp_mode": "catmullrom"
						},
						"1.5": {
							"post": [-1, 8, 0],
							"lerp_mode": "catmullrom"
						},
						"1.75": {
							"post": [12.5, -9.25, 0],
							"lerp_mode": "catmullrom"
						},
						"2.0": {
							"post": [18.25, -25.25, 0],
							"lerp_mode": "catmullrom"
						},
						"2.25": {
							"post": [11.5, -25.25, 0],
							"lerp_mode": "catmullrom"
						},
						"2.4167": {
							"post": [3, 5.75, 0],
							"lerp_mode": "catmullrom"
						},
						"2.6667": {
							"post": [-4, -5, 0],
							"lerp_mode": "catmullrom"
						},
						"3.0": {
							"post": [-10.25, 22.25, 0],
							"lerp_mode": "catmullrom"
						}
					}
				},
				"collar": {
					"rotation": {
						"0.0": [0, 0, 0],
						"1.0833": [0, 0, -12.25],
						"1.1667": {
							"pre": [-8, 0, -4.08],
							"post": [-8, 0, -4.08],
							"lerp_mode": "catmullrom"
						},
						"1.25": {
							"post": [-10.23, 0, -2.4],
							"lerp_mode": "catmullrom"
						},
						"1.375": {
							"post": [-11, 0, 1.44],
							"lerp_mode": "catmullrom"
						},
						"1.5833": {
							"post": [-1.92866, -1.04264, 2.84469],
							"lerp_mode": "catmullrom"
						},
						"1.9583": {
							"post": [35.25, -13.32416, -6.81882],
							"lerp_mode": "catmullrom"
						},
						"2.0833": {
							"post": [37.01824, -13.17548, -14.52272],
							"lerp_mode": "catmullrom"
						},
						"2.2083": {
							"post": [37, -11.38862, 16.5858],
							"lerp_mode": "catmullrom"
						},
						"2.3333": {
							"post": [37, -14.50853, 9.36928],
							"lerp_mode": "catmullrom"
						},
						"2.4583": {
							"post": [37, -13.26645, 10.92407],
							"lerp_mode": "catmullrom"
						},
						"2.5": {
							"post": [38.25, -13.26645, 10.92407],
							"lerp_mode": "catmullrom"
						},
						"2.5833": {
							"post": [40.5, -12.92, 12.36],
							"lerp_mode": "catmullrom"
						},
						"2.7083": {
							"post": [40.5, -12.4044, 15.09238],
							"lerp_mode": "catmullrom"
						},
						"2.8333": [40.5, -12.4, 15.09]
					},
					"position": {
						"0.0": {
							"post": [0, 0, 0],
							"lerp_mode": "catmullrom"
						},
						"0.9167": {
							"post": [-0.94, 0, 0],
							"lerp_mode": "catmullrom"
						},
						"1.0833": {
							"post": [-0.5, 0, 0],
							"lerp_mode": "catmullrom"
						},
						"1.1667": {
							"post": [-0.5, -0.5, 0],
							"lerp_mode": "catmullrom"
						},
						"1.2083": {
							"post": [-0.36, 0.25, 0],
							"lerp_mode": "catmullrom"
						},
						"1.3333": {
							"post": [0.73, 0.42, 0],
							"lerp_mode": "catmullrom"
						},
						"1.8333": {
							"post": [-0.33098, 0.36763, -0.89784],
							"lerp_mode": "catmullrom"
						},
						"1.9167": {
							"post": [-1.54124, 0.4177, -0.98095],
							"lerp_mode": "catmullrom"
						},
						"2.0": {
							"post": [-1.13196, -0.30486, -1.29258],
							"lerp_mode": "catmullrom"
						},
						"2.125": {
							"post": [-0.27, -0.29, -1.73],
							"lerp_mode": "catmullrom"
						},
						"2.25": {
							"post": [-0.11563, -0.09414, -1.39537],
							"lerp_mode": "catmullrom"
						},
						"2.4167": {
							"post": [-0.38, 0.22, -1.63],
							"lerp_mode": "catmullrom"
						},
						"2.625": {
							"post": [-0.21, 0.68, -1.56],
							"lerp_mode": "catmullrom"
						},
						"2.8333": [-0.21, 0.68, -1.56]
					},
					"scale": {
						"0.3333": [1, 1, 1],
						"1.0": [1.1, 1, 1],
						"1.8333": [1.1, 1, 1],
						"1.875": [1, 1, 1]
					}
				},
				"chain": {
					"rotation": {
						"0.0": {
							"post": [0, 0, 0],
							"lerp_mode": "catmullrom"
						},
						"0.2917": {
							"post": [-39, 30, 0],
							"lerp_mode": "catmullrom"
						},
						"0.5417": {
							"post": [23, 8.5, 0],
							"lerp_mode": "catmullrom"
						},
						"0.75": {
							"post": [-15, 31.5, 0],
							"lerp_mode": "catmullrom"
						},
						"1.0": {
							"post": [0, 18.5, 0],
							"lerp_mode": "catmullrom"
						},
						"1.1667": {
							"post": [-37, 30.5, 0],
							"lerp_mode": "catmullrom"
						},
						"1.375": {
							"post": [0, -31, 0],
							"lerp_mode": "catmullrom"
						},
						"1.5833": {
							"post": [-5, -39.5, 0],
							"lerp_mode": "catmullrom"
						},
						"1.7917": {
							"post": [-8, 28.78, 0],
							"lerp_mode": "catmullrom"
						},
						"2.0": {
							"post": [-41, -28, 0],
							"lerp_mode": "catmullrom"
						},
						"2.125": {
							"post": [-41, -28, 0],
							"lerp_mode": "catmullrom"
						},
						"2.3333": {
							"post": [-39, -7, 0],
							"lerp_mode": "catmullrom"
						},
						"2.5": {
							"post": [-63, -27.5, 0],
							"lerp_mode": "catmullrom"
						},
						"2.6667": {
							"post": [-68, -20, 0],
							"lerp_mode": "catmullrom"
						},
						"2.9167": [-76, -44.5, 0]
					}
				}
			}
		},
		"animation.shieldon.glance_quirk": {
			"animation_length": 2.5,
			"bones": {
				"front_torso": {
					"rotation": {
						"0.0": {
							"post": [0, 0, 0],
							"lerp_mode": "catmullrom"
						},
						"0.25": {
							"post": [0, 0, 0],
							"lerp_mode": "catmullrom"
						},
						"0.4167": {
							"post": [0, 1.75, 0],
							"lerp_mode": "catmullrom"
						},
						"0.7917": {
							"post": [0, 2.25, 0],
							"lerp_mode": "catmullrom"
						},
						"1.0417": {
							"post": [0, -1, 0],
							"lerp_mode": "catmullrom"
						},
						"1.5833": {
							"post": [0, -1.5, 0],
							"lerp_mode": "catmullrom"
						},
						"1.7917": {
							"post": [0, 0, 0],
							"lerp_mode": "catmullrom"
						},
						"2.0": {
							"post": [0, 0, 0],
							"lerp_mode": "catmullrom"
						}
					},
					"position": {
						"0.0": {
							"post": [0, 0, 0],
							"lerp_mode": "catmullrom"
						},
						"0.25": {
							"post": [0, 0, 0],
							"lerp_mode": "catmullrom"
						}
					}
				},
				"head": {
					"rotation": {
						"0.0": {
							"post": [0, 0, 0],
							"lerp_mode": "catmullrom"
						},
						"0.375": {
							"post": [-1, 0, 0],
							"lerp_mode": "catmullrom"
						},
						"0.5417": {
							"post": [-3.5, 7.75, 0],
							"lerp_mode": "catmullrom"
						},
						"0.75": {
							"post": [-1.33, 10.92, 0],
							"lerp_mode": "catmullrom"
						},
						"0.9167": {
							"post": [-1, 10.5, 0],
							"lerp_mode": "catmullrom"
						},
						"1.1667": {
							"post": [-4, -6.75, 0],
							"lerp_mode": "catmullrom"
						},
						"1.5833": {
							"post": [-6, -8.25, 0],
							"lerp_mode": "catmullrom"
						},
						"1.8333": {
							"post": [-1.75, -2, 0],
							"lerp_mode": "catmullrom"
						},
						"2.25": {
							"post": [0, 0, 0],
							"lerp_mode": "catmullrom"
						}
					},
					"position": {
						"0.0": {
							"post": [0, 0, 0],
							"lerp_mode": "catmullrom"
						},
						"0.375": {
							"post": [0, 0, 0],
							"lerp_mode": "catmullrom"
						}
					}
				},
				"left_eye": {
					"position": {
						"0.0": [0, 0, 0],
						"0.4167": {"pre": [0, 0, 0], "post": [0, 0, 0.1]},
						"0.5": {"pre": [0, 0, 0.1], "post": [-0.5, 0, 0]},
						"0.9167": {"pre": [-0.5, 0, 0], "post": [0, 0, 0.1]},
						"1.0": {"pre": [0, 0, 0.1], "post": [0.5, 0, 0]},
						"1.6667": {"pre": [0.5, 0, 0], "post": [0, 0, 0.1]},
						"1.75": {"pre": [0, 0, 0.1], "post": [0, 0, 0]}
					}
				},
				"left_eye_closed": {
					"position": {
						"0.0": [0, 0, 0],
						"0.4167": {"pre": [0, 0, 0], "post": [0.1, 0, -0.1]},
						"0.5": {"pre": [0.1, 0, -0.1], "post": [0, 0, 0]},
						"0.9167": {"pre": [0, 0, 0], "post": [0.1, 0, -0.1]},
						"1.0": {"pre": [0.1, 0, -0.1], "post": [0, 0, 0]},
						"1.6667": {"pre": [0, 0, 0], "post": [0.1, 0, -0.1]},
						"1.75": {"pre": [0.1, 0, -0.1], "post": [0, 0, 0]}
					}
				},
				"right_eye_closed": {
					"position": {
						"0.0": [0, 0, 0],
						"0.4167": {"pre": [0, 0, 0], "post": [-0.1, 0, -0.1]},
						"0.5": {"pre": [-0.1, 0, -0.1], "post": [0, 0, 0]},
						"0.9167": {"pre": [0, 0, 0], "post": [-0.1, 0, -0.1]},
						"1.0": {"pre": [-0.1, 0, -0.1], "post": [0, 0, 0]},
						"1.6667": {"pre": [0, 0, 0], "post": [-0.1, 0, -0.1]},
						"1.75": {"pre": [-0.1, 0, -0.1], "post": [0, 0, 0]}
					}
				},
				"right_eye": {
					"position": {
						"0.0": [0, 0, 0],
						"0.4167": {"pre": [0, 0, 0], "post": [0, 0, 0.1]},
						"0.5": {"pre": [0, 0, 0.1], "post": [-0.5, 0, 0]},
						"0.9167": {"pre": [-0.5, 0, 0], "post": [0, 0, 0.1]},
						"1.0": {"pre": [0, 0, 0.1], "post": [0.5, 0, 0]},
						"1.6667": {"pre": [0.5, 0, 0], "post": [0, 0, 0.1]},
						"1.75": {"pre": [0, 0, 0.1], "post": [0, 0, 0]}
					}
				},
				"collar": {
					"rotation": {
						"0.0": {
							"post": [0, 0, 0],
							"lerp_mode": "catmullrom"
						},
						"0.375": {
							"post": [0, 0, 0],
							"lerp_mode": "catmullrom"
						},
						"0.5833": {
							"post": [0, 6.25, 0],
							"lerp_mode": "catmullrom"
						},
						"0.9583": {
							"post": [0, 9, 0],
							"lerp_mode": "catmullrom"
						},
						"1.2083": {
							"post": [0, -5.5, 0],
							"lerp_mode": "catmullrom"
						},
						"1.625": {
							"post": [0, -7, 0],
							"lerp_mode": "catmullrom"
						},
						"1.875": {
							"post": [0, -0.75, 0],
							"lerp_mode": "catmullrom"
						},
						"2.0": {
							"post": [0, 0, 0],
							"lerp_mode": "catmullrom"
						}
					}
				},
				"chain": {
					"rotation": {
						"0.0": {
							"post": [0, 0, 0],
							"lerp_mode": "catmullrom"
						},
						"0.2917": {
							"post": [0, 0, 0],
							"lerp_mode": "catmullrom"
						},
						"0.625": {
							"post": [-0.85952, -6.11366, -4.21494],
							"lerp_mode": "catmullrom"
						},
						"1.0417": {
							"post": [-1.39706, 11.02964, 7.53676],
							"lerp_mode": "catmullrom"
						},
						"1.2917": {
							"post": [-1.39706, 11.02964, 7.53676],
							"lerp_mode": "catmullrom"
						},
						"1.625": {
							"post": [-0.85952, -6.11366, -4.21494],
							"lerp_mode": "catmullrom"
						},
						"1.875": {
							"post": [0.00663, 0.40953, 0.2868],
							"lerp_mode": "catmullrom"
						},
						"2.0": {
							"post": [0, 0, 0],
							"lerp_mode": "catmullrom"
						}
					}
				}
			}
		},
		"animation.shieldon.graze_quirk": {
			"animation_length": 6,
			"bones": {
				"torso": {
					"rotation": {
						"0.0": {
							"post": [0, 0, 0],
							"lerp_mode": "catmullrom"
						},
						"0.2917": {
							"post": [1.25, 0, 0],
							"lerp_mode": "catmullrom"
						},
						"0.5417": {
							"post": [2, 0, 0],
							"lerp_mode": "catmullrom"
						},
						"1.2083": {
							"post": [-0.75, 0, 0],
							"lerp_mode": "catmullrom"
						},
						"3.0": {
							"post": [-0.75, 0, 0],
							"lerp_mode": "catmullrom"
						},
						"4.0": {
							"post": [-0.75, 0, 0],
							"lerp_mode": "catmullrom"
						},
						"5.0": {
							"post": [0, 0, 0],
							"lerp_mode": "catmullrom"
						}
					}
				},
				"front_torso": {
					"rotation": {
						"0.0": {
							"post": [0, 0, 0],
							"lerp_mode": "catmullrom"
						},
						"0.4583": {
							"post": [0, 0, 0],
							"lerp_mode": "catmullrom"
						},
						"0.75": {
							"post": [5.08, 0, 0],
							"lerp_mode": "catmullrom"
						},
						"0.9167": {
							"post": [10, 0, 0],
							"lerp_mode": "catmullrom"
						},
						"1.2083": {
							"post": [13.75, 0, 0],
							"lerp_mode": "catmullrom"
						},
						"3.0": {
							"post": [13.75, 0, 0],
							"lerp_mode": "catmullrom"
						},
						"4.0": {
							"post": [8.75, 0, 0],
							"lerp_mode": "catmullrom"
						},
						"4.4583": {
							"post": [1.25, 0, 0],
							"lerp_mode": "catmullrom"
						},
						"5.5417": {
							"post": [0, 0, 0],
							"lerp_mode": "catmullrom"
						},
						"6.0": {
							"post": [0, 0, 0],
							"lerp_mode": "catmullrom"
						}
					},
					"position": {
						"0.0": {
							"post": [0, 0, 0],
							"lerp_mode": "catmullrom"
						},
						"0.5": {
							"post": [0, 0, 0],
							"lerp_mode": "catmullrom"
						}
					}
				},
				"head": {
					"rotation": {
						"0.0": {
							"post": [0, 0, 0],
							"lerp_mode": "catmullrom"
						},
						"0.2917": {
							"post": [0.54, 0, 0],
							"lerp_mode": "catmullrom"
						},
						"0.5": {
							"post": [0, 0, 0],
							"lerp_mode": "catmullrom"
						},
						"0.75": {
							"post": [2.7, 0, 0],
							"lerp_mode": "catmullrom"
						},
						"1.0417": {
							"post": [11.25, 5.75, 3.25],
							"lerp_mode": "catmullrom"
						},
						"1.5417": {
							"post": [3.75, 3, 2.5],
							"lerp_mode": "catmullrom"
						},
						"2.0": {
							"post": [11.25, 1, 1],
							"lerp_mode": "catmullrom"
						},
						"2.5": {
							"post": [3.75, -1, -1],
							"lerp_mode": "catmullrom"
						},
						"2.9583": {
							"post": [11.25, -5.75, -3.25],
							"lerp_mode": "catmullrom"
						},
						"3.4583": {
							"post": [3.75, -5.75, -3.25],
							"lerp_mode": "catmullrom"
						},
						"3.875": {
							"post": [12.25, -9.25, 2],
							"lerp_mode": "catmullrom"
						},
						"4.375": {
							"post": [10.75, 4.75, 4.75],
							"lerp_mode": "catmullrom"
						},
						"4.5833": {
							"post": [-1.25, 4.5, -1.5],
							"lerp_mode": "catmullrom"
						},
						"4.7917": {
							"post": [-2, 0.25, -1.5],
							"lerp_mode": "catmullrom"
						},
						"5.0417": {
							"post": [0, 0, 0],
							"lerp_mode": "catmullrom"
						},
						"5.5417": {
							"post": [0, 0, 0],
							"lerp_mode": "catmullrom"
						}
					},
					"position": {
						"0.0": {
							"post": [0, 0, 0],
							"lerp_mode": "catmullrom"
						},
						"0.5": {
							"post": [0, 0, 0],
							"lerp_mode": "catmullrom"
						},
						"1.0": {
							"post": [0, -0.5, -1],
							"lerp_mode": "catmullrom"
						},
						"3.5": {
							"post": [0, -0.5, -1],
							"lerp_mode": "catmullrom"
						},
						"4.0": {
							"post": [0, -0.5, -1],
							"lerp_mode": "catmullrom"
						},
						"4.5": {
							"post": [0, 0, 0],
							"lerp_mode": "catmullrom"
						},
						"6.0": {
							"post": [0, 0, 0],
							"lerp_mode": "catmullrom"
						}
					}
				},
				"jaw": {
					"rotation": {
						"0.2917": {
							"pre": [0, 0, 0],
							"post": [0, 0, 0],
							"lerp_mode": "catmullrom"
						},
						"0.5417": {
							"post": [7.75, 0, 0],
							"lerp_mode": "catmullrom"
						},
						"0.75": {
							"post": [22.3, 0, 0],
							"lerp_mode": "catmullrom"
						},
						"0.9167": {
							"post": [25.25, 0, 0],
							"lerp_mode": "catmullrom"
						},
						"1.0417": [25, 0, 0],
						"1.125": [22.87664, 0, 0],
						"3.0": [24.09539, 0, 0],
						"3.125": [25, 0, 0],
						"3.375": [25, 0, 0],
						"3.5417": [4.82239, 0, 0],
						"3.8333": [0, 0, 0],
						"4.0": [0, 0, 0],
						"4.4167": [-4.63501, 0, 0],
						"4.6667": [0, 0, 0]
					},
					"position": {
						"0.0": {
							"post": [0, 0, 0],
							"lerp_mode": "catmullrom"
						},
						"0.5": {
							"post": [0, 0, 0],
							"lerp_mode": "catmullrom"
						},
						"1.0": {
							"post": [0, -0.1, 0],
							"lerp_mode": "catmullrom"
						},
						"1.2083": {
							"post": [0, -0.25, 0],
							"lerp_mode": "catmullrom"
						},
						"1.5": {
							"post": [0, 0, 0],
							"lerp_mode": "catmullrom"
						},
						"3.0": {
							"post": [0, -0.1, 0],
							"lerp_mode": "catmullrom"
						},
						"3.2083": {
							"post": [0, -0.25, 0],
							"lerp_mode": "catmullrom"
						},
						"3.5": {
							"post": [0, -0.02, 0],
							"lerp_mode": "catmullrom"
						},
						"4.0": {
							"post": [0, -0.05, 0],
							"lerp_mode": "catmullrom"
						},
						"4.2083": {
							"post": [0, -0.1, 0],
							"lerp_mode": "catmullrom"
						},
						"4.5": {
							"post": [0, 0, 0],
							"lerp_mode": "catmullrom"
						}
					}
				},
				"left_eye": {
					"position": {
						"0.0": [0, 0, 0],
						"0.0833": {"pre": [0, 0, 0], "post": [0, 0, 0.1]},
						"0.2083": {"pre": [0, 0, 0.1], "post": [0, 0, 0]},
						"0.9167": {"pre": [0, 0, 0], "post": [0, 0, 0.1]},
						"3.625": {"pre": [0, 0, 0.1], "post": [0.5, 0, 0]},
						"4.0": {"pre": [0.5, 0, 0], "post": [0, 0, 0.1]},
						"4.125": {"pre": [0, 0, 0.1], "post": [-0.5, 0, 0]},
						"4.5": {"pre": [-0.5, 0, 0], "post": [0, 0, 0.1]},
						"4.625": {"pre": [0, 0, 0.1], "post": [0, 0, 0]}
					}
				},
				"left_eye_closed": {
					"position": {
						"0.0": [0, 0, 0],
						"0.0833": {"pre": [0, 0, 0], "post": [0.1, 0, -0.1]},
						"0.2083": {"pre": [0.1, 0, -0.1], "post": [0, 0, 0]},
						"0.9167": {"pre": [0, 0, 0], "post": [0.1, 0, -0.1]},
						"3.625": {"pre": [0.1, 0, -0.1], "post": [0, 0, 0]},
						"4.0": {"pre": [0, 0, 0], "post": [0.1, 0, -0.1]},
						"4.125": {"pre": [0.1, 0, -0.1], "post": [0, 0, 0]},
						"4.5": {"pre": [0, 0, 0], "post": [0.1, 0, -0.1]},
						"4.625": {"pre": [0.1, 0, -0.1], "post": [0, 0, 0]}
					}
				},
				"right_eye_closed": {
					"position": {
						"0.0": [0, 0, 0],
						"0.0833": {"pre": [0, 0, 0], "post": [-0.1, 0, -0.1]},
						"0.2083": {"pre": [-0.1, 0, -0.1], "post": [0, 0, 0]},
						"0.9167": {"pre": [0, 0, 0], "post": [-0.1, 0, -0.1]},
						"3.625": {"pre": [-0.1, 0, -0.1], "post": [0, 0, 0]},
						"4.0": {"pre": [0, 0, 0], "post": [-0.1, 0, -0.1]},
						"4.125": {"pre": [-0.1, 0, -0.1], "post": [0, 0, 0]},
						"4.5": {"pre": [0, 0, 0], "post": [-0.1, 0, -0.1]},
						"4.625": {"pre": [-0.1, 0, -0.1], "post": [0, 0, 0]}
					}
				},
				"right_eye": {
					"position": {
						"0.0": [0, 0, 0],
						"0.0833": {"pre": [0, 0, 0], "post": [0, 0, 0.1]},
						"0.2083": {"pre": [0, 0, 0.1], "post": [0, 0, 0]},
						"0.9167": {"pre": [0, 0, 0], "post": [0, 0, 0.1]},
						"3.625": {"pre": [0, 0, 0.1], "post": [0.5, 0, 0]},
						"4.0": {"pre": [0.5, 0, 0], "post": [0, 0, 0.1]},
						"4.125": {"pre": [0, 0, 0.1], "post": [-0.5, 0, 0]},
						"4.5": {"pre": [-0.5, 0, 0], "post": [0, 0, 0.1]},
						"4.625": {"pre": [0, 0, 0.1], "post": [0, 0, 0]}
					}
				},
				"collar": {
					"rotation": {
						"0.0": {
							"post": [0, 0, 0],
							"lerp_mode": "catmullrom"
						},
						"0.2917": {
							"post": [0.54, 0, 0],
							"lerp_mode": "catmullrom"
						},
						"0.5": {
							"post": [0, 0, 0],
							"lerp_mode": "catmullrom"
						},
						"0.75": {
							"post": [2.7, 0, 0],
							"lerp_mode": "catmullrom"
						},
						"1.0417": {
							"post": [11.25, 5.75, 3.25],
							"lerp_mode": "catmullrom"
						},
						"1.5417": {
							"post": [3.75, 3, 2.5],
							"lerp_mode": "catmullrom"
						},
						"2.0": {
							"post": [11.25, 1, 1],
							"lerp_mode": "catmullrom"
						},
						"2.5": {
							"post": [3.75, -1, -1],
							"lerp_mode": "catmullrom"
						},
						"2.9583": {
							"post": [11.25, -5.75, -3.25],
							"lerp_mode": "catmullrom"
						},
						"3.4583": {
							"post": [3.75, -5.75, -3.25],
							"lerp_mode": "catmullrom"
						},
						"3.875": {
							"post": [12.25, -9.25, 2],
							"lerp_mode": "catmullrom"
						},
						"4.375": {
							"post": [10.75, 4.75, 4.75],
							"lerp_mode": "catmullrom"
						},
						"4.5833": {
							"post": [-1.25, 4.5, -1.5],
							"lerp_mode": "catmullrom"
						},
						"4.7917": {
							"post": [-2, 0.25, -1.5],
							"lerp_mode": "catmullrom"
						},
						"5.0417": {
							"post": [0, 0, 0],
							"lerp_mode": "catmullrom"
						},
						"5.5417": {
							"post": [0, 0, 0],
							"lerp_mode": "catmullrom"
						}
					},
					"position": {
						"0.0": {
							"post": [0, 0, 0],
							"lerp_mode": "catmullrom"
						},
						"0.5": {
							"post": [0, 0, 0],
							"lerp_mode": "catmullrom"
						},
						"1.0": {
							"post": [0, -0.5, -1],
							"lerp_mode": "catmullrom"
						},
						"3.5": {
							"post": [0, -0.5, -1],
							"lerp_mode": "catmullrom"
						},
						"4.0": {
							"post": [0, -0.5, -1],
							"lerp_mode": "catmullrom"
						},
						"4.5": {
							"post": [0, 0, 0],
							"lerp_mode": "catmullrom"
						},
						"6.0": {
							"post": [0, 0, 0],
							"lerp_mode": "catmullrom"
						}
					}
				},
				"chain": {
					"rotation": {
						"0.0": {
							"post": [0, 0, 0],
							"lerp_mode": "catmullrom"
						},
						"0.2917": {
							"post": [0.54, 0, 0],
							"lerp_mode": "catmullrom"
						},
						"0.5": {
							"post": [4.75, 0, 0],
							"lerp_mode": "catmullrom"
						},
						"0.6667": {
							"post": [26.34, 0, 0],
							"lerp_mode": "catmullrom"
						},
						"0.75": {
							"post": [27.7, 0, 0],
							"lerp_mode": "catmullrom"
						},
						"1.2083": {
							"post": [41.75, 0, 0],
							"lerp_mode": "catmullrom"
						},
						"1.7083": {
							"post": [34.25, 0, 0],
							"lerp_mode": "catmullrom"
						},
						"2.1667": {
							"post": [41.75, 0, 0],
							"lerp_mode": "catmullrom"
						},
						"2.6667": {
							"post": [34.25, 0, 0],
							"lerp_mode": "catmullrom"
						},
						"3.125": {
							"post": [41.75, 0, 0],
							"lerp_mode": "catmullrom"
						},
						"3.625": {
							"post": [34.25, 0, 0],
							"lerp_mode": "catmullrom"
						},
						"4.0417": {
							"post": [42.75, 0, 0],
							"lerp_mode": "catmullrom"
						},
						"4.375": {
							"post": [35.75, 0, 0],
							"lerp_mode": "catmullrom"
						},
						"4.6667": {
							"post": [-1.25, 0, 0],
							"lerp_mode": "catmullrom"
						},
						"4.875": {
							"post": [-12, 0, 0],
							"lerp_mode": "catmullrom"
						},
						"5.1667": {
							"post": [7, 0, 0],
							"lerp_mode": "catmullrom"
						},
						"5.4583": {
							"post": [0, 0, 0],
							"lerp_mode": "catmullrom"
						},
						"5.7917": {
							"post": [0, 0, 0],
							"lerp_mode": "catmullrom"
						}
					}
				}
			}
		},
		"animation.shieldon.movement_test_walk": {
			"loop": true,
			"bones": {
				"shieldon": {
					"position": [0, 0, "30-q.anim_time*6"]
				}
			}
		},
		"animation.shieldon.movement_test_run": {
			"loop": true,
			"bones": {
				"shieldon": {
					"position": [0, 0, "30-q.anim_time*24"]
				}
			}
		}
	}
}