{
	"format_version": "1.12.0",
	"minecraft:geometry": [
		{
			"description": {
				"identifier": "geometry.bastiodon",
				"texture_width": 128,
				"texture_height": 128,
				"visible_bounds_width": 4,
				"visible_bounds_height": 3.5,
				"visible_bounds_offset": [0, 1.25, 0]
			},
			"bones": [
				{
					"name": "bastiodon",
					"pivot": [0, -0.5, 0]
				},
				{
					"name": "body",
					"parent": "bastiodon",
					"pivot": [0, -1, 0]
				},
				{
					"name": "torso",
					"parent": "body",
					"pivot": [0, 13, 7],
					"cubes": [
						{"origin": [-7.5, 5.5, -10], "size": [15, 15, 20], "uv": [0, 0]}
					]
				},
				{
					"name": "head",
					"parent": "torso",
					"pivot": [0, 14.5, -10],
					"cubes": [
						{"origin": [-8.5, 8.5, -17], "size": [17, 18, 5], "inflate": 0.005, "uv": [0, 35]},
						{"origin": [-8.5, 7.5, -17], "size": [17, 1, 0], "inflate": 0.005, "uv": [70, 34]},
						{"origin": [8.5, 7.5, -17], "size": [0, 1, 3], "inflate": 0.005, "uv": [87, 37]},
						{"origin": [-8.5, 7.5, -17], "size": [0, 1, 3], "inflate": 0.005, "uv": [93, 37], "mirror": true},
						{"origin": [-7, 13.5, -17], "size": [14, 10, 0], "inflate": 0.01, "uv": [0, 113]},
						{"origin": [-6.5, 13, -12], "size": [13, 8, 3], "uv": [79, 56]},
						{"origin": [-8, 7, -12], "size": [16, 6, 3], "uv": [41, 56]},
						{"origin": [-1, 25.5, -17], "size": [2, 2, 5], "inflate": 0.0025, "pivot": [0, 26.5, -14.5], "rotation": [0, 0, 45], "uv": [97, 85]},
						{"origin": [0.5, 27, -17], "size": [2, 2, 5], "pivot": [0, 26.5, -14.5], "rotation": [0, 0, 45], "uv": [49, 65]},
						{"origin": [-2.5, 27, -17], "size": [2, 2, 5], "pivot": [0, 26.5, -14.5], "rotation": [0, 0, -45], "uv": [21, 58]},
						{"origin": [3, 23.6, -17.5], "size": [6, 3, 6], "uv": [88, 41]},
						{"origin": [4.15, 24.85, -17], "size": [4, 4, 5], "pivot": [6.5, 26.5, -14.5], "rotation": [0, 0, -45], "uv": [37, 96]},
						{"origin": [4.15, 24.6, -16.4], "size": [4, 12, 4], "pivot": [6.5, 26.5, -14.5], "rotation": [40, 0, 0], "uv": [31, 112]},
						{"origin": [-8.15, 24.6, -16.4], "size": [4, 12, 4], "pivot": [-6.5, 26.5, -14.5], "rotation": [40, 0, 0], "uv": [47, 112], "mirror": true},
						{"origin": [-8.15, 24.85, -17], "size": [4, 4, 5], "pivot": [-6.5, 26.5, -14.5], "rotation": [0, 0, 45], "uv": [19, 96]},
						{"origin": [-9, 23.6, -17.5], "size": [6, 3, 6], "uv": [0, 88]}
					]
				},
				{
					"name": "jaw",
					"parent": "head",
					"pivot": [0, 7.5, -11],
					"rotation": [-5, 0, 0],
					"cubes": [
						{"origin": [-9, 3.5, -18.75], "size": [18, 5, 7], "inflate": 0.01, "uv": [44, 35]},
						{"origin": [4, 1.5, -18.25], "size": [4, 4, 6], "inflate": 0.01, "pivot": [6.5, 3.5, -15.25], "rotation": [0, 0, 45], "uv": [0, 10]},
						{"origin": [-8, 1.5, -18.25], "size": [4, 4, 6], "inflate": 0.01, "pivot": [-6.5, 3.5, -15.25], "rotation": [0, 0, -45], "uv": [0, 0]},
						{"origin": [2.25, -0.75, -18.25], "size": [3, 3, 6], "pivot": [6.5, 3.5, -15.25], "rotation": [0, 0, 45], "uv": [88, 94]},
						{"origin": [-5.25, -0.75, -18.25], "size": [3, 3, 6], "pivot": [-6.5, 3.5, -15.25], "rotation": [0, 0, -45], "uv": [91, 15]},
						{"origin": [1.75, 7, -19.5], "size": [2, 4, 2], "pivot": [3, 8.5, -18.75], "rotation": [-5, 0, 0], "uv": [70, 81]},
						{"origin": [-3.75, 7, -19.5], "size": [2, 4, 2], "pivot": [-3, 8.5, -18.75], "rotation": [-5, 0, 0], "uv": [0, 74]},
						{"origin": [6.25, 7, -19.5], "size": [2, 4, 2], "pivot": [6.5, 8.5, -18.75], "rotation": [-5, 0, 0], "uv": [20, 74]},
						{"origin": [-8.25, 7, -19.5], "size": [2, 4, 2], "pivot": [-6.5, 8.5, -18.75], "rotation": [-5, 0, 0], "uv": [50, 0]},
						{"origin": [-9, 3.5, -11.75], "size": [18, 4, 5], "pivot": [0, 3.5, -11.75], "rotation": [45, 0, 0], "uv": [44, 47]}
					]
				},
				{
					"name": "nose",
					"parent": "head",
					"pivot": [0, 19.5, -17],
					"rotation": [-30, 0, 0],
					"cubes": [
						{"origin": [-1.5, 13.5, -17], "size": [3, 6, 3], "uv": [73, 100]},
						{"origin": [-2, 11.5, -17], "size": [4, 5, 5], "inflate": 0.01, "uv": [76, 90]}
					]
				},
				{
					"name": "nose_2",
					"parent": "nose",
					"pivot": [0, 11.5, -17],
					"rotation": [55, 0, 0],
					"cubes": [
						{"origin": [-2, 7.5, -17], "size": [4, 4, 5], "uv": [55, 96]},
						{"origin": [-1.5, 5.5, -17], "size": [3, 2, 4], "uv": [78, 0]}
					]
				},
				{
					"name": "left_brow",
					"parent": "head",
					"pivot": [0, 14, -17],
					"cubes": [
						{"origin": [1, 12, -19.5], "size": [10, 2, 3], "uv": [87, 35]}
					]
				},
				{
					"name": "left_chain",
					"parent": "left_brow",
					"pivot": [10, 12.25, -18],
					"cubes": [
						{"origin": [10, 7.25, -19.5], "size": [0, 5, 3], "uv": [110, -3]}
					]
				},
				{
					"name": "left_chain2",
					"parent": "left_chain",
					"pivot": [10, 7.25, -18],
					"cubes": [
						{"origin": [10, 2.25, -19.5], "size": [0, 5, 3], "uv": [110, 2]}
					]
				},
				{
					"name": "right_brow",
					"parent": "head",
					"pivot": [0, 14, -17],
					"cubes": [
						{"origin": [-11, 12, -19.5], "size": [10, 2, 3], "uv": [77, 67]}
					]
				},
				{
					"name": "right_chain",
					"parent": "right_brow",
					"pivot": [-10, 12.25, -18],
					"cubes": [
						{"origin": [-10, 7.25, -19.5], "size": [0, 5, 3], "uv": [116, -3], "mirror": true}
					]
				},
				{
					"name": "right_chain2",
					"parent": "right_chain",
					"pivot": [-10, 7.25, -18],
					"cubes": [
						{"origin": [-10, 2.25, -19.5], "size": [0, 5, 3], "uv": [116, 2], "mirror": true}
					]
				},
				{
					"name": "eyes",
					"parent": "head",
					"pivot": [0, 6.5, -14]
				},
				{
					"name": "left_eye",
					"parent": "eyes",
					"pivot": [4, 10.5, -17],
					"cubes": [
						{"origin": [2.75, 9.5, -17], "size": [4, 3, 0], "inflate": 0.01, "uv": [86, 15]},
						{"origin": [4.25, 10.5, -17], "size": [1, 2, 0], "inflate": 0.02, "uv": [4, 0]}
					]
				},
				{
					"name": "left_eyelid",
					"parent": "eyes",
					"pivot": [4, 10.5, -16.9],
					"cubes": [
						{"origin": [2.75, 9.5, -16.9], "size": [4, 3, 0], "inflate": 0.03, "uv": [104, 0]}
					]
				},
				{
					"name": "right_eyelid",
					"parent": "eyes",
					"pivot": [-4, 10.5, -16.9],
					"cubes": [
						{"origin": [-6.75, 9.5, -16.9], "size": [4, 3, 0], "inflate": 0.03, "uv": [104, 3], "mirror": true}
					]
				},
				{
					"name": "right_eye",
					"parent": "eyes",
					"pivot": [-4, 10.5, -17],
					"cubes": [
						{"origin": [-6.75, 9.5, -17], "size": [4, 3, 0], "inflate": 0.01, "uv": [84, 72]},
						{"origin": [-5.25, 10.5, -17], "size": [1, 2, 0], "inflate": 0.02, "uv": [0, 0]}
					]
				},
				{
					"name": "tail",
					"parent": "torso",
					"pivot": [0, 12.5, 10],
					"cubes": [
						{"origin": [-5, 7.5, 9], "size": [10, 10, 8], "uv": [50, 0]}
					]
				},
				{
					"name": "tail2",
					"parent": "tail",
					"pivot": [0, 12.5, 17],
					"cubes": [
						{"origin": [-3, 9.5, 16], "size": [6, 6, 8], "uv": [0, 74]}
					]
				},
				{
					"name": "back_spikes",
					"parent": "torso",
					"pivot": [0, 21, -2.75],
					"rotation": [45, 0, 0],
					"cubes": [
						{"origin": [-1, 21, -8.75], "size": [2, 4, 4], "uv": [102, 77]},
						{"origin": [-1, 18, -6.75], "size": [2, 5, 5], "inflate": 0.01, "uv": [98, 67]},
						{"origin": [-1, 15.5, -4.25], "size": [2, 5, 5], "inflate": 0.02, "uv": [98, 24]},
						{"origin": [-1, 13, -1.75], "size": [2, 5, 5], "inflate": 0.01, "uv": [0, 98]},
						{"origin": [-1, 11, 1.25], "size": [2, 4, 4], "uv": [100, 92]}
					]
				},
				{
					"name": "saddle",
					"parent": "torso",
					"pivot": [0, 21, 0],
					"cubes": [
						{"origin": [-7.5, 20.5, -7], "size": [15, 3, 14], "uv": [63, 111]}
					]
				},
				{
					"name": "left_front_upper_leg",
					"parent": "body",
					"pivot": [7.5, 14, -6],
					"rotation": [0, 0, -40],
					"cubes": [
						{"origin": [1.36603, 7.5, -9], "size": [6, 9, 6], "uv": [86, 0]}
					]
				},
				{
					"name": "left_front_lower_leg",
					"parent": "left_front_upper_leg",
					"pivot": [7.36603, 7.5, -6],
					"rotation": [0, 0, 40],
					"cubes": [
						{"origin": [0.86603, -1.5, -9.5], "size": [7, 9, 7], "uv": [70, 18]}
					]
				},
				{
					"name": "left_front_toes",
					"parent": "left_front_lower_leg",
					"pivot": [4.36603, -1.5, -9.5],
					"cubes": [
						{"origin": [2.86603, -1.5, -11.5], "size": [3, 5, 3], "inflate": 0.02, "uv": [23, 105]},
						{"origin": [5.36603, -1.5, -10.5], "size": [2, 3, 2], "inflate": 0.01, "uv": [9, 98]},
						{"origin": [1.36603, -1.5, -10.5], "size": [2, 3, 2], "inflate": 0.01, "uv": [50, 96]}
					]
				},
				{
					"name": "left_front_leg_spikes",
					"parent": "left_front_lower_leg",
					"pivot": [7.86603, 7.5, -6],
					"cubes": [
						{"origin": [7.86603, 6.5, -7.5], "size": [0, 6, 3], "pivot": [7.86603, 7.5, -6], "rotation": [0, 0, 25], "uv": [53, 102]},
						{"origin": [7.86603, 6.5, -4.5], "size": [0, 3, 2], "pivot": [7.86603, 7.5, -2.5], "rotation": [-20, 0, 25], "uv": [28, 81]},
						{"origin": [7.86603, 6.5, -9.5], "size": [0, 3, 2], "pivot": [7.86603, 7.5, -9.5], "rotation": [20, 0, 25], "uv": [70, 18]}
					]
				},
				{
					"name": "right_front_upper_leg",
					"parent": "body",
					"pivot": [-7.5, 14, -6],
					"rotation": [0, 0, 40],
					"cubes": [
						{"origin": [-7.36603, 7.5, -9], "size": [6, 9, 6], "uv": [28, 81]}
					]
				},
				{
					"name": "right_front_lower_leg",
					"parent": "right_front_upper_leg",
					"pivot": [-7.36603, 7.5, -6],
					"rotation": [0, 0, -40],
					"cubes": [
						{"origin": [-7.86603, -1.5, -9.5], "size": [7, 9, 7], "uv": [28, 65]}
					]
				},
				{
					"name": "right_front_toes",
					"parent": "right_front_lower_leg",
					"pivot": [-4.36603, -1.5, -9.5],
					"cubes": [
						{"origin": [-5.86603, -1.5, -11.5], "size": [3, 5, 3], "inflate": 0.02, "uv": [97, 103]},
						{"origin": [-7.36603, -1.5, -10.5], "size": [2, 3, 2], "inflate": 0.01, "uv": [18, 88]},
						{"origin": [-3.36603, -1.5, -10.5], "size": [2, 3, 2], "inflate": 0.01, "uv": [46, 81]}
					]
				},
				{
					"name": "right_front_leg_spikes",
					"parent": "right_front_lower_leg",
					"pivot": [-7.86603, 7.5, -6],
					"cubes": [
						{"origin": [-7.86603, 6.5, -7.5], "size": [0, 6, 3], "pivot": [-7.86603, 7.5, -6], "rotation": [0, 0, -25], "uv": [41, 102]},
						{"origin": [-7.86603, 6.5, -4.5], "size": [0, 3, 2], "pivot": [-7.86603, 7.5, -2.5], "rotation": [-20, 0, -25], "uv": [14, 10]},
						{"origin": [-7.86603, 6.5, -9.5], "size": [0, 3, 2], "pivot": [-7.86603, 7.5, -9.5], "rotation": [20, 0, -25], "uv": [14, 0]}
					]
				},
				{
					"name": "left_back_upper_leg",
					"parent": "body",
					"pivot": [7.5, 14, 6],
					"rotation": [0, 0, -40],
					"cubes": [
						{"origin": [1.36603, 7.5, 3], "size": [6, 9, 6], "uv": [52, 81]}
					]
				},
				{
					"name": "left_back_lower_leg",
					"parent": "left_back_upper_leg",
					"pivot": [7.36603, 7.5, 6],
					"rotation": [0, 0, 40],
					"cubes": [
						{"origin": [0.86603, -1.5, 2.5], "size": [7, 9, 7], "uv": [56, 65]}
					]
				},
				{
					"name": "left_back_toes",
					"parent": "left_back_lower_leg",
					"pivot": [4.36603, -1.5, 2.5],
					"cubes": [
						{"origin": [2.86603, -1.5, 0.5], "size": [3, 5, 3], "inflate": 0.02, "uv": [11, 105]},
						{"origin": [5.36603, -1.5, 1.5], "size": [2, 3, 2], "inflate": 0.01, "uv": [32, 96]},
						{"origin": [1.36603, -1.5, 1.5], "size": [2, 3, 2], "inflate": 0.01, "uv": [90, 51]}
					]
				},
				{
					"name": "left_back_leg_spikes",
					"parent": "left_back_lower_leg",
					"pivot": [7.86603, 7.5, 6],
					"cubes": [
						{"origin": [7.86603, 6.5, 4.5], "size": [0, 6, 3], "pivot": [7.86603, 7.5, 6], "rotation": [0, 0, 25], "uv": [47, 102]},
						{"origin": [7.86603, 6.5, 7.5], "size": [0, 3, 2], "pivot": [7.86603, 7.5, 9.5], "rotation": [-20, 0, 25], "uv": [28, 65]},
						{"origin": [7.86603, 6.5, 2.5], "size": [0, 3, 2], "pivot": [7.86603, 7.5, 2.5], "rotation": [20, 0, 25], "uv": [0, 58]}
					]
				},
				{
					"name": "right_back_upper_leg",
					"parent": "body",
					"pivot": [-7.5, 14, 6],
					"rotation": [0, 0, 40],
					"cubes": [
						{"origin": [-7.36603, 7.5, 3], "size": [6, 9, 6], "uv": [78, 75]}
					]
				},
				{
					"name": "right_back_lower_leg",
					"parent": "right_back_upper_leg",
					"pivot": [-7.36603, 7.5, 6],
					"rotation": [0, 0, -40],
					"cubes": [
						{"origin": [-7.86603, -1.5, 2.5], "size": [7, 9, 7], "uv": [0, 58]}
					]
				},
				{
					"name": "right_back_toes",
					"parent": "right_back_lower_leg",
					"pivot": [-4.36603, -1.5, 2.5],
					"cubes": [
						{"origin": [-5.86603, -1.5, 0.5], "size": [3, 5, 3], "inflate": 0.02, "uv": [85, 103]},
						{"origin": [-7.36603, -1.5, 1.5], "size": [2, 3, 2], "inflate": 0.01, "uv": [30, 58]},
						{"origin": [-3.36603, -1.5, 1.5], "size": [2, 3, 2], "inflate": 0.01, "uv": [39, 35]}
					]
				},
				{
					"name": "right_back_leg_spikes",
					"parent": "right_back_lower_leg",
					"pivot": [-7.86603, 7.5, 6],
					"cubes": [
						{"origin": [-7.86603, 6.5, 4.5], "size": [0, 6, 3], "pivot": [-7.86603, 7.5, 6], "rotation": [0, 0, -25], "uv": [35, 102]},
						{"origin": [-7.86603, 6.5, 7.5], "size": [0, 3, 2], "pivot": [-7.86603, 7.5, 9.5], "rotation": [-20, 0, -25], "uv": [0, 10]},
						{"origin": [-7.86603, 6.5, 2.5], "size": [0, 3, 2], "pivot": [-7.86603, 7.5, 2.5], "rotation": [20, 0, -25], "uv": [0, 0]}
					]
				}
			]
		}
	]
}