{
  "species": "cobblemon:salandit",
  "order": 0,
  "variations": [
    {
      "aspects": [],
      "poser": "cobblemon:salandit",
      "model": "cobblemon:salandit.geo",
      "texture": "cobblemon:textures/pokemon/0757_salandit/salandit.png",
      "layers": [
        {
          "name": "emissive",
          "emissive": true,
          "texture": "cobblemon:textures/pokemon/0757_salandit/salandit_emissive.png",
          "translucent": true
        }
      ]
    },
    {
      "aspects": [
        "shiny"
      ],
      "texture": "cobblemon:textures/pokemon/0757_salandit/salandit_shiny.png",
      "layers": [
        {
          "name": "emissive",
          "emissive": true,
          "texture": "cobblemon:textures/pokemon/0757_salandit/salandit_emissive.png",
          "translucent": true
        }
      ]
    }
  ]
}