{
	"format_version": "1.12.0",
	"minecraft:geometry": [
		{
			"description": {
				"identifier": "geometry.yamper",
				"texture_width": 64,
				"texture_height": 64,
				"visible_bounds_width": 3,
				"visible_bounds_height": 3.5,
				"visible_bounds_offset": [0, 1.25, 0]
			},
			"bones": [
				{
					"name": "zoroa",
					"pivot": [-1.075, 0, -0.795]
				},
				{
					"name": "body",
					"parent": "zoroa",
					"pivot": [-1.075, 3.45, 0.705]
				},
				{
					"name": "torso",
					"parent": "body",
					"pivot": [-1.075, 4.95, 0.705]
				},
				{
					"name": "head_fluff",
					"parent": "torso",
					"pivot": [-1.075, 8.7, -3.045]
				},
				{
					"name": "neck_fluff",
					"parent": "head_fluff",
					"pivot": [-0.575, 7.2, -3.795],
					"rotation": [30, 0, 0],
					"cubes": [
						{"origin": [-4.5, 5.275, -7.295], "size": [9, 4, 7], "uv": [1, 19]}
					]
				},
				{
					"name": "bone2",
					"parent": "neck_fluff",
					"pivot": [2.95, 7.375, -2.07],
					"rotation": [0, 41.25, 0],
					"cubes": [
						{"origin": [1.45, 5.875, -3.07], "size": [3, 3, 4], "uv": [48, 57]}
					]
				},
				{
					"name": "bone3",
					"parent": "bone2",
					"pivot": [2.925, 7.275, 0.305],
					"rotation": [0, -40, 0],
					"cubes": [
						{"origin": [1.925, 6.275, -0.195], "size": [2, 2, 3], "uv": [36, 59]}
					]
				},
				{
					"name": "bone4",
					"parent": "bone3",
					"pivot": [2.925, 7.775, 1.805],
					"cubes": [
						{"origin": [2.925, 6.275, 0.805], "size": [0, 5, 5], "uv": [54, 34]}
					]
				},
				{
					"name": "bone5",
					"parent": "bone4",
					"pivot": [2.925, 10.225, 5.755],
					"cubes": [
						{"origin": [2.925, 8.275, 5.805], "size": [0, 5, 4], "uv": [15, 40]}
					]
				},
				{
					"name": "bone6",
					"parent": "bone5",
					"pivot": [2.925, 9.775, 9.755],
					"cubes": [
						{"origin": [2.925, 6.275, 9.805], "size": [0, 6, 5], "uv": [14, 45]}
					]
				},
				{
					"name": "head",
					"parent": "head_fluff",
					"pivot": [-0.825, 10.175, -4.195],
					"cubes": [
						{"origin": [-3.5, 8.175, -8.195], "size": [7, 7, 7], "inflate": 0.01, "uv": [27, 23]}
					]
				},
				{
					"name": "hair",
					"parent": "head",
					"pivot": [0, 14.62929, -8.04419],
					"rotation": [-9.5, 0, 0],
					"cubes": [
						{"origin": [-2, 14.95, -9.375], "size": [4, 3, 4], "inflate": 0.01, "pivot": [0, 16.675, -6.375], "rotation": [32.5, 0, 0], "uv": [1, 31]}
					]
				},
				{
					"name": "hair3",
					"parent": "hair",
					"pivot": [0, 14.125, -4.425],
					"rotation": [45, 0, 0],
					"cubes": [
						{"origin": [0, 17.575, -6], "size": [0, 4, 5], "uv": [15, 25]}
					]
				},
				{
					"name": "hair4",
					"parent": "hair3",
					"pivot": [0, 19.635, -1.19853],
					"cubes": [
						{"origin": [0, 16.51205, -1.13292], "size": [0, 7, 6], "inflate": 0.01, "uv": [52, 42]}
					]
				},
				{
					"name": "hair5",
					"parent": "hair4",
					"pivot": [0, 20.01205, 4.86708],
					"cubes": [
						{"origin": [0, 17.51205, 4.86708], "size": [0, 5, 6], "inflate": 0.01, "uv": [52, 19]}
					]
				},
				{
					"name": "side2",
					"parent": "head",
					"pivot": [-3.625, 10.675, -6.145],
					"rotation": [0, 20, 0],
					"cubes": [
						{"origin": [-5.40378, 8.175, -6.145], "size": [2, 5, 0], "inflate": 0.01, "uv": [38, 9], "mirror": true}
					]
				},
				{
					"name": "side",
					"parent": "head",
					"pivot": [3.625, 10.675, -6.145],
					"rotation": [0, -20, 0],
					"cubes": [
						{"origin": [3.40378, 8.175, -6.145], "size": [2, 5, 0], "inflate": 0.01, "uv": [38, 9]}
					]
				},
				{
					"name": "bone",
					"parent": "head",
					"pivot": [1.7, 2.675, -11.02],
					"cubes": [
						{"origin": [1.41421, 8.175, -9.02], "size": [2, 2, 2], "pivot": [1.41421, 2.675, -11.02], "rotation": [0, -45, 0], "uv": [44, 5]}
					]
				},
				{
					"name": "eye",
					"parent": "head",
					"pivot": [-1.45, 0.55, -3.695]
				},
				{
					"name": "eye_big",
					"parent": "eye",
					"pivot": [0, 0, 0]
				},
				{
					"name": "eye_right",
					"parent": "eye_big",
					"pivot": [2.075, 10.675, -8.085],
					"cubes": [
						{"origin": [-3.45, 9.1, -8.23], "size": [2, 3, 0], "pivot": [-2.525, 10.6, -8.23], "rotation": [0, 0, -4], "uv": [31, 44]}
					]
				},
				{
					"name": "eye_right2",
					"parent": "eye_big",
					"pivot": [2.075, 10.675, -8.085],
					"cubes": [
						{"origin": [1.45, 9.1, -8.23], "size": [2, 3, 0], "pivot": [2.525, 10.6, -8.23], "rotation": [0, 0, 4], "uv": [31, 44], "mirror": true}
					]
				},
				{
					"name": "ear_left3",
					"parent": "head",
					"pivot": [-2, 13, -5]
				},
				{
					"name": "ear_left4",
					"parent": "ear_left3",
					"pivot": [-3.175, 17.675, -4.145],
					"cubes": [
						{"origin": [-6.175, 10.4, -4.145], "size": [5, 10, 0], "inflate": 0.01, "pivot": [-2.675, 15.175, -4.145], "rotation": [0, 0, -46.5], "uv": [37, 43], "mirror": true}
					]
				},
				{
					"name": "ear_right3",
					"parent": "head",
					"pivot": [2, 13, -5]
				},
				{
					"name": "ear_right4",
					"parent": "ear_right3",
					"pivot": [3.175, 17.675, -4.145],
					"cubes": [
						{"origin": [1.175, 10.4, -4.145], "size": [5, 10, 0], "inflate": 0.01, "pivot": [2.675, 15.175, -4.145], "rotation": [0, 0, 46.5], "uv": [37, 43]}
					]
				},
				{
					"name": "torso2",
					"parent": "torso",
					"pivot": [-0.25, 6.95, -3.295],
					"cubes": [
						{"origin": [-3, 3.45, -5.795], "size": [6, 4, 10], "uv": [2, 2]}
					]
				},
				{
					"name": "tail",
					"parent": "torso2",
					"pivot": [-0.25, 5.95, 3.705],
					"rotation": [14.5, 0, 0],
					"cubes": [
						{"origin": [-2, 4.95, 3.255], "size": [4, 4, 5], "uv": [26, 0]},
						{"origin": [0, 6.95, 7.255], "size": [0, 4, 8], "pivot": [-1, 6.45, 9.255], "rotation": [38, 0, 0], "uv": [8, 51]}
					]
				},
				{
					"name": "leg_front_left2",
					"parent": "zoroa",
					"pivot": [2.35, 4.85273, -3.94337],
					"rotation": [5, 0, 0],
					"cubes": [
						{"origin": [1.35, 2.35653, -5.03053], "size": [2, 3, 2], "inflate": 0.01, "uv": [0, 51]}
					]
				},
				{
					"name": "leg_front_left3",
					"parent": "leg_front_left2",
					"pivot": [1.9, 1.73483, -2.49207],
					"rotation": [-12.5, 0, 0],
					"cubes": [
						{"origin": [1.35, 0.21272, -5.13867], "size": [2, 2, 2], "uv": [0, 56]}
					]
				},
				{
					"name": "leg_front_left4",
					"parent": "leg_front_left3",
					"pivot": [1.8, 1.03483, -3.04207],
					"rotation": [7.5, 0, 0],
					"cubes": [
						{"origin": [1.35, -0.21517, -5.27289], "size": [2, 1, 2], "inflate": 0.01, "uv": [0, 60]}
					]
				},
				{
					"name": "leg_front_right2",
					"parent": "zoroa",
					"pivot": [-2.35, 4.85273, -3.94337],
					"rotation": [5, 0, 0],
					"cubes": [
						{"origin": [-3.35, 2.35653, -5.03053], "size": [2, 3, 2], "inflate": 0.01, "uv": [0, 51], "mirror": true}
					]
				},
				{
					"name": "leg_front_right3",
					"parent": "leg_front_right2",
					"pivot": [-1.9, 1.73483, -2.49207],
					"rotation": [-12.5, 0, 0],
					"cubes": [
						{"origin": [-3.35, 0.21272, -5.13867], "size": [2, 2, 2], "uv": [0, 56], "mirror": true}
					]
				},
				{
					"name": "leg_front_right4",
					"parent": "leg_front_right3",
					"pivot": [-1.8, 1.03483, -3.04207],
					"rotation": [7.5, 0, 0],
					"cubes": [
						{"origin": [-3.35, -0.21517, -5.27289], "size": [2, 1, 2], "inflate": 0.01, "uv": [0, 60], "mirror": true}
					]
				},
				{
					"name": "leg_back_left2",
					"parent": "zoroa",
					"pivot": [2.6, 6.08453, 2.56102],
					"rotation": [5, 0, 0],
					"cubes": [
						{"origin": [1.6, 3.21334, 0.74886], "size": [2, 3, 3], "inflate": 0.01, "uv": [54, 0]}
					]
				},
				{
					"name": "leg_back_left3",
					"parent": "leg_back_left2",
					"pivot": [2.6, 3.68834, 2.67386],
					"rotation": [-15, 0, 0],
					"cubes": [
						{"origin": [1.6, 0.53834, 1.82386], "size": [2, 3, 2], "uv": [56, 10]}
					]
				},
				{
					"name": "leg_back_left4",
					"parent": "leg_back_left3",
					"pivot": [2.6, 1.43834, 2.67386],
					"rotation": [10, 0, 0],
					"cubes": [
						{"origin": [1.6, -0.06166, 1.62386], "size": [2, 1, 2], "inflate": 0.01, "uv": [56, 17]}
					]
				},
				{
					"name": "leg_back_right2",
					"parent": "zoroa",
					"pivot": [-2.6, 6.18944, 2.32598],
					"rotation": [5, 0, 0],
					"cubes": [
						{"origin": [-3.6, 3.19325, 0.73883], "size": [2, 3, 3], "inflate": 0.01, "uv": [54, 0], "mirror": true}
					]
				},
				{
					"name": "leg_back_right3",
					"parent": "leg_back_right2",
					"pivot": [-2.6, 3.66825, 2.66383],
					"rotation": [-15, 0, 0],
					"cubes": [
						{"origin": [-3.6, 0.51825, 1.81383], "size": [2, 3, 2], "uv": [56, 10], "mirror": true}
					]
				},
				{
					"name": "leg_back_right4",
					"parent": "leg_back_right3",
					"pivot": [-2.6, 1.41825, 2.66383],
					"rotation": [10, 0, 0],
					"cubes": [
						{"origin": [-3.6, -0.08175, 1.61383], "size": [2, 1, 2], "inflate": 0.01, "uv": [56, 17], "mirror": true}
					]
				}
			]
		}
	]
}