{
	"format_version": "1.12.0",
	"minecraft:geometry": [
		{
			"description": {
				"identifier": "geometry.unknown",
				"texture_width": 128,
				"texture_height": 128,
				"visible_bounds_width": 5,
				"visible_bounds_height": 3.5,
				"visible_bounds_offset": [0, 1.25, 0]
			},
			"bones": [
				{
					"name": "Flygon",
					"pivot": [0, 0, 0]
				},
				{
					"name": "body",
					"parent": "Flygon",
					"pivot": [0, 14.8, -1],
					"rotation": [45, 0, 0]
				},
				{
					"name": "torso",
					"parent": "body",
					"pivot": [0, 4.8, -1],
					"cubes": [
						{"origin": [-4, 8.8, -5], "size": [8, 13, 8], "uv": [30, 0]}
					]
				},
				{
					"name": "neck",
					"parent": "torso",
					"pivot": [0, 21.7, -4],
					"rotation": [-25, 0, 0],
					"cubes": [
						{"origin": [-2, 19.7, -4], "size": [4, 14, 4], "uv": [20, 51]}
					]
				},
				{
					"name": "head",
					"parent": "neck",
					"pivot": [0, 32.8, -2],
					"rotation": [-20, 0, 0],
					"cubes": [
						{"origin": [-3, 30.8, -8.5], "size": [6, 5, 8], "uv": [0, 0]},
						{"origin": [-0.49, 30.79, -6.5], "size": [5, 5, 5], "inflate": -5, "uv": [62, 0]},
						{"origin": [-4.51, 30.79, -6.5], "size": [5, 5, 5], "inflate": -5, "uv": [58, 56]}
					]
				},
				{
					"name": "OpenMouth",
					"parent": "head",
					"pivot": [0, 32.8, -2],
					"cubes": [
						{"origin": [-2, 31.79, -8.49], "size": [4, 2, 3], "uv": [20, 0]}
					]
				},
				{
					"name": "eye_right",
					"parent": "head",
					"pivot": [0, 31.3, -4.5],
					"cubes": [
						{"origin": [-3.01, 31.8, -5.5], "size": [0, 3, 3], "uv": [0, 0]}
					]
				},
				{
					"name": "eyelid_right",
					"parent": "eye_right",
					"pivot": [0, 31.3, -4.5],
					"cubes": [
						{"origin": [-2.02, 31.8, -5.5], "size": [0, 3, 3], "uv": [0, 3]}
					]
				},
				{
					"name": "eye_left",
					"parent": "head",
					"pivot": [3, 32.8, -4],
					"cubes": [
						{"origin": [3.02, 31.8, -5.5], "size": [0, 3, 3], "uv": [30, 2]}
					]
				},
				{
					"name": "eyelid_left",
					"parent": "eye_left",
					"pivot": [1, 31.3, -4.5],
					"cubes": [
						{"origin": [2.03, 31.8, -5.5], "size": [0, 3, 3], "uv": [0, 10]}
					]
				},
				{
					"name": "RAntenna",
					"parent": "head",
					"pivot": [-1.5, 35.8, -3.5],
					"rotation": [17.56274, -4.76804, -1.50701],
					"cubes": [
						{"origin": [-2.5, 33.8, -3.5], "size": [2, 2, 9], "uv": [54, 23]}
					]
				},
				{
					"name": "RAntennaEnd",
					"parent": "RAntenna",
					"pivot": [-1.5, 34.8, 5.5],
					"rotation": [-17.5, 0, 0],
					"cubes": [
						{"origin": [-2.49, 34.3, 4.5], "size": [2, 1, 9], "uv": [55, 46]}
					]
				},
				{
					"name": "LAntenna",
					"parent": "head",
					"pivot": [1.5, 35.8, -3.5],
					"rotation": [17.56274, 4.76804, 1.50701],
					"cubes": [
						{"origin": [0.5, 33.8, -3.5], "size": [2, 2, 9], "uv": [53, 12]}
					]
				},
				{
					"name": "LAntennaEnd",
					"parent": "LAntenna",
					"pivot": [1.5, 34.8, 5.5],
					"rotation": [-17.5, 0, 0],
					"cubes": [
						{"origin": [0.49, 34.3, 4.5], "size": [2, 1, 9], "uv": [36, 55]}
					]
				},
				{
					"name": "leg_left",
					"parent": "body",
					"pivot": [4, 10.8, -1],
					"rotation": [-17.5, 0, 0],
					"cubes": [
						{"origin": [3, 6.3, -5], "size": [4, 9, 8], "uv": [30, 21]}
					]
				},
				{
					"name": "foot_left",
					"parent": "leg_left",
					"pivot": [4, 6.3, 0],
					"rotation": [-60, 0, 0],
					"cubes": [
						{"origin": [3.5, -1.7, 0], "size": [2, 8, 1], "uv": [36, 55]}
					]
				},
				{
					"name": "leg_right",
					"parent": "body",
					"pivot": [-4, 10.8, -1],
					"rotation": [-17.5, 0, 0],
					"cubes": [
						{"origin": [-7, 6.3, -5], "size": [4, 9, 8], "uv": [40, 38]}
					]
				},
				{
					"name": "foot_right",
					"parent": "leg_right",
					"pivot": [-4, 6.3, 0],
					"rotation": [-60, 0, 0],
					"cubes": [
						{"origin": [-5.5, -1.7, 0], "size": [2, 8, 1], "uv": [54, 23]}
					]
				},
				{
					"name": "wing_left",
					"parent": "body",
					"pivot": [3, 18.8, 3],
					"rotation": [0, 37.5, 0],
					"cubes": [
						{"origin": [3, 12.8, 3], "size": [0, 12, 15], "uv": [0, 12]}
					]
				},
				{
					"name": "wing_left2",
					"parent": "wing_left",
					"pivot": [3, 18.8, 18],
					"cubes": [
						{"origin": [3, 12.8, 18], "size": [0, 12, 10], "pivot": [3, 18.8, 18], "rotation": [0, 15, 0], "uv": [0, 29]}
					]
				},
				{
					"name": "wing_right",
					"parent": "body",
					"pivot": [-3, 18.8, 3],
					"rotation": [0, -37.5, 0],
					"cubes": [
						{"origin": [-3, 12.8, 3], "size": [0, 12, 15], "uv": [0, 0]}
					]
				},
				{
					"name": "wing_right2",
					"parent": "wing_right",
					"pivot": [-3, 18.8, 18],
					"rotation": [0, -15, 0],
					"cubes": [
						{"origin": [-3, 12.8, 18], "size": [0, 12, 10], "uv": [20, 29]}
					]
				},
				{
					"name": "tail",
					"parent": "body",
					"pivot": [0, 9, -0.5],
					"rotation": [37.5, 0, 0],
					"cubes": [
						{"origin": [-2.5, -2.7, -3.5], "size": [5, 15, 5], "uv": [0, 51]}
					]
				},
				{
					"name": "tail2",
					"parent": "tail",
					"pivot": [0, -2.6, -0.9],
					"rotation": [30, 0, 0],
					"cubes": [
						{"origin": [-1.5, -11.2, -2.4], "size": [3, 10, 3], "uv": [36, 65]}
					]
				},
				{
					"name": "tail3",
					"parent": "tail2",
					"pivot": [0, -11.2, -0.9],
					"rotation": [25, 0, 0],
					"cubes": [
						{"origin": [-1, -19.2, -1.9], "size": [2, 9, 2], "uv": [48, 65]}
					]
				},
				{
					"name": "Tailflaps",
					"parent": "tail3",
					"pivot": [0, -18.7, -0.9],
					"cubes": [
						{"origin": [-5.5, -26.7, -0.9], "size": [11, 9, 0], "pivot": [0, -18.7, -0.9], "rotation": [17.5, 0, 0], "uv": [56, 34]}
					]
				},
				{
					"name": "arm_right",
					"parent": "body",
					"pivot": [-3, 17.8, -5],
					"rotation": [45, 0, 0],
					"cubes": [
						{"origin": [-3.5, 17.8, -8], "size": [1, 0, 3], "uv": [0, 0]}
					]
				},
				{
					"name": "forearm_right",
					"parent": "arm_right",
					"pivot": [-3, 17.8, -8],
					"cubes": [
						{"origin": [-3.5, 17.8, -8], "size": [1, 3, 0], "uv": [0, 0]}
					]
				},
				{
					"name": "hand_right",
					"parent": "forearm_right",
					"pivot": [-3, 20.8, -8],
					"rotation": [32.5, 0, 0],
					"cubes": [
						{"origin": [-4.5, 20.8, -8.5], "size": [3, 1, 2], "uv": [20, 5]}
					]
				},
				{
					"name": "RTopClaw",
					"parent": "hand_right",
					"pivot": [-3, 21.8, -6.5],
					"rotation": [90, 35, 90],
					"cubes": [
						{"origin": [-3, 21.8, -7], "size": [0, 1, 1], "uv": [6, 5]}
					]
				},
				{
					"name": "RRClaw",
					"parent": "hand_right",
					"pivot": [-4.5, 21.8, -8],
					"rotation": [0, 0, 55],
					"cubes": [
						{"origin": [-4.5, 21.8, -8.5], "size": [0, 1, 1], "uv": [6, 5]}
					]
				},
				{
					"name": "RLClaw",
					"parent": "hand_right",
					"pivot": [-1.5, 21.8, -8],
					"rotation": [0, 0, -55],
					"cubes": [
						{"origin": [-1.5, 21.8, -8.5], "size": [0, 1, 1], "uv": [6, 5]}
					]
				},
				{
					"name": "arm_left",
					"parent": "body",
					"pivot": [3, 17.8, -5],
					"rotation": [45, 0, 0],
					"cubes": [
						{"origin": [2.5, 17.8, -8], "size": [1, 0, 3], "uv": [2, 0]}
					]
				},
				{
					"name": "forearm_left",
					"parent": "arm_left",
					"pivot": [3, 17.8, -8],
					"cubes": [
						{"origin": [2.5, 17.8, -8], "size": [1, 3, 0], "uv": [6, 3]}
					]
				},
				{
					"name": "hand_left",
					"parent": "forearm_left",
					"pivot": [3, 20.8, -8],
					"rotation": [32.5, 0, 0],
					"cubes": [
						{"origin": [1.5, 20.8, -8.5], "size": [3, 1, 2], "uv": [54, 0]}
					]
				},
				{
					"name": "LTopClaw",
					"parent": "hand_left",
					"pivot": [3, 21.8, -6.5],
					"rotation": [90, 35, 90],
					"cubes": [
						{"origin": [3, 21.8, -7], "size": [0, 1, 1], "uv": [6, 5]}
					]
				},
				{
					"name": "LLClaw",
					"parent": "hand_left",
					"pivot": [4.5, 21.8, -8],
					"rotation": [0, 0, -55],
					"cubes": [
						{"origin": [4.5, 21.8, -8.5], "size": [0, 1, 1], "uv": [6, 5]}
					]
				},
				{
					"name": "LRClaw",
					"parent": "hand_left",
					"pivot": [1.5, 21.8, -8],
					"rotation": [0, 0, 55],
					"cubes": [
						{"origin": [1.5, 21.8, -8.5], "size": [0, 1, 1], "uv": [6, 5]}
					]
				}
			]
		}
	]
}