{
    "target": "cobblemon:espurr",   
    "shoulderMountable": true,
    "shoulderEffects": [ "night_vision" ],
    "baseScale": 0.7,
    "hitbox": {
      "width": 0.4,
      "height": 0.7,
      "fixed": false
    },
    "drops": {
    "amount": "2",
      "entries": [
        {
          "item": "minecraft:ender_pearl",
          "quantityRange": "1-2",
          "percentage": 66
        }
      ]
    },
    "behaviour": {
      "resting": {
        "canSleep": true,
        "willSleepOnBed": false,
        "depth": "normal",
        "light": "0-4"
      }
    }
   }