{
  "target": "cobblemon:skitty",   
  "shoulderMountable": true,
  "shoulderEffects": [ "jump_boost" ],
  "abilities": [
    "cutecharm",
    "normalize",
    "h:wonderskin"
  ],
  "baseScale": 0.7,
  "hitbox": {
    "width": 0.6,
    "height": 0.8,
    "fixed": false
  },
  "drops": {
  "amount": "2",
    "entries": [
      {
        "item": "minecraft:raw_cod",
        "quantityRange": "1-2",
        "percentage": 66
      }
    ]
  },
  "behaviour": {
    "resting": {
      "canSleep": true,
      "willSleepOnBed": true,
      "depth": "normal",
      "light": "0-4"
    }
  }
 }