{
    "enabled": "true",
    "neededInstalledMods": [],
    "neededUninstalledMods": [],
    "spawns": [
        {
            "id": "voltorb-2",
            "pokemon": "voltorb hisuian",
            "presets": [
                "natural"
            ],
            "type": "pokemon",
            "context": "grounded",
            "bucket": "common",
            "level": "14-37",
            "weight": 10.0,
            "condition": {
                "canSeeSky": true,
                "biomes": [
                    "minecraft:jagged_peaks",
                    "minecraft:stony_peaks"
                ]
            }
        }
    ]
}