{
	"format_version": "1.8.0",
	"animations": {
		"animation.zorua_hisuian.ground_idle": {
			"loop": true,
			"bones": {
				"tail": {
					"rotation": [
						"Math.cos((query.anim_time) * 90 * 2 - 180) * -0.5",
						"0+Math.cos((query.anim_time) * 90 * 8) * 5",
						"0+Math.cos((query.anim_time) * 90 * 8) * 5"
					]
				},
				"torso": {
					"rotation": ["0+Math.cos((query.anim_time) * 90 * 2 - 90) * -1", 0, 0],
					"position": [0, "0+Math.cos((query.anim_time) * 90 * 2) * 0.15", 0]
				},
				"head_fluff": {
					"rotation": ["0+Math.cos((query.anim_time) * 90 * 2 - 120) * -2", 0, 0]
				},
				"head": {
					"rotation": ["0+Math.cos((query.anim_time) * 90 * 2 - 90) * 2", 0, 0]
				},
				"torso2": {
					"rotation": [0, "0+Math.cos((query.anim_time) * 90 * 8 + 90) * 0.5", 0]
				},
				"ear_right3": {
					"rotation": [0, 0, "-1+Math.cos((query.anim_time) * 90 * 2 - 90) * 3"]
				},
				"ear_left3": {
					"rotation": [0, 0, "-1+Math.cos((query.anim_time) * 90 * 2 + 90) * 3"]
				},
				"bone3": {
					"rotation": [0, 0, 0]
				},
				"bone4": {
					"rotation": [0, "-15+math.cos(query.anim_time*90*3)*20", 0]
				},
				"bone5": {
					"rotation": [0, "52.5+math.cos((query.anim_time)*90*3-90)*20", 0]
				},
				"bone6": {
					"rotation": [0, "-22.5+math.cos((query.anim_time)*90*3-120)*20", 0]
				},
				"hair4": {
					"rotation": [0, "math.cos(q.anim_time*90*2)*50", 0]
				},
				"hair5": {
					"rotation": [0, "math.cos(q.anim_time*90*2-90)*50", 0]
				}
			}
		},
		"animation.zorua_hisuian.ground_walk": {
			"loop": true,
			"animation_length": 1,
			"bones": {
				"tail": {
					"rotation": ["13.5+Math.cos((query.anim_time) * 90 * 4*2 - 90) * 8", "0+Math.cos((query.anim_time) * 90 * 4 - 90) * 12", 0]
				},
				"torso": {
					"rotation": ["0+Math.cos((query.anim_time) * 90 * 4*2 - 90) * -2", 0, "0+Math.cos((query.anim_time) * 90 * 4 - 120) * -8"],
					"position": [0, "0.25+Math.cos((query.anim_time) * 90 * 4*2) * 0.5", 0]
				},
				"head_fluff": {
					"rotation": ["0+Math.cos((query.anim_time) * 90 * 4*2) * 4", 0, "0+Math.cos((query.anim_time) * 90 * 4  -120) * 6"]
				},
				"neck_fluff": {
					"rotation": ["0+Math.cos((query.anim_time) * 90 * 4*2 - 45) * -5", 0, "0+Math.cos((query.anim_time) * 90 * 4 - 6) * 5"]
				},
				"torso2": {
					"rotation": [0, "0+Math.cos((query.anim_time) * 90 * 4 - 90) * -2", "0+Math.cos((query.anim_time) * 90 * 4 - 90) * -2"]
				},
				"leg_front_left2": {
					"rotation": {
						"0.0": [13.87, 0, 0],
						"0.0417": [21.33, 0, 0],
						"0.0833": [25.46, 0, 0],
						"0.1667": {
							"pre": [19.86, 0, 0],
							"post": [19.86, 0, 0],
							"lerp_mode": "catmullrom"
						},
						"0.2917": {
							"post": [-1.04, 0, 0],
							"lerp_mode": "catmullrom"
						},
						"0.4167": {
							"post": [-20.67, 0, 0],
							"lerp_mode": "catmullrom"
						},
						"0.5": [-27.5, 0, 0],
						"0.5417": {
							"pre": [-26.08, 0, 0],
							"post": [-26.08, 0, 0],
							"lerp_mode": "catmullrom"
						},
						"0.5833": {
							"post": [-20.67, 0, 0],
							"lerp_mode": "catmullrom"
						},
						"0.7083": [-1.04, 0, 0],
						"0.9167": [-1.04, 0, 0],
						"1.0": [13.87, 0, 0]
					},
					"position": {
						"0.0": {
							"post": [0, 0, 0.75],
							"lerp_mode": "catmullrom"
						},
						"0.125": {
							"post": [0, 0.5, 1],
							"lerp_mode": "catmullrom"
						},
						"0.4167": {
							"post": [0, 1.09, -0.31],
							"lerp_mode": "catmullrom"
						},
						"0.5": [0, 1, -0.75],
						"0.5833": {
							"pre": [0, 0.35, -0.85],
							"post": [0, 0.35, -0.85],
							"lerp_mode": "catmullrom"
						},
						"0.7083": {
							"post": [0, 0, -0.75],
							"lerp_mode": "catmullrom"
						},
						"1.0": {
							"post": [0, 0, 0.75],
							"lerp_mode": "catmullrom"
						}
					}
				},
				"leg_front_right2": {
					"rotation": {
						"0.0": [-27.5, 0, 0],
						"0.0417": {
							"pre": [-26.08, 0, 0],
							"post": [-26.08, 0, 0],
							"lerp_mode": "catmullrom"
						},
						"0.0833": {
							"post": [-20.67, 0, 0],
							"lerp_mode": "catmullrom"
						},
						"0.2083": [-1.04, 0, 0],
						"0.4167": [-1.04, 0, 0],
						"0.5417": [21.33, 0, 0],
						"0.5833": [25.46, 0, 0],
						"0.6667": {
							"pre": [19.86, 0, 0],
							"post": [19.86, 0, 0],
							"lerp_mode": "catmullrom"
						},
						"0.7917": {
							"post": [-1.04, 0, 0],
							"lerp_mode": "catmullrom"
						},
						"0.9167": {
							"post": [-20.67, 0, 0],
							"lerp_mode": "catmullrom"
						},
						"1.0": [-27.5, 0, 0]
					},
					"position": {
						"0.0": [0, 1, -0.75],
						"0.0833": {
							"pre": [0, 0.35, -0.85],
							"post": [0, 0.35, -0.85],
							"lerp_mode": "catmullrom"
						},
						"0.2083": {
							"post": [0, 0, -0.75],
							"lerp_mode": "catmullrom"
						},
						"0.5": {
							"post": [0, 0, 0.75],
							"lerp_mode": "catmullrom"
						},
						"0.625": {
							"post": [0, 0.5, 1],
							"lerp_mode": "catmullrom"
						},
						"0.9167": {
							"post": [0, 1.09, -0.31],
							"lerp_mode": "catmullrom"
						},
						"1.0": [0, 1, -0.75]
					}
				},
				"leg_back_left2": {
					"rotation": {
						"0.0": [13.89, 0, 0],
						"0.0833": [-0.04, 0, 0],
						"0.2083": [-19.67, 0, 0],
						"0.2917": [-26.5, 0, 0],
						"0.3333": [-25.08, 0, 0],
						"0.375": [-19.67, 0, 0],
						"0.5": [-0.04, 0, 0],
						"0.7083": [-0.04, 0, 0],
						"0.8333": [22.33, 0, 0],
						"0.875": [26.46, 0, 0],
						"0.9583": [20.86, 0, 0],
						"1.0": [13.89, 0, 0]
					},
					"position": {
						"0.0": [0, 0.67, 0.63],
						"0.2083": [0, 1.09, -0.31],
						"0.2917": [0, 1, -0.75],
						"0.375": [0, 0.35, -0.85],
						"0.5": [0, 0, -0.75],
						"0.7917": [0, 0, 0.75],
						"0.9167": [0, 0.5, 1],
						"1.0": [0, 0.67, 0.63]
					}
				},
				"leg_back_left3": {
					"rotation": {
						"0.0": [-7.83, 0, 0],
						"0.0833": {
							"pre": [1.5, 0, 0],
							"post": [1.5, 0, 0],
							"lerp_mode": "catmullrom"
						},
						"0.25": {
							"post": [15, 0, 0],
							"lerp_mode": "catmullrom"
						},
						"0.3333": {
							"post": [18.75, 0, 0],
							"lerp_mode": "catmullrom"
						},
						"0.4167": [2.5, 0, 0],
						"0.5": [2, 0, 0],
						"0.5417": [3, 0, 0],
						"0.625": [0, 0, 0],
						"0.8333": [0, 0, 0],
						"0.9583": [-10, 0, 0],
						"1.0": [-7.83, 0, 0]
					}
				},
				"ear_right3": {
					"rotation": [0, 0, "0+Math.cos((query.anim_time) * 90 * 4 - 40) * 6"]
				},
				"leg_back_right2": {
					"rotation": {
						"0.0": [-0.04, 0, 0],
						"0.2083": [-0.04, 0, 0],
						"0.3333": [22.33, 0, 0],
						"0.375": [26.46, 0, 0],
						"0.4583": [20.86, 0, 0],
						"0.5833": [-0.04, 0, 0],
						"0.7083": [-19.67, 0, 0],
						"0.7917": [-26.5, 0, 0],
						"0.8333": [-25.08, 0, 0],
						"0.875": [-19.67, 0, 0],
						"1.0": [-0.04, 0, 0]
					},
					"position": {
						"0.0": [0, 0, -0.75],
						"0.2917": [0, 0, 0.75],
						"0.4167": [0, 0.5, 1],
						"0.7083": [0, 1.09, -0.31],
						"0.7917": [0, 1, -0.75],
						"0.875": [0, 0.35, -0.85],
						"1.0": [0, 0, -0.75]
					}
				},
				"leg_back_right3": {
					"rotation": {
						"0.0": [2, 0, 0],
						"0.0417": [3, 0, 0],
						"0.125": [0, 0, 0],
						"0.3333": [0, 0, 0],
						"0.4583": [-10, 0, 0],
						"0.5833": {
							"pre": [1.5, 0, 0],
							"post": [1.5, 0, 0],
							"lerp_mode": "catmullrom"
						},
						"0.75": {
							"post": [15, 0, 0],
							"lerp_mode": "catmullrom"
						},
						"0.8333": {
							"post": [18.75, 0, 0],
							"lerp_mode": "catmullrom"
						},
						"0.9167": [2.5, 0, 0],
						"1.0": [2, 0, 0]
					}
				},
				"ear_left3": {
					"rotation": [0, 0, "0+Math.cos((query.anim_time) * 90 * 4 - 40) * 4"]
				},
				"bone4": {
					"rotation": [0, "0+Math.cos((query.anim_time) * 90 * 4 - 90) * 40", 0]
				},
				"bone5": {
					"rotation": [0, "0+Math.cos((query.anim_time) * 90 * 4 - 180) * 40", 0]
				},
				"bone6": {
					"rotation": [0, "0+Math.cos((query.anim_time) * 90 * 4 - 270) * 40", 0]
				},
				"hair4": {
					"rotation": [0, "0+Math.cos((query.anim_time) * 90 * 4 - 90) * 50", 0]
				},
				"hair5": {
					"rotation": [0, "0+Math.cos((query.anim_time) * 90 * 4 - 180) * 50", 0]
				}
			}
		},
		"animation.zorua_hisuian.battle_idle": {
			"loop": true,
			"bones": {
				"tail": {
					"rotation": ["10+Math.cos((query.anim_time) * 90 * 4 - 90) * -5", 0, "0+Math.cos((query.anim_time) * 90 * 2 - 140) * -20"]
				},
				"body": {
					"position": [0, "0+Math.cos((query.anim_time) * 90 * 4) * 0.2", 0]
				},
				"torso": {
					"rotation": ["10+Math.cos((query.anim_time) * 90 * 4 - 90) * -1", 0, 0]
				},
				"head_fluff": {
					"rotation": ["17.5+Math.cos((query.anim_time) * 90 * 4 - 120) * -1", 0, 0],
					"position": [0, 0, -1.25]
				},
				"head": {
					"rotation": ["-27.5+Math.cos((query.anim_time) * 90 * 4 - 50) * 3", 0, 0],
					"position": [0, -1.25, -1.5]
				},
				"torso2": {
					"rotation": [0, "0+Math.cos((query.anim_time) * 90 * 2 - 90) * -4", 0]
				}
			}
		},
		"animation.zorua_hisuian.blink": {
			"animation_length": 0.625,
			"bones": {
				"eye_right2": {
					"scale": {
						"0.0": [1, 1, 1],
						"0.2083": [1, 1, 1],
						"0.2917": [1, 0, 1],
						"0.375": [1, 0, 1],
						"0.4583": [1, 1.1, 1],
						"0.5": [1, 1, 1],
						"0.625": [1, 1, 1]
					}
				},
				"eye_left": {
					"scale": {
						"0.0": [1, 1, 1],
						"0.2083": [1, 1, 1],
						"0.2917": [1, 0, 1],
						"0.375": [1, 0, 1],
						"0.4583": [1, 1.1, 1],
						"0.5": [1, 1, 1],
						"0.625": [1, 1, 1]
					}
				},
				"eye_right": {
					"scale": {
						"0.0": [1, 1, 1],
						"0.2083": [1, 1, 1],
						"0.2917": [1, 0, 1],
						"0.375": [1, 0, 1],
						"0.4583": [1, 1.1, 1],
						"0.5": [1, 1, 1],
						"0.625": [1, 1, 1]
					}
				}
			}
		},
		"animation.zorua_hisuian.cry": {
			"animation_length": 1.1667,
			"bones": {
				"torso": {
					"rotation": {
						"0.0": [0, 0, 0],
						"0.0417": [10, 0, 0],
						"0.1667": {
							"pre": [-10, 0, 0],
							"post": [-10, 0, 0],
							"lerp_mode": "catmullrom"
						},
						"0.375": {
							"post": [-12.5, 0, 0],
							"lerp_mode": "catmullrom"
						},
						"0.625": {
							"post": [-9.17, 0, 0],
							"lerp_mode": "catmullrom"
						},
						"0.75": {
							"post": [0, 0, 0],
							"lerp_mode": "catmullrom"
						},
						"0.875": {
							"post": [2, 0, 0],
							"lerp_mode": "catmullrom"
						},
						"1.125": [0, 0, 0]
					}
				},
				"head": {
					"rotation": {
						"0.0": [0, 0, 0],
						"0.0833": {
							"pre": [17.5, 0, 0],
							"post": [17.5, 0, 0],
							"lerp_mode": "catmullrom"
						},
						"0.2083": {
							"post": [-20, 0, 0],
							"lerp_mode": "catmullrom"
						},
						"0.5": {
							"post": [-17.75, 0, 0],
							"lerp_mode": "catmullrom"
						},
						"0.7083": {
							"post": [-5, 0, 0],
							"lerp_mode": "catmullrom"
						},
						"0.875": {
							"post": [2.25, 0, 0],
							"lerp_mode": "catmullrom"
						},
						"1.0417": {
							"post": [2.5, 0, 0],
							"lerp_mode": "catmullrom"
						},
						"1.1667": [0, 0, 0]
					}
				}
			}
		}
	}
}