{
    "target": "cobblemon:delcatty",   
    "baseScale": 0.8,
    "hitbox": {
      "width": 0.8,
      "height": 0.8,
      "fixed": false
    },
    "drops": {
    "amount": "2",
      "entries": [
        {
          "item": "minecraft:raw_cod",
          "quantityRange": "1-3",
          "percentage": 66
        }
      ]
    },
    "behaviour": {
      "resting": {
        "canSleep": true,
        "willSleepOnBed": true,
        "depth": "normal",
        "light": "0-4"
      }
    }
   }