{
    "target": "cobblemon:skuntank",   
    "shoulderMountable": false,
    "baseScale": 1.3,
    "hitbox": {
      "width": 0.8,
      "height": 1.0,
      "fixed": false
    },
    "drops": {
    "amount": "2",
      "entries": [
        {
          "item": "minecraft:ink_sac",
          "quantityRange": "1-2",
          "percentage": 66
        },
        {
          "item": "minecraft:slime_ball",
          "quantityRange": "1-2",
          "percentage": 66
        }
      ]
    },
    "behaviour": {
      "resting": {
        "canSleep": true,
        "willSleepOnBed": false,
        "depth": "normal",
        "light": "0-4"
      }
    }
   }