{
    "target": "cobblemon:stunky",   
    "shoulderMountable": true,
    "shoulderEffects": [ "nausea" ],
    "baseScale": 0.7,
    "hitbox": {
      "width": 0.7,
      "height": 0.7,
      "fixed": false
    },
    "drops": {
    "amount": "2",
      "entries": [
        {
          "item": "minecraft:ink_sac",
          "quantityRange": "1",
          "percentage": 66
        },
        {
          "item": "minecraft:slime_ball",
          "quantityRange": "1",
          "percentage": 66
        }
      ]
    },
    "behaviour": {
      "resting": {
        "canSleep": true,
        "willSleepOnBed": false,
        "depth": "normal",
        "light": "0-4"
      }
    }
   }