{
	"format_version": "1.12.0",
	"minecraft:geometry": [
		{
			"description": {
				"identifier": "geometry.unknown",
				"texture_width": 32,
				"texture_height": 32,
				"visible_bounds_width": 4,
				"visible_bounds_height": 2.5,
				"visible_bounds_offset": [0, 0.75, 0]
			},
			"bones": [
				{
					"name": "bb_main",
					"pivot": [0, 0, 0],
					"cubes": [
						{"origin": [11, 13, 3], "size": [6, 4, 0], "uv": [0, 25]}
					]
				},
				{
					"name": "Salandit",
					"pivot": [0, 0, 0]
				},
				{
					"name": "LeftLeg",
					"parent": "Salandit",
					"pivot": [2, 6.25, 4.5],
					"rotation": [0, 0, 90],
					"cubes": [
						{"origin": [2, 5.25, 3.5], "size": [3, 2, 2], "uv": [18, 11]}
					]
				},
				{
					"name": "LeftCalf",
					"parent": "LeftLeg",
					"pivot": [5, 6, 4.75],
					"cubes": [
						{"origin": [5, 5.5, 4.25], "size": [3, 1, 1], "uv": [22, 20]}
					]
				},
				{
					"name": "LeftFoot",
					"parent": "LeftCalf",
					"pivot": [8, 6, 4.75],
					"rotation": [0, 0, 0],
					"cubes": [
						{"origin": [8, 5.25, 4.25], "size": [0, 3, 1], "uv": [0, 8]},
						{"origin": [8, 5.75, 4.25], "size": [0, 2, 1], "pivot": [8, 5.5, 4.75], "rotation": [45, 0, 0], "uv": [0, 15]},
						{"origin": [8, 5.75, 4.25], "size": [0, 2, 1], "pivot": [8, 5.5, 4.75], "rotation": [-45, 0, 0], "uv": [0, 0]}
					]
				},
				{
					"name": "RightLeg",
					"parent": "Salandit",
					"pivot": [-2, 6.25, 4.5],
					"rotation": [0, 0, -90],
					"cubes": [
						{"origin": [-5, 5.25, 3.5], "size": [3, 2, 2], "uv": [18, 11], "mirror": true}
					]
				},
				{
					"name": "RightCalf",
					"parent": "RightLeg",
					"pivot": [-5, 6, 4.75],
					"cubes": [
						{"origin": [-8, 5.5, 4.25], "size": [3, 1, 1], "uv": [22, 20], "mirror": true}
					]
				},
				{
					"name": "RightFoot",
					"parent": "RightCalf",
					"pivot": [-8, 6, 4.75],
					"rotation": [0, 0, 0],
					"cubes": [
						{"origin": [-8, 5.75, 4.25], "size": [0, 2, 1], "pivot": [-8, 5.5, 4.75], "rotation": [-45, 0, 0], "uv": [0, 0], "mirror": true},
						{"origin": [-8, 5.75, 4.25], "size": [0, 2, 1], "pivot": [-8, 5.5, 4.75], "rotation": [45, 0, 0], "uv": [0, 15], "mirror": true},
						{"origin": [-8, 5.25, 4.25], "size": [0, 3, 1], "uv": [0, 8], "mirror": true}
					]
				},
				{
					"name": "LeftArm",
					"parent": "Salandit",
					"pivot": [1, 5.25, -1],
					"rotation": [0, 0, 90],
					"cubes": [
						{"origin": [1, 4.75, -1.5], "size": [2, 1, 1], "uv": [10, 23]}
					]
				},
				{
					"name": "LeftForearm",
					"parent": "LeftArm",
					"pivot": [3, 5.25, -1],
					"cubes": [
						{"origin": [3, 4.75, -1.5], "size": [2, 1, 1], "uv": [15, 24]}
					]
				},
				{
					"name": "LeftHand",
					"parent": "LeftForearm",
					"pivot": [5, 5.25592, -1],
					"cubes": [
						{"origin": [5, 4.5, -1.5], "size": [0, 3, 1], "uv": [14, 0]},
						{"origin": [5, 5, -1.5], "size": [0, 2, 1], "pivot": [5, 4.75, -1], "rotation": [45, 0, 0], "uv": [16, 0]},
						{"origin": [5, 5, -1.5], "size": [0, 2, 1], "pivot": [5, 4.75, -1], "rotation": [-45, 0, 0], "uv": [7, 15]}
					]
				},
				{
					"name": "RightArm",
					"parent": "Salandit",
					"pivot": [-1, 5.25, -1],
					"rotation": [0, 0, -90],
					"cubes": [
						{"origin": [-3, 4.75, -1.5], "size": [2, 1, 1], "uv": [10, 23], "mirror": true}
					]
				},
				{
					"name": "RightForearm",
					"parent": "RightArm",
					"pivot": [-3, 5.25, -1],
					"cubes": [
						{"origin": [-5, 4.75, -1.5], "size": [2, 1, 1], "uv": [15, 24], "mirror": true}
					]
				},
				{
					"name": "RightHand",
					"parent": "RightForearm",
					"pivot": [-5, 5.25592, -1],
					"cubes": [
						{"origin": [-5, 5, -1.5], "size": [0, 2, 1], "pivot": [-5, 4.75, -1], "rotation": [-45, 0, 0], "uv": [7, 15], "mirror": true},
						{"origin": [-5, 5, -1.5], "size": [0, 2, 1], "pivot": [-5, 4.75, -1], "rotation": [45, 0, 0], "uv": [16, 0], "mirror": true},
						{"origin": [-5, 4.5, -1.5], "size": [0, 3, 1], "uv": [14, 0], "mirror": true}
					]
				},
				{
					"name": "Body",
					"parent": "Salandit",
					"pivot": [0, 6.25, 2],
					"cubes": [
						{"origin": [-2, 4.75, 0], "size": [4, 3, 6], "inflate": 0.01, "uv": [0, 0]}
					]
				},
				{
					"name": "Upper_Chest",
					"parent": "Body",
					"pivot": [0, 6.25, 0],
					"cubes": [
						{"origin": [-1.5, 4.75, -2], "size": [3, 3, 2], "uv": [10, 18]},
						{"origin": [-1.25, 7, -2.01], "size": [1, 3, 0], "pivot": [-0.5, 8.75, -2], "rotation": [0, 0, -17.5], "uv": [0, 21], "mirror": true},
						{"origin": [0.25, 7, -2.01], "size": [1, 3, 0], "pivot": [0.5, 8.75, -2], "rotation": [0, 0, 17.5], "uv": [0, 21]}
					]
				},
				{
					"name": "Neck",
					"parent": "Upper_Chest",
					"pivot": [0, 6.25, -2],
					"cubes": [
						{"origin": [-1.5, 5.35, -3.8], "size": [3, 2, 2], "inflate": -0.01, "uv": [20, 16]}
					]
				},
				{
					"name": "Head",
					"parent": "Neck",
					"pivot": [0, 6.35, -2.8],
					"cubes": [
						{"origin": [-1.5, 5.35, -7.05], "size": [3, 3, 4], "uv": [0, 9]},
						{"origin": [-1, 5.35, -9.8], "size": [2, 2, 4], "inflate": -0.01, "uv": [14, 0]},
						{"origin": [-1, 5.35, -10.8], "size": [2, 2, 2], "inflate": 0.01, "pivot": [0, 6.35, -9.8], "rotation": [-45, 0, 0], "uv": [22, 6]},
						{"origin": [-0.5, 7.35, -9.55], "size": [1, 0, 2], "uv": [0, 9]},
						{"origin": [1, 6.35, -8.8], "size": [0, 1, 1], "pivot": [0, 6.35, -9.8], "rotation": [-45, 0, 0], "uv": [16, 8]},
						{"origin": [1.24, 7.85, -7.3], "size": [0, 1, 1], "pivot": [0, 6.35, -9.8], "rotation": [-45, 0, 0], "uv": [16, 2]},
						{"origin": [1.24, 8.35, -6.8], "size": [0, 1, 1], "pivot": [0, 6.35, -9.8], "rotation": [-45, 0, 0], "uv": [0, 4]},
						{"origin": [1.48, 9.1, -6.05], "size": [0, 1, 1], "pivot": [0, 6.35, -9.8], "rotation": [-45, 0, 0], "uv": [0, 4]},
						{"origin": [-0.99, 6.35, -8.8], "size": [0, 1, 1], "pivot": [0, 6.35, -9.8], "rotation": [-45, 0, 0], "uv": [16, 8], "mirror": true},
						{"origin": [-1.24, 7.85, -7.3], "size": [0, 1, 1], "pivot": [0, 6.35, -9.8], "rotation": [-45, 0, 0], "uv": [16, 2], "mirror": true},
						{"origin": [-1.24, 8.35, -6.8], "size": [0, 1, 1], "pivot": [0, 6.35, -9.8], "rotation": [-45, 0, 0], "uv": [0, 4], "mirror": true},
						{"origin": [-1.48, 9.1, -6.05], "size": [0, 1, 1], "pivot": [0, 6.35, -9.8], "rotation": [-45, 0, 0], "uv": [0, 4], "mirror": true}
					]
				},
				{
					"name": "eyes",
					"parent": "Head",
					"pivot": [0, -0.65, -2.8]
				},
				{
					"name": "Left_Eyelid",
					"parent": "eyes",
					"pivot": [0.55, 6.725, -5.075],
					"cubes": [
						{"origin": [-0.7, 6.1, -6.9], "size": [2, 1, 2], "inflate": 0.01, "uv": [10, 9]},
						{"origin": [0.261, 6.35, -6.2], "size": [1, 1, 2], "inflate": 0.01, "uv": [5, 21]},
						{"origin": [0.26, 6.35, -5.9], "size": [1, 1, 2], "inflate": 0.01, "uv": [5, 21]},
						{"origin": [-0.7, 6.1, -5.3], "size": [2, 1, 2], "inflate": 0.01, "uv": [10, 9]}
					]
				},
				{
					"name": "Right_Eyelid",
					"parent": "eyes",
					"pivot": [-0.53025, 6.725, -5.075],
					"cubes": [
						{"origin": [-1.261, 6.35, -6.2], "size": [1, 1, 2], "inflate": 0.01, "uv": [5, 21], "mirror": true},
						{"origin": [-1.3, 6.1, -6.9], "size": [2, 1, 2], "inflate": 0.01, "uv": [10, 9], "mirror": true},
						{"origin": [-1.3, 6.1, -5.3], "size": [2, 1, 2], "inflate": 0.01, "uv": [10, 9], "mirror": true},
						{"origin": [-1.26, 6.35, -5.9], "size": [1, 1, 2], "inflate": 0.01, "uv": [5, 21], "mirror": true}
					]
				},
				{
					"name": "LeftEye",
					"parent": "eyes",
					"pivot": [0, -0.65, -2.8],
					"cubes": [
						{"origin": [1.51, 6.35, -5.55], "size": [0, 1, 1], "uv": [12, 11]},
						{"origin": [1.51, 6.1, -6.9], "size": [0, 1, 1], "uv": [0, 11]},
						{"origin": [1.52, 6.35, -6.2], "size": [0, 1, 1], "uv": [4, 4]},
						{"origin": [1.51, 6.1, -4.3], "size": [0, 1, 1], "uv": [2, 4]},
						{"origin": [1.52, 6.35, -4.9], "size": [0, 1, 1], "uv": [10, 11]}
					]
				},
				{
					"name": "RightEye",
					"parent": "eyes",
					"pivot": [0, -0.65, -2.8],
					"cubes": [
						{"origin": [-1.51, 6.35, -5.55], "size": [0, 1, 1], "uv": [12, 11], "mirror": true},
						{"origin": [-1.51, 6.1, -6.9], "size": [0, 1, 1], "uv": [0, 11], "mirror": true},
						{"origin": [-1.52, 6.35, -6.2], "size": [0, 1, 1], "uv": [4, 4], "mirror": true},
						{"origin": [-1.52, 6.35, -4.9], "size": [0, 1, 1], "uv": [10, 11], "mirror": true},
						{"origin": [-1.51, 6.1, -4.3], "size": [0, 1, 1], "uv": [2, 4], "mirror": true}
					]
				},
				{
					"name": "BackFire",
					"parent": "Body",
					"pivot": [0, 1.25, 1],
					"cubes": [
						{"origin": [-0.5, 7.8, 3], "size": [1, 0, 3], "uv": [0, 0]},
						{"origin": [-0.5, 7.79, 3], "size": [1, 0, 2], "pivot": [0, 7.75, 5], "rotation": [0, -42.5, 0], "uv": [0, 11]},
						{"origin": [-0.5, 7.79, 3], "size": [1, 0, 2], "pivot": [0, 7.75, 5], "rotation": [0, 42.5, 0], "uv": [8, 9]}
					]
				},
				{
					"name": "TailBase",
					"parent": "Body",
					"pivot": [0, 6.75, 6],
					"cubes": [
						{"origin": [-1, 5.75, 5.75], "size": [2, 2, 4], "uv": [10, 12]},
						{"origin": [-0.5, 6.751, 5.75], "size": [1, 1, 4], "inflate": 0.01, "uv": [16, 6]}
					]
				},
				{
					"name": "TailMiddle",
					"parent": "TailBase",
					"pivot": [0, 6.75, 9.75],
					"rotation": [0, 0, 0],
					"cubes": [
						{"origin": [-1, 5.75, 9.5], "size": [2, 2, 3], "inflate": -0.09, "uv": [0, 16]},
						{"origin": [-0.5, 6.665, 9.4], "size": [1, 1, 3], "inflate": 0.02, "uv": [22, 0]}
					]
				},
				{
					"name": "TailMiddle2",
					"parent": "TailMiddle",
					"pivot": [0, 7, 12.5],
					"cubes": [
						{"origin": [-0.5, 6.5, 12], "size": [1, 1, 3], "inflate": 0.1, "uv": [0, 21]},
						{"origin": [-0.5, 6.66, 12.14], "size": [1, 1, 3], "inflate": -0.05, "uv": [17, 20]}
					]
				},
				{
					"name": "TailTip",
					"parent": "TailMiddle2",
					"pivot": [0, 7, 15],
					"cubes": [
						{"origin": [0.02, 6.5, 14.75], "size": [0, 1, 3], "uv": [0, 1]},
						{"origin": [0, 6.61, 14.75], "size": [0, 1, 3], "uv": [0, 0]},
						{"origin": [-0.02, 6.5, 14.75], "size": [0, 1, 3], "uv": [0, 1], "mirror": true},
						{"origin": [0, 6.61, 14.75], "size": [0, 1, 3], "uv": [0, 0], "mirror": true}
					]
				}
			]
		}
	]
}