{
  "portraitScale": 1.2,
  "portraitTranslation": [ -0.2, 0.5, 0 ],
  "profileScale": 0.6,
  "profileTranslation": [ 0, 0.9, 0 ],
  "poses": {
    "standing": {
      "poseName": "standing",
      "transformTicks": 10,
      "poseTypes": [
        "STAND",
        "NONE",
        "PORTRAIT",
        "PROFILE"
      ],
      "animations": [
        "bedrock(gengar2, ground_idle)"
      ],
        "quirks": [
          {
            "name": "blink",
            "animations": ["bedrock(gengar2, blink)"]
          }
		]
    },
    "walking": {
      "poseName": "walking",
      "transformTicks": 10,
      "poseTypes": [ "WALK" ],
      "animations": [ "bedrock(gengar2, ground_walk)" ]
    }
  }
}