{
	"format_version": "1.8.0",
	"animations": {
		"animation.lilligant.dex": {
			"loop": true,
			"bones": {
				"torso": {
					"rotation": [0, 0, 0]
				},
				"sidehair_left2": {
					"rotation": [27.29887, 3.45533, 3.33933]
				},
				"sidehair_right2": {
					"rotation": [20, 0, 15]
				},
				"hat": {
					"rotation": [-3.61199, 43.96792, 4.87106],
					"position": [0, 0, -0.2]
				},
				"hair": {
					"rotation": [24.71368, -0.82269, -5.35348],
					"position": [0.05, 0, 0.25]
				},
				"body_lower": {
					"rotation": [0, 0, 0]
				},
				"arm_right": {
					"rotation": [28.31365, -47.48901, -45.95756]
				},
				"head": {
					"rotation": [0, 0, 0]
				},
				"hair4": {
					"rotation": [-15, 0, 0]
				},
				"hair2": {
					"rotation": [10, 0, 0]
				},
				"arm_right2": {
					"rotation": [-5.41602, -4.54585, -25.00332]
				},
				"arm_right3": {
					"rotation": [0, -7.5, -20]
				},
				"arm_left": {
					"rotation": [19.3352, 46.54108, 45.044]
				},
				"arm_left2": {
					"rotation": [-5.41602, 4.54585, 27.50332]
				},
				"arm_left3": {
					"rotation": [0, 5, 17.5]
				},
				"foot_back": {
					"rotation": [0, 0, 0]
				},
				"skirtleaf_right": {
					"rotation": [0, 47.5, 0]
				},
				"sidehair_right": {
					"rotation": [-1, 22.5, 20]
				},
				"sidehair_left": {
					"rotation": [-1.01823, -16.49938, -34.92725],
					"position": [0, 0, -0.1]
				},
				"skirt_front": {
					"position": [0, 0, 0]
				},
				"skirt_right": {
					"position": [0, 0, 0]
				},
				"skirtleaf_right2": {
					"rotation": [0, 0, -72.5]
				},
				"skirtleaf_left": {
					"rotation": [0, -47.5, 0]
				},
				"skirtleaf_left2": {
					"rotation": [0, 0, 72.5]
				},
				"hair3": {
					"rotation": [-15, 0, 0]
				},
				"hair2_right": {
					"position": [0, -0.5, 0]
				},
				"hair2_left": {
					"position": [0, -0.5, 0]
				},
				"crowntip4": {
					"rotation": [0, 5, 0]
				},
				"eye_left": {
					"rotation": [0, 0, 5]
				},
				"eye_right": {
					"rotation": [0, 0, -5]
				},
				"leaf_back": {
					"rotation": [2.88066, -29.8742, -5.76863],
					"position": [1.41138, 0.08298, -0.03327]
				},
				"leaf_right": {
					"rotation": [17.5, 15, 0]
				},
				"leaf_back2": {
					"rotation": [0, 0, -17.5]
				},
				"leaf_right2": {
					"rotation": [0, 0, -25]
				}
			}
		},
		"animation.lilligant.ground_walk": {
			"loop": true,
			"animation_length": 1.33333,
			"bones": {
				"torso": {
					"rotation": {
						"0.0": [0, 0, 0],
						"0.2917": [22.5, 0, 0],
						"0.7083": [-7.5, 0, 0],
						"0.9167": [2.5, 0, 0],
						"1.3333": [0, 0, 0]
					},
					"position": {
						"0.0": [0, -1, 0],
						"0.2917": [0, -1, 0],
						"0.7083": [0, -1, 0],
						"1.125": [0, -2, 0],
						"1.3333": [0, -1, 0]
					}
				},
				"sidehair_left2": {
					"rotation": {
						"0.0": [27.29887, 3.45533, 3.33933],
						"0.5": [49.79887, 3.45533, 3.33933],
						"0.7083": [-19.70113, 3.45533, 3.33933],
						"0.8333": [-33.10113, 3.45533, 3.33933],
						"1.0": [-35.84399, 3.45533, 3.33933],
						"1.3333": [27.29887, 3.45533, 3.33933]
					}
				},
				"sidehair_right2": {
					"rotation": {
						"0.0": [20, 0, 15],
						"0.5833": [32.5, 0, 15],
						"0.75": [-1.55171, -1.53576, -12.4538],
						"0.875": [-55.39408, -1.09697, -4.60985],
						"1.0": [-55.31527, -0.87758, -0.68788],
						"1.3333": [20, 0, 15]
					}
				},
				"hat": {
					"rotation": {
						"0.0": [-3.61199, 43.96792, 4.87106],
						"0.25": [6.2233, 44.0723, 11.82478],
						"0.4583": [14.09154, 43.46699, 17.36486],
						"0.6667": [-9.50365, 42.74216, 0.71342],
						"0.875": [-24.0204, 41.0191, -11.17242],
						"1.3333": [-3.61199, 43.96792, 4.87106]
					},
					"position": {
						"0.0": [0, 0, -0.2],
						"1.3333": [0, 0, -0.2]
					}
				},
				"hair": {
					"rotation": {
						"0.0": [24.71368, -0.82269, -5.35348],
						"0.25": [28.57732, -0.82269, -5.35348],
						"0.4583": [27.21368, -0.82269, -5.35348],
						"0.6667": [24.11844, -0.82269, -5.35348],
						"0.875": [31.80445, -0.82269, -5.35348],
						"1.3333": [24.71368, -0.82269, -5.35348]
					},
					"position": {
						"0.0": [0.05, 0, 0.25],
						"1.3333": [0.05, 0, 0.25]
					}
				},
				"body_lower": {
					"rotation": {
						"0.0": [0, 0, 0],
						"0.4583": [0, 0, 0],
						"0.625": [15, 0, 0],
						"0.7917": [-7.5, 0, 0],
						"1.0417": [0, 0, 0],
						"1.3333": [0, 0, 0]
					},
					"position": {
						"0.0": [0, 0, 0],
						"0.2917": [0, -0.75, 0],
						"0.625": [0, 0.25, 0],
						"1.125": [0, -0.3, 0],
						"1.3333": [0, 0, 0]
					}
				},
				"arm_right": {
					"rotation": {
						"0.0": [28.31365, -47.48901, -45.95756],
						"0.7083": [25.00445, -31.91472, -42.85106],
						"1.3333": [28.31365, -47.48901, -45.95756]
					}
				},
				"head": {
					"rotation": {
						"0.0": [0, 0, 0],
						"1.3333": [0, 0, 0]
					}
				},
				"hair4": {
					"rotation": {
						"0.0": [-15, 0, 0],
						"0.25": [-7.5, 0, 0],
						"0.4583": [11.06, 0, 0],
						"0.6667": [-2.64, 0, 0],
						"0.9583": [16, 0, 0],
						"1.3333": [-15, 0, 0]
					}
				},
				"hair2": {
					"rotation": {
						"0.0": [10, 0, 0],
						"0.25": [-5, 0, 0],
						"0.4583": [-5.38, 0, 0],
						"0.6667": [7.73, 0, 0],
						"0.9583": [10.94, 0, 0],
						"1.3333": [10, 0, 0]
					}
				},
				"arm_right2": {
					"rotation": {
						"0.0": [-5.41602, -4.54585, -25.00332],
						"1.3333": [-5.41602, -4.54585, -25.00332]
					}
				},
				"arm_right3": {
					"rotation": {
						"0.0": [0, -7.5, -20],
						"1.3333": [0, -7.5, -20]
					}
				},
				"arm_left": {
					"rotation": {
						"0.0": [19.3352, 46.54108, 45.044],
						"0.7083": [14.55042, 24.97596, 37.00915],
						"1.3333": [19.3352, 46.54108, 45.044]
					}
				},
				"arm_left2": {
					"rotation": {
						"0.0": [-5.41602, 4.54585, 27.50332],
						"1.3333": [-5.41602, 4.54585, 27.50332]
					}
				},
				"arm_left3": {
					"rotation": {
						"0.0": [0, 5, 17.5],
						"1.3333": [0, 5, 17.5]
					}
				},
				"foot_back": {
					"rotation": {
						"0.0": [0, 0, 0],
						"0.25": [0, 0, 0],
						"0.4583": [-20, 0, 0],
						"0.8333": [0, 0, 0],
						"1.3333": [0, 0, 0]
					},
					"position": {
						"0.0": [0, 0, 0],
						"0.25": [0, 0, 0],
						"0.625": [0, 1, 0],
						"0.8333": [0, 0, 0],
						"1.3333": [0, 0, 0]
					}
				},
				"skirtleaf_right": {
					"rotation": {
						"0.0": [0, 47.5, 0],
						"0.2917": [5.43327, 47.2626, 7.37872],
						"0.4583": [1.85159, 47.44054, 2.51219],
						"0.625": [11.96997, 46.2922, 16.34531],
						"1.0": [22.6549, 42.7329, 31.59267],
						"1.3333": [0, 47.5, 0]
					},
					"position": [0, 0.01, 0]
				},
				"sidehair_right": {
					"rotation": {
						"0.0": [-1, 22.5, 20],
						"0.2917": [1.47476, 20.00084, 19.93038],
						"0.4583": [-6.65159, 19.70852, 11.99067],
						"0.7083": [-16.05536, 25.98796, 23.78297],
						"0.8333": [-25.54428, 25.29036, 23.02637],
						"1.3333": [-1, 22.5, 20]
					}
				},
				"sidehair_left": {
					"rotation": {
						"0.0": [-1.01823, -16.49938, -34.92725],
						"0.2917": [6.48177, -16.49938, -34.92725],
						"0.5": [-0.01823, -16.49938, -34.92725],
						"0.625": [-12.66823, -16.49938, -34.92725],
						"0.75": [-35.61234, -16.49938, -34.92725],
						"0.9167": [-27.44845, -25.44738, -30.13859],
						"1.3333": [-1.01823, -16.49938, -34.92725]
					},
					"position": {
						"0.0": [0, 0, -0.1],
						"1.3333": [0, 0, -0.1]
					}
				},
				"skirt_front": {
					"position": {
						"0.0": [0, 0, 0],
						"1.3333": [0, 0, 0]
					}
				},
				"skirt_right": {
					"position": {
						"0.0": [0, 0, 0],
						"1.3333": [0, 0, 0]
					}
				},
				"skirtleaf_right2": {
					"rotation": {
						"0.0": [0, 0, -72.5],
						"0.2917": [0, 0, -55],
						"0.4583": [0, 0, -95.3],
						"0.625": [0, 0, -69.44],
						"1.0": [0, 0, 18.89],
						"1.3333": [0, 0, -72.5]
					}
				},
				"skirtleaf_left": {
					"rotation": {
						"0.0": [0, -47.5, 0],
						"0.2917": [5.43327, -47.2626, -7.37872],
						"0.4583": [1.85159, -47.44054, -2.51219],
						"0.7083": [11.96997, -46.2922, -16.34531],
						"1.0": [18.98211, -44.2384, -26.24108],
						"1.3333": [0, -47.5, 0]
					},
					"position": [0, 0.01, 0]
				},
				"skirtleaf_left2": {
					"rotation": {
						"0.0": [0, 0, 72.5],
						"0.2917": [0, 0, 55],
						"0.4583": [0, 0, 95.3],
						"0.625": [0, 0, 63.79],
						"1.0": [0, 0, -10.05],
						"1.3333": [0, 0, 72.5]
					}
				},
				"hair3": {
					"rotation": {
						"0.0": [-15, 0, 0],
						"0.25": [-5, 0, 0],
						"0.4583": [3.08, 0, 0],
						"0.6667": [-1.22, 0, 0],
						"1.0": [16.97, 0, 0],
						"1.3333": [-15, 0, 0]
					}
				},
				"hair2_right": {
					"position": {
						"0.0": [0, -0.5, 0],
						"1.3333": [0, -0.5, 0]
					}
				},
				"hair2_left": {
					"position": {
						"0.0": [0, -0.5, 0],
						"1.3333": [0, -0.5, 0]
					}
				},
				"crowntip4": {
					"rotation": {
						"0.0": [0, 0, 0],
						"0.2917": [-30.44449, -28.41464, -37.19628],
						"0.5": [41.41251, -4.4567, -12.11345],
						"0.7917": [-5.12224, -20.12321, -23.33178],
						"1.3333": [0, 0, 0]
					}
				},
				"eye_left": {
					"rotation": {
						"0.0": [0, 0, 5],
						"1.3333": [0, 0, 5]
					}
				},
				"eye_right": {
					"rotation": {
						"0.0": [0, 0, -5],
						"1.3333": [0, 0, -5]
					}
				},
				"leaf_back": {
					"rotation": {
						"0.0": [2.88066, -29.8742, -5.76863],
						"0.2917": [1.83254, -17.48551, -2.49709],
						"0.5": [5.61032, -19.29393, -13.74633],
						"0.625": [5.99476, -35.8106, -14.2075],
						"0.7917": [0.0867, -34.7646, -3.11842],
						"1.3333": [2.88066, -29.8742, -5.76863]
					},
					"position": {
						"0.0": [1.41138, 0.08298, -0.03327],
						"1.3333": [1.41138, 0.08298, -0.03327]
					}
				},
				"leaf_right": {
					"rotation": {
						"0.0": [17.5, 15, 0],
						"0.2917": [17.40983, 33.16332, 1.01389],
						"0.5": [22.28286, 27.76538, 7.55228],
						"0.625": [19.30513, 18.85656, 2.89085],
						"0.7917": [15.40839, 19.49016, -3.67785],
						"1.3333": [17.5, 15, 0]
					}
				},
				"leaf_back2": {
					"rotation": {
						"0.0": [0, 0, -17.5],
						"0.5": [0, 0, -37.5],
						"0.7917": [0, 0, 24.5],
						"1.3333": [0, 0, -17.5]
					}
				},
				"leaf_right2": {
					"rotation": {
						"0.0": [0, 0, -25],
						"0.5": [0, 0, -42.5],
						"0.7917": [0, 0, 21.13],
						"1.3333": [0, 0, -25]
					}
				},
				"body": {
					"position": {
						"0.4167": [0, 0, 0],
						"0.7083": [0, 4, 0],
						"0.9583": [0, 0, 0]
					}
				},
				"neck_front": {
					"rotation": {
						"0.0": [0, 0, 0],
						"0.2917": [20, 0, 0],
						"0.4583": [17.5, 0, 0],
						"0.7083": [30, 0, 0],
						"0.9167": [-42.5, 0, 0],
						"1.3333": [0, 0, 0]
					}
				},
				"neck_left": {
					"rotation": {
						"0.0": [0, 0, 0],
						"0.2917": [24.47761, 5.24826, -11.36081],
						"0.4583": [-12.45392, -1.08089, -4.88206],
						"0.7083": [-7.47178, -0.65182, -4.95744],
						"0.9167": [-7.5, 0, -25],
						"1.3333": [0, 0, 0]
					},
					"position": {
						"0.0": [0, 0, 0],
						"1.3333": [0, 0, 0]
					}
				},
				"neck_right": {
					"rotation": {
						"0.0": [0, 0, 0],
						"0.2917": [24.47761, 5.24826, 11.3608],
						"0.4583": [-12.45392, -1.08089, 4.8821],
						"0.7083": [-7.47178, -0.65182, 4.9574],
						"0.9167": [-7.5, 0, 25],
						"1.3333": [0, 0, 0]
					},
					"position": {
						"0.0": [0, 0, 0],
						"1.3333": [0, 0, 0]
					}
				},
				"neck_back": {
					"rotation": {
						"0.0": [0, 0, 0],
						"0.2917": [25, 0, 0],
						"0.4583": [7.5, 0, 0],
						"0.7083": [-7.5, 0, 0],
						"0.9167": [35, 0, 0],
						"1.3333": [0, 0, 0]
					}
				},
				"crowntip": {
					"rotation": {
						"0.0": [0, 0, 0],
						"0.2917": [-30.44449, -28.41464, -37.19628],
						"0.5": [41.41251, -4.4567, -12.11345],
						"0.7917": [-5.12224, -20.12321, -23.33178],
						"1.3333": [0, 0, 0]
					}
				},
				"crowntip2": {
					"rotation": {
						"0.0": [0, 0, 0],
						"0.2917": [-30.44449, -28.41464, -37.19628],
						"0.5": [41.41251, -4.4567, -12.11345],
						"0.7917": [-5.12224, -20.12321, -23.33178],
						"1.3333": [0, 0, 0]
					}
				},
				"crowntip3": {
					"rotation": {
						"0.0": [0, 0, 0],
						"0.2917": [-30.44449, -28.41464, -37.19628],
						"0.5": [41.41251, -4.4567, -12.11345],
						"0.7917": [-5.12224, -20.12321, -23.33178],
						"1.3333": [0, 0, 0]
					}
				},
				"crowntip5": {
					"rotation": {
						"0.0": [0, 0, 0],
						"0.2917": [-30.44449, -28.41464, -37.19628],
						"0.5": [41.41251, -4.4567, -12.11345],
						"0.7917": [-5.12224, -20.12321, -23.33178],
						"1.3333": [0, 0, 0]
					}
				},
				"foot_front": {
					"rotation": {
						"0.0": [0, 0, 0],
						"0.25": [0, 0, 0],
						"0.4583": [20, 0, 0],
						"0.8333": [0, 0, 0],
						"1.3333": [0, 0, 0]
					},
					"position": {
						"0.0": [0, 0, 0],
						"0.25": [0, 0, 0],
						"0.625": [0, 1, 0],
						"0.8333": [0, 0, 0],
						"1.3333": [0, 0, 0]
					}
				},
				"foot_left": {
					"rotation": {
						"0.0": [0, 0, 0],
						"0.25": [0, 0, 0],
						"0.4583": [0, 0, 20],
						"0.8333": [0, 0, 0],
						"1.3333": [0, 0, 0]
					},
					"position": {
						"0.0": [0, 0, 0],
						"0.25": [0, 0, 0],
						"0.625": [0, 1, 0],
						"0.8333": [0, 0, 0],
						"1.3333": [0, 0, 0]
					}
				},
				"foot_right": {
					"rotation": {
						"0.0": [0, 0, 0],
						"0.25": [0, 0, 0],
						"0.4583": [0, 0, -20],
						"0.8333": [0, 0, 0],
						"1.3333": [0, 0, 0]
					},
					"position": {
						"0.0": [0, 0, 0],
						"0.25": [0, 0, 0],
						"0.625": [0, 1, 0],
						"0.8333": [0, 0, 0],
						"1.3333": [0, 0, 0]
					}
				}
			}
		},
		"animation.lilligant.ground_idle": {
			"loop": true,
			"override_previous_animation": true,
			"bones": {
				"torso": {
					"rotation": [0, "2*math.sin(q.anim_time*180-90)*0.5", "-2*math.sin(q.anim_time*180-90)*1"],
					"position": [0, -1, 0]
				},
				"sidehair_left2": {
					"rotation": ["-4*(math.sin(q.anim_time*360-120)*1)", 0, "-5-2*(math.sin(q.anim_time*360-80)*4)"]
				},
				"sidehair_right2": {
					"rotation": [12, 0, "-2*(math.sin(q.anim_time*360+80)*4)"]
				},
				"hat": {
					"rotation": [0, 0, "+1.1*(math.sin(q.anim_time*360+40)*2)"],
					"position": [0.24126, -0.74962, -0.45046]
				},
				"hair": {
					"rotation": ["15+2*math.sin(q.anim_time*360+120)*1", 0, "6*math.sin(q.anim_time*180+110)*1"]
				},
				"body_lower": {
					"rotation": ["-0.5*(math.sin(q.anim_time*360+120)*1.5)", "-0.5*(math.sin(q.anim_time*180)*1.5)", "1*(math.sin(q.anim_time*180)*1.5)"]
				},
				"arm_right": {
					"rotation": [0, 0, "-35-1*(math.sin(q.anim_time*360+120)*2)"]
				},
				"head": {
					"rotation": [0, "1*math.sin(q.anim_time*90*3*1.5-90)*1", "1*math.sin(q.anim_time*90*3*1.5-90)*1"]
				},
				"hair4": {
					"rotation": ["5+2*math.sin(q.anim_time*360+80)*2", 0, "8*math.sin(q.anim_time*180+80)*1"]
				},
				"hair2": {
					"rotation": ["15+2*math.sin(q.anim_time*360+100)*1", 0, "4*math.sin(q.anim_time*180+100)*1"]
				},
				"arm_right2": {
					"rotation": [0, 0, "35-1*(math.sin(q.anim_time*360+80)*2)"]
				},
				"arm_right3": {
					"rotation": [0, 0, "35-3*(math.sin(q.anim_time*360+70)*2)"]
				},
				"arm_left": {
					"rotation": [0, 0, "35+1*(math.sin(q.anim_time*360+120)*2)"]
				},
				"arm_left2": {
					"rotation": [0, 0, "-35+1*(math.sin(q.anim_time*360+80)*2)"]
				},
				"arm_left3": {
					"rotation": [0, 0, "-35+3*(math.sin(q.anim_time*360+70)*2)"]
				},
				"foot_back": {
					"rotation": ["1*(math.sin(q.anim_time*360+120)*4)", 0, 0]
				},
				"skirtleaf_right": {
					"rotation": [0, "47.5+1*(math.sin(q.anim_time*180+120)*2)", 0],
					"position": [0, 0.01, 0]
				},
				"sidehair_right": {
					"rotation": [-1, 22.5, "20-2*(math.sin(q.anim_time*360+120)*2)"]
				},
				"sidehair_left": {
					"rotation": ["-4-2*(math.sin(q.anim_time*360+120)*2)", 0, "-30-2*(math.sin(q.anim_time*180)*4)"]
				},
				"skirt_front": {
					"position": [0, 0, 0]
				},
				"skirt_right": {
					"position": [0, 0, 0]
				},
				"skirtleaf_right2": {
					"rotation": [0, 0, "-72.5+1*(math.sin(q.anim_time*360+70)*2)"]
				},
				"skirtleaf_left": {
					"rotation": [0, "-47.5+1*(math.sin(q.anim_time*180+120)*2)", 0],
					"position": [0, 0.01, 0]
				},
				"skirtleaf_left2": {
					"rotation": [0, 0, "72.5+1*(math.sin(q.anim_time*360+70)*2)"]
				},
				"hair3": {
					"rotation": ["15+2*math.sin(q.anim_time*360+90)*1", 0, "6*math.sin(q.anim_time*180+90)*1"]
				},
				"hair2_right": {
					"position": [0, -0.5, 0]
				},
				"hair2_left": {
					"position": [0, -0.5, 0]
				},
				"crowntip4": {
					"rotation": ["4*(math.sin(q.anim_time*360+40)*2)", "4*(math.sin(q.anim_time*360+40)*2)", "4*(math.sin(q.anim_time*360+40)*2+4)"]
				},
				"eye_left": {
					"rotation": [0, 0, 5]
				},
				"eye_right": {
					"rotation": [0, 0, -5]
				},
				"crowntip": {
					"rotation": ["4*(math.sin(q.anim_time*360+40)*2)", "6*(math.sin(q.anim_time*360+40)*2)", "-2*(math.sin(q.anim_time*360+40)*2+4)"]
				},
				"crowntip2": {
					"rotation": ["4*(math.sin(q.anim_time*360+40)*2)", "4*(math.sin(q.anim_time*360+40)*2)", "-4*(math.sin(q.anim_time*360+40)*2+4)"]
				},
				"crowntip3": {
					"rotation": ["-4*(math.sin(q.anim_time*360+40)*2)", "-4*(math.sin(q.anim_time*360+40)*2)", "-4*(math.sin(q.anim_time*360+40)*2+4)"]
				},
				"crowntip5": {
					"rotation": ["-4*(math.sin(q.anim_time*360+40)*2)", "4*(math.sin(q.anim_time*360+40)*2)", "2*(math.sin(q.anim_time*360+40)*2+4)"]
				},
				"neck_back": {
					"rotation": ["-4*(math.sin(q.anim_time*360+120)*2)", "+4*(math.sin(q.anim_time*180+20)*4)", 0],
					"position": [0, 1, -0.25]
				},
				"neck_left": {
					"rotation": [0, "+4*(math.sin(q.anim_time*180+20)*4)", "-10+4*(math.sin(q.anim_time*360+120)*1.2)"],
					"position": [-1, 1, 0]
				},
				"neck_front": {
					"rotation": ["+2*(math.sin(q.anim_time*360+80)*2)", "+4*(math.sin(q.anim_time*180+20)*4)", "+2*(math.cos(q.anim_time*180+120)*2)"],
					"position": [0, 0.5, 0.5]
				},
				"neck_right": {
					"rotation": [0, "+4*(math.sin(q.anim_time*180+20)*4)", "0+10-4*(math.sin(q.anim_time*360+120)*1.2)"],
					"position": [1, 1, 0]
				},
				"foot_right": {
					"rotation": [0, 0, "-2*(math.sin(q.anim_time*180)*2)"]
				},
				"foot_left": {
					"rotation": [0, 0, "-2*(math.sin(q.anim_time*180)*2)"]
				},
				"foot_front": {
					"rotation": ["1*(math.sin(q.anim_time*360+120)*4)", 0, 0]
				},
				"leaf_back": {
					"rotation": ["1*(math.sin(q.anim_time*360+40)*2)", "-4+1*(math.sin(q.anim_time*360+40)*1)", "-1.5*(math.sin(q.anim_time*360+80)*1+6)"],
					"position": [1.21505, 1.25185, 0.45718]
				},
				"leaf_right": {
					"rotation": ["1*(math.sin(q.anim_time*360+40)*2)", "-4*(math.sin(q.anim_time*180+40)*2)", "2.5*(math.sin(q.anim_time*360+80)*1+2)"],
					"position": [-0.0421, 0.99911, 0.00091]
				},
				"leaf_back2": {
					"rotation": ["1*(math.sin(q.anim_time*360+40)*2)", "1*(math.sin(q.anim_time*360+40)*2)", "-2*(math.sin(q.anim_time*360+40)*2+6)"]
				},
				"leaf_right2": {
					"rotation": ["1*(math.sin(q.anim_time*360+40)*2)", "-1*(math.sin(q.anim_time*360+40)*2)", "-2*(math.sin(q.anim_time*360)*1+4)"]
				}
			}
		},
		"animation.lilligant.blink": {
			"loop": true,
			"animation_length": 1,
			"bones": {
				"eye_right": {
					"position": {
						"0.0": [0, 0, 0],
						"0.375": [0, 0, 0],
						"0.4583": [0, 0, 1],
						"0.5417": [0, 0, 0]
					}
				},
				"eye_left": {
					"position": {
						"0.0": [0, 0, 0],
						"0.375": [0, 0, 0],
						"0.4583": [0, 0, 1],
						"0.5417": [0, 0, 0]
					}
				}
			}
		}
	}
}