{
	"format_version": "1.12.0",
	"minecraft:geometry": [
		{
			"description": {
				"identifier": "geometry.unknown",
				"texture_width": 128,
				"texture_height": 128,
				"visible_bounds_width": 8,
				"visible_bounds_height": 5.5,
				"visible_bounds_offset": [0, 2.25, 0]
			},
			"bones": [
				{
					"name": "bb_main",
					"pivot": [0, 0, 0],
					"cubes": [
						{"origin": [18, 37.25, 0], "size": [8, 4, 0], "uv": [91, 119]}
					]
				},
				{
					"name": "deoxys",
					"pivot": [0.5, 0.25, -1]
				},
				{
					"name": "body",
					"parent": "deoxys",
					"pivot": [0, 45.82143, 3.14286],
					"cubes": [
						{"origin": [-4, 41.75, -2], "size": [8, 7, 7], "uv": [54, 46]},
						{"origin": [-5, 43.5, -3], "size": [10, 7, 9], "uv": [0, 22]},
						{"origin": [-2, 46.5, -0.25], "size": [4, 7, 4], "uv": [82, 63]},
						{"origin": [-2.5, 37.75, -1], "size": [5, 6, 5], "uv": [0, 72]},
						{"origin": [1, 44.25, 4.25], "size": [2, 2, 2], "inflate": -0.1, "uv": [32, 101]},
						{"origin": [-3, 44.25, 4.25], "size": [2, 2, 2], "inflate": -0.1, "uv": [50, 101]},
						{"origin": [-1, 46.25, 4.25], "size": [2, 2, 2], "inflate": -0.1, "uv": [40, 101]}
					]
				},
				{
					"name": "chestdetail",
					"parent": "body",
					"pivot": [0.5, 45.74536, 1.96954],
					"cubes": [
						{"origin": [-3, 43.49536, -3.03046], "size": [2, 6, 0], "pivot": [-3, 46.49536, -3.03046], "rotation": [0, -45, 0], "uv": [0, 22]},
						{"origin": [-3, 47.5, -3], "size": [6, 2, 0], "pivot": [0, 49.5, -3], "rotation": [45, 0, 0], "uv": [40, 0]},
						{"origin": [1, 43.49536, -3.03046], "size": [2, 6, 0], "pivot": [3, 46.49536, -3.03046], "rotation": [0, 45, 0], "uv": [4, 22]},
						{"origin": [-3, 43.5, -3], "size": [6, 2, 0], "pivot": [0, 43.5, -3], "rotation": [-45, 0, 0], "uv": [18, 50]},
						{"origin": [-2, 44.5, -2.5], "size": [4, 4, 2], "uv": [48, 46]}
					]
				},
				{
					"name": "collar",
					"parent": "body",
					"pivot": [-0.5, 45.74536, 1.96954],
					"cubes": [
						{"origin": [-3.5, 48.04429, 3.21505], "size": [7, 2, 3], "uv": [81, 0]},
						{"origin": [-3.5, 49.24768, -2.89023], "size": [7, 2, 9], "pivot": [-0.5, 50.24768, 1.60977], "rotation": [10, 0, 0], "uv": [58, 0]}
					]
				},
				{
					"name": "hips",
					"parent": "body",
					"pivot": [0, 38.25, 1.5],
					"cubes": [
						{"origin": [-4.5, 32.75, -2], "size": [9, 5, 7], "uv": [56, 19]},
						{"origin": [-5, 34.75, -2.5], "size": [10, 4, 8], "uv": [0, 38]},
						{"origin": [-4, 33.76695, 5.51955], "size": [8, 5, 2], "pivot": [0, 38.80762, 5.46717], "rotation": [-27.5, 0, 0], "uv": [77, 46]}
					]
				},
				{
					"name": "human_armleft",
					"parent": "body",
					"pivot": [5, 48.25, 2]
				},
				{
					"name": "left_bicep",
					"parent": "human_armleft",
					"pivot": [0, 13.25, -1],
					"cubes": [
						{"origin": [5, 47.25, -0.25], "size": [10, 2, 4], "uv": [20, 68]},
						{"origin": [5, 49.26, 0.25], "size": [10, 0, 3], "uv": [72, 60]}
					]
				},
				{
					"name": "left_forearm",
					"parent": "left_bicep",
					"pivot": [15, 48.25, 1.75],
					"cubes": [
						{"origin": [15, 47.25, -0.25], "size": [11, 2, 4], "uv": [65, 37]}
					]
				},
				{
					"name": "left_hand",
					"parent": "left_forearm",
					"pivot": [26, 48.25, 1.75],
					"cubes": [
						{"origin": [26, 49.02, 0.25], "size": [4, 0, 3], "uv": [26, 28]},
						{"origin": [26, 47, -0.25], "size": [4, 2, 4], "uv": [84, 53]}
					]
				},
				{
					"name": "left_index1",
					"parent": "left_hand",
					"pivot": [30, 48.25, 0.25],
					"cubes": [
						{"origin": [30, 47.75, -0.25], "size": [2, 1, 1], "uv": [54, 60]}
					]
				},
				{
					"name": "left_index2",
					"parent": "left_index1",
					"pivot": [32, 48.25, 0.25],
					"cubes": [
						{"origin": [32, 47.75, -0.25], "size": [2, 1, 1], "uv": [0, 44]}
					]
				},
				{
					"name": "left_middle1",
					"parent": "left_hand",
					"pivot": [30, 48.25, 1.25],
					"cubes": [
						{"origin": [30, 47.75, 0.75], "size": [2, 1, 1], "uv": [24, 58]}
					]
				},
				{
					"name": "left_middle2",
					"parent": "left_middle1",
					"pivot": [32, 48.25, 1.25],
					"cubes": [
						{"origin": [32, 47.75, 0.75], "size": [2, 1, 1], "uv": [52, 0]}
					]
				},
				{
					"name": "left_ring1",
					"parent": "left_hand",
					"pivot": [30, 48.25, 2.25],
					"cubes": [
						{"origin": [30, 47.75, 1.75], "size": [2, 1, 1], "uv": [24, 56]}
					]
				},
				{
					"name": "left_ring2",
					"parent": "left_ring1",
					"pivot": [32, 48.25, 2.25],
					"cubes": [
						{"origin": [32, 47.75, 1.75], "size": [2, 1, 1], "uv": [24, 52]}
					]
				},
				{
					"name": "left_pinky1",
					"parent": "left_hand",
					"pivot": [30, 48.25, 3.25],
					"cubes": [
						{"origin": [30, 47.75, 2.75], "size": [2, 1, 1], "uv": [55, 19]}
					]
				},
				{
					"name": "left_pinky2",
					"parent": "left_pinky1",
					"pivot": [32, 48.25, 3.25],
					"cubes": [
						{"origin": [32, 47.75, 2.75], "size": [2, 1, 1], "uv": [18, 54]}
					]
				},
				{
					"name": "left_thumb",
					"parent": "left_hand",
					"pivot": [28, 48, -0.25],
					"cubes": [
						{"origin": [27.5, 47.5, -3.25], "size": [1, 1, 3], "uv": [0, 4]}
					]
				},
				{
					"name": "human_armright",
					"parent": "body",
					"pivot": [-5, 48.25, 2]
				},
				{
					"name": "right_bicep",
					"parent": "human_armright",
					"pivot": [0, 13.25, -1],
					"cubes": [
						{"origin": [-15, 49.26, 0.25], "size": [10, 0, 3], "uv": [72, 60], "mirror": true},
						{"origin": [-15, 47.25, -0.25], "size": [10, 2, 4], "uv": [20, 68], "mirror": true}
					]
				},
				{
					"name": "right_forearm",
					"parent": "right_bicep",
					"pivot": [-15, 48.25, 1.75],
					"cubes": [
						{"origin": [-26, 47.25, -0.25], "size": [11, 2, 4], "uv": [65, 37], "mirror": true}
					]
				},
				{
					"name": "right_hand",
					"parent": "right_forearm",
					"pivot": [-26, 48.25, 1.75],
					"cubes": [
						{"origin": [-30, 49.02, 0.25], "size": [4, 0, 3], "uv": [26, 28], "mirror": true},
						{"origin": [-30, 47, -0.25], "size": [4, 2, 4], "uv": [84, 53], "mirror": true}
					]
				},
				{
					"name": "right_index1",
					"parent": "right_hand",
					"pivot": [-30, 48.25, 0.25],
					"cubes": [
						{"origin": [-32, 47.75, -0.25], "size": [2, 1, 1], "uv": [54, 60], "mirror": true}
					]
				},
				{
					"name": "right_index2",
					"parent": "right_index1",
					"pivot": [-32, 48.25, 0.25],
					"cubes": [
						{"origin": [-34, 47.75, -0.25], "size": [2, 1, 1], "uv": [0, 44], "mirror": true}
					]
				},
				{
					"name": "right_middle1",
					"parent": "right_hand",
					"pivot": [-30, 48.25, 1.25],
					"cubes": [
						{"origin": [-32, 47.75, 0.75], "size": [2, 1, 1], "uv": [24, 58], "mirror": true}
					]
				},
				{
					"name": "right_middle2",
					"parent": "right_middle1",
					"pivot": [-32, 48.25, 1.25],
					"cubes": [
						{"origin": [-34, 47.75, 0.75], "size": [2, 1, 1], "uv": [52, 0], "mirror": true}
					]
				},
				{
					"name": "right_ring1",
					"parent": "right_hand",
					"pivot": [-30, 48.25, 2.25],
					"cubes": [
						{"origin": [-32, 47.75, 1.75], "size": [2, 1, 1], "uv": [24, 56], "mirror": true}
					]
				},
				{
					"name": "right_ring2",
					"parent": "right_ring1",
					"pivot": [-32, 48.25, 2.25],
					"cubes": [
						{"origin": [-34, 47.75, 1.75], "size": [2, 1, 1], "uv": [24, 52], "mirror": true}
					]
				},
				{
					"name": "right_pinky1",
					"parent": "right_hand",
					"pivot": [-30, 48.25, 3.25],
					"cubes": [
						{"origin": [-32, 47.75, 2.75], "size": [2, 1, 1], "uv": [55, 19], "mirror": true}
					]
				},
				{
					"name": "right_pinky2",
					"parent": "right_pinky1",
					"pivot": [-32, 48.25, 3.25],
					"cubes": [
						{"origin": [-34, 47.75, 2.75], "size": [2, 1, 1], "uv": [18, 54], "mirror": true}
					]
				},
				{
					"name": "right_thumb",
					"parent": "right_hand",
					"pivot": [-28, 48, -0.25],
					"cubes": [
						{"origin": [-28.5, 47.5, -3.25], "size": [1, 1, 3], "uv": [0, 4], "mirror": true}
					]
				},
				{
					"name": "left_arm",
					"parent": "body",
					"pivot": [5, 48.25, 1.5]
				},
				{
					"name": "leftarm_red1",
					"parent": "left_arm",
					"pivot": [5, 49.25, 1.5],
					"cubes": [
						{"origin": [4, 48.25, 0.5], "size": [8, 2, 2], "uv": [82, 31]}
					]
				},
				{
					"name": "leftarm_red2",
					"parent": "leftarm_red1",
					"pivot": [12, 49.25, 1.5],
					"rotation": [0, 10, 12.5],
					"cubes": [
						{"origin": [12, 48.25, 0.5], "size": [7, 2, 2], "uv": [98, 90]}
					]
				},
				{
					"name": "leftarm_red3",
					"parent": "leftarm_red2",
					"pivot": [19, 49.25, 1.5],
					"rotation": [0, -10, 0],
					"cubes": [
						{"origin": [19, 48.25, 0.5], "size": [7, 2, 2], "uv": [98, 67]}
					]
				},
				{
					"name": "leftarm_red4",
					"parent": "leftarm_red3",
					"pivot": [26, 49.25, 1.5],
					"rotation": [0, -7.5, -12.5],
					"cubes": [
						{"origin": [26, 48.25, 0.5], "size": [7, 2, 2], "uv": [98, 57]}
					]
				},
				{
					"name": "leftarm_red5",
					"parent": "leftarm_red4",
					"pivot": [33, 49.25, 1.5],
					"rotation": [0, -7.5, -12.5],
					"cubes": [
						{"origin": [33, 48.25, 0.5], "size": [7, 2, 2], "uv": [96, 51]}
					]
				},
				{
					"name": "leftarm_red6",
					"parent": "leftarm_red5",
					"pivot": [40, 49.25, 1.5],
					"rotation": [0, 12.5, 0],
					"cubes": [
						{"origin": [40, 48.25, 0.5], "size": [7, 2, 2], "uv": [0, 95]}
					]
				},
				{
					"name": "leftarm_red7",
					"parent": "leftarm_red6",
					"pivot": [47, 49.25, 1.5],
					"rotation": [0, 12.5, 12.5],
					"cubes": [
						{"origin": [47, 48.25, 0.5], "size": [7, 2, 2], "pivot": [47, 49.25, 1.5], "rotation": [0, 0, -5], "uv": [18, 95]}
					]
				},
				{
					"name": "leftarm_blue1",
					"parent": "left_arm",
					"pivot": [5, 46.25, 1.5],
					"cubes": [
						{"origin": [4, 45.25, 0.5], "size": [8, 2, 2], "uv": [81, 21]}
					]
				},
				{
					"name": "leftarm_blue2",
					"parent": "leftarm_blue1",
					"pivot": [12, 46.25, 1.5],
					"rotation": [0, -10, -12.5],
					"cubes": [
						{"origin": [12, 45.25, 0.5], "size": [7, 2, 2], "uv": [97, 45]}
					]
				},
				{
					"name": "leftarm_blue3",
					"parent": "leftarm_blue2",
					"pivot": [19, 46.25, 1.5],
					"rotation": [0, 10, 0],
					"cubes": [
						{"origin": [19, 45.25, 0.5], "size": [7, 2, 2], "uv": [80, 96]}
					]
				},
				{
					"name": "leftarm_blue4",
					"parent": "leftarm_blue3",
					"pivot": [26, 46.25, 1.5],
					"rotation": [0, 7.5, 12.5],
					"cubes": [
						{"origin": [26, 45.25, 0.5], "size": [7, 2, 2], "uv": [62, 96]}
					]
				},
				{
					"name": "leftarm_blue5",
					"parent": "leftarm_blue4",
					"pivot": [33, 46.25, 1.5],
					"rotation": [0, 7.5, 12.5],
					"cubes": [
						{"origin": [33, 45.25, 0.5], "size": [7, 2, 2], "uv": [95, 86]}
					]
				},
				{
					"name": "leftarm_blue6",
					"parent": "leftarm_blue5",
					"pivot": [40, 46.25, 1.5],
					"rotation": [0, -12.5, 0],
					"cubes": [
						{"origin": [40, 45.25, 0.5], "size": [7, 2, 2], "uv": [95, 82]}
					]
				},
				{
					"name": "leftarm_blue7",
					"parent": "leftarm_blue6",
					"pivot": [47, 46.25, 1.5],
					"rotation": [0, -12.5, -12.5],
					"cubes": [
						{"origin": [47, 45.25, 0.5], "size": [7, 2, 2], "pivot": [47, 46.25, 1.5], "rotation": [0, 0, 7.5], "uv": [95, 13]}
					]
				},
				{
					"name": "right_arm",
					"parent": "body",
					"pivot": [-5, 48.25, 1.5]
				},
				{
					"name": "rightarm_red1",
					"parent": "right_arm",
					"pivot": [-5, 49.25, 1.5],
					"cubes": [
						{"origin": [-12, 48.25, 0.5], "size": [8, 2, 2], "uv": [82, 31], "mirror": true}
					]
				},
				{
					"name": "rightarm_red2",
					"parent": "rightarm_red1",
					"pivot": [-12, 49.25, 1.5],
					"rotation": [0, -10, -12.5],
					"cubes": [
						{"origin": [-19, 48.25, 0.5], "size": [7, 2, 2], "uv": [98, 90], "mirror": true}
					]
				},
				{
					"name": "rightarm_red3",
					"parent": "rightarm_red2",
					"pivot": [-19, 49.25, 1.5],
					"rotation": [0, 10, 0],
					"cubes": [
						{"origin": [-26, 48.25, 0.5], "size": [7, 2, 2], "uv": [98, 67], "mirror": true}
					]
				},
				{
					"name": "rightarm_red4",
					"parent": "rightarm_red3",
					"pivot": [-26, 49.25, 1.5],
					"rotation": [0, 7.5, 12.5],
					"cubes": [
						{"origin": [-33, 48.25, 0.5], "size": [7, 2, 2], "uv": [98, 57], "mirror": true}
					]
				},
				{
					"name": "rightarm_red5",
					"parent": "rightarm_red4",
					"pivot": [-33, 49.25, 1.5],
					"rotation": [0, 7.5, 12.5],
					"cubes": [
						{"origin": [-40, 48.25, 0.5], "size": [7, 2, 2], "uv": [96, 51], "mirror": true}
					]
				},
				{
					"name": "rightarm_red6",
					"parent": "rightarm_red5",
					"pivot": [-40, 49.25, 1.5],
					"rotation": [0, -12.5, 0],
					"cubes": [
						{"origin": [-47, 48.25, 0.5], "size": [7, 2, 2], "uv": [0, 95], "mirror": true}
					]
				},
				{
					"name": "rightarm_red7",
					"parent": "rightarm_red6",
					"pivot": [-47, 49.25, 1.5],
					"rotation": [0, -12.5, -12.5],
					"cubes": [
						{"origin": [-54, 48.25, 0.5], "size": [7, 2, 2], "pivot": [-47, 49.25, 1.5], "rotation": [0, 0, 5], "uv": [18, 95], "mirror": true}
					]
				},
				{
					"name": "rightarm_blue1",
					"parent": "right_arm",
					"pivot": [-5, 46.25, 1.5],
					"cubes": [
						{"origin": [-12, 45.25, 0.5], "size": [8, 2, 2], "uv": [81, 21], "mirror": true}
					]
				},
				{
					"name": "rightarm_blue2",
					"parent": "rightarm_blue1",
					"pivot": [-12, 46.25, 1.5],
					"rotation": [0, 10, 12.5],
					"cubes": [
						{"origin": [-19, 45.25, 0.5], "size": [7, 2, 2], "uv": [97, 45], "mirror": true}
					]
				},
				{
					"name": "rightarm_blue3",
					"parent": "rightarm_blue2",
					"pivot": [-19, 46.25, 1.5],
					"rotation": [0, -10, 0],
					"cubes": [
						{"origin": [-26, 45.25, 0.5], "size": [7, 2, 2], "uv": [80, 96], "mirror": true}
					]
				},
				{
					"name": "rightarm_blue4",
					"parent": "rightarm_blue3",
					"pivot": [-26, 46.25, 1.5],
					"rotation": [0, -7.5, -12.5],
					"cubes": [
						{"origin": [-33, 45.25, 0.5], "size": [7, 2, 2], "uv": [62, 96], "mirror": true}
					]
				},
				{
					"name": "rightarm_blue5",
					"parent": "rightarm_blue4",
					"pivot": [-33, 46.25, 1.5],
					"rotation": [0, -7.5, -12.5],
					"cubes": [
						{"origin": [-40, 45.25, 0.5], "size": [7, 2, 2], "uv": [95, 86], "mirror": true}
					]
				},
				{
					"name": "rightarm_blue6",
					"parent": "rightarm_blue5",
					"pivot": [-40, 46.25, 1.5],
					"rotation": [0, 12.5, 0],
					"cubes": [
						{"origin": [-47, 45.25, 0.5], "size": [7, 2, 2], "uv": [95, 82], "mirror": true}
					]
				},
				{
					"name": "rightarm_blue7",
					"parent": "rightarm_blue6",
					"pivot": [-47, 46.25, 1.5],
					"rotation": [0, 12.5, 12.5],
					"cubes": [
						{"origin": [-54, 45.25, 0.5], "size": [7, 2, 2], "pivot": [-47, 46.25, 1.5], "rotation": [0, 0, -5], "uv": [95, 13], "mirror": true}
					]
				},
				{
					"name": "head",
					"parent": "body",
					"pivot": [0, 53.75506, 2.4037],
					"cubes": [
						{"origin": [-4.5, 53.5, -3], "size": [9, 8, 9], "uv": [29, 29]},
						{"origin": [-3.5, 52.75, -3.25], "size": [7, 8, 9], "uv": [35, 2]},
						{"origin": [-3.5, 52.67083, 5.78609], "size": [7, 5, 1], "pivot": [0, 52.60809, 5.54355], "rotation": [20, 0, 0], "uv": [16, 99]},
						{"origin": [-3.5, 60.5, -2], "size": [7, 2, 7], "uv": [54, 60]}
					]
				},
				{
					"name": "ears",
					"parent": "head",
					"pivot": [0, 24.25, -2],
					"cubes": [
						{"origin": [-9.82845, 55.42912, 0.5], "size": [6, 4, 2], "uv": [94, 61]},
						{"origin": [3.82845, 55.42912, 0.5], "size": [6, 4, 2], "uv": [98, 94]},
						{"origin": [-9.65138, 54.98478, 0.5], "size": [6, 4, 2], "inflate": -0.01, "pivot": [-4.65138, 57.23478, 2], "rotation": [0, 0, 5], "uv": [46, 93]},
						{"origin": [3.65138, 54.98478, 0.5], "size": [6, 4, 2], "inflate": -0.01, "pivot": [4.65138, 57.23478, 2], "rotation": [0, 0, -5], "uv": [0, 99]},
						{"origin": [5, 56.75, 0.5], "size": [4, 1, 1], "inflate": 0.01, "uv": [0, 8]},
						{"origin": [-9, 56.75, 0.5], "size": [4, 1, 1], "inflate": 0.01, "uv": [0, 19]}
					]
				},
				{
					"name": "lefteye",
					"parent": "head",
					"pivot": [2.3517, 57.16453, -2.368],
					"rotation": [0, 0, -12.55],
					"cubes": [
						{"origin": [3, 57, -3.25], "size": [1, 1, 2], "inflate": 0.01, "uv": [38, 6], "mirror": true},
						{"origin": [1.5, 56, -3.25], "size": [2, 2, 2], "inflate": 0.01, "uv": [0, 11], "mirror": true},
						{"origin": [1.6, 57, -3.7], "size": [1, 1, 2], "inflate": -0.3, "pivot": [2, 57.5, -2.75], "rotation": [0, 0, 10], "uv": [0, 28], "mirror": true},
						{"origin": [1.66, 56.84, -3.1], "size": [1, 1, 2], "inflate": 0.17, "uv": [0, 38], "mirror": true},
						{"origin": [1, 56, -3.25], "size": [1, 1, 2], "inflate": 0.01, "uv": [0, 41], "mirror": true}
					]
				},
				{
					"name": "righteye",
					"parent": "head",
					"pivot": [-2.3517, 57.16453, -2.368],
					"rotation": [0, 0, 12.55],
					"cubes": [
						{"origin": [-3.5, 56, -3.25], "size": [2, 2, 2], "inflate": 0.01, "uv": [0, 11]},
						{"origin": [-4, 57, -3.25], "size": [1, 1, 2], "inflate": 0.01, "uv": [38, 6]},
						{"origin": [-2.66, 56.84, -3.1], "size": [1, 1, 2], "inflate": 0.17, "uv": [0, 38]},
						{"origin": [-2, 56, -3.25], "size": [1, 1, 2], "inflate": 0.01, "uv": [0, 41]},
						{"origin": [-2.6, 57, -3.7], "size": [1, 1, 2], "inflate": -0.3, "pivot": [-2, 57.5, -2.75], "rotation": [0, 0, -10], "uv": [0, 28]}
					]
				},
				{
					"name": "eyelids",
					"parent": "head",
					"pivot": [0, 55.75506, 3.4037]
				},
				{
					"name": "righteyelid",
					"parent": "eyelids",
					"pivot": [0, 57, -1.25],
					"cubes": [
						{"origin": [-3.25, 56, -2.25], "size": [2, 1, 2], "inflate": 0.01, "pivot": [-2.5, 57, -1.25], "rotation": [0, 0, 12.5], "uv": [102, 2]}
					]
				},
				{
					"name": "lefteyelid",
					"parent": "eyelids",
					"pivot": [0, 57, -1.25],
					"cubes": [
						{"origin": [1.25, 56, -2.25], "size": [2, 1, 2], "inflate": 0.01, "pivot": [2.5, 57, -1.25], "rotation": [0, 0, -12.5], "uv": [102, 2], "mirror": true}
					]
				},
				{
					"name": "leftleg",
					"parent": "deoxys",
					"pivot": [4, 34, 1.5]
				},
				{
					"name": "left_thigh",
					"parent": "leftleg",
					"pivot": [-3, 12, -2.5],
					"cubes": [
						{"origin": [2.5, 19.25, -1.5], "size": [6, 16, 6], "uv": [0, 50], "mirror": true}
					]
				},
				{
					"name": "leftlegguard",
					"parent": "left_thigh",
					"pivot": [5.82322, 33.06975, 1.5],
					"rotation": [0, 12.5, 0],
					"cubes": [
						{"origin": [-2, 33, -3.5], "size": [12, 1, 10], "pivot": [6, 35.25, 1.5], "rotation": [0, 0, -45], "uv": [0, 0], "mirror": true},
						{"origin": [-1.10907, 33.07031, -2.5], "size": [1, 0, 8], "pivot": [5.82322, 32.5026, 1.5], "rotation": [0, 0, -45], "uv": [0, 11], "mirror": true},
						{"origin": [11.89093, 33.07031, -2.5], "size": [3, 0, 8], "pivot": [5.82322, 32.5026, 1.5], "rotation": [0, 0, -45], "uv": [26, 0], "mirror": true}
					]
				},
				{
					"name": "left_calf",
					"parent": "left_thigh",
					"pivot": [5.5, 20, 1.25],
					"cubes": [
						{"origin": [3, 11, -1], "size": [5, 9, 5], "uv": [43, 69], "mirror": true},
						{"origin": [3.5, 3, -0.5], "size": [4, 9, 4], "uv": [79, 79], "mirror": true},
						{"origin": [4, 0, 0], "size": [3, 9, 3], "uv": [0, 83], "mirror": true}
					]
				},
				{
					"name": "rightleg",
					"parent": "deoxys",
					"pivot": [-4, 34, 1.5]
				},
				{
					"name": "right_thigh",
					"parent": "rightleg",
					"pivot": [3, 12, -2.5],
					"cubes": [
						{"origin": [-8.5, 19.25, -1.5], "size": [6, 16, 6], "uv": [0, 50]}
					]
				},
				{
					"name": "rightlegguard",
					"parent": "right_thigh",
					"pivot": [-5.82322, 33.06975, 1.5],
					"rotation": [0, -12.5, 0],
					"cubes": [
						{"origin": [0.10907, 33.07031, -2.5], "size": [1, 0, 8], "pivot": [-5.82322, 32.5026, 1.5], "rotation": [0, 0, 45], "uv": [0, 11]},
						{"origin": [-14.89093, 33.07031, -2.5], "size": [3, 0, 8], "pivot": [-5.82322, 32.5026, 1.5], "rotation": [0, 0, 45], "uv": [26, 0]},
						{"origin": [-10, 33, -3.5], "size": [12, 1, 10], "pivot": [-6, 35.25, 1.5], "rotation": [0, 0, 45], "uv": [0, 0]}
					]
				},
				{
					"name": "right_calf",
					"parent": "right_thigh",
					"pivot": [-5.5, 20, 1.25],
					"cubes": [
						{"origin": [-8, 11, -1], "size": [5, 9, 5], "uv": [43, 69]},
						{"origin": [-7.5, 3, -0.5], "size": [4, 9, 4], "uv": [79, 79]},
						{"origin": [-7, 0, 0], "size": [3, 9, 3], "uv": [0, 83]}
					]
				}
			]
		}
	]
}