{
	"format_version": "1.8.0",
	"animations": {
		"animation.gastrodon.cry": {
			"animation_length": 3,
			"bones": {
				"head": {
					"rotation": {
						"0.0": {
							"post": [0, 0, 0],
							"lerp_mode": "catmullrom"
						},
						"0.375": {
							"post": [5, 0, 0],
							"lerp_mode": "catmullrom"
						},
						"0.875": {
							"post": [5, 0, 0],
							"lerp_mode": "catmullrom"
						},
						"1.125": {
							"post": [-10, 0, 0],
							"lerp_mode": "catmullrom"
						},
						"2.0": {
							"post": [-12.5, 0, 0],
							"lerp_mode": "catmullrom"
						},
						"2.75": {
							"post": [0, 0, 0],
							"lerp_mode": "catmullrom"
						}
					},
					"position": {
						"0.0": {
							"post": [0, 0, 0],
							"lerp_mode": "catmullrom"
						},
						"0.375": {
							"post": [0, -0.1, 0],
							"lerp_mode": "catmullrom"
						},
						"0.875": {
							"post": [0, -0.1, 0],
							"lerp_mode": "catmullrom"
						},
						"1.125": {
							"post": [0, -0.2, -0.4],
							"lerp_mode": "catmullrom"
						},
						"1.375": {
							"post": [0, -0.3, -0.44],
							"lerp_mode": "catmullrom"
						},
						"1.6667": {
							"post": [0, -0.2, -0.45],
							"lerp_mode": "catmullrom"
						},
						"2.0": {
							"post": [0, -0.3, -0.4],
							"lerp_mode": "catmullrom"
						},
						"2.75": {
							"post": [0, 0, 0],
							"lerp_mode": "catmullrom"
						}
					}
				},
				"body": {
					"position": {
						"0.0": {
							"post": [0, 0, 0],
							"lerp_mode": "catmullrom"
						},
						"0.375": {
							"post": [0, 0, 0.2],
							"lerp_mode": "catmullrom"
						},
						"0.8333": {
							"post": [0, 0, 0.2],
							"lerp_mode": "catmullrom"
						},
						"1.2083": {
							"post": [0, 0, -0.2],
							"lerp_mode": "catmullrom"
						},
						"2.0": {
							"post": [0, 0, -0.2],
							"lerp_mode": "catmullrom"
						},
						"2.75": {
							"post": [0, 0, 0],
							"lerp_mode": "catmullrom"
						}
					}
				},
				"neck": {
					"rotation": {
						"0.0": {
							"post": [0, 0, 0],
							"lerp_mode": "catmullrom"
						},
						"0.375": {
							"post": [-2.92, 0, 0],
							"lerp_mode": "catmullrom"
						},
						"0.8333": {
							"post": [-2.92, 0, 0],
							"lerp_mode": "catmullrom"
						},
						"1.2083": {
							"post": [7.5, 0, 0],
							"lerp_mode": "catmullrom"
						},
						"2.0": {
							"post": [7.5, 0, 0],
							"lerp_mode": "catmullrom"
						},
						"2.75": {
							"post": [0, 0, 0],
							"lerp_mode": "catmullrom"
						}
					}
				},
				"bone2": {
					"rotation": {
						"0.0": {
							"post": [0, 0, 0],
							"lerp_mode": "catmullrom"
						},
						"0.375": {
							"post": [12.5, 0, 0],
							"lerp_mode": "catmullrom"
						},
						"0.875": {
							"post": [7, 0, 0],
							"lerp_mode": "catmullrom"
						},
						"1.125": {
							"post": [-10, 0, 0],
							"lerp_mode": "catmullrom"
						},
						"1.5": {
							"post": [-12.87, 0, 0],
							"lerp_mode": "catmullrom"
						},
						"1.7917": {
							"post": [-5.94, 0, 0],
							"lerp_mode": "catmullrom"
						},
						"2.0417": {
							"post": [-12.5, 0, 0],
							"lerp_mode": "catmullrom"
						},
						"2.75": {
							"post": [0, 0, 0],
							"lerp_mode": "catmullrom"
						}
					}
				},
				"left": {
					"rotation": {
						"0.9583": {
							"pre": [0, 0, 0],
							"post": [0, 0, 0],
							"lerp_mode": "catmullrom"
						},
						"1.3333": {
							"post": [0, 0, -1.7],
							"lerp_mode": "catmullrom"
						},
						"1.75": {
							"post": [0, 0, 0],
							"lerp_mode": "catmullrom"
						},
						"2.125": {
							"post": [0, 0, -1.7],
							"lerp_mode": "catmullrom"
						},
						"2.5417": {
							"post": [0, 0, 0],
							"lerp_mode": "catmullrom"
						}
					}
				},
				"right": {
					"rotation": {
						"0.0": {
							"post": [0, 0, 0],
							"lerp_mode": "catmullrom"
						},
						"0.75": {
							"post": [0, 0, 0],
							"lerp_mode": "catmullrom"
						},
						"1.125": {
							"post": [0, 0, 1.7],
							"lerp_mode": "catmullrom"
						},
						"1.5417": {
							"post": [0, 0, 0],
							"lerp_mode": "catmullrom"
						},
						"1.9167": {
							"post": [0, 0, 1.7],
							"lerp_mode": "catmullrom"
						},
						"2.3333": {
							"post": [0, 0, 0],
							"lerp_mode": "catmullrom"
						}
					}
				},
				"r_e": {
					"rotation": {
						"0.0": {
							"post": [0, 0, 0],
							"lerp_mode": "catmullrom"
						},
						"0.375": {
							"post": [12.5, 0, 0],
							"lerp_mode": "catmullrom"
						},
						"0.875": {
							"post": [7, 0, 0],
							"lerp_mode": "catmullrom"
						},
						"1.125": {
							"post": [-10, 0, 0],
							"lerp_mode": "catmullrom"
						},
						"1.5": {
							"post": [-12.87, 0, 0],
							"lerp_mode": "catmullrom"
						},
						"1.7917": {
							"post": [-5.94, 0, 0],
							"lerp_mode": "catmullrom"
						},
						"2.0417": {
							"post": [-12.5, 0, 0],
							"lerp_mode": "catmullrom"
						},
						"2.75": {
							"post": [0, 0, 0],
							"lerp_mode": "catmullrom"
						}
					}
				},
				"l_e": {
					"rotation": {
						"0.0": {
							"post": [0, 0, 0],
							"lerp_mode": "catmullrom"
						},
						"0.375": {
							"post": [12.5, 0, 0],
							"lerp_mode": "catmullrom"
						},
						"0.875": {
							"post": [7, 0, 0],
							"lerp_mode": "catmullrom"
						},
						"1.125": {
							"post": [-10, 0, 0],
							"lerp_mode": "catmullrom"
						},
						"1.5": {
							"post": [-12.87, 0, 0],
							"lerp_mode": "catmullrom"
						},
						"1.7917": {
							"post": [-5.94, 0, 0],
							"lerp_mode": "catmullrom"
						},
						"2.0417": {
							"post": [-12.5, 0, 0],
							"lerp_mode": "catmullrom"
						},
						"2.75": {
							"post": [0, 0, 0],
							"lerp_mode": "catmullrom"
						}
					}
				}
			},
			"sound_effects": {
				"1.125": {
					"effect": "pokemon.gastrodon.cry"
				}
			}
		},
		"animation.gastrodon.ground_idle": {
			"loop": true,
			"animation_length": 5,
			"bones": {
				"head": {
					"rotation": {
						"0.0": {
							"post": [0, 0, 0],
							"lerp_mode": "catmullrom"
						},
						"1.25": {
							"post": [0, 0, -2.5],
							"lerp_mode": "catmullrom"
						},
						"2.5": {
							"post": [-2.5, 0, 0],
							"lerp_mode": "catmullrom"
						},
						"3.75": {
							"post": [-1.24881, 0.05452, 1.24941],
							"lerp_mode": "catmullrom"
						},
						"5.0": {
							"post": [0, 0, 0],
							"lerp_mode": "catmullrom"
						}
					},
					"position": [0, 0, 0]
				},
				"body": {
					"position": {
						"0.0": {
							"post": [0, 0, 0],
							"lerp_mode": "catmullrom"
						},
						"2.0": {
							"post": [0, 0.2, 0],
							"lerp_mode": "catmullrom"
						},
						"4.0": {
							"post": [0, 0, 0],
							"lerp_mode": "catmullrom"
						}
					}
				}
			}
		},
		"animation.gastrodon.ground_walk": {
			"loop": true,
			"animation_length": 1.58333,
			"bones": {
				"head": {
					"rotation": {
						"0.0": {
							"post": [0, 0, 0],
							"lerp_mode": "catmullrom"
						},
						"0.4583": {
							"post": [2, 0, 0],
							"lerp_mode": "catmullrom"
						},
						"0.8333": {
							"post": [0, 0, 0],
							"lerp_mode": "catmullrom"
						},
						"1.2083": {
							"post": [2, 0, 0],
							"lerp_mode": "catmullrom"
						},
						"1.5417": {
							"post": [0, 0, 0],
							"lerp_mode": "catmullrom"
						}
					},
					"position": {
						"0.0": {
							"post": [0, -0.1, -1],
							"lerp_mode": "catmullrom"
						},
						"0.375": {
							"post": [0, 0, -1],
							"lerp_mode": "catmullrom"
						},
						"0.7917": {
							"post": [0, -0.1, -1],
							"lerp_mode": "catmullrom"
						},
						"1.125": {
							"post": [0, 0, -1],
							"lerp_mode": "catmullrom"
						},
						"1.5": {
							"post": [0, -0.1, -1],
							"lerp_mode": "catmullrom"
						}
					}
				},
				"body": {
					"position": {
						"0.0": [0, 0, 0],
						"0.375": [0, 0.2, 0],
						"0.7917": [0, 0, 0],
						"1.2083": [0, 0.2, 0],
						"1.5": [0, 0, 0]
					}
				},
				"neck": {
					"rotation": [7.5, 0, 0]
				},
				"front_left": {
					"rotation": {
						"0.0": {
							"post": [0, -27.5, 0],
							"lerp_mode": "catmullrom"
						},
						"0.75": {
							"post": [0, 15, 0],
							"lerp_mode": "catmullrom"
						},
						"1.5": {
							"post": [0, -27.5, 0],
							"lerp_mode": "catmullrom"
						}
					}
				},
				"middle_left": {
					"rotation": {
						"0.0": {
							"post": [0, 17.5, 0],
							"lerp_mode": "catmullrom"
						},
						"0.75": {
							"post": [0, -15, 0],
							"lerp_mode": "catmullrom"
						},
						"1.5": {
							"post": [0, 17.5, 0],
							"lerp_mode": "catmullrom"
						}
					}
				},
				"back_left": {
					"rotation": {
						"0.0": {
							"post": [0, -27.5, 0],
							"lerp_mode": "catmullrom"
						},
						"0.75": {
							"post": [0, 15, 0],
							"lerp_mode": "catmullrom"
						},
						"1.5": {
							"post": [0, -27.5, 0],
							"lerp_mode": "catmullrom"
						}
					}
				},
				"back_right": {
					"rotation": {
						"0.0": {
							"post": [0, 27.5, 0],
							"lerp_mode": "catmullrom"
						},
						"0.75": {
							"post": [0, 0, 0],
							"lerp_mode": "catmullrom"
						},
						"1.5": {
							"post": [0, 27.5, 0],
							"lerp_mode": "catmullrom"
						}
					}
				},
				"front_right": {
					"rotation": {
						"0.0": {
							"post": [0, 27.5, 0],
							"lerp_mode": "catmullrom"
						},
						"0.75": {
							"post": [0, 0, 0],
							"lerp_mode": "catmullrom"
						},
						"1.5": {
							"post": [0, 27.5, 0],
							"lerp_mode": "catmullrom"
						}
					}
				},
				"middle_right": {
					"rotation": {
						"0.0": {
							"post": [0, -17.5, 0],
							"lerp_mode": "catmullrom"
						},
						"0.75": {
							"post": [0, 15, 0],
							"lerp_mode": "catmullrom"
						},
						"1.5": {
							"post": [0, -17.5, 0],
							"lerp_mode": "catmullrom"
						}
					}
				},
				"bone2": {
					"rotation": {
						"0.0": {
							"post": [0, 0, 0],
							"lerp_mode": "catmullrom"
						},
						"0.375": {
							"post": [10, 0, 0],
							"lerp_mode": "catmullrom"
						},
						"0.75": {
							"post": [0, 0, 0],
							"lerp_mode": "catmullrom"
						},
						"1.1667": {
							"post": [10, 0, 0],
							"lerp_mode": "catmullrom"
						},
						"1.5833": {
							"post": [0, 0, 0],
							"lerp_mode": "catmullrom"
						}
					}
				},
				"left": {
					"rotation": {
						"0.0": {
							"post": [0, 0, 0],
							"lerp_mode": "catmullrom"
						},
						"0.375": {
							"post": [0, 0, -1.7],
							"lerp_mode": "catmullrom"
						},
						"0.7917": {
							"post": [0, 0, 0],
							"lerp_mode": "catmullrom"
						},
						"1.1667": {
							"post": [0, 0, -1.7],
							"lerp_mode": "catmullrom"
						},
						"1.5833": {
							"post": [0, 0, 0],
							"lerp_mode": "catmullrom"
						}
					}
				},
				"right": {
					"rotation": {
						"0.0": {
							"post": [0, 0, 0],
							"lerp_mode": "catmullrom"
						},
						"0.375": {
							"post": [0, 0, 1.7],
							"lerp_mode": "catmullrom"
						},
						"0.7917": {
							"post": [0, 0, 0],
							"lerp_mode": "catmullrom"
						},
						"1.1667": {
							"post": [0, 0, 1.7],
							"lerp_mode": "catmullrom"
						},
						"1.5833": {
							"post": [0, 0, 0],
							"lerp_mode": "catmullrom"
						}
					}
				},
				"r_e": {
					"rotation": {
						"0.0": {
							"post": [0, 0, 0],
							"lerp_mode": "catmullrom"
						},
						"0.375": {
							"post": [10, 0, 0],
							"lerp_mode": "catmullrom"
						},
						"0.75": {
							"post": [0, 0, 0],
							"lerp_mode": "catmullrom"
						},
						"1.1667": {
							"post": [10, 0, 0],
							"lerp_mode": "catmullrom"
						},
						"1.5833": {
							"post": [0, 0, 0],
							"lerp_mode": "catmullrom"
						}
					}
				},
				"l_e": {
					"rotation": {
						"0.0": {
							"post": [0, 0, 0],
							"lerp_mode": "catmullrom"
						},
						"0.375": {
							"post": [10, 0, 0],
							"lerp_mode": "catmullrom"
						},
						"0.75": {
							"post": [0, 0, 0],
							"lerp_mode": "catmullrom"
						},
						"1.1667": {
							"post": [10, 0, 0],
							"lerp_mode": "catmullrom"
						},
						"1.5833": {
							"post": [0, 0, 0],
							"lerp_mode": "catmullrom"
						}
					}
				}
			}
		},
		"animation.gastrodon.water_idle": {
			"loop": true,
			"animation_length": 6.79167,
			"bones": {
				"neck": {
					"position": {
						"0.4167": {
							"pre": [0, 0, 0],
							"post": [0, 0, 0],
							"lerp_mode": "catmullrom"
						},
						"2.6667": {
							"post": [0, 1, 0],
							"lerp_mode": "catmullrom"
						},
						"5.9167": {
							"post": [0, 0, 0],
							"lerp_mode": "catmullrom"
						}
					}
				},
				"head": {
					"position": {
						"0.0": {
							"post": [0, 0, 0],
							"lerp_mode": "catmullrom"
						},
						"2.25": {
							"post": [0, 1, 0],
							"lerp_mode": "catmullrom"
						},
						"5.5": {
							"post": [0, 0, 0],
							"lerp_mode": "catmullrom"
						}
					}
				},
				"body": {
					"position": {
						"0.8333": {
							"pre": [0, 0, 0],
							"post": [0, 0, 0],
							"lerp_mode": "catmullrom"
						},
						"3.0833": {
							"post": [0, 1, 0],
							"lerp_mode": "catmullrom"
						},
						"6.3333": {
							"post": [0, 0, 0],
							"lerp_mode": "catmullrom"
						}
					}
				},
				"legs": {
					"position": {
						"1.2917": {
							"pre": [0, 0, 0],
							"post": [0, 0, 0],
							"lerp_mode": "catmullrom"
						},
						"3.5833": {
							"post": [0, 1, 0],
							"lerp_mode": "catmullrom"
						},
						"6.7917": {
							"post": [0, 0, 0],
							"lerp_mode": "catmullrom"
						}
					}
				},
				"bone2": {
					"rotation": {
						"0.0": {
							"post": [0, 0, 0],
							"lerp_mode": "catmullrom"
						},
						"1.8333": {
							"post": [-7.5, 0, 0],
							"lerp_mode": "catmullrom"
						},
						"3.0": {
							"post": [-7.5, 0, 0],
							"lerp_mode": "catmullrom"
						},
						"5.5": {
							"post": [5, 0, 0],
							"lerp_mode": "catmullrom"
						}
					}
				},
				"left": {
					"rotation": {
						"0.0": {
							"post": [0, 0, 0],
							"lerp_mode": "catmullrom"
						},
						"2.4167": {
							"post": [0, 0, 2.5],
							"lerp_mode": "catmullrom"
						},
						"4.2083": {
							"post": [0, 0, -2.5],
							"lerp_mode": "catmullrom"
						},
						"6.2083": {
							"post": [0, 0, 0],
							"lerp_mode": "catmullrom"
						}
					}
				},
				"right": {
					"rotation": {
						"0.0": {
							"post": [0, 0, 0],
							"lerp_mode": "catmullrom"
						},
						"2.4167": {
							"post": [0, 0, -2.5],
							"lerp_mode": "catmullrom"
						},
						"4.2083": {
							"post": [0, 0, 2.5],
							"lerp_mode": "catmullrom"
						},
						"6.2083": {
							"post": [0, 0, 0],
							"lerp_mode": "catmullrom"
						}
					}
				},
				"r_e": {
					"rotation": {
						"0.0": {
							"post": [0, 0, 0],
							"lerp_mode": "catmullrom"
						},
						"1.8333": {
							"post": [-7.5, 0, 0],
							"lerp_mode": "catmullrom"
						},
						"3.0": {
							"post": [-7.5, 0, 0],
							"lerp_mode": "catmullrom"
						},
						"5.5": {
							"post": [5, 0, 0],
							"lerp_mode": "catmullrom"
						}
					}
				},
				"l_e": {
					"rotation": {
						"0.0": {
							"post": [0, 0, 0],
							"lerp_mode": "catmullrom"
						},
						"1.8333": {
							"post": [-7.5, 0, 0],
							"lerp_mode": "catmullrom"
						},
						"3.0": {
							"post": [-7.5, 0, 0],
							"lerp_mode": "catmullrom"
						},
						"5.5": {
							"post": [5, 0, 0],
							"lerp_mode": "catmullrom"
						}
					}
				}
			}
		},
		"animation.gastrodon.water_swim": {
			"loop": true,
			"animation_length": 6.79167,
			"bones": {
				"neck": {
					"position": {
						"0.4167": {
							"pre": [0, 0, 0],
							"post": [0, 0, 0],
							"lerp_mode": "catmullrom"
						},
						"2.6667": {
							"post": [0, 1, 0],
							"lerp_mode": "catmullrom"
						},
						"5.9167": {
							"post": [0, 0, 0],
							"lerp_mode": "catmullrom"
						}
					}
				},
				"head": {
					"position": {
						"0.0": {
							"post": [0, 0, 0],
							"lerp_mode": "catmullrom"
						},
						"2.25": {
							"post": [0, 1, 0],
							"lerp_mode": "catmullrom"
						},
						"5.5": {
							"post": [0, 0, 0],
							"lerp_mode": "catmullrom"
						}
					}
				},
				"body": {
					"position": {
						"0.8333": {
							"pre": [0, 0, 0],
							"post": [0, 0, 0],
							"lerp_mode": "catmullrom"
						},
						"3.0833": {
							"post": [0, 1, 0],
							"lerp_mode": "catmullrom"
						},
						"6.3333": {
							"post": [0, 0, 0],
							"lerp_mode": "catmullrom"
						}
					}
				},
				"legs": {
					"position": {
						"1.2917": {
							"pre": [0, 0, 0],
							"post": [0, 0, 0],
							"lerp_mode": "catmullrom"
						},
						"3.5833": {
							"post": [0, 1, 0],
							"lerp_mode": "catmullrom"
						},
						"6.7917": {
							"post": [0, 0, 0],
							"lerp_mode": "catmullrom"
						}
					}
				},
				"front_left": {
					"rotation": {
						"0.0": {
							"post": [0, 0, 0],
							"lerp_mode": "catmullrom"
						},
						"3.0": {
							"post": [0, -15, 0],
							"lerp_mode": "catmullrom"
						},
						"3.5833": {
							"post": [0, 20, 0],
							"lerp_mode": "catmullrom"
						},
						"5.75": {
							"post": [0, 20, 0],
							"lerp_mode": "catmullrom"
						},
						"6.7917": {
							"post": [0, 0, 0],
							"lerp_mode": "catmullrom"
						}
					}
				},
				"middle_left": {
					"rotation": {
						"0.0": {
							"post": [0, 0, 0],
							"lerp_mode": "catmullrom"
						},
						"3.0": {
							"post": [0, 15, 0],
							"lerp_mode": "catmullrom"
						},
						"3.5833": {
							"post": [0, -20, 0],
							"lerp_mode": "catmullrom"
						},
						"5.75": {
							"post": [0, -20, 0],
							"lerp_mode": "catmullrom"
						},
						"6.7917": {
							"post": [0, 0, 0],
							"lerp_mode": "catmullrom"
						}
					}
				},
				"back_left": {
					"rotation": {
						"0.0": {
							"post": [0, 0, 0],
							"lerp_mode": "catmullrom"
						},
						"3.0": {
							"post": [0, -15, 0],
							"lerp_mode": "catmullrom"
						},
						"3.5833": {
							"post": [0, 20, 0],
							"lerp_mode": "catmullrom"
						},
						"5.75": {
							"post": [0, 20, 0],
							"lerp_mode": "catmullrom"
						},
						"6.7917": {
							"post": [0, 0, 0],
							"lerp_mode": "catmullrom"
						}
					}
				},
				"front_right": {
					"rotation": {
						"0.0": {
							"post": [0, 0, 0],
							"lerp_mode": "catmullrom"
						},
						"3.0": {
							"post": [0, 15, 0],
							"lerp_mode": "catmullrom"
						},
						"3.5833": {
							"post": [0, -20, 0],
							"lerp_mode": "catmullrom"
						},
						"5.75": {
							"post": [0, -20, 0],
							"lerp_mode": "catmullrom"
						},
						"6.7917": {
							"post": [0, 0, 0],
							"lerp_mode": "catmullrom"
						}
					}
				},
				"middle_right": {
					"rotation": {
						"0.0": {
							"post": [0, 0, 0],
							"lerp_mode": "catmullrom"
						},
						"3.0": {
							"post": [0, -15, 0],
							"lerp_mode": "catmullrom"
						},
						"3.5833": {
							"post": [0, 20, 0],
							"lerp_mode": "catmullrom"
						},
						"5.75": {
							"post": [0, 20, 0],
							"lerp_mode": "catmullrom"
						},
						"6.7917": {
							"post": [0, 0, 0],
							"lerp_mode": "catmullrom"
						}
					}
				},
				"back_right": {
					"rotation": {
						"0.0": {
							"post": [0, 0, 0],
							"lerp_mode": "catmullrom"
						},
						"3.0": {
							"post": [0, 15, 0],
							"lerp_mode": "catmullrom"
						},
						"3.5833": {
							"post": [0, -20, 0],
							"lerp_mode": "catmullrom"
						},
						"5.75": {
							"post": [0, -20, 0],
							"lerp_mode": "catmullrom"
						},
						"6.7917": {
							"post": [0, 0, 0],
							"lerp_mode": "catmullrom"
						}
					}
				},
				"left": {
					"rotation": {
						"0.5833": {
							"pre": [0, 0, 0],
							"post": [0, 0, 0],
							"lerp_mode": "catmullrom"
						},
						"3.0": {
							"post": [0, 0, 2.5],
							"lerp_mode": "catmullrom"
						},
						"4.7917": {
							"post": [0, 0, -2.5],
							"lerp_mode": "catmullrom"
						},
						"6.7917": {
							"post": [0, 0, 0],
							"lerp_mode": "catmullrom"
						}
					}
				},
				"right": {
					"rotation": {
						"0.5833": {
							"pre": [0, 0, 0],
							"post": [0, 0, 0],
							"lerp_mode": "catmullrom"
						},
						"3.0": {
							"post": [0, 0, -2.5],
							"lerp_mode": "catmullrom"
						},
						"4.7917": {
							"post": [0, 0, 2.5],
							"lerp_mode": "catmullrom"
						},
						"6.7917": {
							"post": [0, 0, 0],
							"lerp_mode": "catmullrom"
						}
					}
				},
				"bone2": {
					"rotation": {
						"0.0": {
							"post": [0, 0, 0],
							"lerp_mode": "catmullrom"
						},
						"1.8333": {
							"post": [-7.5, 0, 0],
							"lerp_mode": "catmullrom"
						},
						"3.0": {
							"post": [-7.5, 0, 0],
							"lerp_mode": "catmullrom"
						},
						"5.5": {
							"post": [5, 0, 0],
							"lerp_mode": "catmullrom"
						}
					}
				},
				"r_e": {
					"rotation": {
						"0.0": {
							"post": [0, 0, 0],
							"lerp_mode": "catmullrom"
						},
						"1.8333": {
							"post": [-7.5, 0, 0],
							"lerp_mode": "catmullrom"
						},
						"3.0": {
							"post": [-7.5, 0, 0],
							"lerp_mode": "catmullrom"
						},
						"5.5": {
							"post": [5, 0, 0],
							"lerp_mode": "catmullrom"
						}
					}
				},
				"l_e": {
					"rotation": {
						"0.0": {
							"post": [0, 0, 0],
							"lerp_mode": "catmullrom"
						},
						"1.8333": {
							"post": [-7.5, 0, 0],
							"lerp_mode": "catmullrom"
						},
						"3.0": {
							"post": [-7.5, 0, 0],
							"lerp_mode": "catmullrom"
						},
						"5.5": {
							"post": [5, 0, 0],
							"lerp_mode": "catmullrom"
						}
					}
				}
			}
		},
		"animation.gastrodon.faint": {
			"animation_length": 4,
			"bones": {
				"neck": {
					"rotation": {
						"0.0": {
							"post": [0, 0, 0],
							"lerp_mode": "catmullrom"
						},
						"1.4167": {
							"post": [0, 0, 0],
							"lerp_mode": "catmullrom"
						},
						"1.7917": {
							"post": [102.5, 0, 0],
							"lerp_mode": "catmullrom"
						}
					},
					"position": {
						"1.4167": {
							"pre": [0, 0, 0],
							"post": [0, 0, 0],
							"lerp_mode": "catmullrom"
						},
						"1.7917": {
							"post": [0, 0.1, 1],
							"lerp_mode": "catmullrom"
						}
					}
				},
				"head": {
					"rotation": {
						"0.0": {
							"post": [0, 0, 0],
							"lerp_mode": "catmullrom"
						},
						"0.625": {
							"post": [-17.5, 0, 0],
							"lerp_mode": "catmullrom"
						},
						"1.4167": {
							"post": [-17.25169, -2.98208, -9.51023],
							"lerp_mode": "catmullrom"
						},
						"1.7917": {
							"post": [65.25, -2.98, -9.51],
							"lerp_mode": "catmullrom"
						}
					},
					"position": {
						"0.0": {
							"post": [0, 0, 0],
							"lerp_mode": "catmullrom"
						},
						"1.4167": {
							"post": [0, 0, 0],
							"lerp_mode": "catmullrom"
						},
						"1.7917": {
							"post": [-0.2, -9, -7],
							"lerp_mode": "catmullrom"
						}
					}
				},
				"body": {
					"position": {
						"0.0": {
							"post": [0, 0, 0],
							"lerp_mode": "catmullrom"
						},
						"1.4167": {
							"post": [0, 0, 0.3],
							"lerp_mode": "catmullrom"
						},
						"1.7917": {
							"post": [0, 0, -0.7],
							"lerp_mode": "catmullrom"
						}
					}
				}
			}
		}
	}
}