{
  "values": [
    {
      "id": "minecraft:forest",
      "required": false
    },
    {
      "id": "minecraft:plains",
      "required": false
    },
    {
      "id": "minecraft:swamp",
      "required": false
    },
    {
      "id": "minecraft:flower_forest",
      "required": false
    },
    {
      "id": "minecraft:windswept_forest",
      "required": false
    },
    {
      "id": "minecraft:meadow",
      "required": false
    },
    {
      "id": "biomesoplenty:dead_forest",
      "required": false
    },
    {
      "id": "biomesoplenty:lavender_field",
      "required": false
    },
    {
      "id": "biomesoplenty:lavender_forest",
      "required": false
    },
    {
      "id": "biomesoplenty:old_growth_dead_forest",
      "required": false
    },
    {
      "id": "biomesoplenty:old_growth_woodland",
      "required": false
    },
    {
      "id": "biomesoplenty:prairie",
      "required": false
    },
    {
      "id": "biomesoplenty:pumpkin_patch",
      "required": false
    },
    {
      "id": "biomesoplenty:woodland",
      "required": false
    },
    {
      "id": "biomesoplenty:orchard",
      "required": false
    },
    {
      "id": "biomesoplenty:dryland",
      "required": false
    }
  ]
}