{
    "target": "cobblemon:gholdengo",
        "drops": {
        "amount": "1",
        "entries": [
        {"item": "minecraft:gold_ingot", "quantityRange": "1-24", "percentage": 50}
        ]
    },
	    "behaviour": {
        "resting": {
            "canSleep": true,
            "depth": "normal",
            "light": "0-4"
        },
        "moving": {
            "canLook": false,
            "walk": {
                "canWalk": true,
                "avoidsLand": false
            },
            "swim": {
                "swimSpeed": 0.1,
                "canSwimInWater": true,
                "canBreatheUnderwater": false
            }
        }
    },
    "baseScale": 1.0,
    "hitbox": {
        "width": 1.0,
        "height": 1.0,
        "fixed": false
    }
}