{
    "target": "cobblemon:gimmighoul",
	"baseScale": 0.7,
	"hitbox": {
		"width": 0.5,
		"height": 1.0,
		"fixed": false
	},
    "evolutions": [
        {
            "id": "gimmighoul_gholdengo",
            "variant": "level_up",
            "result": "gholdengo",
            "consumeHeldItem": true,
            "learnableMoves": [],
            "requirements": [
        {
          "variant": "held_item",
          "itemCondition": "minecraft:beacon"
        },
        {
          "variant": "level",
          "minLevel": 1
        }
      ]
    }
  ],
		"drops": {
		"amount": "1",
		"entries": [{
			"item": "minecraft:gold_ingot",
			"quantityRange": "1-2",
			"percentage": 50
		}]
	},
		"behaviour": {
		"resting": {
			"canSleep": true,
			"depth": "normal",
			"light": "0-4"
		},
		"moving": {
			"canLook": false,
			"walk": {
				"canWalk": true,
				"avoidsLand": false
			},
			"swim": {
				"swimSpeed": 0.1,
				"canSwimInWater": false,
				"canBreatheUnderwater": false
			}
		}
	}
}