{
    "target": "cobblemon:ogerpon",
        "behaviour": {
        "resting": {
            "canSleep": true,
            "depth": "normal",
            "light": "0-4"
        },
        "moving": {
            "canLook": false,
            "walk": {
                "canWalk": true,
                "avoidsLand": false
            },
            "swim": {
                "swimSpeed": 0.1,
                "canSwimInWater": true,
                "canBreatheUnderwater": false
            }
        }
    },
	"evolutions": [
        {
            "id": "ogerpon_ogerponteal",
            "variant": "level_up",
            "result": "ogerponteal",
            "consumeHeldItem": false,
            "learnableMoves": [],
			"requirements": [
			{
          "variant": "held_item",
          "itemCondition": "minecraft:cyan_dye"
			},
			{
          "variant": "level",
          "minLevel": 1
			}
        ]
    },
	{
            "id": "ogerpon_ogerponwater",
            "variant": "level_up",
            "result": "ogerponwater",
            "consumeHeldItem": false,
            "learnableMoves": [],
			"requirements": [
			{
          "variant": "held_item",
          "itemCondition": "minecraft:blue_dye"
			},
			{
          "variant": "level",
          "minLevel": 1
			}
        ]
    },
	{
            "id": "ogerpon_ogerponfire",
            "variant": "level_up",
            "result": "ogerponfire",
            "consumeHeldItem": false,
            "learnableMoves": [],
			"requirements": [
			{
          "variant": "held_item",
          "itemCondition": "minecraft:red_dye"
			},
			{
          "variant": "level",
          "minLevel": 1
			}
        ]
    }
 ], 
    "baseScale": 0.6,
    "hitbox": {
        "width": 1.0,
        "height": 1.0,
        "fixed": false
    }
}